/*M!999999\- enable the sandbox mode */ 
-- MariaDB dump 10.19  Distrib 10.11.14-MariaDB, for debian-linux-gnu (x86_64)
--
-- Host: localhost    Database: itflow
-- ------------------------------------------------------
-- Server version	10.11.14-MariaDB-0+deb12u2

/*!40101 SET @OLD_CHARACTER_SET_CLIENT=@@CHARACTER_SET_CLIENT */;
/*!40101 SET @OLD_CHARACTER_SET_RESULTS=@@CHARACTER_SET_RESULTS */;
/*!40101 SET @OLD_COLLATION_CONNECTION=@@COLLATION_CONNECTION */;
/*!40101 SET NAMES utf8mb4 */;
/*!40103 SET @OLD_TIME_ZONE=@@TIME_ZONE */;
/*!40103 SET TIME_ZONE='+00:00' */;
/*!40014 SET @OLD_UNIQUE_CHECKS=@@UNIQUE_CHECKS, UNIQUE_CHECKS=0 */;
/*!40014 SET @OLD_FOREIGN_KEY_CHECKS=@@FOREIGN_KEY_CHECKS, FOREIGN_KEY_CHECKS=0 */;
/*!40101 SET @OLD_SQL_MODE=@@SQL_MODE, SQL_MODE='NO_AUTO_VALUE_ON_ZERO' */;
/*!40111 SET @OLD_SQL_NOTES=@@SQL_NOTES, SQL_NOTES=0 */;

--
-- Table structure for table `account_balances`
--

DROP TABLE IF EXISTS `account_balances`;
/*!40101 SET @saved_cs_client     = @@character_set_client */;
/*!40101 SET character_set_client = utf8mb4 */;
CREATE TABLE `account_balances` (
  `balance_id` int(11) NOT NULL AUTO_INCREMENT,
  `account_id` int(11) NOT NULL,
  `balance_date` date NOT NULL,
  `balance` decimal(15,2) NOT NULL DEFAULT 0.00,
  `created_at` timestamp NULL DEFAULT current_timestamp(),
  `updated_at` timestamp NULL DEFAULT current_timestamp() ON UPDATE current_timestamp(),
  PRIMARY KEY (`balance_id`),
  KEY `idx_account_date` (`account_id`,`balance_date`)
) ENGINE=InnoDB AUTO_INCREMENT=34 DEFAULT CHARSET=utf8mb4 COLLATE=utf8mb4_unicode_ci;
/*!40101 SET character_set_client = @saved_cs_client */;

--
-- Dumping data for table `account_balances`
--

LOCK TABLES `account_balances` WRITE;
/*!40000 ALTER TABLE `account_balances` DISABLE KEYS */;
INSERT INTO `account_balances` VALUES
(1,1,'2025-11-26',0.00,'2025-11-26 20:13:00','2025-11-26 20:13:00'),
(2,2,'2025-11-26',0.00,'2025-11-26 20:13:00','2025-11-26 20:13:00'),
(3,3,'2025-11-26',0.00,'2025-11-26 20:13:00','2025-11-26 20:13:00'),
(4,4,'2025-11-26',0.00,'2025-11-26 20:13:00','2025-11-26 20:13:00'),
(5,5,'2025-11-26',0.00,'2025-11-26 20:13:00','2025-11-26 20:13:00'),
(6,6,'2025-11-26',0.00,'2025-11-26 20:13:00','2025-11-26 20:13:00'),
(7,7,'2025-11-26',0.00,'2025-11-26 20:13:00','2025-11-26 20:13:00'),
(8,8,'2025-11-26',0.00,'2025-11-26 20:13:00','2025-11-26 20:13:00'),
(9,9,'2025-11-26',0.00,'2025-11-26 20:13:00','2025-11-26 20:13:00'),
(10,10,'2025-11-26',0.00,'2025-11-26 20:13:00','2025-11-26 20:13:00'),
(11,11,'2025-11-26',0.00,'2025-11-26 20:13:00','2025-11-26 20:13:00'),
(12,12,'2025-11-26',0.00,'2025-11-26 20:13:00','2025-11-26 20:13:00'),
(13,13,'2025-11-26',0.00,'2025-11-26 20:13:00','2025-11-26 20:13:00'),
(14,14,'2025-11-26',0.00,'2025-11-26 20:13:00','2025-11-26 20:13:00'),
(15,15,'2025-11-26',0.00,'2025-11-26 20:13:00','2025-11-26 20:13:00'),
(16,16,'2025-11-26',0.00,'2025-11-26 20:13:00','2025-11-26 20:13:00'),
(17,17,'2025-11-26',0.00,'2025-11-26 20:13:00','2025-11-26 20:13:00'),
(18,18,'2025-11-26',0.00,'2025-11-26 20:13:00','2025-11-26 20:13:00'),
(19,19,'2025-11-26',0.00,'2025-11-26 20:13:00','2025-11-26 20:13:00'),
(20,20,'2025-11-26',0.00,'2025-11-26 20:13:00','2025-11-26 20:13:00'),
(21,21,'2025-11-26',0.00,'2025-11-26 20:13:00','2025-11-26 20:13:00'),
(22,22,'2025-11-26',0.00,'2025-11-26 20:13:00','2025-11-26 20:13:00'),
(23,23,'2025-11-26',0.00,'2025-11-26 20:13:00','2025-11-26 20:13:00'),
(24,24,'2025-11-26',0.00,'2025-11-26 20:13:00','2025-11-26 20:13:00'),
(25,25,'2025-11-26',0.00,'2025-11-26 20:13:00','2025-11-26 20:13:00'),
(26,26,'2025-11-26',0.00,'2025-11-26 20:13:00','2025-11-26 20:13:00'),
(27,27,'2025-11-26',0.00,'2025-11-26 20:13:00','2025-11-26 20:13:00'),
(28,28,'2025-11-26',0.00,'2025-11-26 20:13:00','2025-11-26 20:13:00'),
(29,29,'2025-11-26',0.00,'2025-11-26 20:13:00','2025-11-26 20:13:00'),
(30,30,'2025-11-26',0.00,'2025-11-26 20:13:00','2025-11-26 20:13:00'),
(31,31,'2025-11-26',0.00,'2025-11-26 20:13:00','2025-11-26 20:13:00'),
(32,32,'2025-11-26',0.00,'2025-11-26 20:13:00','2025-11-26 20:13:00'),
(33,33,'2025-11-26',0.00,'2025-11-26 20:13:00','2025-11-26 20:13:00');
/*!40000 ALTER TABLE `account_balances` ENABLE KEYS */;
UNLOCK TABLES;

--
-- Table structure for table `account_defaults`
--

DROP TABLE IF EXISTS `account_defaults`;
/*!40101 SET @saved_cs_client     = @@character_set_client */;
/*!40101 SET character_set_client = utf8mb4 */;
CREATE TABLE `account_defaults` (
  `default_id` int(11) NOT NULL AUTO_INCREMENT,
  `default_type` varchar(50) NOT NULL,
  `account_id` int(11) NOT NULL,
  `description` text DEFAULT NULL,
  `created_at` timestamp NULL DEFAULT current_timestamp(),
  `updated_at` timestamp NULL DEFAULT current_timestamp() ON UPDATE current_timestamp(),
  PRIMARY KEY (`default_id`)
) ENGINE=InnoDB DEFAULT CHARSET=utf8mb4 COLLATE=utf8mb4_general_ci;
/*!40101 SET character_set_client = @saved_cs_client */;

--
-- Dumping data for table `account_defaults`
--

LOCK TABLES `account_defaults` WRITE;
/*!40000 ALTER TABLE `account_defaults` DISABLE KEYS */;
/*!40000 ALTER TABLE `account_defaults` ENABLE KEYS */;
UNLOCK TABLES;

--
-- Table structure for table `account_reconciliations`
--

DROP TABLE IF EXISTS `account_reconciliations`;
/*!40101 SET @saved_cs_client     = @@character_set_client */;
/*!40101 SET character_set_client = utf8mb4 */;
CREATE TABLE `account_reconciliations` (
  `reconciliation_id` int(11) NOT NULL AUTO_INCREMENT,
  `account_id` int(11) NOT NULL,
  `reconciliation_date` date NOT NULL,
  `statement_balance` decimal(15,2) NOT NULL,
  `cleared_balance` decimal(15,2) NOT NULL,
  `difference` decimal(15,2) NOT NULL,
  `reconciled_by` int(11) NOT NULL,
  `notes` text DEFAULT NULL,
  `reconciliation_created_at` timestamp NULL DEFAULT current_timestamp(),
  PRIMARY KEY (`reconciliation_id`),
  KEY `account_id` (`account_id`),
  KEY `reconciled_by` (`reconciled_by`)
) ENGINE=InnoDB DEFAULT CHARSET=utf8mb4 COLLATE=utf8mb4_general_ci;
/*!40101 SET character_set_client = @saved_cs_client */;

--
-- Dumping data for table `account_reconciliations`
--

LOCK TABLES `account_reconciliations` WRITE;
/*!40000 ALTER TABLE `account_reconciliations` DISABLE KEYS */;
/*!40000 ALTER TABLE `account_reconciliations` ENABLE KEYS */;
UNLOCK TABLES;

--
-- Table structure for table `accounts`
--

DROP TABLE IF EXISTS `accounts`;
/*!40101 SET @saved_cs_client     = @@character_set_client */;
/*!40101 SET character_set_client = utf8mb4 */;
CREATE TABLE `accounts` (
  `account_id` int(11) NOT NULL AUTO_INCREMENT,
  `account_number` varchar(50) NOT NULL,
  `account_name` varchar(255) NOT NULL,
  `account_type` enum('asset','liability','equity','revenue','expense') NOT NULL,
  `account_subtype` varchar(100) DEFAULT NULL,
  `parent_account_id` int(11) DEFAULT NULL,
  `normal_balance` enum('debit','credit') NOT NULL,
  `balance` decimal(15,4) NOT NULL DEFAULT 0.0000,
  `is_active` tinyint(1) DEFAULT 1,
  `description` text DEFAULT NULL,
  `created_at` timestamp NULL DEFAULT current_timestamp(),
  `updated_at` timestamp NULL DEFAULT current_timestamp() ON UPDATE current_timestamp(),
  `created_by` int(11) DEFAULT NULL,
  `updated_by` int(11) DEFAULT NULL,
  PRIMARY KEY (`account_id`)
) ENGINE=InnoDB AUTO_INCREMENT=2 DEFAULT CHARSET=utf8mb4 COLLATE=utf8mb4_general_ci;
/*!40101 SET character_set_client = @saved_cs_client */;

--
-- Dumping data for table `accounts`
--

LOCK TABLES `accounts` WRITE;
/*!40000 ALTER TABLE `accounts` DISABLE KEYS */;
INSERT INTO `accounts` VALUES
(1,'11000','CASH ON HAND','asset','',0,'debit',0.0000,1,'','2026-01-12 20:48:13','2026-01-12 20:48:13',1,1);
/*!40000 ALTER TABLE `accounts` ENABLE KEYS */;
UNLOCK TABLES;

--
-- Table structure for table `accounts_backup_dev`
--

DROP TABLE IF EXISTS `accounts_backup_dev`;
/*!40101 SET @saved_cs_client     = @@character_set_client */;
/*!40101 SET character_set_client = utf8mb4 */;
CREATE TABLE `accounts_backup_dev` (
  `account_id` int(11) NOT NULL DEFAULT 0,
  `parent_account_id` int(11) DEFAULT NULL,
  `account_number` varchar(50) CHARACTER SET utf8mb4 COLLATE utf8mb4_general_ci NOT NULL,
  `account_name` varchar(200) CHARACTER SET utf8mb4 COLLATE utf8mb4_general_ci NOT NULL,
  `account_description` varchar(250) CHARACTER SET utf8mb4 COLLATE utf8mb4_general_ci DEFAULT NULL,
  `opening_balance` decimal(15,2) NOT NULL DEFAULT 0.00,
  `account_currency_code` varchar(200) CHARACTER SET utf8mb4 COLLATE utf8mb4_general_ci NOT NULL,
  `account_notes` text CHARACTER SET utf8mb4 COLLATE utf8mb4_general_ci DEFAULT NULL,
  `account_type` int(6) DEFAULT NULL,
  `account_created_at` datetime NOT NULL DEFAULT current_timestamp(),
  `account_updated_at` datetime DEFAULT NULL ON UPDATE current_timestamp(),
  `account_archived_at` datetime DEFAULT NULL,
  `current_balance` decimal(15,2) DEFAULT 0.00,
  `account_status` enum('active','inactive') CHARACTER SET utf8mb4 COLLATE utf8mb4_general_ci DEFAULT 'active',
  `is_system_account` tinyint(1) DEFAULT 0,
  `notes` text CHARACTER SET utf8mb4 COLLATE utf8mb4_general_ci DEFAULT NULL,
  `created_by` int(11) DEFAULT NULL,
  `updated_by` int(11) DEFAULT NULL,
  `created_at` timestamp NULL DEFAULT current_timestamp(),
  `updated_at` timestamp NULL DEFAULT current_timestamp() ON UPDATE current_timestamp()
) ENGINE=InnoDB DEFAULT CHARSET=utf8mb4 COLLATE=utf8mb4_unicode_ci;
/*!40101 SET character_set_client = @saved_cs_client */;

--
-- Dumping data for table `accounts_backup_dev`
--

LOCK TABLES `accounts_backup_dev` WRITE;
/*!40000 ALTER TABLE `accounts_backup_dev` DISABLE KEYS */;
INSERT INTO `accounts_backup_dev` VALUES
(1,NULL,'1010','Cash','Primary checking account',20000.00,'USD',NULL,1,'2025-11-02 08:28:13',NULL,NULL,25000.00,'active',0,NULL,NULL,NULL,'2025-11-26 21:48:09','2025-11-26 21:48:09'),
(2,NULL,'1020','Petty Cash','Office petty cash fund',500.00,'USD',NULL,1,'2025-11-02 08:28:13','2025-11-27 01:08:12',NULL,409.00,'active',0,NULL,NULL,1,'2025-11-26 21:48:09','2025-11-26 22:08:12'),
(3,NULL,'1100','Accounts Receivable','Amounts owed by customers',12000.00,'USD',NULL,1,'2025-11-02 08:28:13',NULL,NULL,15000.00,'active',0,NULL,NULL,NULL,'2025-11-26 21:48:09','2025-11-26 21:48:09'),
(4,NULL,'1200','Inventory','Goods available for sale',40000.00,'USD',NULL,1,'2025-11-02 08:28:13',NULL,NULL,45000.00,'active',0,NULL,NULL,NULL,'2025-11-26 21:48:09','2025-11-26 21:48:09'),
(5,NULL,'1300','Prepaid Expenses','Prepaid insurance and rent',3500.00,'USD',NULL,1,'2025-11-02 08:28:13',NULL,NULL,3000.00,'active',0,NULL,NULL,NULL,'2025-11-26 21:48:09','2025-11-26 21:48:09'),
(6,NULL,'1501','Office Equipment','Computers, furniture, equipment',15000.00,'USD',NULL,2,'2025-11-02 08:28:13',NULL,NULL,15000.00,'active',0,NULL,NULL,NULL,'2025-11-26 21:48:09','2025-11-26 21:48:09'),
(7,NULL,'1502','Vehicles','Company vehicles',35000.00,'USD',NULL,2,'2025-11-02 08:28:13',NULL,NULL,35000.00,'active',0,NULL,NULL,NULL,'2025-11-26 21:48:09','2025-11-26 21:48:09'),
(8,NULL,'1503','Buildings','Office building',250000.00,'USD',NULL,2,'2025-11-02 08:28:13',NULL,NULL,250000.00,'active',0,NULL,NULL,NULL,'2025-11-26 21:48:09','2025-11-26 21:48:09'),
(9,NULL,'1504','Accumulated Depreciation','Accumulated depreciation on fixed assets',-45000.00,'USD',NULL,2,'2025-11-02 08:28:13',NULL,NULL,-50000.00,'active',0,NULL,NULL,NULL,'2025-11-26 21:48:09','2025-11-26 21:48:09'),
(10,NULL,'2010','Accounts Payable','Amounts owed to suppliers',15000.00,'USD',NULL,4,'2025-11-02 08:28:13',NULL,NULL,18000.00,'active',0,NULL,NULL,NULL,'2025-11-26 21:48:09','2025-11-26 21:48:09'),
(11,NULL,'2020','Credit Card Payable','Credit card balances',3000.00,'USD',NULL,4,'2025-11-02 08:28:13',NULL,NULL,2500.00,'active',0,NULL,NULL,NULL,'2025-11-26 21:48:09','2025-11-26 21:48:09'),
(12,NULL,'2030','Sales Tax Payable','Sales tax collected',2800.00,'USD',NULL,4,'2025-11-02 08:28:13',NULL,NULL,3200.00,'active',0,NULL,NULL,NULL,'2025-11-26 21:48:09','2025-11-26 21:48:09'),
(13,NULL,'2040','Payroll Liabilities','Employee taxes payable',5200.00,'USD',NULL,4,'2025-11-02 08:28:13',NULL,NULL,5800.00,'active',0,NULL,NULL,NULL,'2025-11-26 21:48:09','2025-11-26 21:48:09'),
(14,NULL,'2501','Bank Loan','Business loan payable',80000.00,'USD',NULL,5,'2025-11-02 08:28:13',NULL,NULL,75000.00,'active',0,NULL,NULL,NULL,'2025-11-26 21:48:09','2025-11-26 21:48:09'),
(15,NULL,'2502','Mortgage Payable','Building mortgage',185000.00,'USD',NULL,5,'2025-11-02 08:28:13',NULL,NULL,180000.00,'active',0,NULL,NULL,NULL,'2025-11-26 21:48:09','2025-11-26 21:48:09'),
(16,NULL,'3010','Owner\'s Capital','Owner investment',100000.00,'USD',NULL,6,'2025-11-02 08:28:13',NULL,NULL,100000.00,'active',0,NULL,NULL,NULL,'2025-11-26 21:48:09','2025-11-26 21:48:09'),
(17,NULL,'3020','Owner\'s Draw','Owner withdrawals',-20000.00,'USD',NULL,6,'2025-11-02 08:28:13',NULL,NULL,-25000.00,'active',0,NULL,NULL,NULL,'2025-11-26 21:48:09','2025-11-26 21:48:09'),
(18,NULL,'3030','Retained Earnings','Accumulated profits',80000.00,'USD',NULL,6,'2025-11-02 08:28:13',NULL,NULL,87500.00,'active',1,NULL,NULL,NULL,'2025-11-26 21:48:09','2025-11-26 21:48:09'),
(19,NULL,'4010','Product Sales','Revenue from product sales',150000.00,'USD',NULL,7,'2025-11-02 08:28:13',NULL,NULL,185000.00,'active',0,NULL,NULL,NULL,'2025-11-26 21:48:09','2025-11-26 21:48:09'),
(20,NULL,'4020','Service Revenue','Revenue from services',60000.00,'USD',NULL,7,'2025-11-02 08:28:13',NULL,NULL,75000.00,'active',0,NULL,NULL,NULL,'2025-11-26 21:48:09','2025-11-26 21:48:09'),
(21,NULL,'4030','Shipping Income','Shipping charges to customers',4000.00,'USD',NULL,7,'2025-11-02 08:28:13',NULL,NULL,4500.00,'active',0,NULL,NULL,NULL,'2025-11-26 21:48:09','2025-11-26 21:48:09'),
(22,NULL,'4901','Interest Income','Interest earned',1000.00,'USD',NULL,10,'2025-11-02 08:28:13',NULL,NULL,1200.00,'active',0,NULL,NULL,NULL,'2025-11-26 21:48:09','2025-11-26 21:48:09'),
(23,NULL,'5010','Cost of Goods Sold','Cost of products sold',90000.00,'USD',NULL,8,'2025-11-02 08:28:13',NULL,NULL,112000.00,'active',0,NULL,NULL,NULL,'2025-11-26 21:48:09','2025-11-26 21:48:09'),
(24,NULL,'5020','Advertising Expense','Marketing and advertising',7000.00,'USD',NULL,9,'2025-11-02 08:28:13',NULL,NULL,8500.00,'active',0,NULL,NULL,NULL,'2025-11-26 21:48:09','2025-11-26 21:48:09'),
(25,NULL,'5030','Bank Fees','Bank service charges',400.00,'USD',NULL,9,'2025-11-02 08:28:13',NULL,NULL,450.00,'active',0,NULL,NULL,NULL,'2025-11-26 21:48:09','2025-11-26 21:48:09'),
(26,NULL,'5040','Depreciation Expense','Depreciation on fixed assets',5000.00,'USD',NULL,9,'2025-11-02 08:28:13',NULL,NULL,5000.00,'active',0,NULL,NULL,NULL,'2025-11-26 21:48:09','2025-11-26 21:48:09'),
(27,NULL,'5050','Insurance Expense','Business insurance',6000.00,'USD',NULL,9,'2025-11-02 08:28:13',NULL,NULL,7200.00,'active',0,NULL,NULL,NULL,'2025-11-26 21:48:09','2025-11-26 21:48:09'),
(28,NULL,'5060','Office Supplies','Office supplies expense',3000.00,'USD',NULL,9,'2025-11-02 08:28:13','2025-11-27 01:08:12',NULL,3245.50,'active',0,NULL,NULL,1,'2025-11-26 21:48:09','2025-11-26 22:08:12'),
(29,NULL,'5070','Payroll Expense','Employee salaries and wages',80000.00,'USD',NULL,9,'2025-11-02 08:28:13',NULL,NULL,95000.00,'active',0,NULL,NULL,NULL,'2025-11-26 21:48:09','2025-11-26 21:48:09'),
(30,NULL,'5080','Rent Expense','Office rent',36000.00,'USD',NULL,9,'2025-11-02 08:28:13',NULL,NULL,36000.00,'active',0,NULL,NULL,NULL,'2025-11-26 21:48:09','2025-11-26 21:48:09'),
(31,NULL,'5090','Utilities Expense','Electricity, water, internet',7500.00,'USD',NULL,9,'2025-11-02 08:28:13',NULL,NULL,7800.00,'active',0,NULL,NULL,NULL,'2025-11-26 21:48:09','2025-11-26 21:48:09'),
(32,NULL,'5100','Travel Expense','Business travel',5000.00,'USD',NULL,9,'2025-11-02 08:28:13',NULL,NULL,5200.00,'active',0,NULL,NULL,NULL,'2025-11-26 21:48:09','2025-11-26 21:48:09'),
(33,NULL,'5901','Interest Expense','Interest on loans',4000.00,'USD',NULL,11,'2025-11-02 08:28:13',NULL,NULL,4500.00,'active',0,NULL,NULL,NULL,'2025-11-26 21:48:09','2025-11-26 21:48:09'),
(34,NULL,'1110','Insurance Receivable','Amounts expected from insurance companies',0.00,'USD',NULL,1,'2025-12-06 22:32:11',NULL,NULL,0.00,'active',0,NULL,NULL,NULL,'2025-12-06 19:32:11','2025-12-06 19:32:11');
/*!40000 ALTER TABLE `accounts_backup_dev` ENABLE KEYS */;
UNLOCK TABLES;

--
-- Table structure for table `activities`
--

DROP TABLE IF EXISTS `activities`;
/*!40101 SET @saved_cs_client     = @@character_set_client */;
/*!40101 SET character_set_client = utf8mb4 */;
CREATE TABLE `activities` (
  `activity_id` int(11) NOT NULL AUTO_INCREMENT,
  `activity_description` varchar(255) NOT NULL,
  `activity_user_id` int(11) NOT NULL,
  `activity_timestamp` datetime NOT NULL DEFAULT current_timestamp(),
  `activity_type` varchar(50) DEFAULT NULL,
  `activity_date` datetime DEFAULT NULL,
  `amount` decimal(15,2) DEFAULT NULL,
  `related_type` varchar(50) DEFAULT NULL,
  `performed_by` int(11) DEFAULT NULL,
  `related_id` int(11) DEFAULT NULL,
  PRIMARY KEY (`activity_id`)
) ENGINE=InnoDB AUTO_INCREMENT=8 DEFAULT CHARSET=utf8mb4 COLLATE=utf8mb4_unicode_ci;
/*!40101 SET character_set_client = @saved_cs_client */;

--
-- Dumping data for table `activities`
--

LOCK TABLES `activities` WRITE;
/*!40000 ALTER TABLE `activities` DISABLE KEYS */;
INSERT INTO `activities` VALUES
(1,'Created new medical service: CONSULTATION GENERAL (CONSULT_GENERAL) - Type: Consultation - Linked: 1 inventory items',1,'2026-01-11 15:05:46',NULL,NULL,NULL,NULL,NULL,NULL),
(2,'Updated medical service: CONSULTATION GENERAL (CONSULT_GENERAL) - Type: Consultation. Changes: Fee: $100.00 → $500.00 - Linked: 1 inventory items',1,'2026-01-11 15:46:58',NULL,NULL,NULL,NULL,NULL,NULL),
(3,'Created new medical service: MALE BED 01 (MALE BED) - Type: Bed - Linked: 1 beds, 1 inventory items',1,'2026-01-11 15:53:57',NULL,NULL,NULL,NULL,NULL,NULL),
(4,'Updated medical service: X-Ray Single View (IMG-XRAY) - Type: Imaging - Linked: 1 radiology imaging, 1 inventory items',1,'2026-01-11 16:49:45',NULL,NULL,NULL,NULL,NULL,NULL),
(5,'Created new medical service: ADMISSION FEE (ADM FEE) - Type: Consultation and added to billable items (ID: 4) - Linked: 1 inventory items',1,'2026-01-13 23:09:03',NULL,NULL,NULL,NULL,NULL,NULL),
(6,'Created new medical service: CONSULTATION FEE (CONSULT FEE) - Type: Consultation and added to billable items (ID: 6) - Linked: 1 inventory items',1,'2026-01-14 19:37:41',NULL,NULL,NULL,NULL,NULL,NULL),
(7,'Created new medical service: POCEDURE MINOR (POCEDURE MINOR) - Type: Procedure and added to billable items (ID: 53) - Linked: 1 inventory items',1,'2026-01-15 22:24:48',NULL,NULL,NULL,NULL,NULL,NULL);
/*!40000 ALTER TABLE `activities` ENABLE KEYS */;
UNLOCK TABLES;

--
-- Table structure for table `activity_log`
--

DROP TABLE IF EXISTS `activity_log`;
/*!40101 SET @saved_cs_client     = @@character_set_client */;
/*!40101 SET character_set_client = utf8mb4 */;
CREATE TABLE `activity_log` (
  `log_id` int(11) NOT NULL AUTO_INCREMENT,
  `log_type` varchar(50) DEFAULT NULL,
  `log_action` varchar(50) DEFAULT NULL,
  `log_description` text DEFAULT NULL,
  `log_timestamp` datetime DEFAULT current_timestamp(),
  `log_user_id` int(11) DEFAULT NULL,
  `log_item_id` int(11) DEFAULT NULL,
  `log_item_type` varchar(50) DEFAULT NULL,
  `log_ip_address` varchar(45) DEFAULT NULL,
  `log_user_agent` text DEFAULT NULL,
  `user_id` int(11) DEFAULT NULL,
  `activity_type` varchar(50) DEFAULT NULL,
  `activity_description` text DEFAULT NULL,
  `activity_timestamp` datetime DEFAULT NULL,
  PRIMARY KEY (`log_id`),
  KEY `idx_log_timestamp` (`log_timestamp`),
  KEY `idx_log_user` (`log_user_id`),
  KEY `idx_log_item` (`log_item_id`,`log_item_type`)
) ENGINE=InnoDB AUTO_INCREMENT=2 DEFAULT CHARSET=utf8mb4 COLLATE=utf8mb4_unicode_ci;
/*!40101 SET character_set_client = @saved_cs_client */;

--
-- Dumping data for table `activity_log`
--

LOCK TABLES `activity_log` WRITE;
/*!40000 ALTER TABLE `activity_log` DISABLE KEYS */;
INSERT INTO `activity_log` VALUES
(1,NULL,NULL,NULL,'2026-01-16 15:04:05',NULL,NULL,NULL,NULL,NULL,1,'drug_added','Drug added: test (Added to inventory) (Added to billable items)','2026-01-16 15:04:05');
/*!40000 ALTER TABLE `activity_log` ENABLE KEYS */;
UNLOCK TABLES;

--
-- Table structure for table `activity_logs`
--

DROP TABLE IF EXISTS `activity_logs`;
/*!40101 SET @saved_cs_client     = @@character_set_client */;
/*!40101 SET character_set_client = utf8mb4 */;
CREATE TABLE `activity_logs` (
  `activity_id` int(11) NOT NULL AUTO_INCREMENT,
  `activity_description` text NOT NULL,
  `activity_type` varchar(50) DEFAULT NULL,
  `user_id` int(11) DEFAULT NULL,
  `leave_id` int(11) DEFAULT NULL,
  `payroll_id` int(11) DEFAULT NULL,
  `created_at` timestamp NOT NULL DEFAULT current_timestamp(),
  `activity_created_by` int(11) DEFAULT NULL,
  `activity_date` datetime DEFAULT NULL,
  `use_id` int(11) DEFAULT NULL,
  PRIMARY KEY (`activity_id`),
  KEY `user_id` (`user_id`),
  KEY `leave_id` (`leave_id`),
  KEY `payroll_id` (`payroll_id`),
  KEY `activity_type` (`activity_type`),
  KEY `created_at` (`created_at`)
) ENGINE=InnoDB AUTO_INCREMENT=24 DEFAULT CHARSET=utf8mb4 COLLATE=utf8mb4_general_ci;
/*!40101 SET character_set_client = @saved_cs_client */;

--
-- Dumping data for table `activity_logs`
--

LOCK TABLES `activity_logs` WRITE;
/*!40000 ALTER TABLE `activity_logs` DISABLE KEYS */;
INSERT INTO `activity_logs` VALUES
(1,'Updated study status: Chest X-Ray to completed for order #RAD-20251206-6310',NULL,NULL,NULL,NULL,'2025-12-06 06:39:26',1,'2025-12-06 09:39:26',NULL),
(2,'Updated radiology order #RAD-20251206-6310 and its studies',NULL,NULL,NULL,NULL,'2025-12-06 09:03:23',1,'2025-12-06 12:03:23',NULL),
(3,'Updated radiology order #RAD-20251206-6310 and its studies',NULL,NULL,NULL,NULL,'2025-12-06 09:08:49',1,'2025-12-06 12:08:49',NULL),
(4,'Completed radiology order: RAD-20251206-6310',NULL,NULL,NULL,NULL,'2025-12-06 09:09:58',1,'2025-12-06 12:09:58',NULL),
(5,'Created radiology report: RAD-20251206-0005 for order #RAD-20251206-6310',NULL,NULL,NULL,NULL,'2025-12-06 09:10:29',1,'2025-12-06 12:10:29',NULL),
(6,'Ordered medical service: Injection Administration for patient: Humphrey Irausa - Created: Service Order: SRV-20251206-1309',NULL,NULL,NULL,NULL,'2025-12-06 18:48:29',1,'2025-12-06 21:48:29',NULL),
(7,'Ordered medical service: Suture Removal for patient: Humphrey Irausa - Created: Service Order: SRV-20251206-1494',NULL,NULL,NULL,NULL,'2025-12-06 18:48:41',1,'2025-12-06 21:48:41',NULL),
(8,'Ordered medical service: New Patient Consultation for patient: JOY BABY - Created: Service Order: SRV-20251206-5001',NULL,NULL,NULL,NULL,'2025-12-06 19:42:09',1,'2025-12-06 22:42:09',NULL),
(9,'Ordered medical service: Follow-up Consultation for patient: JOY BABY - Created: Service Order: SRV-20251206-5148',NULL,NULL,NULL,NULL,'2025-12-06 19:48:00',1,'2025-12-06 22:48:00',NULL),
(10,'Ordered medical service: Injection Administration for patient: JOY BABY - Created: Service Order: SRV-20251206-5110',NULL,NULL,NULL,NULL,'2025-12-06 19:48:04',1,'2025-12-06 22:48:04',NULL),
(11,'Ordered medical service: Complete Blood Count for patient: JOY BABY - Created: Lab Order: LAB-20251206-7118',NULL,NULL,NULL,NULL,'2025-12-06 19:48:07',1,'2025-12-06 22:48:07',NULL),
(12,'Ordered medical service: Follow-up Consultation for patient: Humphrey Irausa - Created: Service Order: SRV-20251207-7278',NULL,NULL,NULL,NULL,'2025-12-07 06:22:24',1,'2025-12-07 09:22:24',NULL),
(13,'Ordered medical service: Injection Administration for patient: Humphrey Irausa - Created: Service Order: SRV-20251207-3833',NULL,NULL,NULL,NULL,'2025-12-07 06:22:29',1,'2025-12-07 09:22:29',NULL),
(14,'Ordered medical service: Suture Removal for patient: Humphrey Irausa - Created: Service Order: SRV-20251207-5644',NULL,NULL,NULL,NULL,'2025-12-07 06:22:33',1,'2025-12-07 09:22:33',NULL),
(15,'Ordered medical service: Follow-up Consultation for patient: SHADRON MIKE - Created: Service Order: SRV-20251217221610854',NULL,NULL,NULL,NULL,'2025-12-17 19:16:10',1,'2025-12-17 22:16:10',NULL),
(16,'Ordered medical service: Suture Removal for patient: SHADRON MIKE - Created: Service Order: SRV-20251217221626351',NULL,NULL,NULL,NULL,'2025-12-17 19:16:26',1,'2025-12-17 22:16:26',NULL),
(17,'Ordered medical service: X-Ray Single View for patient: SHADRON MIKE - Created: Radiology Order: RAD-20251217223817844',NULL,NULL,NULL,NULL,'2025-12-17 19:38:17',1,'2025-12-17 22:38:17',NULL),
(18,'Ordered medical service: Follow-up Consultation for patient: SHADRON MIKE - Created: Service Order: SRV-20251217223835418',NULL,NULL,NULL,NULL,'2025-12-17 19:38:35',1,'2025-12-17 22:38:35',NULL),
(19,'Ordered medical service: Suture Removal for patient: SHADRON MIKE - Created: Service Order: SRV-20251217223842491',NULL,NULL,NULL,NULL,'2025-12-17 19:38:42',1,'2025-12-17 22:38:42',NULL),
(20,'Ordered medical service: Suture Removal for patient: SHADRON MIKE - Created: Service Order: SRV-20251217223852275',NULL,NULL,NULL,NULL,'2025-12-17 19:38:52',1,'2025-12-17 22:38:52',NULL),
(21,'Updated radiology order #IMG-2026010001 and its studies',NULL,NULL,NULL,NULL,'2026-01-16 18:24:40',1,'2026-01-16 21:24:40',NULL),
(22,'Updated radiology order #IMG-2026010001 and its studies',NULL,NULL,NULL,NULL,'2026-01-16 18:25:33',1,'2026-01-16 21:25:33',NULL),
(23,'Completed radiology order: IMG-2026010001',NULL,NULL,NULL,NULL,'2026-01-16 18:25:47',1,'2026-01-16 21:25:47',NULL);
/*!40000 ALTER TABLE `activity_logs` ENABLE KEYS */;
UNLOCK TABLES;

--
-- Table structure for table `adl_assessments`
--

DROP TABLE IF EXISTS `adl_assessments`;
/*!40101 SET @saved_cs_client     = @@character_set_client */;
/*!40101 SET character_set_client = utf8mb4 */;
CREATE TABLE `adl_assessments` (
  `id` int(11) NOT NULL AUTO_INCREMENT,
  `visit_id` int(11) NOT NULL,
  `assessment_type` enum('basic_adl','iadl','full') DEFAULT 'full',
  `assessment_date` datetime NOT NULL DEFAULT current_timestamp(),
  `bathing` tinyint(4) NOT NULL DEFAULT 0,
  `bathing_notes` text DEFAULT NULL,
  `dressing` tinyint(4) NOT NULL DEFAULT 0,
  `dressing_notes` text DEFAULT NULL,
  `toileting` tinyint(4) NOT NULL DEFAULT 0,
  `toileting_notes` text DEFAULT NULL,
  `transferring` tinyint(4) NOT NULL DEFAULT 0,
  `transferring_notes` text DEFAULT NULL,
  `continence` tinyint(4) NOT NULL DEFAULT 0,
  `continence_notes` text DEFAULT NULL,
  `feeding` tinyint(4) NOT NULL DEFAULT 0,
  `feeding_notes` text DEFAULT NULL,
  `iadl_meal_preparation` tinyint(4) DEFAULT NULL,
  `iadl_housekeeping` tinyint(4) DEFAULT NULL,
  `iadl_laundry` tinyint(4) DEFAULT NULL,
  `iadl_shopping` tinyint(4) DEFAULT NULL,
  `iadl_transportation` tinyint(4) DEFAULT NULL,
  `iadl_medication_management` tinyint(4) DEFAULT NULL,
  `iadl_finances` tinyint(4) DEFAULT NULL,
  `iadl_communication` tinyint(4) DEFAULT NULL,
  `ambulation_status` varchar(50) DEFAULT NULL,
  `assistive_devices` varchar(255) DEFAULT NULL,
  `mobility_assessment` text DEFAULT NULL,
  `cognitive_status` varchar(50) DEFAULT NULL,
  `mood_affect` varchar(50) DEFAULT NULL,
  `support_system` text DEFAULT NULL,
  `assessed_by` int(11) DEFAULT NULL,
  `created_at` datetime DEFAULT current_timestamp(),
  `updated_at` datetime DEFAULT current_timestamp() ON UPDATE current_timestamp(),
  PRIMARY KEY (`id`),
  KEY `idx_visit_date` (`visit_id`,`assessment_date`),
  KEY `idx_visit` (`visit_id`)
) ENGINE=InnoDB DEFAULT CHARSET=utf8mb4 COLLATE=utf8mb4_unicode_ci;
/*!40101 SET character_set_client = @saved_cs_client */;

--
-- Dumping data for table `adl_assessments`
--

LOCK TABLES `adl_assessments` WRITE;
/*!40000 ALTER TABLE `adl_assessments` DISABLE KEYS */;
/*!40000 ALTER TABLE `adl_assessments` ENABLE KEYS */;
UNLOCK TABLES;

--
-- Table structure for table `allowance_types`
--

DROP TABLE IF EXISTS `allowance_types`;
/*!40101 SET @saved_cs_client     = @@character_set_client */;
/*!40101 SET character_set_client = utf8mb4 */;
CREATE TABLE `allowance_types` (
  `allowance_id` int(11) NOT NULL AUTO_INCREMENT,
  `name` varchar(100) NOT NULL,
  `description` text DEFAULT NULL,
  `is_taxable` tinyint(4) DEFAULT 1,
  `is_percentage` tinyint(4) DEFAULT 0,
  `default_amount` decimal(12,2) DEFAULT 0.00,
  `created_at` timestamp NULL DEFAULT current_timestamp(),
  PRIMARY KEY (`allowance_id`),
  UNIQUE KEY `unique_name` (`name`)
) ENGINE=InnoDB AUTO_INCREMENT=7 DEFAULT CHARSET=utf8mb4 COLLATE=utf8mb4_unicode_ci;
/*!40101 SET character_set_client = @saved_cs_client */;

--
-- Dumping data for table `allowance_types`
--

LOCK TABLES `allowance_types` WRITE;
/*!40000 ALTER TABLE `allowance_types` DISABLE KEYS */;
INSERT INTO `allowance_types` VALUES
(1,'House Allowance','Accommodation allowance',1,0,15000.00,'2025-11-25 16:48:15'),
(2,'Transport Allowance','Commuting expenses',1,0,5000.00,'2025-11-25 16:48:15'),
(3,'Medical Allowance','Medical expenses coverage',1,0,3000.00,'2025-11-25 16:48:15'),
(4,'Entertainment Allowance','Client entertainment',1,0,2000.00,'2025-11-25 16:48:15'),
(5,'Risk Allowance','Hazardous duty allowance',0,0,5000.00,'2025-11-25 16:48:15'),
(6,'Commuter Allowance','Public transport costs',1,0,3000.00,'2025-11-25 16:48:15');
/*!40000 ALTER TABLE `allowance_types` ENABLE KEYS */;
UNLOCK TABLES;

--
-- Table structure for table `anaesthesia_records`
--

DROP TABLE IF EXISTS `anaesthesia_records`;
/*!40101 SET @saved_cs_client     = @@character_set_client */;
/*!40101 SET character_set_client = utf8mb4 */;
CREATE TABLE `anaesthesia_records` (
  `record_id` int(11) NOT NULL AUTO_INCREMENT,
  `surgery_id` int(11) NOT NULL,
  `anaesthetist_id` int(11) DEFAULT NULL,
  `anaesthesia_type` varchar(50) DEFAULT NULL,
  `agents_used` text DEFAULT NULL,
  `dosage` text DEFAULT NULL,
  `start_time` datetime DEFAULT NULL,
  `end_time` datetime DEFAULT NULL,
  `monitoring_parameters` text DEFAULT NULL,
  `complications` text DEFAULT NULL,
  `recovery_notes` text DEFAULT NULL,
  `created_at` timestamp NULL DEFAULT current_timestamp(),
  `updated_at` timestamp NULL DEFAULT current_timestamp() ON UPDATE current_timestamp(),
  `pre_op_assessment` text DEFAULT NULL,
  `intra_op_events` text DEFAULT NULL,
  `post_op_plan` text DEFAULT NULL,
  PRIMARY KEY (`record_id`),
  KEY `anaesthetist_id` (`anaesthetist_id`),
  KEY `idx_surgery_id` (`surgery_id`)
) ENGINE=InnoDB DEFAULT CHARSET=utf8mb4 COLLATE=utf8mb4_general_ci;
/*!40101 SET character_set_client = @saved_cs_client */;

--
-- Dumping data for table `anaesthesia_records`
--

LOCK TABLES `anaesthesia_records` WRITE;
/*!40000 ALTER TABLE `anaesthesia_records` DISABLE KEYS */;
/*!40000 ALTER TABLE `anaesthesia_records` ENABLE KEYS */;
UNLOCK TABLES;

--
-- Table structure for table `anc_visits`
--

DROP TABLE IF EXISTS `anc_visits`;
/*!40101 SET @saved_cs_client     = @@character_set_client */;
/*!40101 SET character_set_client = utf8mb4 */;
CREATE TABLE `anc_visits` (
  `anc_id` int(11) NOT NULL AUTO_INCREMENT,
  `patient_id` int(11) NOT NULL,
  `visit_id` int(11) NOT NULL,
  `gestation_weeks` int(11) NOT NULL,
  `parity` int(11) DEFAULT NULL,
  `gravida` int(11) DEFAULT NULL,
  `blood_pressure_systolic` int(11) DEFAULT NULL,
  `blood_pressure_diastolic` int(11) DEFAULT NULL,
  `weight` decimal(5,2) DEFAULT NULL,
  `hemoglobin` decimal(4,1) DEFAULT NULL,
  `muac` decimal(4,1) DEFAULT NULL,
  `tested_hiv` enum('Yes','No') DEFAULT 'No',
  `hiv_result` enum('Positive','Negative','Unknown') DEFAULT 'Unknown',
  `given_ipt` enum('Yes','No') DEFAULT 'No',
  `given_tetanus` enum('Yes','No') DEFAULT 'No',
  `anc_notes` text DEFAULT NULL,
  `created_by` int(11) DEFAULT NULL,
  `created_at` datetime DEFAULT current_timestamp(),
  `updated_at` datetime DEFAULT current_timestamp() ON UPDATE current_timestamp(),
  PRIMARY KEY (`anc_id`),
  KEY `patient_id` (`patient_id`),
  KEY `visit_id` (`visit_id`)
) ENGINE=InnoDB DEFAULT CHARSET=utf8mb4 COLLATE=utf8mb4_general_ci;
/*!40101 SET character_set_client = @saved_cs_client */;

--
-- Dumping data for table `anc_visits`
--

LOCK TABLES `anc_visits` WRITE;
/*!40000 ALTER TABLE `anc_visits` DISABLE KEYS */;
/*!40000 ALTER TABLE `anc_visits` ENABLE KEYS */;
UNLOCK TABLES;

--
-- Table structure for table `anesthesia_assessments`
--

DROP TABLE IF EXISTS `anesthesia_assessments`;
/*!40101 SET @saved_cs_client     = @@character_set_client */;
/*!40101 SET character_set_client = utf8mb4 */;
CREATE TABLE `anesthesia_assessments` (
  `id` int(10) unsigned NOT NULL AUTO_INCREMENT,
  `visit_id` int(10) unsigned NOT NULL,
  `patient_id` int(10) unsigned NOT NULL,
  `assessment_date` date NOT NULL,
  `asa_class` varchar(10) DEFAULT NULL,
  `airway_assessment` text DEFAULT NULL,
  `medication_review` text DEFAULT NULL,
  `mallampati_class` varchar(10) DEFAULT NULL,
  `cardiac_risk` text DEFAULT NULL,
  `respiratory_risk` text DEFAULT NULL,
  `allergies` text DEFAULT NULL,
  `current_medications` text DEFAULT NULL,
  `past_anesthesia` text DEFAULT NULL,
  `family_history` text DEFAULT NULL,
  `lab_results` text DEFAULT NULL,
  `ecg_findings` text DEFAULT NULL,
  `chest_xray` text DEFAULT NULL,
  `proposed_anesthesia` varchar(100) DEFAULT NULL,
  `preop_instructions` text DEFAULT NULL,
  `risk_assessment` text DEFAULT NULL,
  `anesthetist_notes` text DEFAULT NULL,
  `status` varchar(50) DEFAULT NULL,
  `assessed_by` int(10) unsigned DEFAULT NULL,
  `assessed_at` datetime NOT NULL DEFAULT current_timestamp(),
  `updated_at` timestamp NULL DEFAULT current_timestamp() ON UPDATE current_timestamp(),
  `anesthesia_risk` varchar(50) DEFAULT NULL,
  `risk_score` int(3) DEFAULT 0,
  `mallampati_score` int(11) DEFAULT NULL,
  `thyromental_distance` decimal(4,1) DEFAULT NULL,
  `mouth_opening` decimal(4,1) DEFAULT NULL,
  `neck_mobility` enum('Normal','Limited','Fixed') DEFAULT NULL,
  `neck_circumference` decimal(4,1) DEFAULT NULL,
  `mets_score` int(2) DEFAULT NULL,
  `rcri_score` int(1) DEFAULT NULL,
  `cleared_for_anesthesia` int(11) DEFAULT NULL,
  `clearance_notes` text DEFAULT NULL,
  `recommendations` text DEFAULT NULL,
  `anesthesia_plan` text DEFAULT NULL,
  `additional_notes` text DEFAULT NULL,
  `risk_factors` longtext CHARACTER SET utf8mb4 COLLATE utf8mb4_bin DEFAULT NULL CHECK (json_valid(`risk_factors`)),
  PRIMARY KEY (`id`),
  KEY `idx_visit_id` (`visit_id`),
  KEY `idx_patient_id` (`patient_id`),
  KEY `idx_assessment_date` (`assessment_date`)
) ENGINE=InnoDB AUTO_INCREMENT=4 DEFAULT CHARSET=utf8mb4 COLLATE=utf8mb4_general_ci;
/*!40101 SET character_set_client = @saved_cs_client */;

--
-- Dumping data for table `anesthesia_assessments`
--

LOCK TABLES `anesthesia_assessments` WRITE;
/*!40000 ALTER TABLE `anesthesia_assessments` DISABLE KEYS */;
INSERT INTO `anesthesia_assessments` VALUES
(1,7,7,'2025-12-25','I','test',NULL,'II','test','test','test','test','test','test','test','test','test','test','test','moderate','test','draft',1,'2025-12-25 14:18:31','2025-12-26 20:22:58',NULL,0,NULL,NULL,NULL,NULL,NULL,NULL,NULL,NULL,NULL,NULL,NULL,NULL,NULL),
(2,7,7,'2025-01-10','ASA II','Adequate mouth opening, normal neck mobility',NULL,'Class II','No history of ischemic heart disease or hypertension','No asthma or COPD, non-smoker','No known drug allergies','Paracetamol as needed','Previous anesthesia without complications','No family history of anesthesia complications','CBC, electrolytes within normal limits','Normal sinus rhythm','Clear lung fields','General anesthesia','Nil per os (NPO) after midnight','Low perioperative risk','Patient fit for surgery under general anesthesia','Completed',3,'2025-12-25 17:00:50','2025-12-26 20:22:58',NULL,0,NULL,NULL,NULL,NULL,NULL,NULL,NULL,NULL,NULL,NULL,NULL,NULL,NULL),
(3,12,1,'2025-12-26','2','','',NULL,NULL,NULL,NULL,NULL,NULL,NULL,NULL,NULL,NULL,NULL,NULL,NULL,NULL,NULL,1,'2025-12-26 23:23:41','2025-12-26 20:23:41','Medium',6,1,NULL,NULL,NULL,NULL,NULL,NULL,0,'','','','',NULL);
/*!40000 ALTER TABLE `anesthesia_assessments` ENABLE KEYS */;
UNLOCK TABLES;

--
-- Table structure for table `anesthesia_records`
--

DROP TABLE IF EXISTS `anesthesia_records`;
/*!40101 SET @saved_cs_client     = @@character_set_client */;
/*!40101 SET character_set_client = utf8mb4 */;
CREATE TABLE `anesthesia_records` (
  `anesthesia_id` int(11) NOT NULL AUTO_INCREMENT,
  `visit_id` int(11) NOT NULL,
  `anesthesiologist_id` int(11) NOT NULL,
  `patient_position` varchar(100) DEFAULT NULL,
  `monitoring_devices` text DEFAULT NULL,
  `baseline_vitals` text DEFAULT NULL,
  `induction_time` time DEFAULT NULL,
  `induction_agents` text DEFAULT NULL,
  `induction_dose` text DEFAULT NULL,
  `airway_management` text DEFAULT NULL,
  `tube_size` varchar(20) DEFAULT NULL,
  `tube_depth` varchar(20) DEFAULT NULL,
  `maintenance_agents` text DEFAULT NULL,
  `oxygen_flow` varchar(50) DEFAULT NULL,
  `gas_mixture` text DEFAULT NULL,
  `vital_signs_log` longtext CHARACTER SET utf8mb4 COLLATE utf8mb4_bin DEFAULT NULL CHECK (json_valid(`vital_signs_log`)),
  `fluids_administered` text DEFAULT NULL,
  `blood_products` text DEFAULT NULL,
  `vasopressors` text DEFAULT NULL,
  `other_medications` text DEFAULT NULL,
  `emergence_time` time DEFAULT NULL,
  `reversal_agents` text DEFAULT NULL,
  `extubation_time` time DEFAULT NULL,
  `extubation_condition` text DEFAULT NULL,
  `to_pacu_time` time DEFAULT NULL,
  `pacu_vitals` text DEFAULT NULL,
  `pain_score` int(11) DEFAULT NULL,
  `sedation_score` int(11) DEFAULT NULL,
  `anesthesia_complications` text DEFAULT NULL,
  `complication_management` text DEFAULT NULL,
  `record_complete` tinyint(1) DEFAULT 0,
  `signature` blob DEFAULT NULL,
  `case_id` int(11) DEFAULT NULL,
  `anesthesia_type` varchar(100) DEFAULT NULL,
  PRIMARY KEY (`anesthesia_id`),
  KEY `anesthesiologist_id` (`anesthesiologist_id`),
  KEY `idx_visit` (`visit_id`)
) ENGINE=InnoDB DEFAULT CHARSET=utf8mb4 COLLATE=utf8mb4_unicode_ci;
/*!40101 SET character_set_client = @saved_cs_client */;

--
-- Dumping data for table `anesthesia_records`
--

LOCK TABLES `anesthesia_records` WRITE;
/*!40000 ALTER TABLE `anesthesia_records` DISABLE KEYS */;
/*!40000 ALTER TABLE `anesthesia_records` ENABLE KEYS */;
UNLOCK TABLES;

--
-- Table structure for table `app_logs`
--

DROP TABLE IF EXISTS `app_logs`;
/*!40101 SET @saved_cs_client     = @@character_set_client */;
/*!40101 SET character_set_client = utf8mb4 */;
CREATE TABLE `app_logs` (
  `app_log_id` int(11) NOT NULL AUTO_INCREMENT,
  `app_log_category` varchar(200) DEFAULT NULL,
  `app_log_type` enum('info','warning','error','debug') NOT NULL DEFAULT 'info',
  `app_log_details` varchar(1000) DEFAULT NULL,
  `app_log_created_at` datetime NOT NULL DEFAULT current_timestamp(),
  PRIMARY KEY (`app_log_id`)
) ENGINE=InnoDB DEFAULT CHARSET=utf8mb4 COLLATE=utf8mb4_general_ci;
/*!40101 SET character_set_client = @saved_cs_client */;

--
-- Dumping data for table `app_logs`
--

LOCK TABLES `app_logs` WRITE;
/*!40000 ALTER TABLE `app_logs` DISABLE KEYS */;
/*!40000 ALTER TABLE `app_logs` ENABLE KEYS */;
UNLOCK TABLES;

--
-- Table structure for table `appointments`
--

DROP TABLE IF EXISTS `appointments`;
/*!40101 SET @saved_cs_client     = @@character_set_client */;
/*!40101 SET character_set_client = utf8mb4 */;
CREATE TABLE `appointments` (
  `appointment_id` int(11) NOT NULL AUTO_INCREMENT,
  `patient_id` int(11) NOT NULL,
  `visit_id` int(11) NOT NULL,
  `appointment_date` date NOT NULL,
  `appointment_time` time NOT NULL,
  `appointment_type` varchar(100) NOT NULL,
  `reason` text NOT NULL,
  `notes` text DEFAULT NULL,
  `priority` enum('routine','urgent','emergency') DEFAULT 'routine',
  `status` enum('scheduled','completed','cancelled','no-show') DEFAULT 'scheduled',
  `reminder_sent` enum('Yes','No') DEFAULT 'No',
  `cancellation_reason` text DEFAULT NULL,
  `created_by` int(11) NOT NULL,
  `created_at` timestamp NULL DEFAULT current_timestamp(),
  `updated_at` timestamp NULL DEFAULT NULL,
  `cancelled_at` timestamp NULL DEFAULT NULL,
  PRIMARY KEY (`appointment_id`),
  KEY `patient_id` (`patient_id`),
  KEY `visit_id` (`visit_id`),
  KEY `created_by` (`created_by`)
) ENGINE=InnoDB AUTO_INCREMENT=2 DEFAULT CHARSET=utf8mb4 COLLATE=utf8mb4_general_ci;
/*!40101 SET character_set_client = @saved_cs_client */;

--
-- Dumping data for table `appointments`
--

LOCK TABLES `appointments` WRITE;
/*!40000 ALTER TABLE `appointments` DISABLE KEYS */;
INSERT INTO `appointments` VALUES
(1,2,1,'2025-11-27','09:00:00','Follow-up','test','test','routine','no-show','Yes',NULL,1,'2025-11-22 19:15:21','2025-11-22 19:44:13',NULL);
/*!40000 ALTER TABLE `appointments` ENABLE KEYS */;
UNLOCK TABLES;

--
-- Table structure for table `asset_categories`
--

DROP TABLE IF EXISTS `asset_categories`;
/*!40101 SET @saved_cs_client     = @@character_set_client */;
/*!40101 SET character_set_client = utf8mb4 */;
CREATE TABLE `asset_categories` (
  `category_id` int(11) NOT NULL AUTO_INCREMENT,
  `category_name` varchar(100) NOT NULL,
  `category_description` text DEFAULT NULL,
  `depreciation_rate` decimal(5,2) DEFAULT 20.00,
  `useful_life_years` int(11) DEFAULT 5,
  `is_active` tinyint(1) DEFAULT 1,
  `created_at` timestamp NULL DEFAULT current_timestamp(),
  `updated_at` timestamp NULL DEFAULT current_timestamp() ON UPDATE current_timestamp(),
  `created_by` int(11) DEFAULT NULL,
  `updated_by` int(11) DEFAULT NULL,
  PRIMARY KEY (`category_id`)
) ENGINE=InnoDB AUTO_INCREMENT=17 DEFAULT CHARSET=utf8mb4 COLLATE=utf8mb4_unicode_ci;
/*!40101 SET character_set_client = @saved_cs_client */;

--
-- Dumping data for table `asset_categories`
--

LOCK TABLES `asset_categories` WRITE;
/*!40000 ALTER TABLE `asset_categories` DISABLE KEYS */;
INSERT INTO `asset_categories` VALUES
(1,'IT Equipment','Computers, laptops, servers, networking equipment',20.00,5,1,'2025-12-13 18:30:20','2025-12-13 18:30:20',NULL,NULL),
(2,'Office Equipment','Printers, scanners, copiers, fax machines',20.00,5,1,'2025-12-13 18:30:20','2025-12-13 18:30:20',NULL,NULL),
(3,'Furniture','Desks, chairs, cabinets, shelves',20.00,5,1,'2025-12-13 18:30:20','2025-12-13 18:30:20',NULL,NULL),
(4,'Vehicles','Company cars, trucks, vans',20.00,5,1,'2025-12-13 18:30:20','2025-12-13 18:30:20',NULL,NULL),
(5,'Machinery','Industrial equipment, tools',20.00,5,1,'2025-12-13 18:30:20','2025-12-13 18:30:20',NULL,NULL),
(6,'Electronics','TVs, projectors, audio equipment',20.00,5,1,'2025-12-13 18:30:20','2025-12-13 18:30:20',NULL,NULL),
(7,'IT Equipment','Computers, laptops, servers, networking equipment',20.00,5,1,'2025-12-13 18:32:20','2025-12-13 18:32:20',NULL,NULL),
(8,'Office Equipment','Printers, scanners, copiers, fax machines',20.00,5,1,'2025-12-13 18:32:20','2025-12-13 18:32:20',NULL,NULL),
(9,'Furniture','Desks, chairs, cabinets, shelves',20.00,5,1,'2025-12-13 18:32:20','2025-12-13 18:32:20',NULL,NULL),
(10,'Vehicles','Company cars, trucks, vans',20.00,5,1,'2025-12-13 18:32:20','2025-12-13 18:32:20',NULL,NULL),
(11,'Machinery','Industrial equipment, tools',20.00,5,1,'2025-12-13 18:32:20','2025-12-13 18:32:20',NULL,NULL),
(12,'Electronics','TVs, projectors, audio equipment',20.00,5,1,'2025-12-13 18:32:20','2025-12-13 18:32:20',NULL,NULL),
(13,'Medical Equipment','Diagnostic and treatment medical devices',15.00,7,1,'2025-12-13 18:36:16','2025-12-13 18:36:16',1,NULL),
(14,'IT Equipment','Computers, servers, and networking devices',25.00,4,1,'2025-12-13 18:36:16','2025-12-13 18:36:16',1,NULL),
(15,'Furniture','Clinic furniture and fixtures',10.00,10,1,'2025-12-13 18:36:16','2025-12-13 18:36:16',1,NULL),
(16,'Laboratory Equipment','Lab diagnostic and testing equipment',12.00,8,1,'2025-12-13 18:36:16','2025-12-13 18:36:16',1,NULL);
/*!40000 ALTER TABLE `asset_categories` ENABLE KEYS */;
UNLOCK TABLES;

--
-- Table structure for table `asset_checkout_logs`
--

DROP TABLE IF EXISTS `asset_checkout_logs`;
/*!40101 SET @saved_cs_client     = @@character_set_client */;
/*!40101 SET character_set_client = utf8mb4 */;
CREATE TABLE `asset_checkout_logs` (
  `asset_id` int(11) NOT NULL,
  `checkout_date` datetime NOT NULL,
  `checked_out_by` int(11) DEFAULT NULL,
  `assigned_to` int(11) DEFAULT NULL,
  `expected_return_date` datetime DEFAULT NULL,
  `checkout_notes` text DEFAULT NULL,
  `checkin_date` datetime DEFAULT NULL,
  `checkin_condition` enum('excellent','good','fair','poor','damaged') DEFAULT NULL,
  `checkin_notes` text DEFAULT NULL,
  `created_at` timestamp NULL DEFAULT current_timestamp(),
  `transaction_type` varchar(100) DEFAULT NULL,
  `assigned_to_type` varchar(100) DEFAULT NULL,
  `assigned_to_id` int(11) DEFAULT NULL,
  `checkout_at` datetime DEFAULT NULL,
  `checkout_by` int(11) DEFAULT NULL,
  `checkout_id` int(11) NOT NULL AUTO_INCREMENT,
  `checkout_type` varchar(50) DEFAULT NULL,
  `destination_location_id` int(11) DEFAULT NULL,
  `return_location_id` int(11) DEFAULT NULL,
  `checkin_by` int(11) DEFAULT NULL,
  `checkin_at` datetime DEFAULT NULL,
  `updated_at` datetime DEFAULT NULL,
  PRIMARY KEY (`checkout_id`),
  KEY `asset_id` (`asset_id`),
  KEY `checked_out_by` (`checked_out_by`),
  KEY `assigned_to` (`assigned_to`)
) ENGINE=InnoDB AUTO_INCREMENT=4 DEFAULT CHARSET=utf8mb4 COLLATE=utf8mb4_unicode_ci;
/*!40101 SET character_set_client = @saved_cs_client */;

--
-- Dumping data for table `asset_checkout_logs`
--

LOCK TABLES `asset_checkout_logs` WRITE;
/*!40000 ALTER TABLE `asset_checkout_logs` DISABLE KEYS */;
INSERT INTO `asset_checkout_logs` VALUES
(13,'2025-12-14 00:00:00',NULL,NULL,'2026-01-13 00:00:00','0','2025-12-14 00:00:00','good','test','2025-12-14 10:09:32',NULL,'employee',1,'2025-12-14 13:09:32',1,1,'temporary',4,4,1,'2025-12-14 13:54:30','2025-12-14 13:54:30'),
(15,'2025-12-14 00:00:00',NULL,NULL,'2026-01-13 00:00:00','0',NULL,NULL,NULL,'2025-12-14 10:57:02',NULL,'employee',2,'2025-12-14 13:57:02',1,3,'project',3,NULL,NULL,NULL,NULL);
/*!40000 ALTER TABLE `asset_checkout_logs` ENABLE KEYS */;
UNLOCK TABLES;

--
-- Table structure for table `asset_depreciation`
--

DROP TABLE IF EXISTS `asset_depreciation`;
/*!40101 SET @saved_cs_client     = @@character_set_client */;
/*!40101 SET character_set_client = utf8mb4 */;
CREATE TABLE `asset_depreciation` (
  `depreciation_id` int(11) NOT NULL AUTO_INCREMENT,
  `asset_id` int(11) NOT NULL,
  `depreciation_date` date NOT NULL,
  `depreciation_amount` decimal(10,2) NOT NULL,
  `current_value` decimal(10,2) NOT NULL,
  `accumulated_depreciation` decimal(10,2) NOT NULL,
  `notes` text DEFAULT NULL,
  `calculated_by` int(11) DEFAULT NULL,
  `created_at` timestamp NULL DEFAULT current_timestamp(),
  PRIMARY KEY (`depreciation_id`),
  KEY `asset_id` (`asset_id`),
  KEY `calculated_by` (`calculated_by`)
) ENGINE=InnoDB AUTO_INCREMENT=2 DEFAULT CHARSET=utf8mb4 COLLATE=utf8mb4_unicode_ci;
/*!40101 SET character_set_client = @saved_cs_client */;

--
-- Dumping data for table `asset_depreciation`
--

LOCK TABLES `asset_depreciation` WRITE;
/*!40000 ALTER TABLE `asset_depreciation` DISABLE KEYS */;
/*!40000 ALTER TABLE `asset_depreciation` ENABLE KEYS */;
UNLOCK TABLES;

--
-- Table structure for table `asset_disposals`
--

DROP TABLE IF EXISTS `asset_disposals`;
/*!40101 SET @saved_cs_client     = @@character_set_client */;
/*!40101 SET character_set_client = utf8mb4 */;
CREATE TABLE `asset_disposals` (
  `disposal_id` int(11) NOT NULL AUTO_INCREMENT,
  `asset_id` int(11) NOT NULL,
  `disposal_date` date NOT NULL,
  `disposal_reason` enum('end_of_life','obsolete','damaged','stolen','sold','donated') NOT NULL,
  `disposal_method` varchar(100) DEFAULT NULL,
  `sold_amount` decimal(10,2) DEFAULT NULL,
  `disposal_notes` text DEFAULT NULL,
  `approved_by` int(11) DEFAULT NULL,
  `disposed_by` int(11) DEFAULT NULL,
  `created_at` timestamp NULL DEFAULT current_timestamp(),
  PRIMARY KEY (`disposal_id`),
  KEY `asset_id` (`asset_id`),
  KEY `approved_by` (`approved_by`),
  KEY `disposed_by` (`disposed_by`)
) ENGINE=InnoDB AUTO_INCREMENT=2 DEFAULT CHARSET=utf8mb4 COLLATE=utf8mb4_unicode_ci;
/*!40101 SET character_set_client = @saved_cs_client */;

--
-- Dumping data for table `asset_disposals`
--

LOCK TABLES `asset_disposals` WRITE;
/*!40000 ALTER TABLE `asset_disposals` DISABLE KEYS */;
/*!40000 ALTER TABLE `asset_disposals` ENABLE KEYS */;
UNLOCK TABLES;

--
-- Table structure for table `asset_locations`
--

DROP TABLE IF EXISTS `asset_locations`;
/*!40101 SET @saved_cs_client     = @@character_set_client */;
/*!40101 SET character_set_client = utf8mb4 */;
CREATE TABLE `asset_locations` (
  `location_id` int(11) NOT NULL AUTO_INCREMENT,
  `location_name` varchar(100) NOT NULL,
  `location_type` enum('department','room','building','storage','other') DEFAULT 'room',
  `building` varchar(100) DEFAULT NULL,
  `floor` varchar(50) DEFAULT NULL,
  `room_number` varchar(50) DEFAULT NULL,
  `description` text DEFAULT NULL,
  `is_active` tinyint(1) DEFAULT 1,
  `created_at` timestamp NULL DEFAULT current_timestamp(),
  `updated_at` timestamp NULL DEFAULT current_timestamp() ON UPDATE current_timestamp(),
  `created_by` int(11) DEFAULT NULL,
  `updated_by` int(11) DEFAULT NULL,
  PRIMARY KEY (`location_id`)
) ENGINE=InnoDB AUTO_INCREMENT=5 DEFAULT CHARSET=utf8mb4 COLLATE=utf8mb4_unicode_ci;
/*!40101 SET character_set_client = @saved_cs_client */;

--
-- Dumping data for table `asset_locations`
--

LOCK TABLES `asset_locations` WRITE;
/*!40000 ALTER TABLE `asset_locations` DISABLE KEYS */;
INSERT INTO `asset_locations` VALUES
(1,'Consultation Room 1','room','Main Clinic Building','Ground Floor','CR-01','General consultation room',1,'2025-12-13 18:37:33','2025-12-13 18:37:33',1,NULL),
(2,'Laboratory','department','Main Clinic Building','First Floor','LAB-01','Pathology and diagnostics lab',1,'2025-12-13 18:37:33','2025-12-13 18:37:33',1,NULL),
(3,'Radiology Room','room','Main Clinic Building','First Floor','RAD-01','X-Ray and imaging room',1,'2025-12-13 18:37:33','2025-12-13 18:37:33',1,NULL),
(4,'IT Storage','storage','Annex Building','Ground Floor','ST-IT','IT equipment storage',1,'2025-12-13 18:37:33','2025-12-13 18:37:33',1,NULL);
/*!40000 ALTER TABLE `asset_locations` ENABLE KEYS */;
UNLOCK TABLES;

--
-- Table structure for table `asset_maintenance`
--

DROP TABLE IF EXISTS `asset_maintenance`;
/*!40101 SET @saved_cs_client     = @@character_set_client */;
/*!40101 SET character_set_client = utf8mb4 */;
CREATE TABLE `asset_maintenance` (
  `maintenance_id` int(11) NOT NULL AUTO_INCREMENT,
  `asset_id` int(11) NOT NULL,
  `maintenance_type` enum('preventive','corrective','calibration','inspection') NOT NULL,
  `maintenance_date` date NOT NULL,
  `scheduled_date` date DEFAULT NULL,
  `completed_date` date DEFAULT NULL,
  `performed_by` varchar(100) DEFAULT NULL,
  `cost` decimal(10,2) DEFAULT NULL,
  `description` text DEFAULT NULL,
  `findings` text DEFAULT NULL,
  `recommendations` text DEFAULT NULL,
  `status` enum('scheduled','in_progress','completed','cancelled') DEFAULT 'scheduled',
  `cancellation_reason` text DEFAULT NULL,
  `next_maintenance_date` date DEFAULT NULL,
  `created_by` int(11) DEFAULT NULL,
  `created_at` timestamp NULL DEFAULT current_timestamp(),
  `updated_at` timestamp NULL DEFAULT current_timestamp() ON UPDATE current_timestamp(),
  `supplier_id` int(11) DEFAULT NULL,
  `next_maintenance_notes` text DEFAULT NULL,
  `updated_by` int(11) DEFAULT NULL,
  `actual_start_date` date DEFAULT NULL,
  `actual_cost` decimal(10,2) DEFAULT NULL,
  `completed_notes` text DEFAULT NULL,
  PRIMARY KEY (`maintenance_id`),
  KEY `asset_id` (`asset_id`),
  KEY `created_by` (`created_by`),
  KEY `updated_by` (`updated_by`)
) ENGINE=InnoDB AUTO_INCREMENT=3 DEFAULT CHARSET=utf8mb4 COLLATE=utf8mb4_unicode_ci;
/*!40101 SET character_set_client = @saved_cs_client */;

--
-- Dumping data for table `asset_maintenance`
--

LOCK TABLES `asset_maintenance` WRITE;
/*!40000 ALTER TABLE `asset_maintenance` DISABLE KEYS */;
INSERT INTO `asset_maintenance` VALUES
(1,13,'preventive','2025-12-13','2025-12-14','2025-12-14','1',400000.00,'test','test tt','testtttttt','completed',NULL,'2026-01-12',1,'2025-12-13 20:04:56','2025-12-14 11:58:07',21,'test',1,'2025-12-14',0.00,'test');
/*!40000 ALTER TABLE `asset_maintenance` ENABLE KEYS */;
UNLOCK TABLES;

--
-- Table structure for table `assets`
--

DROP TABLE IF EXISTS `assets`;
/*!40101 SET @saved_cs_client     = @@character_set_client */;
/*!40101 SET character_set_client = utf8mb4 */;
CREATE TABLE `assets` (
  `asset_id` int(11) NOT NULL AUTO_INCREMENT,
  `asset_tag` varchar(50) NOT NULL,
  `asset_name` varchar(200) NOT NULL,
  `asset_description` text DEFAULT NULL,
  `category_id` int(11) NOT NULL,
  `location_id` int(11) DEFAULT NULL,
  `supplier_id` int(11) DEFAULT NULL,
  `serial_number` varchar(100) DEFAULT NULL,
  `model` varchar(100) DEFAULT NULL,
  `manufacturer` varchar(100) DEFAULT NULL,
  `purchase_date` date DEFAULT NULL,
  `purchase_price` decimal(10,2) DEFAULT NULL,
  `current_value` decimal(10,2) DEFAULT NULL,
  `warranty_expiry` date DEFAULT NULL,
  `status` varchar(50) DEFAULT NULL,
  `asset_condition` enum('excellent','good','fair','poor','critical') DEFAULT 'good',
  `assigned_to` int(11) DEFAULT NULL,
  `assigned_department` varchar(100) DEFAULT NULL,
  `last_maintenance_date` date DEFAULT NULL,
  `next_maintenance_date` date DEFAULT NULL,
  `is_critical` tinyint(1) DEFAULT 0,
  `notes` text DEFAULT NULL,
  `created_by` int(11) DEFAULT NULL,
  `created_at` timestamp NULL DEFAULT current_timestamp(),
  `updated_at` timestamp NULL DEFAULT current_timestamp() ON UPDATE current_timestamp(),
  `updated_by` int(11) DEFAULT NULL,
  PRIMARY KEY (`asset_id`),
  UNIQUE KEY `asset_tag` (`asset_tag`),
  KEY `category_id` (`category_id`),
  KEY `location_id` (`location_id`),
  KEY `assigned_to` (`assigned_to`),
  KEY `created_by` (`created_by`)
) ENGINE=InnoDB AUTO_INCREMENT=21 DEFAULT CHARSET=utf8mb4 COLLATE=utf8mb4_unicode_ci;
/*!40101 SET character_set_client = @saved_cs_client */;

--
-- Dumping data for table `assets`
--

LOCK TABLES `assets` WRITE;
/*!40000 ALTER TABLE `assets` DISABLE KEYS */;
INSERT INTO `assets` VALUES
(13,'MED-ECG-001','ECG Machine','12-lead ECG machine for cardiac diagnostics',1,4,2,'ECG2023-8899','ECG Pro 12','Philips','2023-03-15',8500.00,7200.00,'2026-03-14','active','excellent',NULL,'Cardiology','2024-06-01','2025-06-01',1,'Used daily in outpatient diagnostics',1,'2025-12-13 18:38:06','2025-12-14 11:58:07',1),
(14,'LAB-MIC-002','Laboratory Microscope','Binocular microscope for lab analysis',16,2,3,'MIC-77821','BX43','Olympus','2022-08-10',0.00,0.00,'2025-08-09','0','good',1,'0','2024-05-15','2025-05-15',0,'Clean lenses monthly',1,'2025-12-13 18:38:06','2025-12-14 11:00:37',1),
(15,'IT-PC-003','Reception Desktop Computer','Front desk patient management PC',2,4,4,'PC-REC-3344','OptiPlex 7090','Dell','2024-01-20',1200.00,1050.00,'2027-01-19','checked_out','excellent',NULL,'Administration',NULL,NULL,0,'Connected to HIS system',1,'2025-12-13 18:38:06','2025-12-14 10:57:02',1),
(16,'LN-BED-001','Hospital Bed Sheet Set',NULL,1,NULL,NULL,NULL,NULL,NULL,NULL,NULL,NULL,NULL,'in-use','good',NULL,NULL,NULL,NULL,0,NULL,NULL,'2025-12-14 17:01:46','2026-01-20 19:18:48',NULL),
(17,'LN-PIL-001','Pillow Cover Set',NULL,1,NULL,NULL,NULL,NULL,NULL,NULL,NULL,NULL,NULL,'active','excellent',NULL,NULL,NULL,NULL,0,NULL,NULL,'2025-12-14 17:01:46','2025-12-14 17:01:46',NULL),
(18,'LN-UNI-001','Staff Uniform Set',NULL,1,NULL,NULL,NULL,NULL,NULL,NULL,NULL,NULL,NULL,'active','fair',NULL,NULL,NULL,NULL,0,NULL,NULL,'2025-12-14 17:01:46','2025-12-14 17:01:46',NULL),
(19,'LN-GWN-001','Patient Gown Set',NULL,1,NULL,NULL,NULL,NULL,NULL,NULL,NULL,NULL,NULL,'in-use','good',NULL,NULL,NULL,NULL,0,NULL,NULL,'2025-12-14 17:01:46','2026-01-10 19:03:10',NULL),
(20,'LN-TWL-001','Hospital Towel Set',NULL,1,NULL,NULL,NULL,NULL,NULL,NULL,NULL,NULL,NULL,'active','excellent',NULL,NULL,NULL,NULL,0,NULL,NULL,'2025-12-14 17:01:46','2025-12-14 17:01:46',NULL);
/*!40000 ALTER TABLE `assets` ENABLE KEYS */;
UNLOCK TABLES;

--
-- Table structure for table `attendance_logs`
--

DROP TABLE IF EXISTS `attendance_logs`;
/*!40101 SET @saved_cs_client     = @@character_set_client */;
/*!40101 SET character_set_client = utf8mb4 */;
CREATE TABLE `attendance_logs` (
  `attendance_id` int(11) NOT NULL AUTO_INCREMENT,
  `employee_id` int(11) NOT NULL,
  `log_date` date NOT NULL,
  `check_in` time DEFAULT NULL,
  `check_out` time DEFAULT NULL,
  `hours_worked` decimal(5,2) DEFAULT NULL,
  `source` enum('biometric','manual','mobile') DEFAULT 'manual',
  `notes` text DEFAULT NULL,
  `created_at` timestamp NULL DEFAULT current_timestamp(),
  PRIMARY KEY (`attendance_id`),
  UNIQUE KEY `unique_employee_date` (`employee_id`,`log_date`),
  KEY `idx_employee_date` (`employee_id`,`log_date`),
  KEY `idx_date` (`log_date`),
  KEY `idx_check_in` (`check_in`)
) ENGINE=InnoDB AUTO_INCREMENT=4 DEFAULT CHARSET=utf8mb4 COLLATE=utf8mb4_unicode_ci;
/*!40101 SET character_set_client = @saved_cs_client */;

--
-- Dumping data for table `attendance_logs`
--

LOCK TABLES `attendance_logs` WRITE;
/*!40000 ALTER TABLE `attendance_logs` DISABLE KEYS */;
INSERT INTO `attendance_logs` VALUES
(1,1,'2025-11-25','08:00:00','17:00:00',9.00,'manual',NULL,'2025-11-25 20:18:54'),
(2,1,'2025-11-26','08:00:00','17:00:00',9.00,'manual',NULL,'2025-11-26 05:31:13'),
(3,2,'2025-11-26','08:00:00','17:00:00',9.00,'manual',NULL,'2025-11-26 05:31:23');
/*!40000 ALTER TABLE `attendance_logs` ENABLE KEYS */;
UNLOCK TABLES;

--
-- Table structure for table `audit_items`
--

DROP TABLE IF EXISTS `audit_items`;
/*!40101 SET @saved_cs_client     = @@character_set_client */;
/*!40101 SET character_set_client = utf8mb4 */;
CREATE TABLE `audit_items` (
  `audit_item_id` int(11) NOT NULL AUTO_INCREMENT,
  `audit_id` int(11) NOT NULL,
  `item_id` int(11) NOT NULL,
  `expected_quantity` int(11) NOT NULL,
  `counted_quantity` int(11) NOT NULL,
  `variance` int(11) NOT NULL,
  `notes` text DEFAULT NULL,
  `counted_by` int(11) DEFAULT NULL,
  `counted_at` timestamp NULL DEFAULT current_timestamp(),
  PRIMARY KEY (`audit_item_id`),
  KEY `item_id` (`item_id`),
  KEY `counted_by` (`counted_by`),
  KEY `idx_audit_items` (`audit_id`,`item_id`),
  KEY `idx_variance` (`variance`)
) ENGINE=InnoDB AUTO_INCREMENT=45 DEFAULT CHARSET=utf8mb4 COLLATE=utf8mb4_general_ci;
/*!40101 SET character_set_client = @saved_cs_client */;

--
-- Dumping data for table `audit_items`
--

LOCK TABLES `audit_items` WRITE;
/*!40000 ALTER TABLE `audit_items` DISABLE KEYS */;
INSERT INTO `audit_items` VALUES
(1,1,6,50,0,-50,NULL,NULL,'2025-11-08 03:36:01'),
(2,1,5,75,0,-75,NULL,NULL,'2025-11-08 03:36:01'),
(3,1,4,500,0,-500,NULL,NULL,'2025-11-08 03:36:01'),
(4,1,2,80,0,-80,NULL,NULL,'2025-11-08 03:36:01'),
(5,1,1,150,0,-150,NULL,NULL,'2025-11-08 03:36:01'),
(6,1,7,1500,0,-1500,NULL,NULL,'2025-11-08 03:36:01'),
(7,1,3,200,0,-200,NULL,NULL,'2025-11-08 03:36:01'),
(8,2,6,50,0,-50,NULL,NULL,'2025-11-08 03:37:07'),
(9,2,5,75,0,-75,NULL,NULL,'2025-11-08 03:37:07'),
(10,2,4,500,0,-500,NULL,NULL,'2025-11-08 03:37:07'),
(11,2,2,80,0,-80,NULL,NULL,'2025-11-08 03:37:07'),
(12,2,1,150,0,-150,NULL,NULL,'2025-11-08 03:37:07'),
(13,2,7,1500,0,-1500,NULL,NULL,'2025-11-08 03:37:07'),
(14,2,3,200,0,-200,NULL,NULL,'2025-11-08 03:37:07'),
(15,3,6,452,0,-452,NULL,NULL,'2025-11-11 23:58:02'),
(16,3,5,75,0,-75,NULL,NULL,'2025-11-11 23:58:02'),
(17,3,4,501,0,-501,NULL,NULL,'2025-11-11 23:58:02'),
(18,3,2,80,0,-80,NULL,NULL,'2025-11-11 23:58:02'),
(19,3,1,150,0,-150,NULL,NULL,'2025-11-11 23:58:02'),
(20,3,7,1500,0,-1500,NULL,NULL,'2025-11-11 23:58:02'),
(21,3,3,200,0,-200,NULL,NULL,'2025-11-11 23:58:02'),
(22,4,6,789,0,-789,NULL,NULL,'2025-11-23 03:57:58'),
(23,4,5,75,0,-75,NULL,NULL,'2025-11-23 03:57:58'),
(24,4,4,500,0,-500,NULL,NULL,'2025-11-23 03:57:58'),
(25,4,2,30,0,-30,NULL,NULL,'2025-11-23 03:57:58'),
(26,4,1,577,0,-577,NULL,NULL,'2025-11-23 03:57:58'),
(27,4,7,1500,0,-1500,NULL,NULL,'2025-11-23 03:57:58'),
(28,4,3,539,0,-539,NULL,NULL,'2025-11-23 03:57:58'),
(29,5,6,784,0,-784,NULL,NULL,'2025-12-11 05:31:34'),
(30,5,5,75,0,-75,NULL,NULL,'2025-12-11 05:31:34'),
(31,5,4,0,0,0,NULL,NULL,'2025-12-11 05:31:34'),
(32,5,2,550,0,-550,NULL,NULL,'2025-12-11 05:31:34'),
(33,5,8,200,0,-200,NULL,NULL,'2025-12-11 05:31:34'),
(34,5,1,576,0,-576,NULL,NULL,'2025-12-11 05:31:34'),
(35,5,7,1500,0,-1500,NULL,NULL,'2025-12-11 05:31:34'),
(36,5,3,539,0,-539,NULL,NULL,'2025-12-11 05:31:34'),
(37,6,6,784,0,-784,NULL,NULL,'2026-01-10 19:56:41'),
(38,6,5,15,0,-15,NULL,NULL,'2026-01-10 19:56:41'),
(39,6,4,0,0,0,NULL,NULL,'2026-01-10 19:56:41'),
(40,6,2,550,0,-550,NULL,NULL,'2026-01-10 19:56:41'),
(41,6,8,100,0,-100,NULL,NULL,'2026-01-10 19:56:41'),
(42,6,1,576,0,-576,NULL,NULL,'2026-01-10 19:56:41'),
(43,6,7,1500,0,-1500,NULL,NULL,'2026-01-10 19:56:41'),
(44,6,3,539,0,-539,NULL,NULL,'2026-01-10 19:56:41');
/*!40000 ALTER TABLE `audit_items` ENABLE KEYS */;
UNLOCK TABLES;

--
-- Table structure for table `audit_log`
--

DROP TABLE IF EXISTS `audit_log`;
/*!40101 SET @saved_cs_client     = @@character_set_client */;
/*!40101 SET character_set_client = utf8mb4 */;
CREATE TABLE `audit_log` (
  `log_id` int(11) NOT NULL AUTO_INCREMENT,
  `table_name` varchar(50) NOT NULL,
  `record_id` int(11) NOT NULL,
  `action` enum('INSERT','UPDATE','DELETE') NOT NULL,
  `old_values` longtext CHARACTER SET utf8mb4 COLLATE utf8mb4_bin DEFAULT NULL CHECK (json_valid(`old_values`)),
  `new_values` longtext CHARACTER SET utf8mb4 COLLATE utf8mb4_bin DEFAULT NULL CHECK (json_valid(`new_values`)),
  `changed_by` int(11) DEFAULT NULL,
  `changed_at` timestamp NULL DEFAULT current_timestamp(),
  `ip_address` varchar(45) DEFAULT NULL,
  `user_agent` text DEFAULT NULL,
  PRIMARY KEY (`log_id`),
  KEY `idx_table_record` (`table_name`,`record_id`),
  KEY `idx_changed_at` (`changed_at`),
  KEY `idx_changed_by` (`changed_by`)
) ENGINE=InnoDB DEFAULT CHARSET=utf8mb4 COLLATE=utf8mb4_general_ci;
/*!40101 SET character_set_client = @saved_cs_client */;

--
-- Dumping data for table `audit_log`
--

LOCK TABLES `audit_log` WRITE;
/*!40000 ALTER TABLE `audit_log` DISABLE KEYS */;
/*!40000 ALTER TABLE `audit_log` ENABLE KEYS */;
UNLOCK TABLES;

--
-- Table structure for table `audit_logs`
--

DROP TABLE IF EXISTS `audit_logs`;
/*!40101 SET @saved_cs_client     = @@character_set_client */;
/*!40101 SET character_set_client = utf8mb4 */;
CREATE TABLE `audit_logs` (
  `audit_id` bigint(20) NOT NULL AUTO_INCREMENT,
  `event_time` datetime NOT NULL DEFAULT current_timestamp(),
  `user_id` int(11) DEFAULT NULL,
  `user_name` varchar(100) DEFAULT NULL,
  `user_role` varchar(50) DEFAULT NULL,
  `action` varchar(50) NOT NULL,
  `module` varchar(50) NOT NULL,
  `table_name` varchar(100) NOT NULL,
  `entity_type` varchar(50) NOT NULL,
  `record_id` bigint(20) DEFAULT NULL,
  `patient_id` int(11) DEFAULT NULL,
  `visit_id` int(11) DEFAULT NULL,
  `old_values` longtext DEFAULT NULL,
  `new_values` longtext DEFAULT NULL,
  `description` text DEFAULT NULL,
  `status` varchar(50) DEFAULT NULL,
  `ip_address` varchar(45) DEFAULT NULL,
  `user_agent` text DEFAULT NULL,
  `created_at` timestamp NOT NULL DEFAULT current_timestamp(),
  PRIMARY KEY (`audit_id`),
  KEY `idx_user` (`user_id`),
  KEY `idx_action` (`action`),
  KEY `idx_module` (`module`),
  KEY `idx_table` (`table_name`),
  KEY `idx_entity` (`entity_type`),
  KEY `idx_patient` (`patient_id`),
  KEY `idx_visit` (`visit_id`),
  KEY `idx_time` (`event_time`),
  KEY `idx_status` (`status`)
) ENGINE=InnoDB AUTO_INCREMENT=1100 DEFAULT CHARSET=utf8mb4 COLLATE=utf8mb4_general_ci;
/*!40101 SET character_set_client = @saved_cs_client */;

--
-- Dumping data for table `audit_logs`
--

LOCK TABLES `audit_logs` WRITE;
/*!40000 ALTER TABLE `audit_logs` DISABLE KEYS */;
INSERT INTO `audit_logs` VALUES
(1,'2026-01-17 16:37:05',1,'Humphrey Lidwaji','Administrator','UPDATE','Patients','patients','patient',4,4,NULL,NULL,NULL,'Updated patient demographics','SUCCESS','127.0.0.1','Mozilla/5.0 (X11; Linux x86_64; rv:140.0) Gecko/20100101 Firefox/140.0','2026-01-17 13:37:05'),
(2,'2026-01-17 16:54:00',1,'Humphrey Lidwaji','UNKNOWN','UPDATE','Patients','patients','patient',4,4,NULL,'{\"middle_name\":\"\"}','{\"middle_name\":\"IRAUSA\"}','Updated patient demographics: middle_name','SUCCESS','127.0.0.1','Mozilla/5.0 (X11; Linux x86_64; rv:140.0) Gecko/20100101 Firefox/140.0','2026-01-17 13:54:00'),
(3,'2026-01-17 16:57:39',1,'Humphrey Lidwaji','UNKNOWN','UPDATE','Patients','patients','patient',4,4,NULL,'{\"blood_group\":\"B-\"}','{\"blood_group\":\"A+\"}','Updated patient demographics: blood_group','SUCCESS','127.0.0.1','Mozilla/5.0 (X11; Linux x86_64; rv:140.0) Gecko/20100101 Firefox/140.0','2026-01-17 13:57:39'),
(4,'2026-01-17 17:00:28',1,'Humphrey Lidwaji','Administrator','UPDATE','Patients','patients','patient',4,4,NULL,'{\"id_type\":\"NATIONAL_ID\"}','{\"id_type\":\"ALIEN_ID\"}','Updated patient demographics: id_type','SUCCESS','127.0.0.1','Mozilla/5.0 (X11; Linux x86_64; rv:140.0) Gecko/20100101 Firefox/140.0','2026-01-17 14:00:28'),
(5,'2026-01-17 17:04:10',1,'Humphrey Lidwaji','Administrator','LOGIN','AUTHENTICATION','users','user',1,NULL,NULL,NULL,NULL,'User Humphrey Lidwaji (lidwaji7@gmail.com) logged in successfully','SUCCESS','127.0.0.1','Mozilla/5.0 (X11; Linux x86_64; rv:140.0) Gecko/20100101 Firefox/140.0','2026-01-17 14:04:10'),
(6,'2026-01-17 17:06:59',1,'Humphrey Lidwaji','Administrator','LOGOUT','AUTHENTICATION','users','user',1,NULL,NULL,NULL,NULL,'User Humphrey Lidwaji  (lidwaji7@gmail.com) logged out','SUCCESS','127.0.0.1','Mozilla/5.0 (X11; Linux x86_64; rv:140.0) Gecko/20100101 Firefox/140.0','2026-01-17 14:06:59'),
(7,'2026-01-17 17:07:02',1,'Humphrey Lidwaji','Administrator','LOGIN','AUTHENTICATION','users','user',1,NULL,NULL,NULL,NULL,'User Humphrey Lidwaji (lidwaji7@gmail.com) logged in successfully','SUCCESS','127.0.0.1','Mozilla/5.0 (X11; Linux x86_64; rv:140.0) Gecko/20100101 Firefox/140.0','2026-01-17 14:07:02'),
(8,'2026-01-17 17:13:32',1,'Humphrey Lidwaji','Administrator','CREATE','Patients','patients','patient',5,5,NULL,NULL,'{\"first_name\":\"FLORENCE\",\"middle_name\":\"\",\"last_name\":\"KAGEHA\",\"patient_mrn\":\"CLINICEMR001\\/2026\\/000021\",\"date_of_birth\":\"1978-02-23\",\"sex\":\"F\",\"blood_group\":\"A+\",\"id_type\":\"NATIONAL_ID\",\"id_number\":\"12345678\",\"phone_primary\":\"0712345678\",\"phone_secondary\":\"\",\"email\":\"\",\"county\":\"VIHIGA\",\"sub_county\":\"HAMISI\",\"ward\":\"SHIRU\",\"village\":\"\",\"postal_address\":\"\",\"postal_code\":\"\"}','New patient registration','SUCCESS','127.0.0.1','Mozilla/5.0 (X11; Linux x86_64; rv:140.0) Gecko/20100101 Firefox/140.0','2026-01-17 14:13:32'),
(9,'2026-01-17 17:51:47',1,'Humphrey Lidwaji','Administrator','CREATE','Visits','visits','visit',11,5,11,NULL,'{\"visit_number\":\"VISIT-CLINICEMR001-2026-001\",\"patient_id\":5,\"facility_code\":\"CLINICEMR001\",\"visit_type\":\"OPD\",\"department_id\":15,\"visit_datetime\":\"2026-01-17T17:51\",\"attending_provider_id\":1,\"visit_status\":\"ACTIVE\"}','Created new OPD visit: VISIT-CLINICEMR001-2026-001','SUCCESS','127.0.0.1','Mozilla/5.0 (X11; Linux x86_64; rv:140.0) Gecko/20100101 Firefox/140.0','2026-01-17 14:51:47'),
(10,'2026-01-17 19:29:55',1,'Humphrey Lidwaji','Administrator','CREATE','Visits','visits','visit',12,4,12,NULL,'{\"visit_number\":\"VISIT-CLINICEMR001-2026-002\",\"patient_id\":4,\"facility_code\":\"CLINICEMR001\",\"visit_type\":\"IPD\",\"department_id\":2,\"visit_datetime\":\"2026-01-17T19:29\",\"attending_provider_id\":8,\"visit_status\":\"ACTIVE\"}','Created new IPD visit: VISIT-CLINICEMR001-2026-002','SUCCESS','127.0.0.1','Mozilla/5.0 (X11; Linux x86_64; rv:140.0) Gecko/20100101 Firefox/140.0','2026-01-17 16:29:55'),
(11,'2026-01-17 20:11:11',1,'Humphrey Lidwaji','Administrator','UPDATE','Beds','beds','bed',32,1,3,'{\"bed_occupied\":1}','{\"bed_occupied\":0}','Freed bed for IPD admission: ADM-2026-0001','SUCCESS','127.0.0.1','Mozilla/5.0 (X11; Linux x86_64; rv:140.0) Gecko/20100101 Firefox/140.0','2026-01-17 17:11:11'),
(12,'2026-01-17 20:11:11',1,'Humphrey Lidwaji','Administrator','UPDATE','Beds','beds','bed',29,1,3,'{\"bed_occupied\":0}','{\"bed_occupied\":1}','Occupied bed for IPD admission: ADM-2026-0001','SUCCESS','127.0.0.1','Mozilla/5.0 (X11; Linux x86_64; rv:140.0) Gecko/20100101 Firefox/140.0','2026-01-17 17:11:11'),
(13,'2026-01-17 20:11:11',1,'Humphrey Lidwaji','Administrator','UPDATE','IPD Admissions','ipd_admissions','ipd_admission',1,1,3,'{\"admission_datetime\":\"2026-01-18 22:40:00\",\"admission_type\":\"EMERGENCY\",\"department_id\":null,\"ward_id\":10,\"bed_id\":32,\"referred_from\":null,\"admitting_provider_id\":103,\"attending_provider_id\":null,\"nurse_incharge_id\":203}','{\"admission_datetime\":\"2026-01-18T22:40\",\"admission_type\":\"EMERGENCY\",\"department_id\":20,\"ward_id\":4,\"bed_id\":29,\"referred_from\":null,\"admitting_provider_id\":1,\"attending_provider_id\":1,\"nurse_incharge_id\":2}','Updated IPD admission: ADM-2026-0001','SUCCESS','127.0.0.1','Mozilla/5.0 (X11; Linux x86_64; rv:140.0) Gecko/20100101 Firefox/140.0','2026-01-17 17:11:11'),
(14,'2026-01-17 20:51:08',1,'Humphrey Lidwaji','Administrator','LOGIN','AUTHENTICATION','users','user',1,NULL,NULL,NULL,NULL,'User Humphrey Lidwaji (lidwaji7@gmail.com) logged in successfully','SUCCESS','127.0.0.1','Mozilla/5.0 (X11; Linux x86_64; rv:140.0) Gecko/20100101 Firefox/140.0','2026-01-17 17:51:08'),
(15,'2026-01-17 21:07:36',1,'Humphrey Lidwaji','Administrator','UPDATE','IPD Admissions','ipd_admissions','ipd_admission',1,1,3,'{\"admission_datetime\":\"2026-01-18 22:40:00\",\"admission_type\":\"EMERGENCY\",\"department_id\":20,\"ward_id\":4,\"bed_id\":29,\"referred_from\":null,\"admitting_provider_id\":1,\"attending_provider_id\":1,\"nurse_incharge_id\":2}','{\"admission_datetime\":\"2026-01-18T22:40\",\"admission_type\":\"EMERGENCY\",\"department_id\":16,\"ward_id\":4,\"bed_id\":29,\"referred_from\":null,\"admitting_provider_id\":1,\"attending_provider_id\":1,\"nurse_incharge_id\":2}','Updated IPD admission: ADM-2026-0001','SUCCESS','127.0.0.1','Mozilla/5.0 (X11; Linux x86_64; rv:140.0) Gecko/20100101 Firefox/140.0','2026-01-17 18:07:36'),
(16,'2026-01-17 21:57:48',1,'Humphrey Lidwaji','Administrator','CREATE','Billing','pending_bills','pending_bill',0,1,3,NULL,NULL,'Failed to create draft bill for visit: IPD-2026-0001','FAILED','127.0.0.1','Mozilla/5.0 (X11; Linux x86_64; rv:140.0) Gecko/20100101 Firefox/140.0','2026-01-17 18:57:48'),
(17,'2026-01-17 21:59:43',1,'Humphrey Lidwaji','Administrator','CREATE','Billing','pending_bills','pending_bill',0,1,3,NULL,NULL,'Failed to create draft bill for visit: IPD-2026-0001','FAILED','127.0.0.1','Mozilla/5.0 (X11; Linux x86_64; rv:140.0) Gecko/20100101 Firefox/140.0','2026-01-17 18:59:43'),
(18,'2026-01-17 22:02:27',1,'Humphrey Lidwaji','Administrator','CREATE','Billing','pending_bills','pending_bill',0,1,3,NULL,NULL,'Failed to create draft bill for visit: IPD-2026-0001','FAILED','127.0.0.1','Mozilla/5.0 (X11; Linux x86_64; rv:140.0) Gecko/20100101 Firefox/140.0','2026-01-17 19:02:27'),
(19,'2026-01-17 22:05:11',1,'Humphrey Lidwaji','Administrator','CREATE','Billing','pending_bills','pending_bill',0,1,3,NULL,NULL,'Failed to create draft bill for visit: IPD-2026-0001','FAILED','127.0.0.1','Mozilla/5.0 (X11; Linux x86_64; rv:140.0) Gecko/20100101 Firefox/140.0','2026-01-17 19:05:11'),
(20,'2026-01-17 22:05:27',1,'Humphrey Lidwaji','Administrator','CREATE','Billing','pending_bills','pending_bill',0,1,3,NULL,NULL,'Failed to create draft bill for visit: IPD-2026-0001','FAILED','127.0.0.1','Mozilla/5.0 (X11; Linux x86_64; rv:140.0) Gecko/20100101 Firefox/140.0','2026-01-17 19:05:27'),
(21,'2026-01-17 22:06:05',1,'Humphrey Lidwaji','Administrator','CREATE','Billing','pending_bills','pending_bill',0,1,3,NULL,NULL,'Failed to create draft bill for visit: IPD-2026-0001','FAILED','127.0.0.1','Mozilla/5.0 (X11; Linux x86_64; rv:140.0) Gecko/20100101 Firefox/140.0','2026-01-17 19:06:05'),
(22,'2026-01-17 22:07:41',1,'Humphrey Lidwaji','Administrator','CREATE','Billing','pending_bills','pending_bill',50,1,3,NULL,'{\"bill_number\":\"BILL-2026-0001\",\"pending_bill_number\":\"PBL-2026-0001\",\"visit_id\":3,\"patient_id\":1,\"price_list_id\":1,\"bill_status\":\"draft\"}','Created draft bill: BILL-2026-0001 for visit: IPD-2026-0001','SUCCESS','127.0.0.1','Mozilla/5.0 (X11; Linux x86_64; rv:140.0) Gecko/20100101 Firefox/140.0','2026-01-17 19:07:41'),
(23,'2026-01-17 22:07:41',1,'Humphrey Lidwaji','Administrator','CREATE','Billing','invoices','invoice',14,1,3,NULL,'{\"invoice_number\":\"INV-2026-01-0001\",\"pending_bill_id\":50,\"visit_id\":3,\"patient_id\":1,\"invoice_status\":\"issued\"}','Created invoice: INV-2026-01-0001 for bill: BILL-2026-0001','SUCCESS','127.0.0.1','Mozilla/5.0 (X11; Linux x86_64; rv:140.0) Gecko/20100101 Firefox/140.0','2026-01-17 19:07:41'),
(24,'2026-01-17 22:11:29',1,'Humphrey Lidwaji','Administrator','CREATE','Billing','pending_bills','pending_bill',52,1,2,NULL,'{\"bill_number\":\"BILL-2026-0002\",\"pending_bill_number\":\"PBL-2026-0001\",\"visit_id\":2,\"patient_id\":1,\"price_list_id\":2,\"bill_status\":\"draft\"}','Created draft bill: BILL-2026-0002 for visit: ER-2026-0001','SUCCESS','127.0.0.1','Mozilla/5.0 (X11; Linux x86_64; rv:140.0) Gecko/20100101 Firefox/140.0','2026-01-17 19:11:29'),
(25,'2026-01-17 22:11:29',1,'Humphrey Lidwaji','Administrator','CREATE','Billing','invoices','invoice',15,1,2,NULL,'{\"invoice_number\":\"INV-2026-01-0002\",\"pending_bill_id\":52,\"visit_id\":2,\"patient_id\":1,\"invoice_status\":\"issued\"}','Created invoice: INV-2026-01-0002 for bill: BILL-2026-0002','SUCCESS','127.0.0.1','Mozilla/5.0 (X11; Linux x86_64; rv:140.0) Gecko/20100101 Firefox/140.0','2026-01-17 19:11:29'),
(26,'2026-01-17 22:33:33',1,'Humphrey Lidwaji','Administrator','ADD','Billing','pending_bill_items','bill_item',52,1,2,NULL,'{\"billable_item_id\":6,\"item_name\":\"CONSULTATION FEE\",\"item_quantity\":1,\"unit_price\":\"1000.0000\",\"subtotal\":1000}','Added item to bill: CONSULTATION FEE (Qty: 1)','SUCCESS','127.0.0.1','Mozilla/5.0 (X11; Linux x86_64; rv:140.0) Gecko/20100101 Firefox/140.0','2026-01-17 19:33:33'),
(27,'2026-01-17 22:48:47',1,'Humphrey Lidwaji','Administrator','CREATE','Billing','pending_bills','pending_bill',53,4,4,NULL,'{\"bill_number\":\"BILL-2026-0003\",\"pending_bill_number\":\"PBL-2026-0001\",\"visit_id\":4,\"patient_id\":4,\"price_list_id\":1,\"bill_status\":\"draft\"}','Created draft bill: BILL-2026-0003 for visit: OPD-CLINICEMR001-2026-001','SUCCESS','127.0.0.1','Mozilla/5.0 (X11; Linux x86_64; rv:140.0) Gecko/20100101 Firefox/140.0','2026-01-17 19:48:47'),
(28,'2026-01-17 22:48:47',1,'Humphrey Lidwaji','Administrator','CREATE','Billing','invoices','invoice',16,4,4,NULL,'{\"invoice_number\":\"INV-2026-01-0003\",\"pending_bill_id\":53,\"visit_id\":4,\"patient_id\":4,\"invoice_status\":\"issued\"}','Created invoice: INV-2026-01-0003 for bill: BILL-2026-0003','SUCCESS','127.0.0.1','Mozilla/5.0 (X11; Linux x86_64; rv:140.0) Gecko/20100101 Firefox/140.0','2026-01-17 19:48:47'),
(29,'2026-01-17 22:48:52',1,'Humphrey Lidwaji','Administrator','ADD','Billing','pending_bill_items','bill_item',53,4,4,NULL,'{\"billable_item_id\":6,\"item_name\":\"CONSULTATION FEE\",\"item_quantity\":1,\"unit_price\":\"1000.0000\",\"subtotal\":1000}','Added item to bill: CONSULTATION FEE (Qty: 1)','SUCCESS','127.0.0.1','Mozilla/5.0 (X11; Linux x86_64; rv:140.0) Gecko/20100101 Firefox/140.0','2026-01-17 19:48:52'),
(30,'2026-01-17 22:49:09',1,'Humphrey Lidwaji','Administrator','CREATE','Billing','pending_bills','pending_bill',54,5,11,NULL,'{\"bill_number\":\"BILL-2026-0004\",\"pending_bill_number\":\"PBL-2026-0001\",\"visit_id\":11,\"patient_id\":5,\"price_list_id\":1,\"bill_status\":\"draft\"}','Created draft bill: BILL-2026-0004 for visit: VISIT-CLINICEMR001-2026-001','SUCCESS','127.0.0.1','Mozilla/5.0 (X11; Linux x86_64; rv:140.0) Gecko/20100101 Firefox/140.0','2026-01-17 19:49:09'),
(31,'2026-01-17 22:49:09',1,'Humphrey Lidwaji','Administrator','CREATE','Billing','invoices','invoice',17,5,11,NULL,'{\"invoice_number\":\"INV-2026-01-0004\",\"pending_bill_id\":54,\"visit_id\":11,\"patient_id\":5,\"invoice_status\":\"issued\"}','Created invoice: INV-2026-01-0004 for bill: BILL-2026-0004','SUCCESS','127.0.0.1','Mozilla/5.0 (X11; Linux x86_64; rv:140.0) Gecko/20100101 Firefox/140.0','2026-01-17 19:49:09'),
(32,'2026-01-17 22:49:18',1,'Humphrey Lidwaji','Administrator','ADD','Billing','pending_bill_items','bill_item',54,5,11,NULL,'{\"billable_item_id\":6,\"item_name\":\"CONSULTATION FEE\",\"item_quantity\":1,\"unit_price\":\"1000.0000\",\"subtotal\":1000}','Added item to bill: CONSULTATION FEE (Qty: 1)','SUCCESS','127.0.0.1','Mozilla/5.0 (X11; Linux x86_64; rv:140.0) Gecko/20100101 Firefox/140.0','2026-01-17 19:49:18'),
(33,'2026-01-17 22:49:31',1,'Humphrey Lidwaji','Administrator','CREATE','Billing','pending_bills','pending_bill',55,4,12,NULL,'{\"bill_number\":\"BILL-2026-0005\",\"pending_bill_number\":\"PBL-2026-0001\",\"visit_id\":12,\"patient_id\":4,\"price_list_id\":1,\"bill_status\":\"draft\"}','Created draft bill: BILL-2026-0005 for visit: VISIT-CLINICEMR001-2026-002','SUCCESS','127.0.0.1','Mozilla/5.0 (X11; Linux x86_64; rv:140.0) Gecko/20100101 Firefox/140.0','2026-01-17 19:49:31'),
(34,'2026-01-17 22:49:31',1,'Humphrey Lidwaji','Administrator','CREATE','Billing','invoices','invoice',18,4,12,NULL,'{\"invoice_number\":\"INV-2026-01-0005\",\"pending_bill_id\":55,\"visit_id\":12,\"patient_id\":4,\"invoice_status\":\"issued\"}','Created invoice: INV-2026-01-0005 for bill: BILL-2026-0005','SUCCESS','127.0.0.1','Mozilla/5.0 (X11; Linux x86_64; rv:140.0) Gecko/20100101 Firefox/140.0','2026-01-17 19:49:31'),
(35,'2026-01-17 22:49:43',1,'Humphrey Lidwaji','Administrator','ADD','Billing','pending_bill_items','bill_item',55,4,12,NULL,'{\"billable_item_id\":6,\"item_name\":\"CONSULTATION FEE\",\"item_quantity\":1,\"unit_price\":\"1000.0000\",\"subtotal\":1000}','Added item to bill: CONSULTATION FEE (Qty: 1)','SUCCESS','127.0.0.1','Mozilla/5.0 (X11; Linux x86_64; rv:140.0) Gecko/20100101 Firefox/140.0','2026-01-17 19:49:43'),
(36,'2026-01-17 22:49:49',1,'Humphrey Lidwaji','Administrator','ADD','Billing','pending_bill_items','bill_item',55,4,12,NULL,'{\"billable_item_id\":4,\"item_name\":\"ADMISSION FEE\",\"item_quantity\":1,\"unit_price\":\"2000.0000\",\"subtotal\":2000}','Added item to bill: ADMISSION FEE (Qty: 1)','SUCCESS','127.0.0.1','Mozilla/5.0 (X11; Linux x86_64; rv:140.0) Gecko/20100101 Firefox/140.0','2026-01-17 19:49:49'),
(37,'2026-01-17 22:50:03',1,'Humphrey Lidwaji','Administrator','CREATE','Billing','pending_bills','pending_bill',56,1,1,NULL,'{\"bill_number\":\"BILL-2026-0006\",\"pending_bill_number\":\"PBL-2026-0001\",\"visit_id\":1,\"patient_id\":1,\"price_list_id\":1,\"bill_status\":\"draft\"}','Created draft bill: BILL-2026-0006 for visit: OPD-2026-0001','SUCCESS','127.0.0.1','Mozilla/5.0 (X11; Linux x86_64; rv:140.0) Gecko/20100101 Firefox/140.0','2026-01-17 19:50:03'),
(38,'2026-01-17 22:50:03',1,'Humphrey Lidwaji','Administrator','CREATE','Billing','invoices','invoice',19,1,1,NULL,'{\"invoice_number\":\"INV-2026-01-0006\",\"pending_bill_id\":56,\"visit_id\":1,\"patient_id\":1,\"invoice_status\":\"issued\"}','Created invoice: INV-2026-01-0006 for bill: BILL-2026-0006','SUCCESS','127.0.0.1','Mozilla/5.0 (X11; Linux x86_64; rv:140.0) Gecko/20100101 Firefox/140.0','2026-01-17 19:50:03'),
(39,'2026-01-17 22:50:11',1,'Humphrey Lidwaji','Administrator','ADD','Billing','pending_bill_items','bill_item',56,1,1,NULL,'{\"billable_item_id\":6,\"item_name\":\"CONSULTATION FEE\",\"item_quantity\":1,\"unit_price\":\"1000.0000\",\"subtotal\":1000}','Added item to bill: CONSULTATION FEE (Qty: 1)','SUCCESS','127.0.0.1','Mozilla/5.0 (X11; Linux x86_64; rv:140.0) Gecko/20100101 Firefox/140.0','2026-01-17 19:50:11'),
(40,'2026-01-17 23:07:05',1,'Humphrey Lidwaji','Administrator','ADD','Billing','pending_bill_items','bill_item',50,1,3,NULL,'{\"billable_item_id\":6,\"item_name\":\"CONSULTATION FEE\",\"item_quantity\":1,\"unit_price\":\"1000.0000\",\"subtotal\":1000}','Added item to bill: CONSULTATION FEE (Qty: 1)','SUCCESS','127.0.0.1','Mozilla/5.0 (X11; Linux x86_64; rv:140.0) Gecko/20100101 Firefox/140.0','2026-01-17 20:07:05'),
(41,'2026-01-17 23:35:00',1,'Humphrey Lidwaji','Administrator','CREATE','Billing','pending_bills','pending_bill',0,1,3,NULL,NULL,'Failed to create draft bill for visit: ','FAILED','127.0.0.1','Mozilla/5.0 (X11; Linux x86_64; rv:140.0) Gecko/20100101 Firefox/140.0','2026-01-17 20:35:00'),
(42,'2026-01-17 23:35:35',1,'Humphrey Lidwaji','Administrator','CREATE','Billing','pending_bills','pending_bill',0,1,3,NULL,NULL,'Failed to create draft bill for visit: ','FAILED','127.0.0.1','Mozilla/5.0 (X11; Linux x86_64; rv:140.0) Gecko/20100101 Firefox/140.0','2026-01-17 20:35:35'),
(43,'2026-01-17 23:35:43',1,'Humphrey Lidwaji','Administrator','CREATE','Billing','pending_bills','pending_bill',0,1,1,NULL,NULL,'Failed to create draft bill for visit: ','FAILED','127.0.0.1','Mozilla/5.0 (X11; Linux x86_64; rv:140.0) Gecko/20100101 Firefox/140.0','2026-01-17 20:35:43'),
(44,'2026-01-17 23:36:02',1,'Humphrey Lidwaji','Administrator','DELETE','Billing','pending_bills','pending_bill',57,4,4,'{\"bill_status\":\"draft\",\"bill_number\":\"PB-202601-0018\",\"patient_id\":4,\"visit_id\":4}','{\"bill_status\":\"cancelled\",\"is_finalized\":0}','Cancelled pending bill: PB-202601-0018','SUCCESS','127.0.0.1','Mozilla/5.0 (X11; Linux x86_64; rv:140.0) Gecko/20100101 Firefox/140.0','2026-01-17 20:36:02'),
(45,'2026-01-18 00:04:16',1,'Humphrey Lidwaji','Administrator','ADD','Billing','pending_bill_items','bill_item',58,5,11,NULL,'{\"billable_item_id\":3,\"item_name\":\"CT NECK\",\"price_list_item_id\":0,\"item_quantity\":1,\"unit_price\":350,\"discount_percentage\":0,\"subtotal\":350,\"tax_amount\":0,\"total_amount\":350}','Added item to bill: CT NECK','SUCCESS','127.0.0.1','Mozilla/5.0 (X11; Linux x86_64; rv:140.0) Gecko/20100101 Firefox/140.0','2026-01-17 21:04:16'),
(46,'2026-01-18 00:04:55',1,'Humphrey Lidwaji','Administrator','REMOVE','Billing','pending_bill_items','bill_item',53,5,11,'{\"item_name\":\"CONSULTATION FEE\",\"item_quantity\":\"1.000\",\"unit_price\":\"1000.0000\",\"subtotal\":\"1000.0000\",\"tax_amount\":\"0.0000\",\"total_amount\":\"1000.0000\"}','{\"is_cancelled\":1,\"cancelled_by\":1,\"cancelled_at\":\"2026-01-18 00:04:55\"}','Removed item from bill #BILL-2026-0004: CONSULTATION FEE','SUCCESS','127.0.0.1','Mozilla/5.0 (X11; Linux x86_64; rv:140.0) Gecko/20100101 Firefox/140.0','2026-01-17 21:04:55'),
(47,'2026-01-18 00:05:32',1,'Humphrey Lidwaji','Administrator','REMOVE','Billing','pending_bill_items','bill_item',53,5,11,'{\"item_name\":\"CONSULTATION FEE\",\"item_quantity\":\"1.000\",\"unit_price\":\"1000.0000\",\"subtotal\":\"1000.0000\",\"tax_amount\":\"0.0000\",\"total_amount\":\"1000.0000\"}','{\"is_cancelled\":1,\"cancelled_by\":1,\"cancelled_at\":\"2026-01-18 00:05:32\"}','Removed item from bill #BILL-2026-0004: CONSULTATION FEE','SUCCESS','127.0.0.1','Mozilla/5.0 (X11; Linux x86_64; rv:140.0) Gecko/20100101 Firefox/140.0','2026-01-17 21:05:32'),
(48,'2026-01-18 09:41:38',1,'Humphrey Lidwaji','Administrator','LOGIN','AUTHENTICATION','users','user',1,NULL,NULL,NULL,NULL,'User Humphrey Lidwaji (lidwaji7@gmail.com) logged in successfully','SUCCESS','127.0.0.1','Mozilla/5.0 (X11; Linux x86_64; rv:140.0) Gecko/20100101 Firefox/140.0','2026-01-18 06:41:38'),
(49,'2026-01-18 13:07:18',1,'Humphrey Lidwaji','Administrator','UPDATE','Billing','pending_bill_items','bill_item',54,0,0,NULL,NULL,'Failed to assign price list to item #54','FAILED','127.0.0.1','Mozilla/5.0 (X11; Linux x86_64; rv:140.0) Gecko/20100101 Firefox/140.0','2026-01-18 10:07:18'),
(50,'2026-01-18 13:13:08',1,'Humphrey Lidwaji','Administrator','UPDATE','Billing','pending_bill_items','bill_item',54,0,0,NULL,NULL,'Failed to assign price list to item #54','FAILED','127.0.0.1','Mozilla/5.0 (X11; Linux x86_64; rv:140.0) Gecko/20100101 Firefox/140.0','2026-01-18 10:13:08'),
(51,'2026-01-18 13:13:39',1,'Humphrey Lidwaji','Administrator','UPDATE','Billing','pending_bill_items','bill_item',54,0,0,NULL,NULL,'Failed to assign price list to item #54','FAILED','127.0.0.1','Mozilla/5.0 (X11; Linux x86_64; rv:140.0) Gecko/20100101 Firefox/140.0','2026-01-18 10:13:39'),
(52,'2026-01-18 13:14:39',1,'Humphrey Lidwaji','Administrator','UPDATE','Billing','pending_bill_items','bill_item',54,0,0,NULL,NULL,'Failed to assign price list to item #54','FAILED','127.0.0.1','Mozilla/5.0 (X11; Linux x86_64; rv:140.0) Gecko/20100101 Firefox/140.0','2026-01-18 10:14:39'),
(53,'2026-01-18 13:14:50',1,'Humphrey Lidwaji','Administrator','UPDATE','Billing','pending_bill_items','bill_item',54,0,0,NULL,NULL,'Failed to finalize item #54 to invoice','FAILED','127.0.0.1','Mozilla/5.0 (X11; Linux x86_64; rv:140.0) Gecko/20100101 Firefox/140.0','2026-01-18 10:14:50'),
(54,'2026-01-18 19:56:20',1,'Humphrey Lidwaji','Administrator','LOGIN','AUTHENTICATION','users','user',1,NULL,NULL,NULL,NULL,'User Humphrey Lidwaji (lidwaji7@gmail.com) logged in successfully','SUCCESS','127.0.0.1','Mozilla/5.0 (X11; Linux x86_64; rv:140.0) Gecko/20100101 Firefox/140.0','2026-01-18 16:56:20'),
(55,'2026-01-18 20:17:53',1,'Humphrey Lidwaji','Administrator','UPDATE','Billing','pending_bill_items','bill_item',56,0,0,NULL,NULL,'Failed to assign price list to item #56','FAILED','127.0.0.1','Mozilla/5.0 (X11; Linux x86_64; rv:140.0) Gecko/20100101 Firefox/140.0','2026-01-18 17:17:53'),
(56,'2026-01-18 20:18:06',1,'Humphrey Lidwaji','Administrator','UPDATE','Billing','pending_bill_items','bill_item',56,0,0,NULL,NULL,'Failed to finalize item #56 to invoice','FAILED','127.0.0.1','Mozilla/5.0 (X11; Linux x86_64; rv:140.0) Gecko/20100101 Firefox/140.0','2026-01-18 17:18:06'),
(57,'2026-01-18 20:18:16',1,'Humphrey Lidwaji','Administrator','UPDATE','Billing','pending_bill_items','bill_item',56,0,0,NULL,NULL,'Failed to assign price list to item #56','FAILED','127.0.0.1','Mozilla/5.0 (X11; Linux x86_64; rv:140.0) Gecko/20100101 Firefox/140.0','2026-01-18 17:18:16'),
(58,'2026-01-18 20:18:28',1,'Humphrey Lidwaji','Administrator','UPDATE','Billing','pending_bill_items','bill_item',56,0,0,NULL,NULL,'Failed to finalize item #56 to invoice','FAILED','127.0.0.1','Mozilla/5.0 (X11; Linux x86_64; rv:140.0) Gecko/20100101 Firefox/140.0','2026-01-18 17:18:28'),
(59,'2026-01-18 20:18:40',1,'Humphrey Lidwaji','Administrator','UPDATE','Billing','pending_bill_items','bill_item',56,0,0,NULL,NULL,'Failed to assign price list to item #56','FAILED','127.0.0.1','Mozilla/5.0 (X11; Linux x86_64; rv:140.0) Gecko/20100101 Firefox/140.0','2026-01-18 17:18:40'),
(60,'2026-01-19 08:20:09',1,'Humphrey Lidwaji','Administrator','LOGIN','AUTHENTICATION','users','user',1,NULL,NULL,NULL,NULL,'User Humphrey Lidwaji (lidwaji7@gmail.com) logged in successfully','SUCCESS','127.0.0.1','Mozilla/5.0 (X11; Linux x86_64; rv:140.0) Gecko/20100101 Firefox/140.0','2026-01-19 05:20:09'),
(61,'2026-01-19 15:30:23',1,'Humphrey Lidwaji','Administrator','LOGIN','AUTHENTICATION','users','user',1,NULL,NULL,NULL,NULL,'User Humphrey Lidwaji (lidwaji7@gmail.com) logged in successfully','SUCCESS','127.0.0.1','Mozilla/5.0 (X11; Linux x86_64; rv:140.0) Gecko/20100101 Firefox/140.0','2026-01-19 12:30:23'),
(62,'2026-01-19 17:13:12',1,'Humphrey Lidwaji','Administrator','LOGIN','AUTHENTICATION','users','user',1,NULL,NULL,NULL,NULL,'User Humphrey Lidwaji (lidwaji7@gmail.com) logged in successfully','SUCCESS','127.0.0.1','Mozilla/5.0 (X11; Linux x86_64; rv:140.0) Gecko/20100101 Firefox/140.0','2026-01-19 14:13:12'),
(63,'2026-01-19 19:10:01',1,'Humphrey Lidwaji','Administrator','LOGIN','AUTHENTICATION','users','user',1,NULL,NULL,NULL,NULL,'User Humphrey Lidwaji (lidwaji7@gmail.com) logged in successfully','SUCCESS','127.0.0.1','Mozilla/5.0 (X11; Linux x86_64; rv:140.0) Gecko/20100101 Firefox/140.0','2026-01-19 16:10:01'),
(64,'2026-01-19 21:02:45',1,'Humphrey Lidwaji','Administrator','LOGIN','AUTHENTICATION','users','user',1,NULL,NULL,NULL,NULL,'User Humphrey Lidwaji (lidwaji7@gmail.com) logged in successfully','SUCCESS','127.0.0.1','Mozilla/5.0 (X11; Linux x86_64; rv:140.0) Gecko/20100101 Firefox/140.0','2026-01-19 18:02:45'),
(65,'2026-01-19 23:10:43',1,'Humphrey Lidwaji','Administrator','LOGIN','AUTHENTICATION','users','user',1,NULL,NULL,NULL,NULL,'User Humphrey Lidwaji (lidwaji7@gmail.com) logged in successfully','SUCCESS','127.0.0.1','Mozilla/5.0 (X11; Linux x86_64; rv:140.0) Gecko/20100101 Firefox/140.0','2026-01-19 20:10:43'),
(66,'2026-01-19 23:12:40',1,'Humphrey Lidwaji','Administrator','VIEW','Medication Administration','visits','visit',11,5,11,NULL,NULL,'Accessed medication administration page for visit ID 11 (Patient: FLORENCE KAGEHA, Visit #: VISIT-CLINICEMR001-2026-001)','SUCCESS','127.0.0.1','Mozilla/5.0 (X11; Linux x86_64; rv:140.0) Gecko/20100101 Firefox/140.0','2026-01-19 20:12:40'),
(67,'2026-01-19 23:13:15',1,'Humphrey Lidwaji','Administrator','VIEW','Medication Administration','visits','visit',11,5,11,NULL,NULL,'Accessed medication administration page for visit ID 11 (Patient: FLORENCE KAGEHA, Visit #: VISIT-CLINICEMR001-2026-001)','SUCCESS','127.0.0.1','Mozilla/5.0 (X11; Linux x86_64; rv:140.0) Gecko/20100101 Firefox/140.0','2026-01-19 20:13:15'),
(68,'2026-01-19 23:14:16',1,'Humphrey Lidwaji','Administrator','VIEW','Medication Administration','visits','visit',11,5,11,NULL,NULL,'Accessed medication administration page for visit ID 11 (Patient: FLORENCE KAGEHA, Visit #: VISIT-CLINICEMR001-2026-001)','SUCCESS','127.0.0.1','Mozilla/5.0 (X11; Linux x86_64; rv:140.0) Gecko/20100101 Firefox/140.0','2026-01-19 20:14:16'),
(69,'2026-01-19 23:14:36',1,'Humphrey Lidwaji','Administrator','VIEW','Medication Administration','visits','visit',4,4,4,NULL,NULL,'Accessed medication administration page for visit ID 4 (Patient: HUMPHREY IRAUSA LIDWAJI, Visit #: OPD-CLINICEMR001-2026-001)','SUCCESS','127.0.0.1','Mozilla/5.0 (X11; Linux x86_64; rv:140.0) Gecko/20100101 Firefox/140.0','2026-01-19 20:14:36'),
(70,'2026-01-19 23:14:45',1,'Humphrey Lidwaji','Administrator','PRESCRIPTION_COMPLETION','Medication Administration','prescriptions','prescription',10,4,4,'{\"prescription_status\":\"active\"}','{\"prescription_status\":\"completed\",\"prescription_dispensed_by\":1,\"prescription_dispensed_at\":\"2026-01-19 23:14:45\"}','Manually completed prescription ID 10','SUCCESS','127.0.0.1','Mozilla/5.0 (X11; Linux x86_64; rv:140.0) Gecko/20100101 Firefox/140.0','2026-01-19 20:14:45'),
(71,'2026-01-19 23:14:45',1,'Humphrey Lidwaji','Administrator','VIEW','Medication Administration','visits','visit',4,4,4,NULL,NULL,'Accessed medication administration page for visit ID 4 (Patient: HUMPHREY IRAUSA LIDWAJI, Visit #: OPD-CLINICEMR001-2026-001)','SUCCESS','127.0.0.1','Mozilla/5.0 (X11; Linux x86_64; rv:140.0) Gecko/20100101 Firefox/140.0','2026-01-19 20:14:45'),
(72,'2026-01-20 00:05:13',1,'Humphrey Lidwaji','Administrator','VIEW','Vitals','visits','visit',12,4,12,NULL,NULL,'Accessed vitals page for visit ID 12 (Patient: HUMPHREY LIDWAJI). Visit type: IPD','SUCCESS','127.0.0.1','Mozilla/5.0 (X11; Linux x86_64; rv:140.0) Gecko/20100101 Firefox/140.0','2026-01-19 21:05:13'),
(73,'2026-01-20 00:06:00',1,'Humphrey Lidwaji','Administrator','VIEW','Vitals','visits','visit',12,4,12,NULL,NULL,'Accessed vitals page for visit ID 12 (Patient: HUMPHREY LIDWAJI). Visit type: IPD','SUCCESS','127.0.0.1','Mozilla/5.0 (X11; Linux x86_64; rv:140.0) Gecko/20100101 Firefox/140.0','2026-01-19 21:06:00'),
(74,'2026-01-20 00:07:43',1,'Humphrey Lidwaji','Administrator','VIEW','Vitals','visits','visit',12,4,12,NULL,NULL,'Accessed vitals page for visit ID 12 (Patient: HUMPHREY LIDWAJI). Visit type: IPD','SUCCESS','127.0.0.1','Mozilla/5.0 (X11; Linux x86_64; rv:140.0) Gecko/20100101 Firefox/140.0','2026-01-19 21:07:43'),
(75,'2026-01-20 00:07:43',1,'Humphrey Lidwaji','Administrator','VITALS_CREATE','Vitals','vitals','vitals',NULL,4,12,NULL,'{\"temperature\":34,\"pulse\":72,\"respiration_rate\":16,\"blood_pressure_systolic\":120,\"blood_pressure_diastolic\":80,\"oxygen_saturation\":98,\"weight\":70,\"height\":175,\"bmi\":22.9,\"remarks\":\"test\",\"recorded_at\":\"2026-01-20 00:05\"}','Attempting to record new vitals for patient: HUMPHREY LIDWAJI','ATTEMPT','127.0.0.1','Mozilla/5.0 (X11; Linux x86_64; rv:140.0) Gecko/20100101 Firefox/140.0','2026-01-19 21:07:43'),
(76,'2026-01-20 00:08:52',1,'Humphrey Lidwaji','Administrator','VIEW','Vitals','visits','visit',12,4,12,NULL,NULL,'Accessed vitals page for visit ID 12 (Patient: HUMPHREY LIDWAJI). Visit type: IPD','SUCCESS','127.0.0.1','Mozilla/5.0 (X11; Linux x86_64; rv:140.0) Gecko/20100101 Firefox/140.0','2026-01-19 21:08:52'),
(77,'2026-01-20 00:08:52',1,'Humphrey Lidwaji','Administrator','VITALS_CREATE','Vitals','vitals','vitals',NULL,4,12,NULL,'{\"temperature\":34,\"pulse\":72,\"respiration_rate\":16,\"blood_pressure_systolic\":120,\"blood_pressure_diastolic\":80,\"oxygen_saturation\":98,\"weight\":70,\"height\":175,\"bmi\":22.9,\"remarks\":\"test\",\"recorded_at\":\"2026-01-20 00:05\"}','Attempting to record new vitals for patient: HUMPHREY LIDWAJI','ATTEMPT','127.0.0.1','Mozilla/5.0 (X11; Linux x86_64; rv:140.0) Gecko/20100101 Firefox/140.0','2026-01-19 21:08:52'),
(78,'2026-01-20 00:08:52',1,'Humphrey Lidwaji','Administrator','VITALS_CREATE','Vitals','vitals','vitals',8,4,12,NULL,'{\"temperature\":34,\"pulse\":72,\"respiration_rate\":16,\"blood_pressure_systolic\":120,\"blood_pressure_diastolic\":80,\"oxygen_saturation\":98,\"weight\":70,\"height\":175,\"bmi\":22.9,\"remarks\":\"test\",\"recorded_at\":\"2026-01-20 00:05\",\"vitals_id\":8,\"patient_id\":4,\"visit_id\":12,\"visit_type\":\"IPD\",\"recorded_by\":1,\"created_at\":\"2026-01-20 00:08:52\"}','Vitals recorded successfully for patient: HUMPHREY LIDWAJI','SUCCESS','127.0.0.1','Mozilla/5.0 (X11; Linux x86_64; rv:140.0) Gecko/20100101 Firefox/140.0','2026-01-19 21:08:52'),
(79,'2026-01-20 00:08:52',1,'Humphrey Lidwaji','Administrator','VIEW','Vitals','visits','visit',12,4,12,NULL,NULL,'Accessed vitals page for visit ID 12 (Patient: HUMPHREY LIDWAJI). Visit type: IPD','SUCCESS','127.0.0.1','Mozilla/5.0 (X11; Linux x86_64; rv:140.0) Gecko/20100101 Firefox/140.0','2026-01-19 21:08:52'),
(80,'2026-01-20 00:09:09',1,'Humphrey Lidwaji','Administrator','VIEW','Vitals','visits','visit',12,4,12,NULL,NULL,'Accessed vitals page for visit ID 12 (Patient: HUMPHREY LIDWAJI). Visit type: IPD','SUCCESS','127.0.0.1','Mozilla/5.0 (X11; Linux x86_64; rv:140.0) Gecko/20100101 Firefox/140.0','2026-01-19 21:09:09'),
(81,'2026-01-20 00:09:37',1,'Humphrey Lidwaji','Administrator','VIEW','Vitals','visits','visit',12,4,12,NULL,NULL,'Accessed vitals page for visit ID 12 (Patient: HUMPHREY LIDWAJI). Visit type: IPD','SUCCESS','127.0.0.1','Mozilla/5.0 (X11; Linux x86_64; rv:140.0) Gecko/20100101 Firefox/140.0','2026-01-19 21:09:37'),
(82,'2026-01-20 00:20:11',1,'Humphrey Lidwaji','Administrator','VIEW','Vitals','visits','visit',12,4,12,NULL,NULL,'Accessed vitals page for visit ID 12 (Patient: HUMPHREY LIDWAJI). Visit type: IPD','SUCCESS','127.0.0.1','Mozilla/5.0 (X11; Linux x86_64; rv:140.0) Gecko/20100101 Firefox/140.0','2026-01-19 21:20:11'),
(83,'2026-01-20 00:20:20',1,'Humphrey Lidwaji','Administrator','VIEW','Nursing Tasks','visits','visit',12,4,12,NULL,NULL,'Accessed nursing tasks page for visit ID 12 (Patient: HUMPHREY LIDWAJI). Visit type: IPD','SUCCESS','127.0.0.1','Mozilla/5.0 (X11; Linux x86_64; rv:140.0) Gecko/20100101 Firefox/140.0','2026-01-19 21:20:20'),
(84,'2026-01-20 08:08:49',1,'Humphrey Lidwaji','Administrator','LOGIN','AUTHENTICATION','users','user',1,NULL,NULL,NULL,NULL,'User Humphrey Lidwaji (lidwaji7@gmail.com) logged in successfully','SUCCESS','127.0.0.1','Mozilla/5.0 (X11; Linux x86_64; rv:140.0) Gecko/20100101 Firefox/140.0','2026-01-20 05:08:49'),
(85,'2026-01-20 08:09:26',1,'Humphrey Lidwaji','Administrator','VIEW','Nursing Tasks','visits','visit',12,4,12,NULL,NULL,'Accessed nursing tasks page for visit ID 12 (Patient: HUMPHREY LIDWAJI). Visit type: IPD','SUCCESS','127.0.0.1','Mozilla/5.0 (X11; Linux x86_64; rv:140.0) Gecko/20100101 Firefox/140.0','2026-01-20 05:09:26'),
(86,'2026-01-20 08:22:33',1,'Humphrey Lidwaji','Administrator','VIEW','Nursing Tasks','visits','visit',12,4,12,NULL,NULL,'Accessed nursing tasks page for visit ID 12 (Patient: HUMPHREY LIDWAJI). Visit type: IPD','SUCCESS','127.0.0.1','Mozilla/5.0 (X11; Linux x86_64; rv:140.0) Gecko/20100101 Firefox/140.0','2026-01-20 05:22:33'),
(87,'2026-01-20 08:22:49',1,'Humphrey Lidwaji','Administrator','VIEW','Nursing Tasks','visits','visit',12,4,12,NULL,NULL,'Accessed nursing tasks page for visit ID 12 (Patient: HUMPHREY LIDWAJI). Visit type: IPD','SUCCESS','127.0.0.1','Mozilla/5.0 (X11; Linux x86_64; rv:140.0) Gecko/20100101 Firefox/140.0','2026-01-20 05:22:49'),
(88,'2026-01-20 08:28:42',1,'Humphrey Lidwaji','Administrator','VIEW','Ward Rounds','visits','visit',12,4,12,NULL,NULL,'Accessed ward rounds page for IPD admission. Visit ID: 12, Patient: HUMPHREY LIDWAJI, Ward: Children Ward','SUCCESS','127.0.0.1','Mozilla/5.0 (X11; Linux x86_64; rv:140.0) Gecko/20100101 Firefox/140.0','2026-01-20 05:28:42'),
(89,'2026-01-20 08:31:03',1,'Humphrey Lidwaji','Administrator','VIEW','Ward Rounds','visits','visit',12,4,12,NULL,NULL,'Accessed ward rounds page for IPD admission. Visit ID: 12, Patient: HUMPHREY LIDWAJI, Ward: Children Ward','SUCCESS','127.0.0.1','Mozilla/5.0 (X11; Linux x86_64; rv:140.0) Gecko/20100101 Firefox/140.0','2026-01-20 05:31:03'),
(90,'2026-01-20 08:31:03',1,'Humphrey Lidwaji','Administrator','WARD_ROUND_CREATE','Ward Rounds','nurse_rounds','nurse_round',NULL,4,12,NULL,'{\"round_datetime\":\"2026-01-20 08:28\",\"round_type\":\"MORNING\",\"temperature\":\"34.0\",\"pulse_rate\":\"70\",\"respiratory_rate\":\"15\",\"blood_pressure_systolic\":\"120\",\"blood_pressure_diastolic\":\"80\",\"oxygen_saturation\":\"98\",\"pain_score\":\"2\",\"general_condition\":\"STABLE\",\"level_of_consciousness\":\"ALERT\",\"oral_intake\":\"500\",\"iv_intake\":\"700\",\"urine_output\":\"800\",\"stool_output\":\"NORMAL\",\"vomiting\":\"OCCASIONAL\",\"personal_hygiene\":\"test\",\"position_change\":\"test\",\"skin_condition\":\"test\",\"wound_care\":\"test\",\"dressing_changes\":\"test\",\"medications_given\":\"test\",\"iv_fluids\":\"test\",\"observations\":\"test\",\"complaints\":\"test\",\"interventions\":\"test\",\"fall_risk_assessment\":\"LOW\",\"pressure_ulcer_risk\":\"LOW\",\"safety_precautions\":\"test\",\"patient_education\":\"test\",\"family_education\":\"test\",\"next_assessment_time\":\"12:00\",\"special_instructions\":\"test\"}','Attempting to create new ward round. Type: MORNING, Date: 2026-01-20','ATTEMPT','127.0.0.1','Mozilla/5.0 (X11; Linux x86_64; rv:140.0) Gecko/20100101 Firefox/140.0','2026-01-20 05:31:03'),
(91,'2026-01-20 08:31:03',1,'Humphrey Lidwaji','Administrator','WARD_ROUND_CREATE','Ward Rounds','nurse_rounds','nurse_round',2,4,12,NULL,'{\"round_datetime\":\"2026-01-20 08:28\",\"round_type\":\"MORNING\",\"temperature\":\"34.0\",\"pulse_rate\":\"70\",\"respiratory_rate\":\"15\",\"blood_pressure_systolic\":\"120\",\"blood_pressure_diastolic\":\"80\",\"oxygen_saturation\":\"98\",\"pain_score\":\"2\",\"general_condition\":\"STABLE\",\"level_of_consciousness\":\"ALERT\",\"oral_intake\":\"500\",\"iv_intake\":\"700\",\"urine_output\":\"800\",\"stool_output\":\"NORMAL\",\"vomiting\":\"OCCASIONAL\",\"personal_hygiene\":\"test\",\"position_change\":\"test\",\"skin_condition\":\"test\",\"wound_care\":\"test\",\"dressing_changes\":\"test\",\"medications_given\":\"test\",\"iv_fluids\":\"test\",\"observations\":\"test\",\"complaints\":\"test\",\"interventions\":\"test\",\"fall_risk_assessment\":\"LOW\",\"pressure_ulcer_risk\":\"LOW\",\"safety_precautions\":\"test\",\"patient_education\":\"test\",\"family_education\":\"test\",\"next_assessment_time\":\"12:00\",\"special_instructions\":\"test\",\"nurse_round_id\":2,\"ipd_admission_id\":2,\"visit_id\":12,\"nurse_id\":1,\"created_by\":1,\"created_at\":\"2026-01-20 08:31:03\"}','Ward round created successfully. Round ID: 2, Type: MORNING, Date: 2026-01-20','SUCCESS','127.0.0.1','Mozilla/5.0 (X11; Linux x86_64; rv:140.0) Gecko/20100101 Firefox/140.0','2026-01-20 05:31:03'),
(92,'2026-01-20 08:31:03',1,'Humphrey Lidwaji','Administrator','VIEW','Ward Rounds','visits','visit',12,4,12,NULL,NULL,'Accessed ward rounds page for IPD admission. Visit ID: 12, Patient: HUMPHREY LIDWAJI, Ward: Children Ward','SUCCESS','127.0.0.1','Mozilla/5.0 (X11; Linux x86_64; rv:140.0) Gecko/20100101 Firefox/140.0','2026-01-20 05:31:03'),
(93,'2026-01-20 08:32:53',1,'Humphrey Lidwaji','Administrator','VIEW','Nursing Tasks','visits','visit',12,4,12,NULL,NULL,'Accessed nursing tasks page for visit ID 12 (Patient: HUMPHREY LIDWAJI). Visit type: IPD','SUCCESS','127.0.0.1','Mozilla/5.0 (X11; Linux x86_64; rv:140.0) Gecko/20100101 Firefox/140.0','2026-01-20 05:32:53'),
(94,'2026-01-20 08:33:07',1,'Humphrey Lidwaji','Administrator','VIEW','Nursing Tasks','visits','visit',12,4,12,NULL,NULL,'Accessed nursing tasks page for visit ID 12 (Patient: HUMPHREY LIDWAJI). Visit type: IPD','SUCCESS','127.0.0.1','Mozilla/5.0 (X11; Linux x86_64; rv:140.0) Gecko/20100101 Firefox/140.0','2026-01-20 05:33:07'),
(95,'2026-01-20 08:33:30',1,'Humphrey Lidwaji','Administrator','VIEW','Nursing Tasks','visits','visit',12,4,12,NULL,NULL,'Accessed nursing tasks page for visit ID 12 (Patient: HUMPHREY LIDWAJI). Visit type: IPD','SUCCESS','127.0.0.1','Mozilla/5.0 (X11; Linux x86_64; rv:140.0) Gecko/20100101 Firefox/140.0','2026-01-20 05:33:30'),
(96,'2026-01-20 08:33:54',1,'Humphrey Lidwaji','Administrator','VIEW','Nursing Tasks','visits','visit',12,4,12,NULL,NULL,'Accessed nursing tasks page for visit ID 12 (Patient: HUMPHREY LIDWAJI). Visit type: IPD','SUCCESS','127.0.0.1','Mozilla/5.0 (X11; Linux x86_64; rv:140.0) Gecko/20100101 Firefox/140.0','2026-01-20 05:33:54'),
(97,'2026-01-20 08:34:35',1,'Humphrey Lidwaji','Administrator','VIEW','Nurse Notes','visits','visit',12,4,12,NULL,NULL,'Accessed nurse notes page for visit ID 12 (Patient: HUMPHREY LIDWAJI). Current shift: morning','SUCCESS','127.0.0.1','Mozilla/5.0 (X11; Linux x86_64; rv:140.0) Gecko/20100101 Firefox/140.0','2026-01-20 05:34:35'),
(98,'2026-01-20 08:34:37',1,'Humphrey Lidwaji','Administrator','VIEW','Nursing Tasks','visits','visit',12,4,12,NULL,NULL,'Accessed nursing tasks page for visit ID 12 (Patient: HUMPHREY LIDWAJI). Visit type: IPD','SUCCESS','127.0.0.1','Mozilla/5.0 (X11; Linux x86_64; rv:140.0) Gecko/20100101 Firefox/140.0','2026-01-20 05:34:37'),
(99,'2026-01-20 08:35:05',1,'Humphrey Lidwaji','Administrator','VIEW','Nursing Tasks','visits','visit',12,4,12,NULL,NULL,'Accessed nursing tasks page for visit ID 12 (Patient: HUMPHREY LIDWAJI). Visit type: IPD','SUCCESS','127.0.0.1','Mozilla/5.0 (X11; Linux x86_64; rv:140.0) Gecko/20100101 Firefox/140.0','2026-01-20 05:35:05'),
(100,'2026-01-20 08:35:05',1,'Humphrey Lidwaji','Administrator','NURSING_TASK_CREATE','Nursing Tasks','nursing_tasks','nursing_task',NULL,4,12,NULL,'{\"task_type\":\"vitals\",\"priority\":\"Low\",\"scheduled_time\":\"2026-01-20T21:02\",\"assigned_to\":\"3\",\"assigned_by\":1}','Attempting to add nursing task. Type: vitals, Priority: Low, Scheduled: 2026-01-20T21:02, Assigned to: Mercy Mainga','ATTEMPT','127.0.0.1','Mozilla/5.0 (X11; Linux x86_64; rv:140.0) Gecko/20100101 Firefox/140.0','2026-01-20 05:35:05'),
(101,'2026-01-20 08:35:05',1,'Humphrey Lidwaji','Administrator','NURSING_TASK_CREATE','Nursing Tasks','nursing_tasks','nursing_task',2,4,12,NULL,'{\"id\":2,\"task_type\":\"vitals\",\"priority\":\"Low\",\"scheduled_time\":\"2026-01-20T21:02\",\"assigned_to\":\"3\",\"assigned_by\":1,\"status\":\"Pending\",\"created_at\":\"2026-01-20 08:35:05\"}','Nursing task added successfully. Task ID: 2, Type: vitals','SUCCESS','127.0.0.1','Mozilla/5.0 (X11; Linux x86_64; rv:140.0) Gecko/20100101 Firefox/140.0','2026-01-20 05:35:05'),
(102,'2026-01-20 08:35:05',1,'Humphrey Lidwaji','Administrator','VIEW','Nursing Tasks','visits','visit',12,4,12,NULL,NULL,'Accessed nursing tasks page for visit ID 12 (Patient: HUMPHREY LIDWAJI). Visit type: IPD','SUCCESS','127.0.0.1','Mozilla/5.0 (X11; Linux x86_64; rv:140.0) Gecko/20100101 Firefox/140.0','2026-01-20 05:35:05'),
(103,'2026-01-20 08:35:46',1,'Humphrey Lidwaji','Administrator','VIEW','Vitals','visits','visit',4,4,4,NULL,NULL,'Accessed vitals page for visit ID 4 (Patient: HUMPHREY LIDWAJI). Visit type: EMERGENCY','SUCCESS','127.0.0.1','Mozilla/5.0 (X11; Linux x86_64; rv:140.0) Gecko/20100101 Firefox/140.0','2026-01-20 05:35:46'),
(104,'2026-01-20 08:35:57',1,'Humphrey Lidwaji','Administrator','VIEW','Vitals','visits','visit',12,4,12,NULL,NULL,'Accessed vitals page for visit ID 12 (Patient: HUMPHREY LIDWAJI). Visit type: IPD','SUCCESS','127.0.0.1','Mozilla/5.0 (X11; Linux x86_64; rv:140.0) Gecko/20100101 Firefox/140.0','2026-01-20 05:35:57'),
(105,'2026-01-20 08:46:23',1,'Humphrey Lidwaji','Administrator','VIEW','Nursing Tasks','visits','visit',12,4,12,NULL,NULL,'Accessed nursing tasks page for visit ID 12 (Patient: HUMPHREY LIDWAJI). Visit type: IPD','SUCCESS','127.0.0.1','Mozilla/5.0 (X11; Linux x86_64; rv:140.0) Gecko/20100101 Firefox/140.0','2026-01-20 05:46:23'),
(106,'2026-01-20 08:46:39',1,'Humphrey Lidwaji','Administrator','VIEW','Nursing Tasks','visits','visit',12,4,12,NULL,NULL,'Accessed nursing tasks page for visit ID 12 (Patient: HUMPHREY LIDWAJI). Visit type: IPD','SUCCESS','127.0.0.1','Mozilla/5.0 (X11; Linux x86_64; rv:140.0) Gecko/20100101 Firefox/140.0','2026-01-20 05:46:39'),
(107,'2026-01-20 08:47:06',1,'Humphrey Lidwaji','Administrator','VIEW','Nursing Tasks','visits','visit',12,4,12,NULL,NULL,'Accessed nursing tasks page for visit ID 12 (Patient: HUMPHREY LIDWAJI). Visit type: IPD','SUCCESS','127.0.0.1','Mozilla/5.0 (X11; Linux x86_64; rv:140.0) Gecko/20100101 Firefox/140.0','2026-01-20 05:47:06'),
(108,'2026-01-20 08:47:06',1,'Humphrey Lidwaji','Administrator','NURSING_TASK_UPDATE','Nursing Tasks','nursing_tasks','nursing_task',2,4,12,'{\"status\":\"Pending\"}','{\"status\":\"In Progress\",\"outcome\":\"\"}','Attempting to update nursing task. Task ID: 2 (vitals). Changing status from Pending to In Progress','ATTEMPT','127.0.0.1','Mozilla/5.0 (X11; Linux x86_64; rv:140.0) Gecko/20100101 Firefox/140.0','2026-01-20 05:47:06'),
(109,'2026-01-20 08:47:06',1,'Humphrey Lidwaji','Administrator','NURSING_TASK_UPDATE','Nursing Tasks','nursing_tasks','nursing_task',2,4,12,'{\"status\":\"Pending\"}','{\"status\":\"In Progress\",\"outcome\":\"\",\"completed_time\":null,\"updated_at\":\"2026-01-20 08:47:06\"}','Nursing task updated successfully. Task ID: 2 (vitals). New status: In Progress','SUCCESS','127.0.0.1','Mozilla/5.0 (X11; Linux x86_64; rv:140.0) Gecko/20100101 Firefox/140.0','2026-01-20 05:47:06'),
(110,'2026-01-20 08:47:07',1,'Humphrey Lidwaji','Administrator','VIEW','Nursing Tasks','visits','visit',12,4,12,NULL,NULL,'Accessed nursing tasks page for visit ID 12 (Patient: HUMPHREY LIDWAJI). Visit type: IPD','SUCCESS','127.0.0.1','Mozilla/5.0 (X11; Linux x86_64; rv:140.0) Gecko/20100101 Firefox/140.0','2026-01-20 05:47:07'),
(111,'2026-01-20 08:59:10',1,'Humphrey Lidwaji','Administrator','VIEW','Nursing Tasks','visits','visit',12,4,12,NULL,NULL,'Accessed nursing tasks page for visit ID 12 (Patient: HUMPHREY LIDWAJI). Visit type: IPD','SUCCESS','127.0.0.1','Mozilla/5.0 (X11; Linux x86_64; rv:140.0) Gecko/20100101 Firefox/140.0','2026-01-20 05:59:10'),
(112,'2026-01-20 08:59:10',1,'Humphrey Lidwaji','Administrator','NURSING_TASK_CREATE','Nursing Tasks','nursing_tasks','nursing_task',NULL,4,12,NULL,'{\"task_type\":\"medication\",\"priority\":\"High\",\"scheduled_time\":\"2026-01-20T06:17\",\"assigned_to\":\"3\",\"assigned_by\":1}','Attempting to add nursing task. Type: medication, Priority: High, Scheduled: 2026-01-20T06:17, Assigned to: Mercy Mainga','ATTEMPT','127.0.0.1','Mozilla/5.0 (X11; Linux x86_64; rv:140.0) Gecko/20100101 Firefox/140.0','2026-01-20 05:59:10'),
(113,'2026-01-20 08:59:10',1,'Humphrey Lidwaji','Administrator','NURSING_TASK_CREATE','Nursing Tasks','nursing_tasks','nursing_task',3,4,12,NULL,'{\"id\":3,\"task_type\":\"medication\",\"priority\":\"High\",\"scheduled_time\":\"2026-01-20T06:17\",\"assigned_to\":\"3\",\"assigned_by\":1,\"status\":\"Pending\",\"created_at\":\"2026-01-20 08:59:10\"}','Nursing task added successfully. Task ID: 3, Type: medication','SUCCESS','127.0.0.1','Mozilla/5.0 (X11; Linux x86_64; rv:140.0) Gecko/20100101 Firefox/140.0','2026-01-20 05:59:10'),
(114,'2026-01-20 08:59:17',1,'Humphrey Lidwaji','Administrator','VIEW','Nursing Tasks','visits','visit',12,4,12,NULL,NULL,'Accessed nursing tasks page for visit ID 12 (Patient: HUMPHREY LIDWAJI). Visit type: IPD','SUCCESS','127.0.0.1','Mozilla/5.0 (X11; Linux x86_64; rv:140.0) Gecko/20100101 Firefox/140.0','2026-01-20 05:59:17'),
(115,'2026-01-20 08:59:44',1,'Humphrey Lidwaji','Administrator','VIEW','Nursing Tasks','visits','visit',12,4,12,NULL,NULL,'Accessed nursing tasks page for visit ID 12 (Patient: HUMPHREY LIDWAJI). Visit type: IPD','SUCCESS','127.0.0.1','Mozilla/5.0 (X11; Linux x86_64; rv:140.0) Gecko/20100101 Firefox/140.0','2026-01-20 05:59:44'),
(116,'2026-01-20 08:59:44',1,'Humphrey Lidwaji','Administrator','NURSING_TASK_CREATE','Nursing Tasks','nursing_tasks','nursing_task',NULL,4,12,NULL,'{\"task_type\":\"assessment\",\"priority\":\"Medium\",\"scheduled_time\":\"2026-01-20T06:29\",\"assigned_to\":\"3\",\"assigned_by\":1}','Attempting to add nursing task. Type: assessment, Priority: Medium, Scheduled: 2026-01-20T06:29, Assigned to: Mercy Mainga','ATTEMPT','127.0.0.1','Mozilla/5.0 (X11; Linux x86_64; rv:140.0) Gecko/20100101 Firefox/140.0','2026-01-20 05:59:44'),
(117,'2026-01-20 08:59:44',1,'Humphrey Lidwaji','Administrator','NURSING_TASK_CREATE','Nursing Tasks','nursing_tasks','nursing_task',4,4,12,NULL,'{\"id\":4,\"task_type\":\"assessment\",\"priority\":\"Medium\",\"scheduled_time\":\"2026-01-20T06:29\",\"assigned_to\":\"3\",\"assigned_by\":1,\"status\":\"Pending\",\"created_at\":\"2026-01-20 08:59:44\"}','Nursing task added successfully. Task ID: 4, Type: assessment','SUCCESS','127.0.0.1','Mozilla/5.0 (X11; Linux x86_64; rv:140.0) Gecko/20100101 Firefox/140.0','2026-01-20 05:59:44'),
(118,'2026-01-20 08:59:44',1,'Humphrey Lidwaji','Administrator','VIEW','Nursing Tasks','visits','visit',12,4,12,NULL,NULL,'Accessed nursing tasks page for visit ID 12 (Patient: HUMPHREY LIDWAJI). Visit type: IPD','SUCCESS','127.0.0.1','Mozilla/5.0 (X11; Linux x86_64; rv:140.0) Gecko/20100101 Firefox/140.0','2026-01-20 05:59:44'),
(119,'2026-01-20 09:00:47',1,'Humphrey Lidwaji','Administrator','VIEW','Nursing Tasks','visits','visit',4,4,4,NULL,NULL,'Accessed nursing tasks page for visit ID 4 (Patient: HUMPHREY LIDWAJI). Visit type: EMERGENCY','SUCCESS','127.0.0.1','Mozilla/5.0 (X11; Linux x86_64; rv:140.0) Gecko/20100101 Firefox/140.0','2026-01-20 06:00:47'),
(120,'2026-01-20 09:00:55',1,'Humphrey Lidwaji','Administrator','VIEW','Nursing Tasks','visits','visit',4,4,4,NULL,NULL,'Accessed nursing tasks page for visit ID 4 (Patient: HUMPHREY LIDWAJI). Visit type: EMERGENCY','SUCCESS','127.0.0.1','Mozilla/5.0 (X11; Linux x86_64; rv:140.0) Gecko/20100101 Firefox/140.0','2026-01-20 06:00:55'),
(121,'2026-01-20 09:00:55',1,'Humphrey Lidwaji','Administrator','NURSING_TASK_CREATE','Nursing Tasks','nursing_tasks','nursing_task',NULL,4,4,NULL,'{\"task_type\":\"vitals\",\"priority\":\"Medium\",\"scheduled_time\":\"2026-01-20T06:30\",\"assigned_to\":\"2\",\"assigned_by\":1}','Attempting to add nursing task. Type: vitals, Priority: Medium, Scheduled: 2026-01-20T06:30, Assigned to: kiba','ATTEMPT','127.0.0.1','Mozilla/5.0 (X11; Linux x86_64; rv:140.0) Gecko/20100101 Firefox/140.0','2026-01-20 06:00:55'),
(122,'2026-01-20 09:00:55',1,'Humphrey Lidwaji','Administrator','NURSING_TASK_CREATE','Nursing Tasks','nursing_tasks','nursing_task',5,4,4,NULL,'{\"id\":5,\"task_type\":\"vitals\",\"priority\":\"Medium\",\"scheduled_time\":\"2026-01-20T06:30\",\"assigned_to\":\"2\",\"assigned_by\":1,\"status\":\"Pending\",\"created_at\":\"2026-01-20 09:00:55\"}','Nursing task added successfully. Task ID: 5, Type: vitals','SUCCESS','127.0.0.1','Mozilla/5.0 (X11; Linux x86_64; rv:140.0) Gecko/20100101 Firefox/140.0','2026-01-20 06:00:55'),
(123,'2026-01-20 09:00:55',1,'Humphrey Lidwaji','Administrator','VIEW','Nursing Tasks','visits','visit',4,4,4,NULL,NULL,'Accessed nursing tasks page for visit ID 4 (Patient: HUMPHREY LIDWAJI). Visit type: EMERGENCY','SUCCESS','127.0.0.1','Mozilla/5.0 (X11; Linux x86_64; rv:140.0) Gecko/20100101 Firefox/140.0','2026-01-20 06:00:55'),
(124,'2026-01-20 10:47:43',1,'Humphrey Lidwaji','Administrator','LOGIN','AUTHENTICATION','users','user',1,NULL,NULL,NULL,NULL,'User Humphrey Lidwaji (lidwaji7@gmail.com) logged in successfully','SUCCESS','127.0.0.1','Mozilla/5.0 (X11; Linux x86_64; rv:140.0) Gecko/20100101 Firefox/140.0','2026-01-20 07:47:43'),
(125,'2026-01-20 12:15:48',1,'Humphrey Lidwaji','Administrator','VIEW','Doctor Consultation','visits','visit',11,5,11,NULL,NULL,'Accessed doctor consultation page for visit ID 11 (Patient: FLORENCE KAGEHA, Visit #: VISIT-CLINICEMR001-2026-001, Type: OPD)','SUCCESS','127.0.0.1','Mozilla/5.0 (X11; Linux x86_64; rv:140.0) Gecko/20100101 Firefox/140.0','2026-01-20 09:15:48'),
(126,'2026-01-20 12:15:52',1,'Humphrey Lidwaji','Administrator','PAGE_ACCESS','Prescription','N/A','page',NULL,NULL,NULL,NULL,NULL,'Accessed prescription.php','ATTEMPT','127.0.0.1','Mozilla/5.0 (X11; Linux x86_64; rv:140.0) Gecko/20100101 Firefox/140.0','2026-01-20 09:15:52'),
(127,'2026-01-20 12:15:52',1,'Humphrey Lidwaji','Administrator','RETRIEVE','Prescription','visits','visit',11,5,11,NULL,NULL,'Retrieved visit information for prescription. Visit Type: OPD, MRN: CLINICEMR001/2026/000021','SUCCESS','127.0.0.1','Mozilla/5.0 (X11; Linux x86_64; rv:140.0) Gecko/20100101 Firefox/140.0','2026-01-20 09:15:52'),
(128,'2026-01-20 12:15:52',1,'Humphrey Lidwaji','Administrator','RETRIEVE_PRESCRIPTIONS','Prescription','prescriptions','prescriptions_list',NULL,5,11,NULL,NULL,'Retrieved 1 existing prescriptions for patient','SUCCESS','127.0.0.1','Mozilla/5.0 (X11; Linux x86_64; rv:140.0) Gecko/20100101 Firefox/140.0','2026-01-20 09:15:52'),
(129,'2026-01-20 12:15:58',1,'Humphrey Lidwaji','Administrator','PAGE_ACCESS','Prescription','N/A','page',NULL,NULL,NULL,NULL,NULL,'Accessed prescription.php','ATTEMPT','127.0.0.1','Mozilla/5.0 (X11; Linux x86_64; rv:140.0) Gecko/20100101 Firefox/140.0','2026-01-20 09:15:58'),
(130,'2026-01-20 12:15:58',1,'Humphrey Lidwaji','Administrator','RETRIEVE','Prescription','visits','visit',11,5,11,NULL,NULL,'Retrieved visit information for prescription. Visit Type: OPD, MRN: CLINICEMR001/2026/000021','SUCCESS','127.0.0.1','Mozilla/5.0 (X11; Linux x86_64; rv:140.0) Gecko/20100101 Firefox/140.0','2026-01-20 09:15:58'),
(131,'2026-01-20 12:15:59',1,'Humphrey Lidwaji','Administrator','FORM_SUBMIT','Prescription','N/A','form',NULL,5,11,NULL,NULL,'Form submission received on prescription page. Action: create_prescription','ATTEMPT','127.0.0.1','Mozilla/5.0 (X11; Linux x86_64; rv:140.0) Gecko/20100101 Firefox/140.0','2026-01-20 09:15:59'),
(132,'2026-01-20 12:15:59',1,'Humphrey Lidwaji','Administrator','CREATE_PRESCRIPTION_START','Prescription','prescriptions','prescription',NULL,5,11,NULL,NULL,'Starting prescription creation. Drug ID: 2, Type: OPD, Priority: routine','ATTEMPT','127.0.0.1','Mozilla/5.0 (X11; Linux x86_64; rv:140.0) Gecko/20100101 Firefox/140.0','2026-01-20 09:15:59'),
(133,'2026-01-20 12:15:59',1,'Humphrey Lidwaji','Administrator','GET_CREATE_PRESCRIPTION_START','Prescription','prescriptions','prescription',NULL,5,11,NULL,NULL,'Checking for existing active prescription or creating new one. Type: OPD','ATTEMPT','127.0.0.1','Mozilla/5.0 (X11; Linux x86_64; rv:140.0) Gecko/20100101 Firefox/140.0','2026-01-20 09:15:59'),
(134,'2026-01-20 12:15:59',1,'Humphrey Lidwaji','Administrator','GET_CREATE_PRESCRIPTION_CREATE','Prescription','prescriptions','prescription',12,5,11,NULL,'{\"prescription_visit_id\":11,\"prescription_patient_id\":5,\"prescription_doctor_id\":1,\"prescription_medication\":\"amocilin 500mg Syrup\",\"prescription_status\":\"pending\",\"prescription_priority\":\"routine\",\"prescription_type\":\"OPD\",\"prescription_created_by\":1}','Created new prescription. Initial Medication: amocilin 500mg Syrup, Type: OPD, Priority: routine','SUCCESS','127.0.0.1','Mozilla/5.0 (X11; Linux x86_64; rv:140.0) Gecko/20100101 Firefox/140.0','2026-01-20 09:15:59'),
(135,'2026-01-20 12:15:59',1,'Humphrey Lidwaji','Administrator','DRUG_PRICE_ERROR','Prescription','billable_items','drug_price',2,5,11,NULL,NULL,'Failed to get drug price, using default. Drug ID: 2, Error: Unknown column \'item_price\' in \'SELECT\'','WARNING','127.0.0.1','Mozilla/5.0 (X11; Linux x86_64; rv:140.0) Gecko/20100101 Firefox/140.0','2026-01-20 09:15:59'),
(136,'2026-01-20 12:15:59',1,'Humphrey Lidwaji','Administrator','CREATE_PRESCRIPTION_ITEM','Prescription','prescription_items','prescription_item',10,5,11,NULL,'{\"pi_prescription_id\":12,\"pi_drug_id\":2,\"pi_drug_name\":\"amocilin\",\"pi_quantity\":1,\"pi_dosage\":\"3\",\"pi_frequency\":\"Twice daily\",\"pi_duration\":\"7\",\"pi_duration_unit\":\"days\",\"pi_unit_price\":5,\"pi_total_price\":5}','Created new prescription item. Drug: amocilin, Quantity: 1, Dosage: 3','SUCCESS','127.0.0.1','Mozilla/5.0 (X11; Linux x86_64; rv:140.0) Gecko/20100101 Firefox/140.0','2026-01-20 09:15:59'),
(137,'2026-01-20 12:15:59',1,'Humphrey Lidwaji','Administrator','UPDATE_PRESCRIPTION_TOTAL','Prescription','prescriptions','prescription',12,5,11,'{\"prescription_total_cost\":\"0.00\",\"prescription_type\":\"OPD\"}','{\"prescription_total_cost\":5,\"prescription_type\":\"OPD\"}','Updated prescription total cost. Added: 5','SUCCESS','127.0.0.1','Mozilla/5.0 (X11; Linux x86_64; rv:140.0) Gecko/20100101 Firefox/140.0','2026-01-20 09:15:59'),
(138,'2026-01-20 12:15:59',1,'Humphrey Lidwaji','Administrator','CREATE_PRESCRIPTION_COMPLETE','Prescription','prescriptions','prescription',12,5,11,NULL,NULL,'Prescription creation completed successfully. Drug: amocilin, Quantity: 1','SUCCESS','127.0.0.1','Mozilla/5.0 (X11; Linux x86_64; rv:140.0) Gecko/20100101 Firefox/140.0','2026-01-20 09:15:59'),
(139,'2026-01-20 12:15:59',1,'Humphrey Lidwaji','Administrator','PAGE_ACCESS','Prescription','N/A','page',NULL,NULL,NULL,NULL,NULL,'Accessed prescription.php','ATTEMPT','127.0.0.1','Mozilla/5.0 (X11; Linux x86_64; rv:140.0) Gecko/20100101 Firefox/140.0','2026-01-20 09:15:59'),
(140,'2026-01-20 12:15:59',1,'Humphrey Lidwaji','Administrator','RETRIEVE','Prescription','visits','visit',11,5,11,NULL,NULL,'Retrieved visit information for prescription. Visit Type: OPD, MRN: CLINICEMR001/2026/000021','SUCCESS','127.0.0.1','Mozilla/5.0 (X11; Linux x86_64; rv:140.0) Gecko/20100101 Firefox/140.0','2026-01-20 09:15:59'),
(141,'2026-01-20 12:15:59',1,'Humphrey Lidwaji','Administrator','RETRIEVE_PRESCRIPTIONS','Prescription','prescriptions','prescriptions_list',NULL,5,11,NULL,NULL,'Retrieved 2 existing prescriptions for patient','SUCCESS','127.0.0.1','Mozilla/5.0 (X11; Linux x86_64; rv:140.0) Gecko/20100101 Firefox/140.0','2026-01-20 09:15:59'),
(142,'2026-01-20 12:28:48',1,'Humphrey Lidwaji','Administrator','PAGE_ACCESS','Prescription','N/A','page',NULL,NULL,NULL,NULL,NULL,'Accessed prescription.php','ATTEMPT','127.0.0.1','Mozilla/5.0 (X11; Linux x86_64; rv:140.0) Gecko/20100101 Firefox/140.0','2026-01-20 09:28:48'),
(143,'2026-01-20 12:28:48',1,'Humphrey Lidwaji','Administrator','RETRIEVE','Prescription','visits','visit',11,5,11,NULL,NULL,'Retrieved visit information for prescription. Visit Type: OPD, MRN: CLINICEMR001/2026/000021','SUCCESS','127.0.0.1','Mozilla/5.0 (X11; Linux x86_64; rv:140.0) Gecko/20100101 Firefox/140.0','2026-01-20 09:28:48'),
(144,'2026-01-20 12:28:48',1,'Humphrey Lidwaji','Administrator','RETRIEVE_PRESCRIPTIONS','Prescription','prescriptions','prescriptions_list',NULL,5,11,NULL,NULL,'Retrieved 2 existing prescriptions for patient','SUCCESS','127.0.0.1','Mozilla/5.0 (X11; Linux x86_64; rv:140.0) Gecko/20100101 Firefox/140.0','2026-01-20 09:28:48'),
(145,'2026-01-20 12:29:13',1,'Humphrey Lidwaji','Administrator','PAGE_ACCESS','Prescription','N/A','page',NULL,NULL,NULL,NULL,NULL,'Accessed prescription.php','ATTEMPT','127.0.0.1','Mozilla/5.0 (X11; Linux x86_64; rv:140.0) Gecko/20100101 Firefox/140.0','2026-01-20 09:29:13'),
(146,'2026-01-20 12:29:13',1,'Humphrey Lidwaji','Administrator','RETRIEVE','Prescription','visits','visit',11,5,11,NULL,NULL,'Retrieved visit information for prescription. Visit Type: OPD, MRN: CLINICEMR001/2026/000021','SUCCESS','127.0.0.1','Mozilla/5.0 (X11; Linux x86_64; rv:140.0) Gecko/20100101 Firefox/140.0','2026-01-20 09:29:13'),
(147,'2026-01-20 12:29:13',1,'Humphrey Lidwaji','Administrator','FORM_SUBMIT','Prescription','N/A','form',NULL,5,11,NULL,NULL,'Form submission received on prescription page. Action: create_prescription','ATTEMPT','127.0.0.1','Mozilla/5.0 (X11; Linux x86_64; rv:140.0) Gecko/20100101 Firefox/140.0','2026-01-20 09:29:13'),
(148,'2026-01-20 12:29:13',1,'Humphrey Lidwaji','Administrator','CREATE_PRESCRIPTION_START','Prescription','prescriptions','prescription',NULL,5,11,NULL,NULL,'Starting prescription creation. Drug ID: 4, Type: OPD, Priority: routine','ATTEMPT','127.0.0.1','Mozilla/5.0 (X11; Linux x86_64; rv:140.0) Gecko/20100101 Firefox/140.0','2026-01-20 09:29:13'),
(149,'2026-01-20 12:29:13',1,'Humphrey Lidwaji','Administrator','GET_CREATE_PRESCRIPTION_START','Prescription','prescriptions','prescription',NULL,5,11,NULL,NULL,'Checking for existing active prescription or creating new one. Type: OPD','ATTEMPT','127.0.0.1','Mozilla/5.0 (X11; Linux x86_64; rv:140.0) Gecko/20100101 Firefox/140.0','2026-01-20 09:29:13'),
(150,'2026-01-20 12:29:13',1,'Humphrey Lidwaji','Administrator','GET_CREATE_PRESCRIPTION_FOUND','Prescription','prescriptions','prescription',12,5,11,NULL,NULL,'Found existing active prescription to add medications to','SUCCESS','127.0.0.1','Mozilla/5.0 (X11; Linux x86_64; rv:140.0) Gecko/20100101 Firefox/140.0','2026-01-20 09:29:13'),
(151,'2026-01-20 12:29:13',1,'Humphrey Lidwaji','Administrator','DRUG_PRICE_ERROR','Prescription','billable_items','drug_price',4,5,11,NULL,NULL,'Failed to get drug price, using default. Drug ID: 4, Error: Unknown column \'item_price\' in \'SELECT\'','WARNING','127.0.0.1','Mozilla/5.0 (X11; Linux x86_64; rv:140.0) Gecko/20100101 Firefox/140.0','2026-01-20 09:29:13'),
(152,'2026-01-20 12:29:13',1,'Humphrey Lidwaji','Administrator','CREATE_PRESCRIPTION_ITEM','Prescription','prescription_items','prescription_item',11,5,11,NULL,'{\"pi_prescription_id\":12,\"pi_drug_id\":4,\"pi_drug_name\":\"Ibuprofen 400mg\",\"pi_quantity\":1,\"pi_dosage\":\"23\",\"pi_frequency\":\"Twice daily\",\"pi_duration\":\"7\",\"pi_duration_unit\":\"days\",\"pi_unit_price\":5,\"pi_total_price\":5}','Created new prescription item. Drug: Ibuprofen 400mg, Quantity: 1, Dosage: 23','SUCCESS','127.0.0.1','Mozilla/5.0 (X11; Linux x86_64; rv:140.0) Gecko/20100101 Firefox/140.0','2026-01-20 09:29:13'),
(153,'2026-01-20 12:29:13',1,'Humphrey Lidwaji','Administrator','UPDATE_PRESCRIPTION_TOTAL','Prescription','prescriptions','prescription',12,5,11,'{\"prescription_total_cost\":\"5.00\",\"prescription_type\":\"OPD\"}','{\"prescription_total_cost\":10,\"prescription_type\":\"OPD\"}','Updated prescription total cost. Added: 5','SUCCESS','127.0.0.1','Mozilla/5.0 (X11; Linux x86_64; rv:140.0) Gecko/20100101 Firefox/140.0','2026-01-20 09:29:13'),
(154,'2026-01-20 12:29:13',1,'Humphrey Lidwaji','Administrator','CREATE_PRESCRIPTION_COMPLETE','Prescription','prescriptions','prescription',12,5,11,NULL,NULL,'Prescription creation completed successfully. Drug: Ibuprofen 400mg, Quantity: 1','SUCCESS','127.0.0.1','Mozilla/5.0 (X11; Linux x86_64; rv:140.0) Gecko/20100101 Firefox/140.0','2026-01-20 09:29:13'),
(155,'2026-01-20 12:29:13',1,'Humphrey Lidwaji','Administrator','PAGE_ACCESS','Prescription','N/A','page',NULL,NULL,NULL,NULL,NULL,'Accessed prescription.php','ATTEMPT','127.0.0.1','Mozilla/5.0 (X11; Linux x86_64; rv:140.0) Gecko/20100101 Firefox/140.0','2026-01-20 09:29:13'),
(156,'2026-01-20 12:29:13',1,'Humphrey Lidwaji','Administrator','RETRIEVE','Prescription','visits','visit',11,5,11,NULL,NULL,'Retrieved visit information for prescription. Visit Type: OPD, MRN: CLINICEMR001/2026/000021','SUCCESS','127.0.0.1','Mozilla/5.0 (X11; Linux x86_64; rv:140.0) Gecko/20100101 Firefox/140.0','2026-01-20 09:29:13'),
(157,'2026-01-20 12:29:13',1,'Humphrey Lidwaji','Administrator','RETRIEVE_PRESCRIPTIONS','Prescription','prescriptions','prescriptions_list',NULL,5,11,NULL,NULL,'Retrieved 3 existing prescriptions for patient','SUCCESS','127.0.0.1','Mozilla/5.0 (X11; Linux x86_64; rv:140.0) Gecko/20100101 Firefox/140.0','2026-01-20 09:29:13'),
(158,'2026-01-20 12:29:43',1,'Humphrey Lidwaji','Administrator','VIEW','Doctor Consultation','visits','visit',12,4,12,NULL,NULL,'Accessed doctor consultation page for visit ID 12 (Patient: HUMPHREY IRAUSA LIDWAJI, Visit #: IPD-KSC-2026-001, Type: IPD)','SUCCESS','127.0.0.1','Mozilla/5.0 (X11; Linux x86_64; rv:140.0) Gecko/20100101 Firefox/140.0','2026-01-20 09:29:43'),
(159,'2026-01-20 12:29:47',1,'Humphrey Lidwaji','Administrator','PAGE_ACCESS','Prescription','N/A','page',NULL,NULL,NULL,NULL,NULL,'Accessed prescription.php','ATTEMPT','127.0.0.1','Mozilla/5.0 (X11; Linux x86_64; rv:140.0) Gecko/20100101 Firefox/140.0','2026-01-20 09:29:47'),
(160,'2026-01-20 12:29:47',1,'Humphrey Lidwaji','Administrator','RETRIEVE','Prescription','visits','visit',12,4,12,NULL,NULL,'Retrieved visit information for prescription. Visit Type: IPD, MRN: CLINICEMR001/2026/000020','SUCCESS','127.0.0.1','Mozilla/5.0 (X11; Linux x86_64; rv:140.0) Gecko/20100101 Firefox/140.0','2026-01-20 09:29:47'),
(161,'2026-01-20 12:29:47',1,'Humphrey Lidwaji','Administrator','RETRIEVE','Prescription','ipd_admissions','admission',2,4,12,NULL,NULL,'Retrieved IPD admission information for prescription','SUCCESS','127.0.0.1','Mozilla/5.0 (X11; Linux x86_64; rv:140.0) Gecko/20100101 Firefox/140.0','2026-01-20 09:29:47'),
(162,'2026-01-20 12:29:47',1,'Humphrey Lidwaji','Administrator','RETRIEVE_PRESCRIPTIONS','Prescription','prescriptions','prescriptions_list',NULL,4,12,NULL,NULL,'Retrieved 0 existing prescriptions for patient','SUCCESS','127.0.0.1','Mozilla/5.0 (X11; Linux x86_64; rv:140.0) Gecko/20100101 Firefox/140.0','2026-01-20 09:29:47'),
(163,'2026-01-20 12:29:57',1,'Humphrey Lidwaji','Administrator','PAGE_ACCESS','Prescription','N/A','page',NULL,NULL,NULL,NULL,NULL,'Accessed prescription.php','ATTEMPT','127.0.0.1','Mozilla/5.0 (X11; Linux x86_64; rv:140.0) Gecko/20100101 Firefox/140.0','2026-01-20 09:29:57'),
(164,'2026-01-20 12:29:57',1,'Humphrey Lidwaji','Administrator','RETRIEVE','Prescription','visits','visit',12,4,12,NULL,NULL,'Retrieved visit information for prescription. Visit Type: IPD, MRN: CLINICEMR001/2026/000020','SUCCESS','127.0.0.1','Mozilla/5.0 (X11; Linux x86_64; rv:140.0) Gecko/20100101 Firefox/140.0','2026-01-20 09:29:57'),
(165,'2026-01-20 12:29:57',1,'Humphrey Lidwaji','Administrator','RETRIEVE','Prescription','ipd_admissions','admission',2,4,12,NULL,NULL,'Retrieved IPD admission information for prescription','SUCCESS','127.0.0.1','Mozilla/5.0 (X11; Linux x86_64; rv:140.0) Gecko/20100101 Firefox/140.0','2026-01-20 09:29:57'),
(166,'2026-01-20 12:29:57',1,'Humphrey Lidwaji','Administrator','FORM_SUBMIT','Prescription','N/A','form',NULL,4,12,NULL,NULL,'Form submission received on prescription page. Action: create_prescription','ATTEMPT','127.0.0.1','Mozilla/5.0 (X11; Linux x86_64; rv:140.0) Gecko/20100101 Firefox/140.0','2026-01-20 09:29:57'),
(167,'2026-01-20 12:29:57',1,'Humphrey Lidwaji','Administrator','CREATE_PRESCRIPTION_START','Prescription','prescriptions','prescription',NULL,4,12,NULL,NULL,'Starting prescription creation. Drug ID: 12, Type: IPD, Priority: routine','ATTEMPT','127.0.0.1','Mozilla/5.0 (X11; Linux x86_64; rv:140.0) Gecko/20100101 Firefox/140.0','2026-01-20 09:29:57'),
(168,'2026-01-20 12:29:57',1,'Humphrey Lidwaji','Administrator','GET_CREATE_PRESCRIPTION_START','Prescription','prescriptions','prescription',NULL,4,12,NULL,NULL,'Checking for existing active prescription or creating new one. Type: IPD','ATTEMPT','127.0.0.1','Mozilla/5.0 (X11; Linux x86_64; rv:140.0) Gecko/20100101 Firefox/140.0','2026-01-20 09:29:57'),
(169,'2026-01-20 12:29:57',1,'Humphrey Lidwaji','Administrator','GET_CREATE_PRESCRIPTION_CREATE','Prescription','prescriptions','prescription',13,4,12,NULL,'{\"prescription_visit_id\":12,\"prescription_patient_id\":4,\"prescription_doctor_id\":1,\"prescription_medication\":\"test 250 Tablet\",\"prescription_status\":\"pending\",\"prescription_priority\":\"routine\",\"prescription_type\":\"IPD\",\"prescription_created_by\":1}','Created new prescription. Initial Medication: test 250 Tablet, Type: IPD, Priority: routine','SUCCESS','127.0.0.1','Mozilla/5.0 (X11; Linux x86_64; rv:140.0) Gecko/20100101 Firefox/140.0','2026-01-20 09:29:57'),
(170,'2026-01-20 12:29:57',1,'Humphrey Lidwaji','Administrator','DRUG_PRICE_ERROR','Prescription','billable_items','drug_price',12,4,12,NULL,NULL,'Failed to get drug price, using default. Drug ID: 12, Error: Unknown column \'item_price\' in \'SELECT\'','WARNING','127.0.0.1','Mozilla/5.0 (X11; Linux x86_64; rv:140.0) Gecko/20100101 Firefox/140.0','2026-01-20 09:29:57'),
(171,'2026-01-20 12:29:57',1,'Humphrey Lidwaji','Administrator','CREATE_PRESCRIPTION_ITEM','Prescription','prescription_items','prescription_item',12,4,12,NULL,'{\"pi_prescription_id\":13,\"pi_drug_id\":12,\"pi_drug_name\":\"test\",\"pi_quantity\":1,\"pi_dosage\":\"33\",\"pi_frequency\":\"Twice daily\",\"pi_duration\":\"7\",\"pi_duration_unit\":\"days\",\"pi_unit_price\":5,\"pi_total_price\":5}','Created new prescription item. Drug: test, Quantity: 1, Dosage: 33','SUCCESS','127.0.0.1','Mozilla/5.0 (X11; Linux x86_64; rv:140.0) Gecko/20100101 Firefox/140.0','2026-01-20 09:29:57'),
(172,'2026-01-20 12:29:57',1,'Humphrey Lidwaji','Administrator','UPDATE_PRESCRIPTION_TOTAL','Prescription','prescriptions','prescription',13,4,12,'{\"prescription_total_cost\":\"0.00\",\"prescription_type\":\"IPD\"}','{\"prescription_total_cost\":5,\"prescription_type\":\"IPD\"}','Updated prescription total cost. Added: 5','SUCCESS','127.0.0.1','Mozilla/5.0 (X11; Linux x86_64; rv:140.0) Gecko/20100101 Firefox/140.0','2026-01-20 09:29:57'),
(173,'2026-01-20 12:29:57',1,'Humphrey Lidwaji','Administrator','CREATE_PRESCRIPTION_COMPLETE','Prescription','prescriptions','prescription',13,4,12,NULL,NULL,'Prescription creation completed successfully. Drug: test, Quantity: 1','SUCCESS','127.0.0.1','Mozilla/5.0 (X11; Linux x86_64; rv:140.0) Gecko/20100101 Firefox/140.0','2026-01-20 09:29:57'),
(174,'2026-01-20 12:29:57',1,'Humphrey Lidwaji','Administrator','PAGE_ACCESS','Prescription','N/A','page',NULL,NULL,NULL,NULL,NULL,'Accessed prescription.php','ATTEMPT','127.0.0.1','Mozilla/5.0 (X11; Linux x86_64; rv:140.0) Gecko/20100101 Firefox/140.0','2026-01-20 09:29:57'),
(175,'2026-01-20 12:29:57',1,'Humphrey Lidwaji','Administrator','RETRIEVE','Prescription','visits','visit',12,4,12,NULL,NULL,'Retrieved visit information for prescription. Visit Type: IPD, MRN: CLINICEMR001/2026/000020','SUCCESS','127.0.0.1','Mozilla/5.0 (X11; Linux x86_64; rv:140.0) Gecko/20100101 Firefox/140.0','2026-01-20 09:29:57'),
(176,'2026-01-20 12:29:57',1,'Humphrey Lidwaji','Administrator','RETRIEVE','Prescription','ipd_admissions','admission',2,4,12,NULL,NULL,'Retrieved IPD admission information for prescription','SUCCESS','127.0.0.1','Mozilla/5.0 (X11; Linux x86_64; rv:140.0) Gecko/20100101 Firefox/140.0','2026-01-20 09:29:57'),
(177,'2026-01-20 12:29:57',1,'Humphrey Lidwaji','Administrator','RETRIEVE_PRESCRIPTIONS','Prescription','prescriptions','prescriptions_list',NULL,4,12,NULL,NULL,'Retrieved 1 existing prescriptions for patient','SUCCESS','127.0.0.1','Mozilla/5.0 (X11; Linux x86_64; rv:140.0) Gecko/20100101 Firefox/140.0','2026-01-20 09:29:57'),
(178,'2026-01-20 12:41:48',1,'Humphrey Lidwaji','Administrator','VIEW','Pharmacy','prescriptions','prescription',13,NULL,NULL,NULL,NULL,'Attempting to view prescription ID: 13','ATTEMPT','127.0.0.1','Mozilla/5.0 (X11; Linux x86_64; rv:140.0) Gecko/20100101 Firefox/140.0','2026-01-20 09:41:48'),
(179,'2026-01-20 12:42:21',1,'Humphrey Lidwaji','Administrator','VIEW','Pharmacy','prescriptions','prescription',13,NULL,NULL,NULL,NULL,'Attempting to view prescription ID: 13','ATTEMPT','127.0.0.1','Mozilla/5.0 (X11; Linux x86_64; rv:140.0) Gecko/20100101 Firefox/140.0','2026-01-20 09:42:21'),
(180,'2026-01-20 12:42:21',1,'Humphrey Lidwaji','Administrator','VIEW','Pharmacy','prescriptions','prescription',13,4,12,NULL,NULL,'Accessed prescription #13 for patient: HUMPHREY LIDWAJI (MRN: CLINICEMR001/2026/000020)','SUCCESS','127.0.0.1','Mozilla/5.0 (X11; Linux x86_64; rv:140.0) Gecko/20100101 Firefox/140.0','2026-01-20 09:42:21'),
(181,'2026-01-20 12:42:31',1,'Humphrey Lidwaji','Administrator','VIEW','Pharmacy','prescriptions','prescription',13,NULL,NULL,NULL,NULL,'Attempting to view prescription ID: 13','ATTEMPT','127.0.0.1','Mozilla/5.0 (X11; Linux x86_64; rv:140.0) Gecko/20100101 Firefox/140.0','2026-01-20 09:42:31'),
(182,'2026-01-20 12:42:31',1,'Humphrey Lidwaji','Administrator','VIEW','Pharmacy','prescriptions','prescription',13,4,12,NULL,NULL,'Accessed prescription #13 for patient: HUMPHREY LIDWAJI (MRN: CLINICEMR001/2026/000020)','SUCCESS','127.0.0.1','Mozilla/5.0 (X11; Linux x86_64; rv:140.0) Gecko/20100101 Firefox/140.0','2026-01-20 09:42:31'),
(183,'2026-01-20 12:42:34',1,'Humphrey Lidwaji','Administrator','VIEW','Pharmacy','prescriptions','prescription',13,NULL,NULL,NULL,NULL,'Attempting to view prescription ID: 13','ATTEMPT','127.0.0.1','Mozilla/5.0 (X11; Linux x86_64; rv:140.0) Gecko/20100101 Firefox/140.0','2026-01-20 09:42:34'),
(184,'2026-01-20 12:42:34',1,'Humphrey Lidwaji','Administrator','VIEW','Pharmacy','prescriptions','prescription',13,4,12,NULL,NULL,'Accessed prescription #13 for patient: HUMPHREY LIDWAJI (MRN: CLINICEMR001/2026/000020)','SUCCESS','127.0.0.1','Mozilla/5.0 (X11; Linux x86_64; rv:140.0) Gecko/20100101 Firefox/140.0','2026-01-20 09:42:34'),
(185,'2026-01-20 12:42:36',1,'Humphrey Lidwaji','Administrator','VIEW','Pharmacy','prescriptions','prescription',13,NULL,NULL,NULL,NULL,'Attempting to view prescription ID: 13','ATTEMPT','127.0.0.1','Mozilla/5.0 (X11; Linux x86_64; rv:140.0) Gecko/20100101 Firefox/140.0','2026-01-20 09:42:36'),
(186,'2026-01-20 12:42:36',1,'Humphrey Lidwaji','Administrator','VIEW','Pharmacy','prescriptions','prescription',13,4,12,NULL,NULL,'Accessed prescription #13 for patient: HUMPHREY LIDWAJI (MRN: CLINICEMR001/2026/000020)','SUCCESS','127.0.0.1','Mozilla/5.0 (X11; Linux x86_64; rv:140.0) Gecko/20100101 Firefox/140.0','2026-01-20 09:42:36'),
(187,'2026-01-20 12:44:57',1,'Humphrey Lidwaji','Administrator','VIEW','Pharmacy','prescriptions','prescription',13,NULL,NULL,NULL,NULL,'Attempting to view prescription ID: 13','ATTEMPT','127.0.0.1','Mozilla/5.0 (X11; Linux x86_64; rv:140.0) Gecko/20100101 Firefox/140.0','2026-01-20 09:44:57'),
(188,'2026-01-20 12:44:57',1,'Humphrey Lidwaji','Administrator','VIEW','Pharmacy','prescriptions','prescription',13,4,12,NULL,NULL,'Accessed prescription #13 for patient: HUMPHREY LIDWAJI (MRN: CLINICEMR001/2026/000020)','SUCCESS','127.0.0.1','Mozilla/5.0 (X11; Linux x86_64; rv:140.0) Gecko/20100101 Firefox/140.0','2026-01-20 09:44:57'),
(189,'2026-01-20 12:45:51',1,'Humphrey Lidwaji','Administrator','VIEW','Pharmacy','prescriptions','prescription',13,NULL,NULL,NULL,NULL,'Attempting to view prescription ID: 13','ATTEMPT','127.0.0.1','Mozilla/5.0 (X11; Linux x86_64; rv:140.0) Gecko/20100101 Firefox/140.0','2026-01-20 09:45:51'),
(190,'2026-01-20 12:45:51',1,'Humphrey Lidwaji','Administrator','VIEW','Pharmacy','prescriptions','prescription',13,4,12,NULL,NULL,'Accessed prescription #13 for patient: HUMPHREY LIDWAJI (MRN: CLINICEMR001/2026/000020)','SUCCESS','127.0.0.1','Mozilla/5.0 (X11; Linux x86_64; rv:140.0) Gecko/20100101 Firefox/140.0','2026-01-20 09:45:51'),
(191,'2026-01-20 12:46:01',1,'Humphrey Lidwaji','Administrator','VIEW','Pharmacy','prescriptions','prescription',13,NULL,NULL,NULL,NULL,'Attempting to view prescription ID: 13','ATTEMPT','127.0.0.1','Mozilla/5.0 (X11; Linux x86_64; rv:140.0) Gecko/20100101 Firefox/140.0','2026-01-20 09:46:01'),
(192,'2026-01-20 12:46:01',1,'Humphrey Lidwaji','Administrator','VIEW','Pharmacy','prescriptions','prescription',13,4,12,NULL,NULL,'Accessed prescription #13 for patient: HUMPHREY LIDWAJI (MRN: CLINICEMR001/2026/000020)','SUCCESS','127.0.0.1','Mozilla/5.0 (X11; Linux x86_64; rv:140.0) Gecko/20100101 Firefox/140.0','2026-01-20 09:46:01'),
(193,'2026-01-20 12:49:38',1,'Humphrey Lidwaji','Administrator','VIEW','Pharmacy','prescriptions','prescription',12,NULL,NULL,NULL,NULL,'Attempting to view prescription ID: 12','ATTEMPT','127.0.0.1','Mozilla/5.0 (X11; Linux x86_64; rv:140.0) Gecko/20100101 Firefox/140.0','2026-01-20 09:49:38'),
(194,'2026-01-20 12:49:38',1,'Humphrey Lidwaji','Administrator','VIEW','Pharmacy','prescriptions','prescription',12,5,11,NULL,NULL,'Accessed prescription #12 for patient: FLORENCE KAGEHA (MRN: CLINICEMR001/2026/000021)','SUCCESS','127.0.0.1','Mozilla/5.0 (X11; Linux x86_64; rv:140.0) Gecko/20100101 Firefox/140.0','2026-01-20 09:49:38'),
(195,'2026-01-20 12:50:08',1,'Humphrey Lidwaji','Administrator','VIEW','Pharmacy','prescriptions','prescription',13,NULL,NULL,NULL,NULL,'Attempting to view prescription ID: 13','ATTEMPT','127.0.0.1','Mozilla/5.0 (X11; Linux x86_64; rv:140.0) Gecko/20100101 Firefox/140.0','2026-01-20 09:50:08'),
(196,'2026-01-20 12:50:08',1,'Humphrey Lidwaji','Administrator','VIEW','Pharmacy','prescriptions','prescription',13,4,12,NULL,NULL,'Accessed prescription #13 for patient: HUMPHREY LIDWAJI (MRN: CLINICEMR001/2026/000020)','SUCCESS','127.0.0.1','Mozilla/5.0 (X11; Linux x86_64; rv:140.0) Gecko/20100101 Firefox/140.0','2026-01-20 09:50:08'),
(197,'2026-01-20 12:56:54',1,'Humphrey Lidwaji','Administrator','ACCESS','Pharmacy','prescriptions','prescription',13,NULL,NULL,NULL,NULL,'Attempting to access dispensing page for prescription ID: 13','ATTEMPT','127.0.0.1','Mozilla/5.0 (X11; Linux x86_64; rv:140.0) Gecko/20100101 Firefox/140.0','2026-01-20 09:56:54'),
(198,'2026-01-20 12:57:02',1,'Humphrey Lidwaji','Administrator','ACCESS','Pharmacy','prescriptions','prescription',13,NULL,NULL,NULL,NULL,'Attempting to access dispensing page for prescription ID: 13','ATTEMPT','127.0.0.1','Mozilla/5.0 (X11; Linux x86_64; rv:140.0) Gecko/20100101 Firefox/140.0','2026-01-20 09:57:02'),
(199,'2026-01-20 12:57:36',1,'Humphrey Lidwaji','Administrator','ACCESS','Pharmacy','prescriptions','prescription',13,NULL,NULL,NULL,NULL,'Attempting to access dispensing page for prescription ID: 13','ATTEMPT','127.0.0.1','Mozilla/5.0 (X11; Linux x86_64; rv:140.0) Gecko/20100101 Firefox/140.0','2026-01-20 09:57:36'),
(200,'2026-01-20 12:58:09',1,'Humphrey Lidwaji','Administrator','ACCESS','Pharmacy','prescriptions','prescription',13,NULL,NULL,NULL,NULL,'Attempting to access dispensing page for prescription ID: 13','ATTEMPT','127.0.0.1','Mozilla/5.0 (X11; Linux x86_64; rv:140.0) Gecko/20100101 Firefox/140.0','2026-01-20 09:58:09'),
(201,'2026-01-20 12:58:25',1,'Humphrey Lidwaji','Administrator','ACCESS','Pharmacy','prescriptions','prescription',13,NULL,NULL,NULL,NULL,'Attempting to access dispensing page for prescription ID: 13','ATTEMPT','127.0.0.1','Mozilla/5.0 (X11; Linux x86_64; rv:140.0) Gecko/20100101 Firefox/140.0','2026-01-20 09:58:25'),
(202,'2026-01-20 12:58:25',1,'Humphrey Lidwaji','Administrator','VIEW','Pharmacy','prescriptions','prescription',13,4,12,NULL,NULL,'Accessed dispensing page for prescription #13 (Patient:  )','SUCCESS','127.0.0.1','Mozilla/5.0 (X11; Linux x86_64; rv:140.0) Gecko/20100101 Firefox/140.0','2026-01-20 09:58:25'),
(203,'2026-01-20 12:58:53',1,'Humphrey Lidwaji','Administrator','ACCESS','Pharmacy','prescriptions','prescription',13,NULL,NULL,NULL,NULL,'Attempting to access dispensing page for prescription ID: 13','ATTEMPT','127.0.0.1','Mozilla/5.0 (X11; Linux x86_64; rv:140.0) Gecko/20100101 Firefox/140.0','2026-01-20 09:58:53'),
(204,'2026-01-20 12:58:53',1,'Humphrey Lidwaji','Administrator','VIEW','Pharmacy','prescriptions','prescription',13,4,12,NULL,NULL,'Accessed dispensing page for prescription #13 (Patient:  LIDWAJI)','SUCCESS','127.0.0.1','Mozilla/5.0 (X11; Linux x86_64; rv:140.0) Gecko/20100101 Firefox/140.0','2026-01-20 09:58:53'),
(205,'2026-01-20 12:59:05',1,'Humphrey Lidwaji','Administrator','ACCESS','Pharmacy','prescriptions','prescription',13,NULL,NULL,NULL,NULL,'Attempting to access dispensing page for prescription ID: 13','ATTEMPT','127.0.0.1','Mozilla/5.0 (X11; Linux x86_64; rv:140.0) Gecko/20100101 Firefox/140.0','2026-01-20 09:59:05'),
(206,'2026-01-20 12:59:05',1,'Humphrey Lidwaji','Administrator','VIEW','Pharmacy','prescriptions','prescription',13,4,12,NULL,NULL,'Accessed dispensing page for prescription #13 (Patient: HUMPHREY LIDWAJI)','SUCCESS','127.0.0.1','Mozilla/5.0 (X11; Linux x86_64; rv:140.0) Gecko/20100101 Firefox/140.0','2026-01-20 09:59:05'),
(207,'2026-01-20 12:59:41',1,'Humphrey Lidwaji','Administrator','ACCESS','Pharmacy','prescriptions','prescription',13,NULL,NULL,NULL,NULL,'Attempting to access dispensing page for prescription ID: 13','ATTEMPT','127.0.0.1','Mozilla/5.0 (X11; Linux x86_64; rv:140.0) Gecko/20100101 Firefox/140.0','2026-01-20 09:59:41'),
(208,'2026-01-20 12:59:41',1,'Humphrey Lidwaji','Administrator','VIEW','Pharmacy','prescriptions','prescription',13,4,12,NULL,NULL,'Accessed dispensing page for prescription #13 (Patient: HUMPHREY LIDWAJI)','SUCCESS','127.0.0.1','Mozilla/5.0 (X11; Linux x86_64; rv:140.0) Gecko/20100101 Firefox/140.0','2026-01-20 09:59:41'),
(209,'2026-01-20 13:01:46',1,'Humphrey Lidwaji','Administrator','VIEW','Pharmacy','prescriptions','prescription',13,NULL,NULL,NULL,NULL,'Attempting to view prescription ID: 13','ATTEMPT','127.0.0.1','Mozilla/5.0 (X11; Linux x86_64; rv:140.0) Gecko/20100101 Firefox/140.0','2026-01-20 10:01:46'),
(210,'2026-01-20 13:01:46',1,'Humphrey Lidwaji','Administrator','VIEW','Pharmacy','prescriptions','prescription',13,4,12,NULL,NULL,'Accessed prescription #13 for patient: HUMPHREY LIDWAJI (MRN: CLINICEMR001/2026/000020)','SUCCESS','127.0.0.1','Mozilla/5.0 (X11; Linux x86_64; rv:140.0) Gecko/20100101 Firefox/140.0','2026-01-20 10:01:46'),
(211,'2026-01-20 13:11:35',1,'Humphrey Lidwaji','Administrator','ACCESS','Pharmacy','prescriptions','prescription',13,NULL,NULL,NULL,NULL,'Attempting to access prescription edit page for ID: 13','ATTEMPT','127.0.0.1','Mozilla/5.0 (X11; Linux x86_64; rv:140.0) Gecko/20100101 Firefox/140.0','2026-01-20 10:11:35'),
(212,'2026-01-20 13:11:35',1,'Humphrey Lidwaji','Administrator','VIEW','Pharmacy','prescriptions','prescription',13,4,12,NULL,NULL,'Accessed prescription edit page for prescription #13 (Patient: HUMPHREY LIDWAJI)','SUCCESS','127.0.0.1','Mozilla/5.0 (X11; Linux x86_64; rv:140.0) Gecko/20100101 Firefox/140.0','2026-01-20 10:11:35'),
(213,'2026-01-20 13:13:58',1,'Humphrey Lidwaji','Administrator','ACCESS','Pharmacy','prescriptions','prescription',13,NULL,NULL,NULL,NULL,'Attempting to access prescription edit page for ID: 13','ATTEMPT','127.0.0.1','Mozilla/5.0 (X11; Linux x86_64; rv:140.0) Gecko/20100101 Firefox/140.0','2026-01-20 10:13:58'),
(214,'2026-01-20 13:13:58',1,'Humphrey Lidwaji','Administrator','VIEW','Pharmacy','prescriptions','prescription',13,4,12,NULL,NULL,'Accessed prescription edit page for prescription #13 (Patient: HUMPHREY LIDWAJI)','SUCCESS','127.0.0.1','Mozilla/5.0 (X11; Linux x86_64; rv:140.0) Gecko/20100101 Firefox/140.0','2026-01-20 10:13:58'),
(215,'2026-01-20 13:14:26',1,'Humphrey Lidwaji','Administrator','ACCESS','Pharmacy','prescriptions','prescription',13,NULL,NULL,NULL,NULL,'Attempting to access prescription edit page for ID: 13','ATTEMPT','127.0.0.1','Mozilla/5.0 (X11; Linux x86_64; rv:140.0) Gecko/20100101 Firefox/140.0','2026-01-20 10:14:26'),
(216,'2026-01-20 13:14:26',1,'Humphrey Lidwaji','Administrator','VIEW','Pharmacy','prescriptions','prescription',13,4,12,NULL,NULL,'Accessed prescription edit page for prescription #13 (Patient: HUMPHREY LIDWAJI)','SUCCESS','127.0.0.1','Mozilla/5.0 (X11; Linux x86_64; rv:140.0) Gecko/20100101 Firefox/140.0','2026-01-20 10:14:26'),
(217,'2026-01-20 13:14:50',1,'Humphrey Lidwaji','Administrator','ACCESS','Pharmacy','prescriptions','prescription',13,NULL,NULL,NULL,NULL,'Attempting to access prescription edit page for ID: 13','ATTEMPT','127.0.0.1','Mozilla/5.0 (X11; Linux x86_64; rv:140.0) Gecko/20100101 Firefox/140.0','2026-01-20 10:14:50'),
(218,'2026-01-20 13:14:50',1,'Humphrey Lidwaji','Administrator','VIEW','Pharmacy','prescriptions','prescription',13,4,12,NULL,NULL,'Accessed prescription edit page for prescription #13 (Patient: HUMPHREY LIDWAJI)','SUCCESS','127.0.0.1','Mozilla/5.0 (X11; Linux x86_64; rv:140.0) Gecko/20100101 Firefox/140.0','2026-01-20 10:14:50'),
(219,'2026-01-20 13:15:36',1,'Humphrey Lidwaji','Administrator','ACCESS','Pharmacy','prescriptions','prescription',13,NULL,NULL,NULL,NULL,'Attempting to access prescription edit page for ID: 13','ATTEMPT','127.0.0.1','Mozilla/5.0 (X11; Linux x86_64; rv:140.0) Gecko/20100101 Firefox/140.0','2026-01-20 10:15:36'),
(220,'2026-01-20 13:15:36',1,'Humphrey Lidwaji','Administrator','VIEW','Pharmacy','prescriptions','prescription',13,4,12,NULL,NULL,'Accessed prescription edit page for prescription #13 (Patient: HUMPHREY LIDWAJI)','SUCCESS','127.0.0.1','Mozilla/5.0 (X11; Linux x86_64; rv:140.0) Gecko/20100101 Firefox/140.0','2026-01-20 10:15:36'),
(221,'2026-01-20 13:15:50',1,'Humphrey Lidwaji','Administrator','ACCESS','Pharmacy','prescriptions','prescription',13,NULL,NULL,NULL,NULL,'Attempting to access dispensing page for prescription ID: 13','ATTEMPT','127.0.0.1','Mozilla/5.0 (X11; Linux x86_64; rv:140.0) Gecko/20100101 Firefox/140.0','2026-01-20 10:15:50'),
(222,'2026-01-20 13:15:50',1,'Humphrey Lidwaji','Administrator','VIEW','Pharmacy','prescriptions','prescription',13,4,12,NULL,NULL,'Accessed dispensing page for prescription #13 (Patient: HUMPHREY LIDWAJI)','SUCCESS','127.0.0.1','Mozilla/5.0 (X11; Linux x86_64; rv:140.0) Gecko/20100101 Firefox/140.0','2026-01-20 10:15:50'),
(223,'2026-01-20 13:16:26',1,'Humphrey Lidwaji','Administrator','ACCESS','Pharmacy','prescriptions','prescription',13,NULL,NULL,NULL,NULL,'Attempting to access dispensing page for prescription ID: 13','ATTEMPT','127.0.0.1','Mozilla/5.0 (X11; Linux x86_64; rv:140.0) Gecko/20100101 Firefox/140.0','2026-01-20 10:16:26'),
(224,'2026-01-20 13:16:26',1,'Humphrey Lidwaji','Administrator','VIEW','Pharmacy','prescriptions','prescription',13,4,12,NULL,NULL,'Accessed dispensing page for prescription #13 (Patient: HUMPHREY LIDWAJI)','SUCCESS','127.0.0.1','Mozilla/5.0 (X11; Linux x86_64; rv:140.0) Gecko/20100101 Firefox/140.0','2026-01-20 10:16:26'),
(225,'2026-01-20 13:17:01',1,'Humphrey Lidwaji','Administrator','ACCESS','Pharmacy','prescriptions','prescription',13,NULL,NULL,NULL,NULL,'Attempting to access dispensing page for prescription ID: 13','ATTEMPT','127.0.0.1','Mozilla/5.0 (X11; Linux x86_64; rv:140.0) Gecko/20100101 Firefox/140.0','2026-01-20 10:17:01'),
(226,'2026-01-20 13:17:01',1,'Humphrey Lidwaji','Administrator','VIEW','Pharmacy','prescriptions','prescription',13,4,12,NULL,NULL,'Accessed dispensing page for prescription #13 (Patient: HUMPHREY LIDWAJI)','SUCCESS','127.0.0.1','Mozilla/5.0 (X11; Linux x86_64; rv:140.0) Gecko/20100101 Firefox/140.0','2026-01-20 10:17:01'),
(227,'2026-01-20 13:28:37',1,'Humphrey Lidwaji','Administrator','ACCESS','Pharmacy','prescriptions','prescription',13,NULL,NULL,NULL,NULL,'Attempting to access dispensing page for prescription ID: 13','ATTEMPT','127.0.0.1','Mozilla/5.0 (X11; Linux x86_64; rv:140.0) Gecko/20100101 Firefox/140.0','2026-01-20 10:28:37'),
(228,'2026-01-20 13:28:37',1,'Humphrey Lidwaji','Administrator','VIEW','Pharmacy','prescriptions','prescription',13,4,12,NULL,NULL,'Accessed dispensing page for prescription #13 (Patient: HUMPHREY LIDWAJI)','SUCCESS','127.0.0.1','Mozilla/5.0 (X11; Linux x86_64; rv:140.0) Gecko/20100101 Firefox/140.0','2026-01-20 10:28:37'),
(229,'2026-01-20 13:32:57',1,'Humphrey Lidwaji','Administrator','ACCESS','Pharmacy','prescriptions','prescription',13,NULL,NULL,NULL,NULL,'Attempting to access dispensing page for prescription ID: 13','ATTEMPT','127.0.0.1','Mozilla/5.0 (X11; Linux x86_64; rv:140.0) Gecko/20100101 Firefox/140.0','2026-01-20 10:32:57'),
(230,'2026-01-20 13:32:57',1,'Humphrey Lidwaji','Administrator','VIEW','Pharmacy','prescriptions','prescription',13,4,12,NULL,NULL,'Accessed dispensing page for prescription #13 (Patient: HUMPHREY LIDWAJI)','SUCCESS','127.0.0.1','Mozilla/5.0 (X11; Linux x86_64; rv:140.0) Gecko/20100101 Firefox/140.0','2026-01-20 10:32:57'),
(231,'2026-01-20 13:35:26',1,'Humphrey Lidwaji','Administrator','ACCESS','Pharmacy','prescriptions','prescription',13,NULL,NULL,NULL,NULL,'Attempting to access dispensing page for prescription ID: 13','ATTEMPT','127.0.0.1','Mozilla/5.0 (X11; Linux x86_64; rv:140.0) Gecko/20100101 Firefox/140.0','2026-01-20 10:35:26'),
(232,'2026-01-20 13:35:26',1,'Humphrey Lidwaji','Administrator','VIEW','Pharmacy','prescriptions','prescription',13,4,12,NULL,NULL,'Accessed dispensing page for prescription #13 (Patient: HUMPHREY LIDWAJI)','SUCCESS','127.0.0.1','Mozilla/5.0 (X11; Linux x86_64; rv:140.0) Gecko/20100101 Firefox/140.0','2026-01-20 10:35:26'),
(233,'2026-01-20 13:56:03',1,'Humphrey Lidwaji','Administrator','ACCESS','Pharmacy','prescriptions','prescription',13,NULL,NULL,NULL,NULL,'Attempting to access dispensing page for prescription ID: 13','ATTEMPT','127.0.0.1','Mozilla/5.0 (X11; Linux x86_64; rv:140.0) Gecko/20100101 Firefox/140.0','2026-01-20 10:56:03'),
(234,'2026-01-20 13:56:03',1,'Humphrey Lidwaji','Administrator','VIEW','Pharmacy','prescriptions','prescription',13,4,12,NULL,NULL,'Accessed dispensing page for prescription #13 (Patient: HUMPHREY LIDWAJI)','SUCCESS','127.0.0.1','Mozilla/5.0 (X11; Linux x86_64; rv:140.0) Gecko/20100101 Firefox/140.0','2026-01-20 10:56:03'),
(235,'2026-01-20 14:00:29',1,'Humphrey Lidwaji','Administrator','ACCESS','Pharmacy','prescriptions','prescription',13,NULL,NULL,NULL,NULL,'Attempting to access dispensing page for prescription ID: 13','ATTEMPT','127.0.0.1','Mozilla/5.0 (X11; Linux x86_64; rv:140.0) Gecko/20100101 Firefox/140.0','2026-01-20 11:00:29'),
(236,'2026-01-20 14:00:29',1,'Humphrey Lidwaji','Administrator','VIEW','Pharmacy','prescriptions','prescription',13,4,12,NULL,NULL,'Accessed dispensing page for prescription #13 (Patient: HUMPHREY LIDWAJI)','SUCCESS','127.0.0.1','Mozilla/5.0 (X11; Linux x86_64; rv:140.0) Gecko/20100101 Firefox/140.0','2026-01-20 11:00:29'),
(237,'2026-01-20 14:03:03',1,'Humphrey Lidwaji','Administrator','ACCESS','Pharmacy','prescriptions','prescription',13,NULL,NULL,NULL,NULL,'Attempting to access dispensing page for prescription ID: 13','ATTEMPT','127.0.0.1','Mozilla/5.0 (X11; Linux x86_64; rv:140.0) Gecko/20100101 Firefox/140.0','2026-01-20 11:03:03'),
(238,'2026-01-20 14:03:03',1,'Humphrey Lidwaji','Administrator','VIEW','Pharmacy','prescriptions','prescription',13,4,12,NULL,NULL,'Accessed dispensing page for prescription #13 (Patient: HUMPHREY LIDWAJI)','SUCCESS','127.0.0.1','Mozilla/5.0 (X11; Linux x86_64; rv:140.0) Gecko/20100101 Firefox/140.0','2026-01-20 11:03:03'),
(239,'2026-01-20 14:03:44',1,'Humphrey Lidwaji','Administrator','ACCESS','Pharmacy','prescriptions','prescription',13,NULL,NULL,NULL,NULL,'Attempting to access prescription edit page for ID: 13','ATTEMPT','127.0.0.1','Mozilla/5.0 (X11; Linux x86_64; rv:140.0) Gecko/20100101 Firefox/140.0','2026-01-20 11:03:44'),
(240,'2026-01-20 14:03:44',1,'Humphrey Lidwaji','Administrator','VIEW','Pharmacy','prescriptions','prescription',13,4,12,NULL,NULL,'Accessed prescription edit page for prescription #13 (Patient: HUMPHREY LIDWAJI)','SUCCESS','127.0.0.1','Mozilla/5.0 (X11; Linux x86_64; rv:140.0) Gecko/20100101 Firefox/140.0','2026-01-20 11:03:44'),
(241,'2026-01-20 14:03:51',1,'Humphrey Lidwaji','Administrator','ACCESS','Pharmacy','prescriptions','prescription',13,NULL,NULL,NULL,NULL,'Attempting to access dispensing page for prescription ID: 13','ATTEMPT','127.0.0.1','Mozilla/5.0 (X11; Linux x86_64; rv:140.0) Gecko/20100101 Firefox/140.0','2026-01-20 11:03:51'),
(242,'2026-01-20 14:03:51',1,'Humphrey Lidwaji','Administrator','VIEW','Pharmacy','prescriptions','prescription',13,4,12,NULL,NULL,'Accessed dispensing page for prescription #13 (Patient: HUMPHREY LIDWAJI)','SUCCESS','127.0.0.1','Mozilla/5.0 (X11; Linux x86_64; rv:140.0) Gecko/20100101 Firefox/140.0','2026-01-20 11:03:51'),
(243,'2026-01-20 14:03:56',1,'Humphrey Lidwaji','Administrator','ACCESS','Pharmacy','prescriptions','prescription',13,NULL,NULL,NULL,NULL,'Attempting to access dispensing page for prescription ID: 13','ATTEMPT','127.0.0.1','Mozilla/5.0 (X11; Linux x86_64; rv:140.0) Gecko/20100101 Firefox/140.0','2026-01-20 11:03:56'),
(244,'2026-01-20 14:03:56',1,'Humphrey Lidwaji','Administrator','VIEW','Pharmacy','prescriptions','prescription',13,4,12,NULL,NULL,'Accessed dispensing page for prescription #13 (Patient: HUMPHREY LIDWAJI)','SUCCESS','127.0.0.1','Mozilla/5.0 (X11; Linux x86_64; rv:140.0) Gecko/20100101 Firefox/140.0','2026-01-20 11:03:56'),
(245,'2026-01-20 14:03:59',1,'Humphrey Lidwaji','Administrator','ACCESS','Pharmacy','prescriptions','prescription',13,NULL,NULL,NULL,NULL,'Attempting to access dispensing page for prescription ID: 13','ATTEMPT','127.0.0.1','Mozilla/5.0 (X11; Linux x86_64; rv:140.0) Gecko/20100101 Firefox/140.0','2026-01-20 11:03:59'),
(246,'2026-01-20 14:03:59',1,'Humphrey Lidwaji','Administrator','VIEW','Pharmacy','prescriptions','prescription',13,4,12,NULL,NULL,'Accessed dispensing page for prescription #13 (Patient: HUMPHREY LIDWAJI)','SUCCESS','127.0.0.1','Mozilla/5.0 (X11; Linux x86_64; rv:140.0) Gecko/20100101 Firefox/140.0','2026-01-20 11:03:59'),
(247,'2026-01-20 14:05:12',1,'Humphrey Lidwaji','Administrator','ACCESS','Pharmacy','prescriptions','prescription',13,NULL,NULL,NULL,NULL,'Attempting to access dispensing page for prescription ID: 13','ATTEMPT','127.0.0.1','Mozilla/5.0 (X11; Linux x86_64; rv:140.0) Gecko/20100101 Firefox/140.0','2026-01-20 11:05:12'),
(248,'2026-01-20 14:05:12',1,'Humphrey Lidwaji','Administrator','VIEW','Pharmacy','prescriptions','prescription',13,4,12,NULL,NULL,'Accessed dispensing page for prescription #13 (Patient: HUMPHREY LIDWAJI)','SUCCESS','127.0.0.1','Mozilla/5.0 (X11; Linux x86_64; rv:140.0) Gecko/20100101 Firefox/140.0','2026-01-20 11:05:12'),
(249,'2026-01-20 14:05:55',1,'Humphrey Lidwaji','Administrator','ACCESS','Pharmacy','prescriptions','prescription',13,NULL,NULL,NULL,NULL,'Attempting to access dispensing page for prescription ID: 13','ATTEMPT','127.0.0.1','Mozilla/5.0 (X11; Linux x86_64; rv:140.0) Gecko/20100101 Firefox/140.0','2026-01-20 11:05:55'),
(250,'2026-01-20 14:05:55',1,'Humphrey Lidwaji','Administrator','VIEW','Pharmacy','prescriptions','prescription',13,4,12,NULL,NULL,'Accessed dispensing page for prescription #13 (Patient: HUMPHREY LIDWAJI)','SUCCESS','127.0.0.1','Mozilla/5.0 (X11; Linux x86_64; rv:140.0) Gecko/20100101 Firefox/140.0','2026-01-20 11:05:55'),
(251,'2026-01-20 14:07:13',1,'Humphrey Lidwaji','Administrator','ACCESS','Pharmacy','prescriptions','prescription',13,NULL,NULL,NULL,NULL,'Attempting to access dispensing page for prescription ID: 13','ATTEMPT','127.0.0.1','Mozilla/5.0 (X11; Linux x86_64; rv:140.0) Gecko/20100101 Firefox/140.0','2026-01-20 11:07:13'),
(252,'2026-01-20 14:07:13',1,'Humphrey Lidwaji','Administrator','VIEW','Pharmacy','prescriptions','prescription',13,4,12,NULL,NULL,'Accessed dispensing page for prescription #13 (Patient: HUMPHREY LIDWAJI)','SUCCESS','127.0.0.1','Mozilla/5.0 (X11; Linux x86_64; rv:140.0) Gecko/20100101 Firefox/140.0','2026-01-20 11:07:13'),
(253,'2026-01-20 14:12:56',1,'Humphrey Lidwaji','Administrator','VIEW','Pharmacy','prescriptions','prescription',12,NULL,NULL,NULL,NULL,'Attempting to view prescription ID: 12','ATTEMPT','127.0.0.1','Mozilla/5.0 (X11; Linux x86_64; rv:140.0) Gecko/20100101 Firefox/140.0','2026-01-20 11:12:56'),
(254,'2026-01-20 14:12:56',1,'Humphrey Lidwaji','Administrator','VIEW','Pharmacy','prescriptions','prescription',12,5,11,NULL,NULL,'Accessed prescription #12 for patient: FLORENCE KAGEHA (MRN: CLINICEMR001/2026/000021)','SUCCESS','127.0.0.1','Mozilla/5.0 (X11; Linux x86_64; rv:140.0) Gecko/20100101 Firefox/140.0','2026-01-20 11:12:56'),
(255,'2026-01-20 14:13:13',1,'Humphrey Lidwaji','Administrator','VIEW','Pharmacy','prescriptions','prescription',7,NULL,NULL,NULL,NULL,'Attempting to view prescription ID: 7','ATTEMPT','127.0.0.1','Mozilla/5.0 (X11; Linux x86_64; rv:140.0) Gecko/20100101 Firefox/140.0','2026-01-20 11:13:13'),
(256,'2026-01-20 14:13:13',1,'Humphrey Lidwaji','Administrator','VIEW','Pharmacy','prescriptions','prescription',7,NULL,NULL,NULL,NULL,'Accessed prescription #7 for patient:   (MRN: )','SUCCESS','127.0.0.1','Mozilla/5.0 (X11; Linux x86_64; rv:140.0) Gecko/20100101 Firefox/140.0','2026-01-20 11:13:13'),
(257,'2026-01-20 14:19:05',1,'Humphrey Lidwaji','Administrator','ACCESS','Pharmacy','prescriptions','prescription',13,NULL,NULL,NULL,NULL,'Attempting to access dispensing page for prescription ID: 13','ATTEMPT','127.0.0.1','Mozilla/5.0 (X11; Linux x86_64; rv:140.0) Gecko/20100101 Firefox/140.0','2026-01-20 11:19:05'),
(258,'2026-01-20 14:19:05',1,'Humphrey Lidwaji','Administrator','VIEW','Pharmacy','prescriptions','prescription',13,4,12,NULL,NULL,'Accessed dispensing page for prescription #13 (Patient: HUMPHREY LIDWAJI)','SUCCESS','127.0.0.1','Mozilla/5.0 (X11; Linux x86_64; rv:140.0) Gecko/20100101 Firefox/140.0','2026-01-20 11:19:05'),
(259,'2026-01-20 14:19:11',1,'Humphrey Lidwaji','Administrator','VIEW','Pharmacy','prescriptions','prescription',13,NULL,NULL,NULL,NULL,'Attempting to view prescription ID: 13','ATTEMPT','127.0.0.1','Mozilla/5.0 (X11; Linux x86_64; rv:140.0) Gecko/20100101 Firefox/140.0','2026-01-20 11:19:11'),
(260,'2026-01-20 14:19:11',1,'Humphrey Lidwaji','Administrator','VIEW','Pharmacy','prescriptions','prescription',13,4,12,NULL,NULL,'Accessed prescription #13 for patient: HUMPHREY LIDWAJI (MRN: CLINICEMR001/2026/000020)','SUCCESS','127.0.0.1','Mozilla/5.0 (X11; Linux x86_64; rv:140.0) Gecko/20100101 Firefox/140.0','2026-01-20 11:19:11'),
(261,'2026-01-20 19:08:12',1,'Humphrey Lidwaji','Administrator','LOGIN','AUTHENTICATION','users','user',1,NULL,NULL,NULL,NULL,'User Humphrey Lidwaji (lidwaji7@gmail.com) logged in successfully','SUCCESS','127.0.0.1','Mozilla/5.0 (X11; Linux x86_64; rv:140.0) Gecko/20100101 Firefox/140.0','2026-01-20 16:08:12'),
(262,'2026-01-20 21:18:47',1,'Humphrey Lidwaji','Administrator','LOGIN','AUTHENTICATION','users','user',1,NULL,NULL,NULL,NULL,'User Humphrey Lidwaji (lidwaji7@gmail.com) logged in successfully','SUCCESS','127.0.0.1','Mozilla/5.0 (X11; Linux x86_64; rv:140.0) Gecko/20100101 Firefox/140.0','2026-01-20 18:18:47'),
(263,'2026-01-20 21:42:18',1,'Humphrey Lidwaji','Administrator','UPDATE','Billing','pending_bill_items','bill_item',58,0,0,NULL,NULL,'Failed to finalize item #58 to invoice','FAILED','127.0.0.1','Mozilla/5.0 (X11; Linux x86_64; rv:140.0) Gecko/20100101 Firefox/140.0','2026-01-20 18:42:18'),
(264,'2026-01-21 07:45:34',1,'Humphrey Lidwaji','Administrator','LOGIN','AUTHENTICATION','users','user',1,NULL,NULL,NULL,NULL,'User Humphrey Lidwaji (lidwaji7@gmail.com) logged in successfully','SUCCESS','127.0.0.1','Mozilla/5.0 (X11; Linux x86_64; rv:140.0) Gecko/20100101 Firefox/140.0','2026-01-21 04:45:34'),
(265,'2026-01-21 09:05:44',1,'Humphrey Lidwaji','Administrator','LOGIN','AUTHENTICATION','users','user',1,NULL,NULL,NULL,NULL,'User Humphrey Lidwaji (lidwaji7@gmail.com) logged in successfully','SUCCESS','127.0.0.1','Mozilla/5.0 (X11; Linux x86_64; rv:140.0) Gecko/20100101 Firefox/140.0','2026-01-21 06:05:44'),
(266,'2026-01-21 09:45:38',1,'Humphrey Lidwaji','Administrator','VIEW','Prescriptions','prescriptions','prescription_list',NULL,NULL,NULL,NULL,'{\"sort_by\":\"p.prescription_date\",\"sort_order\":\"DESC\"}','Accessed prescriptions manage page','SUCCESS','127.0.0.1','Mozilla/5.0 (X11; Linux x86_64; rv:140.0) Gecko/20100101 Firefox/140.0','2026-01-21 06:45:38'),
(267,'2026-01-21 09:45:38',1,'Humphrey Lidwaji','Administrator','PRESCRIPTION_FILTER','Prescriptions','prescriptions','prescription_list',NULL,NULL,NULL,NULL,'{\"status_filter\":\"\",\"patient_filter\":\"\",\"doctor_filter\":\"\",\"drug_filter\":\"\",\"date_from\":\"\",\"date_to\":\"\",\"canned_date\":\"custom\",\"search_query\":\"\",\"sort_by\":\"p.prescription_date\",\"sort_order\":\"DESC\"}','Filtered prescriptions list with parameters','SUCCESS','127.0.0.1','Mozilla/5.0 (X11; Linux x86_64; rv:140.0) Gecko/20100101 Firefox/140.0','2026-01-21 06:45:38'),
(268,'2026-01-21 11:14:53',1,'Humphrey Lidwaji','Administrator','VIEW','Doctor Consultation','visits','visit',4,4,4,NULL,NULL,'Accessed doctor consultation page for visit ID 4 (Patient: HUMPHREY IRAUSA LIDWAJI, Visit #: OPD-CLINICEMR001-2026-001, Type: EMERGENCY)','SUCCESS','127.0.0.1','Mozilla/5.0 (X11; Linux x86_64; rv:140.0) Gecko/20100101 Firefox/140.0','2026-01-21 08:14:53'),
(269,'2026-01-21 11:14:56',1,'Humphrey Lidwaji','Administrator','PAGE_ACCESS','Prescription','N/A','page',NULL,NULL,NULL,NULL,NULL,'Accessed prescription.php','ATTEMPT','127.0.0.1','Mozilla/5.0 (X11; Linux x86_64; rv:140.0) Gecko/20100101 Firefox/140.0','2026-01-21 08:14:56'),
(270,'2026-01-21 11:14:56',1,'Humphrey Lidwaji','Administrator','RETRIEVE','Prescription','visits','visit',4,4,4,NULL,NULL,'Retrieved visit information for prescription. Visit Type: EMERGENCY, MRN: CLINICEMR001/2026/000020','SUCCESS','127.0.0.1','Mozilla/5.0 (X11; Linux x86_64; rv:140.0) Gecko/20100101 Firefox/140.0','2026-01-21 08:14:56'),
(271,'2026-01-21 11:14:56',1,'Humphrey Lidwaji','Administrator','RETRIEVE_PRESCRIPTIONS','Prescription','prescriptions','prescriptions_list',NULL,4,4,NULL,NULL,'Retrieved 2 existing prescriptions for patient','SUCCESS','127.0.0.1','Mozilla/5.0 (X11; Linux x86_64; rv:140.0) Gecko/20100101 Firefox/140.0','2026-01-21 08:14:56'),
(272,'2026-01-21 11:15:13',1,'Humphrey Lidwaji','Administrator','PAGE_ACCESS','Prescription','N/A','page',NULL,NULL,NULL,NULL,NULL,'Accessed prescription.php','ATTEMPT','127.0.0.1','Mozilla/5.0 (X11; Linux x86_64; rv:140.0) Gecko/20100101 Firefox/140.0','2026-01-21 08:15:13'),
(273,'2026-01-21 11:15:13',1,'Humphrey Lidwaji','Administrator','RETRIEVE','Prescription','visits','visit',4,4,4,NULL,NULL,'Retrieved visit information for prescription. Visit Type: EMERGENCY, MRN: CLINICEMR001/2026/000020','SUCCESS','127.0.0.1','Mozilla/5.0 (X11; Linux x86_64; rv:140.0) Gecko/20100101 Firefox/140.0','2026-01-21 08:15:13'),
(274,'2026-01-21 11:15:13',1,'Humphrey Lidwaji','Administrator','FORM_SUBMIT','Prescription','N/A','form',NULL,4,4,NULL,NULL,'Form submission received on prescription page. Action: search_drugs','ATTEMPT','127.0.0.1','Mozilla/5.0 (X11; Linux x86_64; rv:140.0) Gecko/20100101 Firefox/140.0','2026-01-21 08:15:13'),
(275,'2026-01-21 11:15:13',1,'Humphrey Lidwaji','Administrator','SEARCH_DRUGS','Prescription','drugs','search',NULL,4,4,NULL,NULL,'Searched for drugs. Term: \'para\', Category: \'\'','SUCCESS','127.0.0.1','Mozilla/5.0 (X11; Linux x86_64; rv:140.0) Gecko/20100101 Firefox/140.0','2026-01-21 08:15:13'),
(276,'2026-01-21 11:15:13',1,'Humphrey Lidwaji','Administrator','RETRIEVE_PRESCRIPTIONS','Prescription','prescriptions','prescriptions_list',NULL,4,4,NULL,NULL,'Retrieved 2 existing prescriptions for patient','SUCCESS','127.0.0.1','Mozilla/5.0 (X11; Linux x86_64; rv:140.0) Gecko/20100101 Firefox/140.0','2026-01-21 08:15:13'),
(277,'2026-01-21 11:15:13',1,'Humphrey Lidwaji','Administrator','SEARCH_RESULTS','Prescription','drugs','search_results',NULL,4,4,NULL,NULL,'Search for drugs returned 1 results','SUCCESS','127.0.0.1','Mozilla/5.0 (X11; Linux x86_64; rv:140.0) Gecko/20100101 Firefox/140.0','2026-01-21 08:15:13'),
(278,'2026-01-21 16:35:31',1,'Humphrey Lidwaji','Administrator','LOGIN','AUTHENTICATION','users','user',1,NULL,NULL,NULL,NULL,'User Humphrey Lidwaji (lidwaji7@gmail.com) logged in successfully','SUCCESS','127.0.0.1','Mozilla/5.0 (X11; Linux x86_64; rv:140.0) Gecko/20100101 Firefox/140.0','2026-01-21 13:35:31'),
(279,'2026-01-21 18:37:48',1,'Humphrey Lidwaji','Administrator','LOGIN','AUTHENTICATION','users','user',1,NULL,NULL,NULL,NULL,'User Humphrey Lidwaji (lidwaji7@gmail.com) logged in successfully','SUCCESS','127.0.0.1','Mozilla/5.0 (X11; Linux x86_64; rv:140.0) Gecko/20100101 Firefox/140.0','2026-01-21 15:37:48'),
(280,'2026-01-21 19:57:25',1,'Humphrey Lidwaji','Administrator','LOGIN','AUTHENTICATION','users','user',1,NULL,NULL,NULL,NULL,'User Humphrey Lidwaji (lidwaji7@gmail.com) logged in successfully','SUCCESS','127.0.0.1','Mozilla/5.0 (X11; Linux x86_64; rv:140.0) Gecko/20100101 Firefox/140.0','2026-01-21 16:57:25'),
(281,'2026-01-22 09:22:11',1,'Humphrey Lidwaji','Administrator','LOGIN','AUTHENTICATION','users','user',1,NULL,NULL,NULL,NULL,'User Humphrey Lidwaji (lidwaji7@gmail.com) logged in successfully','SUCCESS','127.0.0.1','Mozilla/5.0 (X11; Linux x86_64; rv:140.0) Gecko/20100101 Firefox/140.0','2026-01-22 06:22:11'),
(282,'2026-01-22 12:40:40',1,'Humphrey Lidwaji','Administrator','LOGIN','AUTHENTICATION','users','user',1,NULL,NULL,NULL,NULL,'User Humphrey Lidwaji (lidwaji7@gmail.com) logged in successfully','SUCCESS','127.0.0.1','Mozilla/5.0 (X11; Linux x86_64; rv:140.0) Gecko/20100101 Firefox/140.0','2026-01-22 09:40:40'),
(283,'2026-01-22 14:31:21',1,'Humphrey Lidwaji','Administrator','LOGIN','AUTHENTICATION','users','user',1,NULL,NULL,NULL,NULL,'User Humphrey Lidwaji (lidwaji7@gmail.com) logged in successfully','SUCCESS','127.0.0.1','Mozilla/5.0 (X11; Linux x86_64; rv:140.0) Gecko/20100101 Firefox/140.0','2026-01-22 11:31:21'),
(284,'2026-01-22 14:36:17',1,'Humphrey Lidwaji','Administrator','CREATE','Visits','visits','visit',14,5,14,NULL,'{\"visit_number\":\"VISIT-CLINICEMR001-2026-003\",\"patient_id\":5,\"facility_code\":\"CLINICEMR001\",\"visit_type\":\"OPD\",\"department_id\":5,\"visit_datetime\":\"2026-01-22T14:34\",\"attending_provider_id\":8,\"visit_status\":\"ACTIVE\"}','Created new OPD visit: VISIT-CLINICEMR001-2026-003','SUCCESS','127.0.0.1','Mozilla/5.0 (X11; Linux x86_64; rv:140.0) Gecko/20100101 Firefox/140.0','2026-01-22 11:36:17'),
(285,'2026-01-22 14:37:03',1,'Humphrey Lidwaji','Administrator','CREATE','Billing','pending_bills','pending_bill',67,5,14,NULL,'{\"bill_number\":\"BILL-2026-0007\",\"pending_bill_number\":\"PBL-2026-0001\",\"visit_id\":14,\"patient_id\":5,\"price_list_id\":1,\"bill_status\":\"draft\"}','Created draft bill: BILL-2026-0007 for visit: VISIT-CLINICEMR001-2026-003','SUCCESS','127.0.0.1','Mozilla/5.0 (X11; Linux x86_64; rv:140.0) Gecko/20100101 Firefox/140.0','2026-01-22 11:37:03'),
(286,'2026-01-22 14:37:03',1,'Humphrey Lidwaji','Administrator','CREATE','Billing','invoices','invoice',20,5,14,NULL,'{\"invoice_number\":\"INV-2026-01-0007\",\"pending_bill_id\":67,\"visit_id\":14,\"patient_id\":5,\"invoice_status\":\"issued\"}','Created invoice: INV-2026-01-0007 for bill: BILL-2026-0007','SUCCESS','127.0.0.1','Mozilla/5.0 (X11; Linux x86_64; rv:140.0) Gecko/20100101 Firefox/140.0','2026-01-22 11:37:03'),
(287,'2026-01-22 14:37:41',1,'Humphrey Lidwaji','Administrator','ADD','Billing','pending_bill_items','bill_item',67,5,14,NULL,'{\"billable_item_id\":6,\"item_name\":\"CONSULTATION FEE\",\"item_quantity\":1,\"unit_price\":\"1000.0000\",\"subtotal\":1000}','Added item to bill: CONSULTATION FEE (Qty: 1)','SUCCESS','127.0.0.1','Mozilla/5.0 (X11; Linux x86_64; rv:140.0) Gecko/20100101 Firefox/140.0','2026-01-22 11:37:41'),
(288,'2026-01-22 14:39:23',1,'Humphrey Lidwaji','Administrator','VIEW','Vitals','visits','visit',14,5,14,NULL,NULL,'Accessed vitals page for visit ID 14 (Patient: FLORENCE KAGEHA). Visit type: OPD','SUCCESS','127.0.0.1','Mozilla/5.0 (X11; Linux x86_64; rv:140.0) Gecko/20100101 Firefox/140.0','2026-01-22 11:39:23'),
(289,'2026-01-22 14:40:42',1,'Humphrey Lidwaji','Administrator','VIEW','Vitals','visits','visit',14,5,14,NULL,NULL,'Accessed vitals page for visit ID 14 (Patient: FLORENCE KAGEHA). Visit type: OPD','SUCCESS','127.0.0.1','Mozilla/5.0 (X11; Linux x86_64; rv:140.0) Gecko/20100101 Firefox/140.0','2026-01-22 11:40:42'),
(290,'2026-01-22 14:40:42',1,'Humphrey Lidwaji','Administrator','VITALS_CREATE','Vitals','vitals','vitals',NULL,5,14,NULL,'{\"temperature\":35,\"pulse\":67,\"respiration_rate\":16,\"blood_pressure_systolic\":130,\"blood_pressure_diastolic\":80,\"oxygen_saturation\":97,\"weight\":77,\"height\":165,\"bmi\":28.3,\"remarks\":null,\"recorded_at\":\"2026-01-22 14:39\"}','Attempting to record new vitals for patient: FLORENCE KAGEHA','ATTEMPT','127.0.0.1','Mozilla/5.0 (X11; Linux x86_64; rv:140.0) Gecko/20100101 Firefox/140.0','2026-01-22 11:40:42'),
(291,'2026-01-22 14:40:42',1,'Humphrey Lidwaji','Administrator','VITALS_CREATE','Vitals','vitals','vitals',9,5,14,NULL,'{\"temperature\":35,\"pulse\":67,\"respiration_rate\":16,\"blood_pressure_systolic\":130,\"blood_pressure_diastolic\":80,\"oxygen_saturation\":97,\"weight\":77,\"height\":165,\"bmi\":28.3,\"remarks\":null,\"recorded_at\":\"2026-01-22 14:39\",\"vitals_id\":9,\"patient_id\":5,\"visit_id\":14,\"visit_type\":\"OPD\",\"recorded_by\":1,\"created_at\":\"2026-01-22 14:40:42\"}','Vitals recorded successfully for patient: FLORENCE KAGEHA','SUCCESS','127.0.0.1','Mozilla/5.0 (X11; Linux x86_64; rv:140.0) Gecko/20100101 Firefox/140.0','2026-01-22 11:40:42'),
(292,'2026-01-22 14:40:42',1,'Humphrey Lidwaji','Administrator','VIEW','Vitals','visits','visit',14,5,14,NULL,NULL,'Accessed vitals page for visit ID 14 (Patient: FLORENCE KAGEHA). Visit type: OPD','SUCCESS','127.0.0.1','Mozilla/5.0 (X11; Linux x86_64; rv:140.0) Gecko/20100101 Firefox/140.0','2026-01-22 11:40:42'),
(293,'2026-01-22 14:41:26',1,'Humphrey Lidwaji','Administrator','VIEW','Doctor Consultation','visits','visit',14,5,14,NULL,NULL,'Accessed doctor consultation page for visit ID 14 (Patient: FLORENCE KAGEHA, Visit #: VISIT-CLINICEMR001-2026-003, Type: OPD)','SUCCESS','127.0.0.1','Mozilla/5.0 (X11; Linux x86_64; rv:140.0) Gecko/20100101 Firefox/140.0','2026-01-22 11:41:26'),
(294,'2026-01-22 14:43:09',1,'Humphrey Lidwaji','Administrator','CONSULTATION_SAVE','Doctor Consultation','doctor_consultations','consultation',NULL,5,14,NULL,'{\"consultation_date\":\"2026-01-22\",\"consultation_status\":\"completed\",\"chief_complaint\":\"scr...\"}','Attempting to save consultation for visit 14. Status: completed','ATTEMPT','127.0.0.1','Mozilla/5.0 (X11; Linux x86_64; rv:140.0) Gecko/20100101 Firefox/140.0','2026-01-22 11:43:09'),
(295,'2026-01-22 14:43:16',1,'Humphrey Lidwaji','Administrator','VIEW','Doctor Consultation','visits','visit',14,5,14,NULL,NULL,'Accessed doctor consultation page for visit ID 14 (Patient: FLORENCE KAGEHA, Visit #: VISIT-CLINICEMR001-2026-003, Type: OPD)','SUCCESS','127.0.0.1','Mozilla/5.0 (X11; Linux x86_64; rv:140.0) Gecko/20100101 Firefox/140.0','2026-01-22 11:43:16'),
(296,'2026-01-22 14:43:32',1,'Humphrey Lidwaji','Administrator','PAGE_ACCESS','Prescription','N/A','page',NULL,NULL,NULL,NULL,NULL,'Accessed prescription.php','ATTEMPT','127.0.0.1','Mozilla/5.0 (X11; Linux x86_64; rv:140.0) Gecko/20100101 Firefox/140.0','2026-01-22 11:43:32'),
(297,'2026-01-22 14:43:32',1,'Humphrey Lidwaji','Administrator','RETRIEVE','Prescription','visits','visit',14,5,14,NULL,NULL,'Retrieved visit information for prescription. Visit Type: OPD, MRN: CLINICEMR001/2026/000021','SUCCESS','127.0.0.1','Mozilla/5.0 (X11; Linux x86_64; rv:140.0) Gecko/20100101 Firefox/140.0','2026-01-22 11:43:32'),
(298,'2026-01-22 14:43:32',1,'Humphrey Lidwaji','Administrator','RETRIEVE_PRESCRIPTIONS','Prescription','prescriptions','prescriptions_list',NULL,5,14,NULL,NULL,'Retrieved 0 existing prescriptions for patient','SUCCESS','127.0.0.1','Mozilla/5.0 (X11; Linux x86_64; rv:140.0) Gecko/20100101 Firefox/140.0','2026-01-22 11:43:32'),
(299,'2026-01-22 14:44:03',1,'Humphrey Lidwaji','Administrator','PAGE_ACCESS','Prescription','N/A','page',NULL,NULL,NULL,NULL,NULL,'Accessed prescription.php','ATTEMPT','127.0.0.1','Mozilla/5.0 (X11; Linux x86_64; rv:140.0) Gecko/20100101 Firefox/140.0','2026-01-22 11:44:03'),
(300,'2026-01-22 14:44:03',1,'Humphrey Lidwaji','Administrator','RETRIEVE','Prescription','visits','visit',14,5,14,NULL,NULL,'Retrieved visit information for prescription. Visit Type: OPD, MRN: CLINICEMR001/2026/000021','SUCCESS','127.0.0.1','Mozilla/5.0 (X11; Linux x86_64; rv:140.0) Gecko/20100101 Firefox/140.0','2026-01-22 11:44:03'),
(301,'2026-01-22 14:44:03',1,'Humphrey Lidwaji','Administrator','RETRIEVE_PRESCRIPTIONS','Prescription','prescriptions','prescriptions_list',NULL,5,14,NULL,NULL,'Retrieved 0 existing prescriptions for patient','SUCCESS','127.0.0.1','Mozilla/5.0 (X11; Linux x86_64; rv:140.0) Gecko/20100101 Firefox/140.0','2026-01-22 11:44:03'),
(302,'2026-01-22 14:44:33',1,'Humphrey Lidwaji','Administrator','PAGE_ACCESS','Prescription','N/A','page',NULL,NULL,NULL,NULL,NULL,'Accessed prescription.php','ATTEMPT','127.0.0.1','Mozilla/5.0 (X11; Linux x86_64; rv:140.0) Gecko/20100101 Firefox/140.0','2026-01-22 11:44:33'),
(303,'2026-01-22 14:44:33',1,'Humphrey Lidwaji','Administrator','RETRIEVE','Prescription','visits','visit',14,5,14,NULL,NULL,'Retrieved visit information for prescription. Visit Type: OPD, MRN: CLINICEMR001/2026/000021','SUCCESS','127.0.0.1','Mozilla/5.0 (X11; Linux x86_64; rv:140.0) Gecko/20100101 Firefox/140.0','2026-01-22 11:44:33'),
(304,'2026-01-22 14:44:33',1,'Humphrey Lidwaji','Administrator','RETRIEVE_PRESCRIPTIONS','Prescription','prescriptions','prescriptions_list',NULL,5,14,NULL,NULL,'Retrieved 0 existing prescriptions for patient','SUCCESS','127.0.0.1','Mozilla/5.0 (X11; Linux x86_64; rv:140.0) Gecko/20100101 Firefox/140.0','2026-01-22 11:44:33'),
(305,'2026-01-22 14:44:45',1,'Humphrey Lidwaji','Administrator','PAGE_ACCESS','Prescription','N/A','page',NULL,NULL,NULL,NULL,NULL,'Accessed prescription.php','ATTEMPT','127.0.0.1','Mozilla/5.0 (X11; Linux x86_64; rv:140.0) Gecko/20100101 Firefox/140.0','2026-01-22 11:44:45'),
(306,'2026-01-22 14:44:45',1,'Humphrey Lidwaji','Administrator','RETRIEVE','Prescription','visits','visit',14,5,14,NULL,NULL,'Retrieved visit information for prescription. Visit Type: OPD, MRN: CLINICEMR001/2026/000021','SUCCESS','127.0.0.1','Mozilla/5.0 (X11; Linux x86_64; rv:140.0) Gecko/20100101 Firefox/140.0','2026-01-22 11:44:45'),
(307,'2026-01-22 14:44:45',1,'Humphrey Lidwaji','Administrator','FORM_SUBMIT','Prescription','N/A','form',NULL,5,14,NULL,NULL,'Form submission received on prescription page. Action: search_drugs','ATTEMPT','127.0.0.1','Mozilla/5.0 (X11; Linux x86_64; rv:140.0) Gecko/20100101 Firefox/140.0','2026-01-22 11:44:45'),
(308,'2026-01-22 14:44:45',1,'Humphrey Lidwaji','Administrator','SEARCH_DRUGS','Prescription','drugs','search',NULL,5,14,NULL,NULL,'Searched for drugs. Term: \'amoxi\', Category: \'\'','SUCCESS','127.0.0.1','Mozilla/5.0 (X11; Linux x86_64; rv:140.0) Gecko/20100101 Firefox/140.0','2026-01-22 11:44:45'),
(309,'2026-01-22 14:44:45',1,'Humphrey Lidwaji','Administrator','RETRIEVE_PRESCRIPTIONS','Prescription','prescriptions','prescriptions_list',NULL,5,14,NULL,NULL,'Retrieved 0 existing prescriptions for patient','SUCCESS','127.0.0.1','Mozilla/5.0 (X11; Linux x86_64; rv:140.0) Gecko/20100101 Firefox/140.0','2026-01-22 11:44:45'),
(310,'2026-01-22 14:44:45',1,'Humphrey Lidwaji','Administrator','SEARCH_RESULTS','Prescription','drugs','search_results',NULL,5,14,NULL,NULL,'Search for drugs returned 1 results','SUCCESS','127.0.0.1','Mozilla/5.0 (X11; Linux x86_64; rv:140.0) Gecko/20100101 Firefox/140.0','2026-01-22 11:44:45'),
(311,'2026-01-22 14:45:44',1,'Humphrey Lidwaji','Administrator','PAGE_ACCESS','Prescription','N/A','page',NULL,NULL,NULL,NULL,NULL,'Accessed prescription.php','ATTEMPT','127.0.0.1','Mozilla/5.0 (X11; Linux x86_64; rv:140.0) Gecko/20100101 Firefox/140.0','2026-01-22 11:45:44'),
(312,'2026-01-22 14:45:44',1,'Humphrey Lidwaji','Administrator','RETRIEVE','Prescription','visits','visit',14,5,14,NULL,NULL,'Retrieved visit information for prescription. Visit Type: OPD, MRN: CLINICEMR001/2026/000021','SUCCESS','127.0.0.1','Mozilla/5.0 (X11; Linux x86_64; rv:140.0) Gecko/20100101 Firefox/140.0','2026-01-22 11:45:44'),
(313,'2026-01-22 14:45:44',1,'Humphrey Lidwaji','Administrator','FORM_SUBMIT','Prescription','N/A','form',NULL,5,14,NULL,NULL,'Form submission received on prescription page. Action: create_prescription','ATTEMPT','127.0.0.1','Mozilla/5.0 (X11; Linux x86_64; rv:140.0) Gecko/20100101 Firefox/140.0','2026-01-22 11:45:44'),
(314,'2026-01-22 14:45:44',1,'Humphrey Lidwaji','Administrator','CREATE_PRESCRIPTION_START','Prescription','prescriptions','prescription',NULL,5,14,NULL,NULL,'Starting prescription creation. Drug ID: 4, Type: OPD, Priority: routine','ATTEMPT','127.0.0.1','Mozilla/5.0 (X11; Linux x86_64; rv:140.0) Gecko/20100101 Firefox/140.0','2026-01-22 11:45:44'),
(315,'2026-01-22 14:45:44',1,'Humphrey Lidwaji','Administrator','GET_CREATE_PRESCRIPTION_START','Prescription','prescriptions','prescription',NULL,5,14,NULL,NULL,'Checking for existing active prescription or creating new one. Type: OPD','ATTEMPT','127.0.0.1','Mozilla/5.0 (X11; Linux x86_64; rv:140.0) Gecko/20100101 Firefox/140.0','2026-01-22 11:45:44'),
(316,'2026-01-22 14:45:44',1,'Humphrey Lidwaji','Administrator','GET_CREATE_PRESCRIPTION_CREATE','Prescription','prescriptions','prescription',14,5,14,NULL,'{\"prescription_visit_id\":14,\"prescription_patient_id\":5,\"prescription_doctor_id\":1,\"prescription_medication\":\"Ibuprofen 400mg 400mg Tablet\",\"prescription_status\":\"pending\",\"prescription_priority\":\"routine\",\"prescription_type\":\"OPD\",\"prescription_created_by\":1}','Created new prescription. Initial Medication: Ibuprofen 400mg 400mg Tablet, Type: OPD, Priority: routine','SUCCESS','127.0.0.1','Mozilla/5.0 (X11; Linux x86_64; rv:140.0) Gecko/20100101 Firefox/140.0','2026-01-22 11:45:44'),
(317,'2026-01-22 14:45:44',1,'Humphrey Lidwaji','Administrator','DRUG_PRICE_ERROR','Prescription','billable_items','drug_price',4,5,14,NULL,NULL,'Failed to get drug price, using default. Drug ID: 4, Error: Unknown column \'item_price\' in \'SELECT\'','WARNING','127.0.0.1','Mozilla/5.0 (X11; Linux x86_64; rv:140.0) Gecko/20100101 Firefox/140.0','2026-01-22 11:45:44'),
(318,'2026-01-22 14:45:44',1,'Humphrey Lidwaji','Administrator','CREATE_PRESCRIPTION_ITEM','Prescription','prescription_items','prescription_item',13,5,14,NULL,'{\"pi_prescription_id\":14,\"pi_drug_id\":4,\"pi_drug_name\":\"Ibuprofen 400mg\",\"pi_quantity\":1,\"pi_dosage\":\"400\",\"pi_frequency\":\"Twice daily\",\"pi_duration\":\"7\",\"pi_duration_unit\":\"days\",\"pi_unit_price\":5,\"pi_total_price\":5}','Created new prescription item. Drug: Ibuprofen 400mg, Quantity: 1, Dosage: 400','SUCCESS','127.0.0.1','Mozilla/5.0 (X11; Linux x86_64; rv:140.0) Gecko/20100101 Firefox/140.0','2026-01-22 11:45:44'),
(319,'2026-01-22 14:45:44',1,'Humphrey Lidwaji','Administrator','UPDATE_PRESCRIPTION_TOTAL','Prescription','prescriptions','prescription',14,5,14,'{\"prescription_total_cost\":\"0.00\",\"prescription_type\":\"OPD\"}','{\"prescription_total_cost\":5,\"prescription_type\":\"OPD\"}','Updated prescription total cost. Added: 5','SUCCESS','127.0.0.1','Mozilla/5.0 (X11; Linux x86_64; rv:140.0) Gecko/20100101 Firefox/140.0','2026-01-22 11:45:44'),
(320,'2026-01-22 14:45:44',1,'Humphrey Lidwaji','Administrator','CREATE_PRESCRIPTION_COMPLETE','Prescription','prescriptions','prescription',14,5,14,NULL,NULL,'Prescription creation completed successfully. Drug: Ibuprofen 400mg, Quantity: 1','SUCCESS','127.0.0.1','Mozilla/5.0 (X11; Linux x86_64; rv:140.0) Gecko/20100101 Firefox/140.0','2026-01-22 11:45:44'),
(321,'2026-01-22 14:45:44',1,'Humphrey Lidwaji','Administrator','PAGE_ACCESS','Prescription','N/A','page',NULL,NULL,NULL,NULL,NULL,'Accessed prescription.php','ATTEMPT','127.0.0.1','Mozilla/5.0 (X11; Linux x86_64; rv:140.0) Gecko/20100101 Firefox/140.0','2026-01-22 11:45:44'),
(322,'2026-01-22 14:45:44',1,'Humphrey Lidwaji','Administrator','RETRIEVE','Prescription','visits','visit',14,5,14,NULL,NULL,'Retrieved visit information for prescription. Visit Type: OPD, MRN: CLINICEMR001/2026/000021','SUCCESS','127.0.0.1','Mozilla/5.0 (X11; Linux x86_64; rv:140.0) Gecko/20100101 Firefox/140.0','2026-01-22 11:45:44'),
(323,'2026-01-22 14:45:44',1,'Humphrey Lidwaji','Administrator','RETRIEVE_PRESCRIPTIONS','Prescription','prescriptions','prescriptions_list',NULL,5,14,NULL,NULL,'Retrieved 1 existing prescriptions for patient','SUCCESS','127.0.0.1','Mozilla/5.0 (X11; Linux x86_64; rv:140.0) Gecko/20100101 Firefox/140.0','2026-01-22 11:45:44'),
(324,'2026-01-22 14:46:14',1,'Humphrey Lidwaji','Administrator','PAGE_ACCESS','Prescription','N/A','page',NULL,NULL,NULL,NULL,NULL,'Accessed prescription.php','ATTEMPT','127.0.0.1','Mozilla/5.0 (X11; Linux x86_64; rv:140.0) Gecko/20100101 Firefox/140.0','2026-01-22 11:46:14'),
(325,'2026-01-22 14:46:14',1,'Humphrey Lidwaji','Administrator','RETRIEVE','Prescription','visits','visit',14,5,14,NULL,NULL,'Retrieved visit information for prescription. Visit Type: OPD, MRN: CLINICEMR001/2026/000021','SUCCESS','127.0.0.1','Mozilla/5.0 (X11; Linux x86_64; rv:140.0) Gecko/20100101 Firefox/140.0','2026-01-22 11:46:14'),
(326,'2026-01-22 14:46:14',1,'Humphrey Lidwaji','Administrator','RETRIEVE_PRESCRIPTIONS','Prescription','prescriptions','prescriptions_list',NULL,5,14,NULL,NULL,'Retrieved 1 existing prescriptions for patient','SUCCESS','127.0.0.1','Mozilla/5.0 (X11; Linux x86_64; rv:140.0) Gecko/20100101 Firefox/140.0','2026-01-22 11:46:14'),
(327,'2026-01-22 14:46:43',1,'Humphrey Lidwaji','Administrator','PAGE_ACCESS','Prescription','N/A','page',NULL,NULL,NULL,NULL,NULL,'Accessed prescription.php','ATTEMPT','127.0.0.1','Mozilla/5.0 (X11; Linux x86_64; rv:140.0) Gecko/20100101 Firefox/140.0','2026-01-22 11:46:43'),
(328,'2026-01-22 14:46:43',1,'Humphrey Lidwaji','Administrator','RETRIEVE','Prescription','visits','visit',14,5,14,NULL,NULL,'Retrieved visit information for prescription. Visit Type: OPD, MRN: CLINICEMR001/2026/000021','SUCCESS','127.0.0.1','Mozilla/5.0 (X11; Linux x86_64; rv:140.0) Gecko/20100101 Firefox/140.0','2026-01-22 11:46:43'),
(329,'2026-01-22 14:46:43',1,'Humphrey Lidwaji','Administrator','FORM_SUBMIT','Prescription','N/A','form',NULL,5,14,NULL,NULL,'Form submission received on prescription page. Action: create_prescription','ATTEMPT','127.0.0.1','Mozilla/5.0 (X11; Linux x86_64; rv:140.0) Gecko/20100101 Firefox/140.0','2026-01-22 11:46:43'),
(330,'2026-01-22 14:46:43',1,'Humphrey Lidwaji','Administrator','CREATE_PRESCRIPTION_START','Prescription','prescriptions','prescription',NULL,5,14,NULL,NULL,'Starting prescription creation. Drug ID: 5, Type: OPD, Priority: routine','ATTEMPT','127.0.0.1','Mozilla/5.0 (X11; Linux x86_64; rv:140.0) Gecko/20100101 Firefox/140.0','2026-01-22 11:46:43'),
(331,'2026-01-22 14:46:43',1,'Humphrey Lidwaji','Administrator','GET_CREATE_PRESCRIPTION_START','Prescription','prescriptions','prescription',NULL,5,14,NULL,NULL,'Checking for existing active prescription or creating new one. Type: OPD','ATTEMPT','127.0.0.1','Mozilla/5.0 (X11; Linux x86_64; rv:140.0) Gecko/20100101 Firefox/140.0','2026-01-22 11:46:43'),
(332,'2026-01-22 14:46:43',1,'Humphrey Lidwaji','Administrator','GET_CREATE_PRESCRIPTION_FOUND','Prescription','prescriptions','prescription',14,5,14,NULL,NULL,'Found existing active prescription to add medications to','SUCCESS','127.0.0.1','Mozilla/5.0 (X11; Linux x86_64; rv:140.0) Gecko/20100101 Firefox/140.0','2026-01-22 11:46:43'),
(333,'2026-01-22 14:46:43',1,'Humphrey Lidwaji','Administrator','DRUG_PRICE_ERROR','Prescription','billable_items','drug_price',5,5,14,NULL,NULL,'Failed to get drug price, using default. Drug ID: 5, Error: Unknown column \'item_price\' in \'SELECT\'','WARNING','127.0.0.1','Mozilla/5.0 (X11; Linux x86_64; rv:140.0) Gecko/20100101 Firefox/140.0','2026-01-22 11:46:43'),
(334,'2026-01-22 14:46:43',1,'Humphrey Lidwaji','Administrator','CREATE_PRESCRIPTION_ITEM','Prescription','prescription_items','prescription_item',14,5,14,NULL,'{\"pi_prescription_id\":14,\"pi_drug_id\":5,\"pi_drug_name\":\"MAR MOJA\",\"pi_quantity\":1,\"pi_dosage\":\"1tab\",\"pi_frequency\":\"Twice daily\",\"pi_duration\":\"7\",\"pi_duration_unit\":\"days\",\"pi_unit_price\":5,\"pi_total_price\":5}','Created new prescription item. Drug: MAR MOJA, Quantity: 1, Dosage: 1tab','SUCCESS','127.0.0.1','Mozilla/5.0 (X11; Linux x86_64; rv:140.0) Gecko/20100101 Firefox/140.0','2026-01-22 11:46:43'),
(335,'2026-01-22 14:46:43',1,'Humphrey Lidwaji','Administrator','UPDATE_PRESCRIPTION_TOTAL','Prescription','prescriptions','prescription',14,5,14,'{\"prescription_total_cost\":\"5.00\",\"prescription_type\":\"OPD\"}','{\"prescription_total_cost\":10,\"prescription_type\":\"OPD\"}','Updated prescription total cost. Added: 5','SUCCESS','127.0.0.1','Mozilla/5.0 (X11; Linux x86_64; rv:140.0) Gecko/20100101 Firefox/140.0','2026-01-22 11:46:43'),
(336,'2026-01-22 14:46:43',1,'Humphrey Lidwaji','Administrator','CREATE_PRESCRIPTION_COMPLETE','Prescription','prescriptions','prescription',14,5,14,NULL,NULL,'Prescription creation completed successfully. Drug: MAR MOJA, Quantity: 1','SUCCESS','127.0.0.1','Mozilla/5.0 (X11; Linux x86_64; rv:140.0) Gecko/20100101 Firefox/140.0','2026-01-22 11:46:43'),
(337,'2026-01-22 14:46:43',1,'Humphrey Lidwaji','Administrator','PAGE_ACCESS','Prescription','N/A','page',NULL,NULL,NULL,NULL,NULL,'Accessed prescription.php','ATTEMPT','127.0.0.1','Mozilla/5.0 (X11; Linux x86_64; rv:140.0) Gecko/20100101 Firefox/140.0','2026-01-22 11:46:43'),
(338,'2026-01-22 14:46:43',1,'Humphrey Lidwaji','Administrator','RETRIEVE','Prescription','visits','visit',14,5,14,NULL,NULL,'Retrieved visit information for prescription. Visit Type: OPD, MRN: CLINICEMR001/2026/000021','SUCCESS','127.0.0.1','Mozilla/5.0 (X11; Linux x86_64; rv:140.0) Gecko/20100101 Firefox/140.0','2026-01-22 11:46:43'),
(339,'2026-01-22 14:46:43',1,'Humphrey Lidwaji','Administrator','RETRIEVE_PRESCRIPTIONS','Prescription','prescriptions','prescriptions_list',NULL,5,14,NULL,NULL,'Retrieved 2 existing prescriptions for patient','SUCCESS','127.0.0.1','Mozilla/5.0 (X11; Linux x86_64; rv:140.0) Gecko/20100101 Firefox/140.0','2026-01-22 11:46:43'),
(340,'2026-01-22 14:47:13',1,'Humphrey Lidwaji','Administrator','PAGE_ACCESS','Prescription','N/A','page',NULL,NULL,NULL,NULL,NULL,'Accessed prescription.php','ATTEMPT','127.0.0.1','Mozilla/5.0 (X11; Linux x86_64; rv:140.0) Gecko/20100101 Firefox/140.0','2026-01-22 11:47:13'),
(341,'2026-01-22 14:47:13',1,'Humphrey Lidwaji','Administrator','RETRIEVE','Prescription','visits','visit',14,5,14,NULL,NULL,'Retrieved visit information for prescription. Visit Type: OPD, MRN: CLINICEMR001/2026/000021','SUCCESS','127.0.0.1','Mozilla/5.0 (X11; Linux x86_64; rv:140.0) Gecko/20100101 Firefox/140.0','2026-01-22 11:47:13'),
(342,'2026-01-22 14:47:13',1,'Humphrey Lidwaji','Administrator','RETRIEVE_PRESCRIPTIONS','Prescription','prescriptions','prescriptions_list',NULL,5,14,NULL,NULL,'Retrieved 2 existing prescriptions for patient','SUCCESS','127.0.0.1','Mozilla/5.0 (X11; Linux x86_64; rv:140.0) Gecko/20100101 Firefox/140.0','2026-01-22 11:47:13'),
(343,'2026-01-22 14:47:43',1,'Humphrey Lidwaji','Administrator','PAGE_ACCESS','Prescription','N/A','page',NULL,NULL,NULL,NULL,NULL,'Accessed prescription.php','ATTEMPT','127.0.0.1','Mozilla/5.0 (X11; Linux x86_64; rv:140.0) Gecko/20100101 Firefox/140.0','2026-01-22 11:47:43'),
(344,'2026-01-22 14:47:43',1,'Humphrey Lidwaji','Administrator','RETRIEVE','Prescription','visits','visit',14,5,14,NULL,NULL,'Retrieved visit information for prescription. Visit Type: OPD, MRN: CLINICEMR001/2026/000021','SUCCESS','127.0.0.1','Mozilla/5.0 (X11; Linux x86_64; rv:140.0) Gecko/20100101 Firefox/140.0','2026-01-22 11:47:43'),
(345,'2026-01-22 14:47:43',1,'Humphrey Lidwaji','Administrator','RETRIEVE_PRESCRIPTIONS','Prescription','prescriptions','prescriptions_list',NULL,5,14,NULL,NULL,'Retrieved 2 existing prescriptions for patient','SUCCESS','127.0.0.1','Mozilla/5.0 (X11; Linux x86_64; rv:140.0) Gecko/20100101 Firefox/140.0','2026-01-22 11:47:43'),
(346,'2026-01-22 14:47:56',1,'Humphrey Lidwaji','Administrator','VIEW','Medication Administration','visits','visit',14,5,14,NULL,NULL,'Accessed medication administration page for visit ID 14 (Patient: FLORENCE KAGEHA, Visit #: VISIT-CLINICEMR001-2026-003)','SUCCESS','127.0.0.1','Mozilla/5.0 (X11; Linux x86_64; rv:140.0) Gecko/20100101 Firefox/140.0','2026-01-22 11:47:56'),
(347,'2026-01-22 14:48:38',1,'Humphrey Lidwaji','Administrator','VIEW','Prescriptions','prescriptions','prescription_list',NULL,NULL,NULL,NULL,'{\"sort_by\":\"p.prescription_date\",\"sort_order\":\"DESC\"}','Accessed prescriptions manage page','SUCCESS','127.0.0.1','Mozilla/5.0 (X11; Linux x86_64; rv:140.0) Gecko/20100101 Firefox/140.0','2026-01-22 11:48:38'),
(348,'2026-01-22 14:48:38',1,'Humphrey Lidwaji','Administrator','PRESCRIPTION_FILTER','Prescriptions','prescriptions','prescription_list',NULL,NULL,NULL,NULL,'{\"status_filter\":\"\",\"patient_filter\":\"\",\"doctor_filter\":\"\",\"drug_filter\":\"\",\"date_from\":\"\",\"date_to\":\"\",\"canned_date\":\"custom\",\"search_query\":\"\",\"sort_by\":\"p.prescription_date\",\"sort_order\":\"DESC\"}','Filtered prescriptions list with parameters','SUCCESS','127.0.0.1','Mozilla/5.0 (X11; Linux x86_64; rv:140.0) Gecko/20100101 Firefox/140.0','2026-01-22 11:48:38'),
(349,'2026-01-22 14:49:41',1,'Humphrey Lidwaji','Administrator','VIEW','Doctor Notes','visits','visit',14,5,14,NULL,NULL,'Accessed doctor notes page for visit ID 14 (Patient: FLORENCE KAGEHA, Visit #: VISIT-CLINICEMR001-2026-003, Type: OPD)','SUCCESS','127.0.0.1','Mozilla/5.0 (X11; Linux x86_64; rv:140.0) Gecko/20100101 Firefox/140.0','2026-01-22 11:49:41'),
(350,'2026-01-22 14:51:55',1,'Humphrey Lidwaji','Administrator','DOCTOR_NOTE_SAVE','Doctor Notes','doctor_notes','doctor_note',NULL,5,14,NULL,'{\"note_date\":\"2026-01-22\",\"note_type\":\"discharge\",\"status\":\"finalized\"}','Attempting to save doctor note for visit 14. Type: discharge, Status: finalized','ATTEMPT','127.0.0.1','Mozilla/5.0 (X11; Linux x86_64; rv:140.0) Gecko/20100101 Firefox/140.0','2026-01-22 11:51:55'),
(351,'2026-01-22 14:51:55',1,'Humphrey Lidwaji','Administrator','DOCTOR_NOTE_CREATE','Doctor Notes','doctor_notes','doctor_note',9,5,14,NULL,'{\"note_date\":\"2026-01-22\",\"note_type\":\"discharge\",\"status\":\"finalized\",\"subjective\":\"Patient ready for discharge....\",\"assessment\":\"Meets discharge criteria....\",\"recorded_by\":1}','Created new doctor note for visit 14. Note ID: 9','SUCCESS','127.0.0.1','Mozilla/5.0 (X11; Linux x86_64; rv:140.0) Gecko/20100101 Firefox/140.0','2026-01-22 11:51:55'),
(352,'2026-01-22 14:51:55',1,'Humphrey Lidwaji','Administrator','VIEW','Doctor Notes','visits','visit',14,5,14,NULL,NULL,'Accessed doctor notes page for visit ID 14 (Patient: FLORENCE KAGEHA, Visit #: VISIT-CLINICEMR001-2026-003, Type: OPD)','SUCCESS','127.0.0.1','Mozilla/5.0 (X11; Linux x86_64; rv:140.0) Gecko/20100101 Firefox/140.0','2026-01-22 11:51:55'),
(353,'2026-01-22 16:18:36',1,'Humphrey Lidwaji','Administrator','LOGIN','AUTHENTICATION','users','user',1,NULL,NULL,NULL,NULL,'User Humphrey Lidwaji (lidwaji7@gmail.com) logged in successfully','SUCCESS','127.0.0.1','Mozilla/5.0 (X11; Linux x86_64; rv:140.0) Gecko/20100101 Firefox/140.0','2026-01-22 13:18:36'),
(354,'2026-01-22 16:31:58',1,'Humphrey Lidwaji','Administrator','CREATE','Patients','patients','patient',6,6,NULL,NULL,'{\"first_name\":\"Joyce\",\"middle_name\":\"\",\"last_name\":\"Anindo\",\"patient_mrn\":\"CLINICEMR001\\/2026\\/000025\",\"date_of_birth\":\"2000-02-26\",\"sex\":\"F\",\"blood_group\":\"B+\",\"id_type\":\"NATIONAL_ID\",\"id_number\":\"39042711\",\"phone_primary\":\"0711342567\",\"phone_secondary\":\"\",\"email\":\"\",\"county\":\"VIHIGA\",\"sub_county\":\"Luanda\",\"ward\":\"\",\"village\":\"\",\"postal_address\":\"\",\"postal_code\":\"\"}','New patient registration','SUCCESS','127.0.0.1','Mozilla/5.0 (X11; Linux x86_64; rv:140.0) Gecko/20100101 Firefox/140.0','2026-01-22 13:31:58'),
(355,'2026-01-22 16:34:39',1,'Humphrey Lidwaji','Administrator','CREATE','Visits','visits','visit',15,6,15,NULL,'{\"visit_number\":\"VISIT-CLINICEMR001-2026-004\",\"patient_id\":6,\"facility_code\":\"CLINICEMR001\",\"visit_type\":\"OPD\",\"department_id\":15,\"visit_datetime\":\"2026-01-22T16:33\",\"attending_provider_id\":8,\"visit_status\":\"ACTIVE\"}','Created new OPD visit: VISIT-CLINICEMR001-2026-004','SUCCESS','127.0.0.1','Mozilla/5.0 (X11; Linux x86_64; rv:140.0) Gecko/20100101 Firefox/140.0','2026-01-22 13:34:39'),
(356,'2026-01-22 16:35:34',1,'Humphrey Lidwaji','Administrator','CREATE','Billing','pending_bills','pending_bill',68,6,15,NULL,'{\"bill_number\":\"BILL-2026-0008\",\"pending_bill_number\":\"PBL-2026-0001\",\"visit_id\":15,\"patient_id\":6,\"price_list_id\":1,\"bill_status\":\"draft\"}','Created draft bill: BILL-2026-0008 for visit: VISIT-CLINICEMR001-2026-004','SUCCESS','127.0.0.1','Mozilla/5.0 (X11; Linux x86_64; rv:140.0) Gecko/20100101 Firefox/140.0','2026-01-22 13:35:34'),
(357,'2026-01-22 16:35:34',1,'Humphrey Lidwaji','Administrator','CREATE','Billing','invoices','invoice',21,6,15,NULL,'{\"invoice_number\":\"INV-2026-01-0008\",\"pending_bill_id\":68,\"visit_id\":15,\"patient_id\":6,\"invoice_status\":\"issued\"}','Created invoice: INV-2026-01-0008 for bill: BILL-2026-0008','SUCCESS','127.0.0.1','Mozilla/5.0 (X11; Linux x86_64; rv:140.0) Gecko/20100101 Firefox/140.0','2026-01-22 13:35:34'),
(358,'2026-01-22 16:36:28',1,'Humphrey Lidwaji','Administrator','ADD','Billing','pending_bill_items','bill_item',68,6,15,NULL,'{\"billable_item_id\":6,\"item_name\":\"CONSULTATION FEE\",\"item_quantity\":1,\"unit_price\":\"1000.0000\",\"subtotal\":1000}','Added item to bill: CONSULTATION FEE (Qty: 1)','SUCCESS','127.0.0.1','Mozilla/5.0 (X11; Linux x86_64; rv:140.0) Gecko/20100101 Firefox/140.0','2026-01-22 13:36:28'),
(359,'2026-01-22 16:45:50',1,'Humphrey Lidwaji','Administrator','ADD','Billing','pending_bill_items','bill_item',65,6,15,NULL,'{\"billable_item_id\":15,\"item_name\":\"Bed ER-01 - Regular\",\"price_list_item_id\":0,\"item_quantity\":1,\"unit_price\":2000,\"discount_percentage\":0,\"subtotal\":2000,\"tax_amount\":0,\"total_amount\":2000}','Added item to bill: Bed ER-01 - Regular','SUCCESS','127.0.0.1','Mozilla/5.0 (X11; Linux x86_64; rv:140.0) Gecko/20100101 Firefox/140.0','2026-01-22 13:45:50'),
(360,'2026-01-22 16:48:56',1,'Humphrey Lidwaji','Administrator','VIEW','Vitals','visits','visit',15,6,15,NULL,NULL,'Accessed vitals page for visit ID 15 (Patient: Joyce Anindo). Visit type: OPD','SUCCESS','127.0.0.1','Mozilla/5.0 (X11; Linux x86_64; rv:140.0) Gecko/20100101 Firefox/140.0','2026-01-22 13:48:56'),
(361,'2026-01-22 16:52:15',1,'Humphrey Lidwaji','Administrator','VIEW','Vitals','visits','visit',15,6,15,NULL,NULL,'Accessed vitals page for visit ID 15 (Patient: Joyce Anindo). Visit type: OPD','SUCCESS','127.0.0.1','Mozilla/5.0 (X11; Linux x86_64; rv:140.0) Gecko/20100101 Firefox/140.0','2026-01-22 13:52:15'),
(362,'2026-01-22 16:52:15',1,'Humphrey Lidwaji','Administrator','VITALS_CREATE','Vitals','vitals','vitals',NULL,6,15,NULL,'{\"temperature\":37.9,\"pulse\":65,\"respiration_rate\":8,\"blood_pressure_systolic\":105,\"blood_pressure_diastolic\":60,\"oxygen_saturation\":98,\"weight\":55,\"height\":155,\"bmi\":22.9,\"remarks\":null,\"recorded_at\":\"2026-01-22 16:48\"}','Attempting to record new vitals for patient: Joyce Anindo','ATTEMPT','127.0.0.1','Mozilla/5.0 (X11; Linux x86_64; rv:140.0) Gecko/20100101 Firefox/140.0','2026-01-22 13:52:15'),
(363,'2026-01-22 16:52:15',1,'Humphrey Lidwaji','Administrator','VITALS_CREATE','Vitals','vitals','vitals',10,6,15,NULL,'{\"temperature\":37.9,\"pulse\":65,\"respiration_rate\":8,\"blood_pressure_systolic\":105,\"blood_pressure_diastolic\":60,\"oxygen_saturation\":98,\"weight\":55,\"height\":155,\"bmi\":22.9,\"remarks\":null,\"recorded_at\":\"2026-01-22 16:48\",\"vitals_id\":10,\"patient_id\":6,\"visit_id\":15,\"visit_type\":\"OPD\",\"recorded_by\":1,\"created_at\":\"2026-01-22 16:52:15\"}','Vitals recorded successfully for patient: Joyce Anindo','SUCCESS','127.0.0.1','Mozilla/5.0 (X11; Linux x86_64; rv:140.0) Gecko/20100101 Firefox/140.0','2026-01-22 13:52:15'),
(364,'2026-01-22 16:52:15',1,'Humphrey Lidwaji','Administrator','VIEW','Vitals','visits','visit',15,6,15,NULL,NULL,'Accessed vitals page for visit ID 15 (Patient: Joyce Anindo). Visit type: OPD','SUCCESS','127.0.0.1','Mozilla/5.0 (X11; Linux x86_64; rv:140.0) Gecko/20100101 Firefox/140.0','2026-01-22 13:52:15'),
(365,'2026-01-22 16:55:15',1,'Humphrey Lidwaji','Administrator','VIEW','Doctor Orders','visits','visit',15,6,15,NULL,NULL,'Accessed doctor orders page for visit ID 15 (Patient MRN: CLINICEMR001/2026/000025)','SUCCESS','127.0.0.1','Mozilla/5.0 (X11; Linux x86_64; rv:140.0) Gecko/20100101 Firefox/140.0','2026-01-22 13:55:15'),
(366,'2026-01-22 16:55:15',1,'Humphrey Lidwaji','Administrator','CREATE','Doctor Orders','pending_bills','pending_bill',69,6,15,NULL,'{\"bill_number\":\"PB-202601-0027\",\"visit_id\":15,\"patient_id\":6,\"bill_status\":\"draft\"}','Created pending bill for doctor orders. Bill #: PB-202601-0027','SUCCESS','127.0.0.1','Mozilla/5.0 (X11; Linux x86_64; rv:140.0) Gecko/20100101 Firefox/140.0','2026-01-22 13:55:15'),
(367,'2026-01-22 17:04:18',1,'Humphrey Lidwaji','Administrator','VIEW','Doctor Consultation','visits','visit',15,6,15,NULL,NULL,'Accessed doctor consultation page for visit ID 15 (Patient: Joyce Anindo, Visit #: VISIT-CLINICEMR001-2026-004, Type: OPD)','SUCCESS','127.0.0.1','Mozilla/5.0 (X11; Linux x86_64; rv:140.0) Gecko/20100101 Firefox/140.0','2026-01-22 14:04:18'),
(368,'2026-01-22 17:04:33',1,'Humphrey Lidwaji','Administrator','PAGE_ACCESS','Prescription','N/A','page',NULL,NULL,NULL,NULL,NULL,'Accessed prescription.php','ATTEMPT','127.0.0.1','Mozilla/5.0 (X11; Linux x86_64; rv:140.0) Gecko/20100101 Firefox/140.0','2026-01-22 14:04:33'),
(369,'2026-01-22 17:04:33',1,'Humphrey Lidwaji','Administrator','RETRIEVE','Prescription','visits','visit',15,6,15,NULL,NULL,'Retrieved visit information for prescription. Visit Type: OPD, MRN: CLINICEMR001/2026/000025','SUCCESS','127.0.0.1','Mozilla/5.0 (X11; Linux x86_64; rv:140.0) Gecko/20100101 Firefox/140.0','2026-01-22 14:04:33'),
(370,'2026-01-22 17:04:33',1,'Humphrey Lidwaji','Administrator','RETRIEVE_PRESCRIPTIONS','Prescription','prescriptions','prescriptions_list',NULL,6,15,NULL,NULL,'Retrieved 0 existing prescriptions for patient','SUCCESS','127.0.0.1','Mozilla/5.0 (X11; Linux x86_64; rv:140.0) Gecko/20100101 Firefox/140.0','2026-01-22 14:04:33'),
(371,'2026-01-22 17:05:03',1,'Humphrey Lidwaji','Administrator','PAGE_ACCESS','Prescription','N/A','page',NULL,NULL,NULL,NULL,NULL,'Accessed prescription.php','ATTEMPT','127.0.0.1','Mozilla/5.0 (X11; Linux x86_64; rv:140.0) Gecko/20100101 Firefox/140.0','2026-01-22 14:05:03'),
(372,'2026-01-22 17:05:03',1,'Humphrey Lidwaji','Administrator','RETRIEVE','Prescription','visits','visit',15,6,15,NULL,NULL,'Retrieved visit information for prescription. Visit Type: OPD, MRN: CLINICEMR001/2026/000025','SUCCESS','127.0.0.1','Mozilla/5.0 (X11; Linux x86_64; rv:140.0) Gecko/20100101 Firefox/140.0','2026-01-22 14:05:03'),
(373,'2026-01-22 17:05:03',1,'Humphrey Lidwaji','Administrator','RETRIEVE_PRESCRIPTIONS','Prescription','prescriptions','prescriptions_list',NULL,6,15,NULL,NULL,'Retrieved 0 existing prescriptions for patient','SUCCESS','127.0.0.1','Mozilla/5.0 (X11; Linux x86_64; rv:140.0) Gecko/20100101 Firefox/140.0','2026-01-22 14:05:03'),
(374,'2026-01-22 17:05:14',1,'Humphrey Lidwaji','Administrator','PAGE_ACCESS','Prescription','N/A','page',NULL,NULL,NULL,NULL,NULL,'Accessed prescription.php','ATTEMPT','127.0.0.1','Mozilla/5.0 (X11; Linux x86_64; rv:140.0) Gecko/20100101 Firefox/140.0','2026-01-22 14:05:14'),
(375,'2026-01-22 17:05:14',1,'Humphrey Lidwaji','Administrator','RETRIEVE','Prescription','visits','visit',15,6,15,NULL,NULL,'Retrieved visit information for prescription. Visit Type: OPD, MRN: CLINICEMR001/2026/000025','SUCCESS','127.0.0.1','Mozilla/5.0 (X11; Linux x86_64; rv:140.0) Gecko/20100101 Firefox/140.0','2026-01-22 14:05:14'),
(376,'2026-01-22 17:05:14',1,'Humphrey Lidwaji','Administrator','FORM_SUBMIT','Prescription','N/A','form',NULL,6,15,NULL,NULL,'Form submission received on prescription page. Action: search_drugs','ATTEMPT','127.0.0.1','Mozilla/5.0 (X11; Linux x86_64; rv:140.0) Gecko/20100101 Firefox/140.0','2026-01-22 14:05:14'),
(377,'2026-01-22 17:05:14',1,'Humphrey Lidwaji','Administrator','SEARCH_DRUGS','Prescription','drugs','search',NULL,6,15,NULL,NULL,'Searched for drugs. Term: \'para\', Category: \'\'','SUCCESS','127.0.0.1','Mozilla/5.0 (X11; Linux x86_64; rv:140.0) Gecko/20100101 Firefox/140.0','2026-01-22 14:05:14'),
(378,'2026-01-22 17:05:14',1,'Humphrey Lidwaji','Administrator','RETRIEVE_PRESCRIPTIONS','Prescription','prescriptions','prescriptions_list',NULL,6,15,NULL,NULL,'Retrieved 0 existing prescriptions for patient','SUCCESS','127.0.0.1','Mozilla/5.0 (X11; Linux x86_64; rv:140.0) Gecko/20100101 Firefox/140.0','2026-01-22 14:05:14'),
(379,'2026-01-22 17:05:14',1,'Humphrey Lidwaji','Administrator','SEARCH_RESULTS','Prescription','drugs','search_results',NULL,6,15,NULL,NULL,'Search for drugs returned 1 results','SUCCESS','127.0.0.1','Mozilla/5.0 (X11; Linux x86_64; rv:140.0) Gecko/20100101 Firefox/140.0','2026-01-22 14:05:14'),
(380,'2026-01-22 17:06:37',1,'Humphrey Lidwaji','Administrator','PAGE_ACCESS','Prescription','N/A','page',NULL,NULL,NULL,NULL,NULL,'Accessed prescription.php','ATTEMPT','127.0.0.1','Mozilla/5.0 (X11; Linux x86_64; rv:140.0) Gecko/20100101 Firefox/140.0','2026-01-22 14:06:37'),
(381,'2026-01-22 17:06:37',1,'Humphrey Lidwaji','Administrator','RETRIEVE','Prescription','visits','visit',15,6,15,NULL,NULL,'Retrieved visit information for prescription. Visit Type: OPD, MRN: CLINICEMR001/2026/000025','SUCCESS','127.0.0.1','Mozilla/5.0 (X11; Linux x86_64; rv:140.0) Gecko/20100101 Firefox/140.0','2026-01-22 14:06:37'),
(382,'2026-01-22 17:06:37',1,'Humphrey Lidwaji','Administrator','FORM_SUBMIT','Prescription','N/A','form',NULL,6,15,NULL,NULL,'Form submission received on prescription page. Action: create_prescription','ATTEMPT','127.0.0.1','Mozilla/5.0 (X11; Linux x86_64; rv:140.0) Gecko/20100101 Firefox/140.0','2026-01-22 14:06:37'),
(383,'2026-01-22 17:06:37',1,'Humphrey Lidwaji','Administrator','CREATE_PRESCRIPTION_START','Prescription','prescriptions','prescription',NULL,6,15,NULL,NULL,'Starting prescription creation. Drug ID: 3, Type: OPD, Priority: routine','ATTEMPT','127.0.0.1','Mozilla/5.0 (X11; Linux x86_64; rv:140.0) Gecko/20100101 Firefox/140.0','2026-01-22 14:06:37'),
(384,'2026-01-22 17:06:37',1,'Humphrey Lidwaji','Administrator','GET_CREATE_PRESCRIPTION_START','Prescription','prescriptions','prescription',NULL,6,15,NULL,NULL,'Checking for existing active prescription or creating new one. Type: OPD','ATTEMPT','127.0.0.1','Mozilla/5.0 (X11; Linux x86_64; rv:140.0) Gecko/20100101 Firefox/140.0','2026-01-22 14:06:37'),
(385,'2026-01-22 17:06:37',1,'Humphrey Lidwaji','Administrator','GET_CREATE_PRESCRIPTION_CREATE','Prescription','prescriptions','prescription',15,6,15,NULL,'{\"prescription_visit_id\":15,\"prescription_patient_id\":6,\"prescription_doctor_id\":1,\"prescription_medication\":\"Paracetamol 500mg 600mg Tablet\",\"prescription_status\":\"pending\",\"prescription_priority\":\"routine\",\"prescription_type\":\"OPD\",\"prescription_created_by\":1}','Created new prescription. Initial Medication: Paracetamol 500mg 600mg Tablet, Type: OPD, Priority: routine','SUCCESS','127.0.0.1','Mozilla/5.0 (X11; Linux x86_64; rv:140.0) Gecko/20100101 Firefox/140.0','2026-01-22 14:06:37'),
(386,'2026-01-22 17:06:37',1,'Humphrey Lidwaji','Administrator','DRUG_PRICE_ERROR','Prescription','billable_items','drug_price',3,6,15,NULL,NULL,'Failed to get drug price, using default. Drug ID: 3, Error: Unknown column \'item_price\' in \'SELECT\'','WARNING','127.0.0.1','Mozilla/5.0 (X11; Linux x86_64; rv:140.0) Gecko/20100101 Firefox/140.0','2026-01-22 14:06:37'),
(387,'2026-01-22 17:06:37',1,'Humphrey Lidwaji','Administrator','CREATE_PRESCRIPTION_ITEM','Prescription','prescription_items','prescription_item',15,6,15,NULL,'{\"pi_prescription_id\":15,\"pi_drug_id\":3,\"pi_drug_name\":\"Paracetamol 500mg\",\"pi_quantity\":16,\"pi_dosage\":\"1 tab\",\"pi_frequency\":\"Twice daily\",\"pi_duration\":\"6\",\"pi_duration_unit\":\"days\",\"pi_unit_price\":5,\"pi_total_price\":80}','Created new prescription item. Drug: Paracetamol 500mg, Quantity: 16, Dosage: 1 tab','SUCCESS','127.0.0.1','Mozilla/5.0 (X11; Linux x86_64; rv:140.0) Gecko/20100101 Firefox/140.0','2026-01-22 14:06:37'),
(388,'2026-01-22 17:06:37',1,'Humphrey Lidwaji','Administrator','UPDATE_PRESCRIPTION_TOTAL','Prescription','prescriptions','prescription',15,6,15,'{\"prescription_total_cost\":\"0.00\",\"prescription_type\":\"OPD\"}','{\"prescription_total_cost\":80,\"prescription_type\":\"OPD\"}','Updated prescription total cost. Added: 80','SUCCESS','127.0.0.1','Mozilla/5.0 (X11; Linux x86_64; rv:140.0) Gecko/20100101 Firefox/140.0','2026-01-22 14:06:37'),
(389,'2026-01-22 17:06:37',1,'Humphrey Lidwaji','Administrator','CREATE_PRESCRIPTION_COMPLETE','Prescription','prescriptions','prescription',15,6,15,NULL,NULL,'Prescription creation completed successfully. Drug: Paracetamol 500mg, Quantity: 16','SUCCESS','127.0.0.1','Mozilla/5.0 (X11; Linux x86_64; rv:140.0) Gecko/20100101 Firefox/140.0','2026-01-22 14:06:37'),
(390,'2026-01-22 17:06:37',1,'Humphrey Lidwaji','Administrator','PAGE_ACCESS','Prescription','N/A','page',NULL,NULL,NULL,NULL,NULL,'Accessed prescription.php','ATTEMPT','127.0.0.1','Mozilla/5.0 (X11; Linux x86_64; rv:140.0) Gecko/20100101 Firefox/140.0','2026-01-22 14:06:37'),
(391,'2026-01-22 17:06:37',1,'Humphrey Lidwaji','Administrator','RETRIEVE','Prescription','visits','visit',15,6,15,NULL,NULL,'Retrieved visit information for prescription. Visit Type: OPD, MRN: CLINICEMR001/2026/000025','SUCCESS','127.0.0.1','Mozilla/5.0 (X11; Linux x86_64; rv:140.0) Gecko/20100101 Firefox/140.0','2026-01-22 14:06:37'),
(392,'2026-01-22 17:06:37',1,'Humphrey Lidwaji','Administrator','RETRIEVE_PRESCRIPTIONS','Prescription','prescriptions','prescriptions_list',NULL,6,15,NULL,NULL,'Retrieved 1 existing prescriptions for patient','SUCCESS','127.0.0.1','Mozilla/5.0 (X11; Linux x86_64; rv:140.0) Gecko/20100101 Firefox/140.0','2026-01-22 14:06:37'),
(393,'2026-01-22 17:07:09',1,'Humphrey Lidwaji','Administrator','PAGE_ACCESS','Prescription','N/A','page',NULL,NULL,NULL,NULL,NULL,'Accessed prescription.php','ATTEMPT','127.0.0.1','Mozilla/5.0 (X11; Linux x86_64; rv:140.0) Gecko/20100101 Firefox/140.0','2026-01-22 14:07:09'),
(394,'2026-01-22 17:07:09',1,'Humphrey Lidwaji','Administrator','RETRIEVE','Prescription','visits','visit',15,6,15,NULL,NULL,'Retrieved visit information for prescription. Visit Type: OPD, MRN: CLINICEMR001/2026/000025','SUCCESS','127.0.0.1','Mozilla/5.0 (X11; Linux x86_64; rv:140.0) Gecko/20100101 Firefox/140.0','2026-01-22 14:07:09'),
(395,'2026-01-22 17:07:09',1,'Humphrey Lidwaji','Administrator','RETRIEVE_PRESCRIPTIONS','Prescription','prescriptions','prescriptions_list',NULL,6,15,NULL,NULL,'Retrieved 1 existing prescriptions for patient','SUCCESS','127.0.0.1','Mozilla/5.0 (X11; Linux x86_64; rv:140.0) Gecko/20100101 Firefox/140.0','2026-01-22 14:07:09'),
(396,'2026-01-22 17:07:39',1,'Humphrey Lidwaji','Administrator','PAGE_ACCESS','Prescription','N/A','page',NULL,NULL,NULL,NULL,NULL,'Accessed prescription.php','ATTEMPT','127.0.0.1','Mozilla/5.0 (X11; Linux x86_64; rv:140.0) Gecko/20100101 Firefox/140.0','2026-01-22 14:07:39'),
(397,'2026-01-22 17:07:39',1,'Humphrey Lidwaji','Administrator','RETRIEVE','Prescription','visits','visit',15,6,15,NULL,NULL,'Retrieved visit information for prescription. Visit Type: OPD, MRN: CLINICEMR001/2026/000025','SUCCESS','127.0.0.1','Mozilla/5.0 (X11; Linux x86_64; rv:140.0) Gecko/20100101 Firefox/140.0','2026-01-22 14:07:39'),
(398,'2026-01-22 17:07:39',1,'Humphrey Lidwaji','Administrator','RETRIEVE_PRESCRIPTIONS','Prescription','prescriptions','prescriptions_list',NULL,6,15,NULL,NULL,'Retrieved 1 existing prescriptions for patient','SUCCESS','127.0.0.1','Mozilla/5.0 (X11; Linux x86_64; rv:140.0) Gecko/20100101 Firefox/140.0','2026-01-22 14:07:39'),
(399,'2026-01-22 17:08:10',1,'Humphrey Lidwaji','Administrator','PAGE_ACCESS','Prescription','N/A','page',NULL,NULL,NULL,NULL,NULL,'Accessed prescription.php','ATTEMPT','127.0.0.1','Mozilla/5.0 (X11; Linux x86_64; rv:140.0) Gecko/20100101 Firefox/140.0','2026-01-22 14:08:10'),
(400,'2026-01-22 17:08:10',1,'Humphrey Lidwaji','Administrator','RETRIEVE','Prescription','visits','visit',15,6,15,NULL,NULL,'Retrieved visit information for prescription. Visit Type: OPD, MRN: CLINICEMR001/2026/000025','SUCCESS','127.0.0.1','Mozilla/5.0 (X11; Linux x86_64; rv:140.0) Gecko/20100101 Firefox/140.0','2026-01-22 14:08:10'),
(401,'2026-01-22 17:08:10',1,'Humphrey Lidwaji','Administrator','RETRIEVE_PRESCRIPTIONS','Prescription','prescriptions','prescriptions_list',NULL,6,15,NULL,NULL,'Retrieved 1 existing prescriptions for patient','SUCCESS','127.0.0.1','Mozilla/5.0 (X11; Linux x86_64; rv:140.0) Gecko/20100101 Firefox/140.0','2026-01-22 14:08:10'),
(402,'2026-01-22 17:08:27',1,'Humphrey Lidwaji','Administrator','VIEW','Medication Administration','visits','visit',15,6,15,NULL,NULL,'Accessed medication administration page for visit ID 15 (Patient: Joyce Anindo, Visit #: VISIT-CLINICEMR001-2026-004)','SUCCESS','127.0.0.1','Mozilla/5.0 (X11; Linux x86_64; rv:140.0) Gecko/20100101 Firefox/140.0','2026-01-22 14:08:27'),
(403,'2026-01-22 17:09:28',1,'Humphrey Lidwaji','Administrator','VIEW','Medication Administration','visits','visit',15,6,15,NULL,NULL,'Accessed medication administration page for visit ID 15 (Patient: Joyce Anindo, Visit #: VISIT-CLINICEMR001-2026-004)','SUCCESS','127.0.0.1','Mozilla/5.0 (X11; Linux x86_64; rv:140.0) Gecko/20100101 Firefox/140.0','2026-01-22 14:09:28'),
(404,'2026-01-22 17:10:30',1,'Humphrey Lidwaji','Administrator','VIEW','Medication Administration','visits','visit',15,6,15,NULL,NULL,'Accessed medication administration page for visit ID 15 (Patient: Joyce Anindo, Visit #: VISIT-CLINICEMR001-2026-004)','SUCCESS','127.0.0.1','Mozilla/5.0 (X11; Linux x86_64; rv:140.0) Gecko/20100101 Firefox/140.0','2026-01-22 14:10:30'),
(405,'2026-01-22 17:11:32',1,'Humphrey Lidwaji','Administrator','VIEW','Medication Administration','visits','visit',15,6,15,NULL,NULL,'Accessed medication administration page for visit ID 15 (Patient: Joyce Anindo, Visit #: VISIT-CLINICEMR001-2026-004)','SUCCESS','127.0.0.1','Mozilla/5.0 (X11; Linux x86_64; rv:140.0) Gecko/20100101 Firefox/140.0','2026-01-22 14:11:32'),
(406,'2026-01-22 17:12:38',1,'Humphrey Lidwaji','Administrator','VIEW','Medication Administration','visits','visit',15,6,15,NULL,NULL,'Accessed medication administration page for visit ID 15 (Patient: Joyce Anindo, Visit #: VISIT-CLINICEMR001-2026-004)','SUCCESS','127.0.0.1','Mozilla/5.0 (X11; Linux x86_64; rv:140.0) Gecko/20100101 Firefox/140.0','2026-01-22 14:12:38'),
(407,'2026-01-22 17:13:38',1,'Humphrey Lidwaji','Administrator','VIEW','Medication Administration','visits','visit',15,6,15,NULL,NULL,'Accessed medication administration page for visit ID 15 (Patient: Joyce Anindo, Visit #: VISIT-CLINICEMR001-2026-004)','SUCCESS','127.0.0.1','Mozilla/5.0 (X11; Linux x86_64; rv:140.0) Gecko/20100101 Firefox/140.0','2026-01-22 14:13:38'),
(408,'2026-01-22 17:14:39',1,'Humphrey Lidwaji','Administrator','VIEW','Medication Administration','visits','visit',15,6,15,NULL,NULL,'Accessed medication administration page for visit ID 15 (Patient: Joyce Anindo, Visit #: VISIT-CLINICEMR001-2026-004)','SUCCESS','127.0.0.1','Mozilla/5.0 (X11; Linux x86_64; rv:140.0) Gecko/20100101 Firefox/140.0','2026-01-22 14:14:39'),
(409,'2026-01-22 17:15:39',1,'Humphrey Lidwaji','Administrator','VIEW','Medication Administration','visits','visit',15,6,15,NULL,NULL,'Accessed medication administration page for visit ID 15 (Patient: Joyce Anindo, Visit #: VISIT-CLINICEMR001-2026-004)','SUCCESS','127.0.0.1','Mozilla/5.0 (X11; Linux x86_64; rv:140.0) Gecko/20100101 Firefox/140.0','2026-01-22 14:15:39'),
(410,'2026-01-22 17:21:51',1,'Humphrey Lidwaji','Administrator','LOGOUT','AUTHENTICATION','users','user',1,NULL,NULL,NULL,NULL,'User Humphrey Lidwaji  (lidwaji7@gmail.com) logged out','SUCCESS','127.0.0.1','Mozilla/5.0 (X11; Linux x86_64; rv:140.0) Gecko/20100101 Firefox/140.0','2026-01-22 14:21:51'),
(411,'2026-01-22 17:22:01',2,'kiba','Doctor','LOGIN','AUTHENTICATION','users','user',2,NULL,NULL,NULL,NULL,'User kiba (hamphreyirausa@gmail.com) logged in successfully','SUCCESS','127.0.0.1','Mozilla/5.0 (X11; Linux x86_64; rv:140.0) Gecko/20100101 Firefox/140.0','2026-01-22 14:22:01'),
(412,'2026-01-22 17:23:34',2,'kiba','Doctor','LOGOUT','AUTHENTICATION','users','user',2,NULL,NULL,NULL,NULL,'User kiba  (hamphreyirausa@gmail.com) logged out','SUCCESS','127.0.0.1','Mozilla/5.0 (X11; Linux x86_64; rv:140.0) Gecko/20100101 Firefox/140.0','2026-01-22 14:23:34'),
(413,'2026-01-22 17:23:40',1,'Humphrey Lidwaji','Administrator','LOGIN','AUTHENTICATION','users','user',1,NULL,NULL,NULL,NULL,'User Humphrey Lidwaji (lidwaji7@gmail.com) logged in successfully','SUCCESS','127.0.0.1','Mozilla/5.0 (X11; Linux x86_64; rv:140.0) Gecko/20100101 Firefox/140.0','2026-01-22 14:23:40'),
(414,'2026-01-22 17:25:28',1,'Humphrey Lidwaji','Administrator','VIEW','Nursing Tasks','visits','visit',15,6,15,NULL,NULL,'Accessed nursing tasks page for visit ID 15 (Patient: Joyce Anindo). Visit type: OPD','SUCCESS','127.0.0.1','Mozilla/5.0 (X11; Linux x86_64; rv:140.0) Gecko/20100101 Firefox/140.0','2026-01-22 14:25:28'),
(415,'2026-01-22 17:27:09',1,'Humphrey Lidwaji','Administrator','ACCESS','Bed Transfer','visits','visit',14,5,14,NULL,NULL,'Attempted bed transfer for non-IPD visit. Visit type: OPD','FAILED','127.0.0.1','Mozilla/5.0 (X11; Linux x86_64; rv:140.0) Gecko/20100101 Firefox/140.0','2026-01-22 14:27:09'),
(416,'2026-01-22 17:27:19',1,'Humphrey Lidwaji','Administrator','ACCESS','Bed Transfer','visits','visit',14,5,14,NULL,NULL,'Attempted bed transfer for non-IPD visit. Visit type: OPD','FAILED','127.0.0.1','Mozilla/5.0 (X11; Linux x86_64; rv:140.0) Gecko/20100101 Firefox/140.0','2026-01-22 14:27:19'),
(417,'2026-01-24 10:31:20',1,'Humphrey Lidwaji','Administrator','LOGIN','AUTHENTICATION','users','user',1,NULL,NULL,NULL,NULL,'User Humphrey Lidwaji (lidwaji7@gmail.com) logged in successfully','SUCCESS','127.0.0.1','Mozilla/5.0 (X11; Linux x86_64; rv:140.0) Gecko/20100101 Firefox/140.0','2026-01-24 07:31:20'),
(418,'2026-01-24 10:36:03',1,'Humphrey Lidwaji','Administrator','LOGOUT','AUTHENTICATION','users','user',1,NULL,NULL,NULL,NULL,'User Humphrey Lidwaji  (lidwaji7@gmail.com) logged out','SUCCESS','127.0.0.1','Mozilla/5.0 (X11; Linux x86_64; rv:140.0) Gecko/20100101 Firefox/140.0','2026-01-24 07:36:03'),
(419,'2026-01-24 10:36:06',1,'Humphrey Lidwaji','Administrator','LOGIN','AUTHENTICATION','users','user',1,NULL,NULL,NULL,NULL,'User Humphrey Lidwaji (lidwaji7@gmail.com) logged in successfully','SUCCESS','127.0.0.1','Mozilla/5.0 (X11; Linux x86_64; rv:140.0) Gecko/20100101 Firefox/140.0','2026-01-24 07:36:06'),
(420,'2026-01-27 13:45:56',1,'Humphrey Lidwaji','Administrator','LOGIN','AUTHENTICATION','users','user',1,NULL,NULL,NULL,NULL,'User Humphrey Lidwaji (lidwaji7@gmail.com) logged in successfully','SUCCESS','127.0.0.1','Mozilla/5.0 (X11; Linux x86_64; rv:140.0) Gecko/20100101 Firefox/140.0','2026-01-27 10:45:56'),
(421,'2026-01-27 13:47:02',1,'Humphrey Lidwaji','Administrator','VIEW','Doctor Notes','visits','visit',4,4,4,NULL,NULL,'Accessed doctor notes page for visit ID 4 (Patient: HUMPHREY LIDWAJI, Visit #: OPD-CLINICEMR001-2026-001, Type: EMERGENCY)','SUCCESS','127.0.0.1','Mozilla/5.0 (X11; Linux x86_64; rv:140.0) Gecko/20100101 Firefox/140.0','2026-01-27 10:47:02'),
(422,'2026-01-27 13:47:15',1,'Humphrey Lidwaji','Administrator','DOCTOR_NOTE_CREATE','Doctor Notes','doctor_notes','doctor_note',10,4,4,NULL,'{\"note_date\":\"2026-01-27\",\"note_type\":\"discharge\",\"status\":\"finalized\",\"subjective\":\"Patient ready for discharge. Reports feeling well and able to continue recovery at home.\",\"objective\":\"Vital signs stable: BP 120\\/80, HR 72, RR 16, Temp 36.8°C. Physical exam within normal limits.\",\"assessment\":\"Condition improved and stable for discharge. Treatment goals achieved.\",\"plan\":\"Discharge home with follow-up care. Provide discharge instructions.\",\"clinical_notes\":\"Patient understands discharge instructions and medications.\",\"recommendations\":\"Follow-up appointment scheduled. Take medications as prescribed.\"}','Created new doctor note for visit 4. Note ID: 10, Type: discharge, Status: finalized','SUCCESS','127.0.0.1','Mozilla/5.0 (X11; Linux x86_64; rv:140.0) Gecko/20100101 Firefox/140.0','2026-01-27 10:47:15'),
(423,'2026-01-27 13:47:15',1,'Humphrey Lidwaji','Administrator','VIEW','Doctor Notes','visits','visit',4,4,4,NULL,NULL,'Accessed doctor notes page for visit ID 4 (Patient: HUMPHREY LIDWAJI, Visit #: OPD-CLINICEMR001-2026-001, Type: EMERGENCY)','SUCCESS','127.0.0.1','Mozilla/5.0 (X11; Linux x86_64; rv:140.0) Gecko/20100101 Firefox/140.0','2026-01-27 10:47:15'),
(424,'2026-01-27 13:47:37',1,'Humphrey Lidwaji','Administrator','VIEW','Doctor Notes','visits','visit',4,4,4,NULL,NULL,'Accessed doctor notes page for visit ID 4 (Patient: HUMPHREY LIDWAJI, Visit #: OPD-CLINICEMR001-2026-001, Type: EMERGENCY)','SUCCESS','127.0.0.1','Mozilla/5.0 (X11; Linux x86_64; rv:140.0) Gecko/20100101 Firefox/140.0','2026-01-27 10:47:37'),
(425,'2026-01-27 13:47:50',1,'Humphrey Lidwaji','Administrator','VIEW','Doctor Consultation','visits','visit',4,4,4,NULL,NULL,'Accessed doctor consultation page for visit ID 4 (Patient: HUMPHREY IRAUSA LIDWAJI, Visit #: OPD-CLINICEMR001-2026-001, Type: EMERGENCY)','SUCCESS','127.0.0.1','Mozilla/5.0 (X11; Linux x86_64; rv:140.0) Gecko/20100101 Firefox/140.0','2026-01-27 10:47:50'),
(426,'2026-01-27 14:56:59',1,'Humphrey Lidwaji','Administrator','LOGIN','AUTHENTICATION','users','user',1,NULL,NULL,NULL,NULL,'User Humphrey Lidwaji (lidwaji7@gmail.com) logged in successfully','SUCCESS','127.0.0.1','Mozilla/5.0 (X11; Linux x86_64; rv:140.0) Gecko/20100101 Firefox/140.0','2026-01-27 11:56:59'),
(427,'2026-01-27 14:57:13',1,'Humphrey Lidwaji','Administrator','VIEW','Prescriptions','prescriptions','prescription_list',NULL,NULL,NULL,NULL,'{\"sort_by\":\"p.prescription_date\",\"sort_order\":\"DESC\"}','Accessed prescriptions manage page','SUCCESS','127.0.0.1','Mozilla/5.0 (X11; Linux x86_64; rv:140.0) Gecko/20100101 Firefox/140.0','2026-01-27 11:57:13'),
(428,'2026-01-27 14:57:13',1,'Humphrey Lidwaji','Administrator','PRESCRIPTION_FILTER','Prescriptions','prescriptions','prescription_list',NULL,NULL,NULL,NULL,'{\"status_filter\":\"\",\"patient_filter\":\"\",\"doctor_filter\":\"\",\"drug_filter\":\"\",\"date_from\":\"\",\"date_to\":\"\",\"canned_date\":\"custom\",\"search_query\":\"\",\"sort_by\":\"p.prescription_date\",\"sort_order\":\"DESC\"}','Filtered prescriptions list with parameters','SUCCESS','127.0.0.1','Mozilla/5.0 (X11; Linux x86_64; rv:140.0) Gecko/20100101 Firefox/140.0','2026-01-27 11:57:13'),
(429,'2026-01-29 10:33:02',1,'Humphrey Lidwaji','Administrator','LOGIN','AUTHENTICATION','users','user',1,NULL,NULL,NULL,NULL,'User Humphrey Lidwaji (lidwaji7@gmail.com) logged in successfully','SUCCESS','127.0.0.1','Mozilla/5.0 (X11; Linux x86_64; rv:140.0) Gecko/20100101 Firefox/140.0','2026-01-29 07:33:02'),
(430,'2026-01-29 10:34:47',1,'Humphrey Lidwaji','Administrator','ADD','Billing','pending_bill_items','bill_item',69,6,15,NULL,'{\"billable_item_id\":6,\"item_name\":\"CONSULTATION FEE\",\"item_quantity\":1,\"unit_price\":\"1000.0000\",\"subtotal\":1000}','Added item to bill: CONSULTATION FEE (Qty: 1)','SUCCESS','127.0.0.1','Mozilla/5.0 (X11; Linux x86_64; rv:140.0) Gecko/20100101 Firefox/140.0','2026-01-29 07:34:47'),
(431,'2026-01-29 10:38:39',1,'Humphrey Lidwaji','Administrator','VIEW','Prescriptions','prescriptions','prescription_list',NULL,NULL,NULL,NULL,'{\"sort_by\":\"p.prescription_date\",\"sort_order\":\"DESC\"}','Accessed prescriptions manage page','SUCCESS','127.0.0.1','Mozilla/5.0 (X11; Linux x86_64; rv:140.0) Gecko/20100101 Firefox/140.0','2026-01-29 07:38:39'),
(432,'2026-01-29 10:38:39',1,'Humphrey Lidwaji','Administrator','PRESCRIPTION_FILTER','Prescriptions','prescriptions','prescription_list',NULL,NULL,NULL,NULL,'{\"status_filter\":\"\",\"patient_filter\":\"\",\"doctor_filter\":\"\",\"drug_filter\":\"\",\"date_from\":\"\",\"date_to\":\"\",\"canned_date\":\"custom\",\"search_query\":\"\",\"sort_by\":\"p.prescription_date\",\"sort_order\":\"DESC\"}','Filtered prescriptions list with parameters','SUCCESS','127.0.0.1','Mozilla/5.0 (X11; Linux x86_64; rv:140.0) Gecko/20100101 Firefox/140.0','2026-01-29 07:38:39'),
(433,'2026-01-29 10:54:11',1,'Humphrey Lidwaji','Administrator','VIEW','Prescriptions','prescriptions','prescription_list',NULL,NULL,NULL,NULL,'{\"sort_by\":\"p.prescription_date\",\"sort_order\":\"DESC\"}','Accessed prescriptions manage page','SUCCESS','127.0.0.1','Mozilla/5.0 (X11; Linux x86_64; rv:140.0) Gecko/20100101 Firefox/140.0','2026-01-29 07:54:11'),
(434,'2026-01-29 10:54:11',1,'Humphrey Lidwaji','Administrator','PRESCRIPTION_FILTER','Prescriptions','prescriptions','prescription_list',NULL,NULL,NULL,NULL,'{\"status_filter\":\"\",\"patient_filter\":\"\",\"doctor_filter\":\"\",\"item_filter\":\"\",\"date_from\":\"\",\"date_to\":\"\",\"canned_date\":\"custom\",\"search_query\":\"\",\"sort_by\":\"p.prescription_date\",\"sort_order\":\"DESC\"}','Filtered prescriptions list with parameters','SUCCESS','127.0.0.1','Mozilla/5.0 (X11; Linux x86_64; rv:140.0) Gecko/20100101 Firefox/140.0','2026-01-29 07:54:11'),
(435,'2026-01-29 10:58:15',1,'Humphrey Lidwaji','Administrator','VIEW','Prescriptions','prescriptions','prescription_list',NULL,NULL,NULL,NULL,'{\"sort_by\":\"p.prescription_date\",\"sort_order\":\"DESC\"}','Accessed prescriptions manage page','SUCCESS','127.0.0.1','Mozilla/5.0 (X11; Linux x86_64; rv:140.0) Gecko/20100101 Firefox/140.0','2026-01-29 07:58:15'),
(436,'2026-01-29 10:58:15',1,'Humphrey Lidwaji','Administrator','PRESCRIPTION_FILTER','Prescriptions','prescriptions','prescription_list',NULL,NULL,NULL,NULL,'{\"status_filter\":\"\",\"patient_filter\":\"\",\"doctor_filter\":\"\",\"item_filter\":\"\",\"date_from\":\"\",\"date_to\":\"\",\"canned_date\":\"custom\",\"search_query\":\"\",\"sort_by\":\"p.prescription_date\",\"sort_order\":\"DESC\"}','Filtered prescriptions list with parameters','SUCCESS','127.0.0.1','Mozilla/5.0 (X11; Linux x86_64; rv:140.0) Gecko/20100101 Firefox/140.0','2026-01-29 07:58:15'),
(437,'2026-01-29 10:59:19',1,'Humphrey Lidwaji','Administrator','VIEW','Prescriptions','prescriptions','prescription_list',NULL,NULL,NULL,NULL,'{\"sort_by\":\"p.prescription_date\",\"sort_order\":\"DESC\"}','Accessed prescriptions manage page','SUCCESS','127.0.0.1','Mozilla/5.0 (X11; Linux x86_64; rv:140.0) Gecko/20100101 Firefox/140.0','2026-01-29 07:59:19'),
(438,'2026-01-29 10:59:19',1,'Humphrey Lidwaji','Administrator','PRESCRIPTION_FILTER','Prescriptions','prescriptions','prescription_list',NULL,NULL,NULL,NULL,'{\"status_filter\":\"\",\"patient_filter\":\"\",\"doctor_filter\":\"\",\"item_filter\":\"\",\"date_from\":\"\",\"date_to\":\"\",\"canned_date\":\"custom\",\"search_query\":\"\",\"sort_by\":\"p.prescription_date\",\"sort_order\":\"DESC\"}','Filtered prescriptions list with parameters','SUCCESS','127.0.0.1','Mozilla/5.0 (X11; Linux x86_64; rv:140.0) Gecko/20100101 Firefox/140.0','2026-01-29 07:59:19'),
(439,'2026-01-29 10:59:59',1,'Humphrey Lidwaji','Administrator','VIEW','Prescriptions','prescriptions','prescription_list',NULL,NULL,NULL,NULL,'{\"sort_by\":\"p.prescription_date\",\"sort_order\":\"DESC\"}','Accessed prescriptions manage page','SUCCESS','127.0.0.1','Mozilla/5.0 (X11; Linux x86_64; rv:140.0) Gecko/20100101 Firefox/140.0','2026-01-29 07:59:59'),
(440,'2026-01-29 10:59:59',1,'Humphrey Lidwaji','Administrator','PRESCRIPTION_FILTER','Prescriptions','prescriptions','prescription_list',NULL,NULL,NULL,NULL,'{\"status_filter\":\"\",\"patient_filter\":\"\",\"doctor_filter\":\"\",\"item_filter\":\"\",\"date_from\":\"\",\"date_to\":\"\",\"canned_date\":\"custom\",\"search_query\":\"\",\"sort_by\":\"p.prescription_date\",\"sort_order\":\"DESC\"}','Filtered prescriptions list with parameters','SUCCESS','127.0.0.1','Mozilla/5.0 (X11; Linux x86_64; rv:140.0) Gecko/20100101 Firefox/140.0','2026-01-29 07:59:59'),
(441,'2026-01-29 10:59:59',1,'Humphrey Lidwaji','Administrator','PRESCRIPTION_QUERY','Prescriptions','prescriptions','prescription_list',NULL,NULL,NULL,NULL,'{\"total_records\":\"10\",\"limit_from\":0,\"limit_to\":10,\"filters_applied\":{\"status\":false,\"patient\":false,\"doctor\":false,\"item\":false,\"date_range\":true,\"search\":false}}','Executed prescription list query','SUCCESS','127.0.0.1','Mozilla/5.0 (X11; Linux x86_64; rv:140.0) Gecko/20100101 Firefox/140.0','2026-01-29 07:59:59'),
(442,'2026-01-29 10:59:59',1,'Humphrey Lidwaji','Administrator','PRESCRIPTION_STATS','Prescriptions','prescriptions','prescription_list',NULL,NULL,NULL,NULL,'{\"total_prescriptions\":\"10\",\"pending_prescriptions\":3,\"dispensed_prescriptions\":0,\"cancelled_prescriptions\":1,\"partial_prescriptions\":0,\"total_items\":15,\"total_amount\":0,\"today_prescriptions\":0,\"week_prescriptions\":0,\"billed_prescriptions\":0,\"prescriptions_with_items\":0,\"unique_prescription_count\":10,\"unique_patient_count\":4,\"unique_doctor_count\":1}','Calculated prescription statistics','SUCCESS','127.0.0.1','Mozilla/5.0 (X11; Linux x86_64; rv:140.0) Gecko/20100101 Firefox/140.0','2026-01-29 07:59:59'),
(443,'2026-01-29 10:59:59',1,'Humphrey Lidwaji','Administrator','FILTER_DATA','Prescriptions','patients','patient_list',NULL,NULL,NULL,NULL,'{\"purpose\":\"filter_dropdown\",\"filter_type\":\"patients\"}','Fetched active patients list for prescription filter dropdown','SUCCESS','127.0.0.1','Mozilla/5.0 (X11; Linux x86_64; rv:140.0) Gecko/20100101 Firefox/140.0','2026-01-29 07:59:59'),
(444,'2026-01-29 10:59:59',1,'Humphrey Lidwaji','Administrator','FILTER_DATA','Prescriptions','users','doctor_list',NULL,NULL,NULL,NULL,'{\"purpose\":\"filter_dropdown\",\"filter_type\":\"doctors\"}','Fetched doctors list for prescription filter dropdown','SUCCESS','127.0.0.1','Mozilla/5.0 (X11; Linux x86_64; rv:140.0) Gecko/20100101 Firefox/140.0','2026-01-29 07:59:59'),
(445,'2026-01-29 10:59:59',1,'Humphrey Lidwaji','Administrator','FILTER_DATA','Prescriptions','inventory_items','inventory_item_list',NULL,NULL,NULL,NULL,'{\"purpose\":\"filter_dropdown\",\"filter_type\":\"inventory_items\"}','Fetched active inventory items (drugs) list for prescription filter dropdown','SUCCESS','127.0.0.1','Mozilla/5.0 (X11; Linux x86_64; rv:140.0) Gecko/20100101 Firefox/140.0','2026-01-29 07:59:59'),
(446,'2026-01-29 10:59:59',1,'Humphrey Lidwaji','Administrator','PRESCRIPTION_TODAY_SUMMARY','Prescriptions','prescriptions','prescription_summary',NULL,NULL,NULL,NULL,'{\"today_total\":\"0\",\"today_pending\":null,\"today_dispensed\":null,\"date\":\"2026-01-29\"}','Fetched today\'s prescription summary statistics','SUCCESS','127.0.0.1','Mozilla/5.0 (X11; Linux x86_64; rv:140.0) Gecko/20100101 Firefox/140.0','2026-01-29 07:59:59'),
(447,'2026-01-29 10:59:59',1,'Humphrey Lidwaji','Administrator','PAGE_SUMMARY','Prescriptions','prescriptions','prescription_management',NULL,NULL,NULL,NULL,'{\"status_filter\":\"\",\"patient_filter\":\"\",\"doctor_filter\":\"\",\"item_filter\":\"\",\"date_from\":\"\",\"date_to\":\"\",\"canned_date\":\"custom\",\"search_query\":\"\",\"sort_by\":\"p.prescription_date\",\"sort_order\":\"DESC\",\"total_records_displayed\":\"10\",\"pagination_from\":0,\"pagination_to\":10,\"statistics_summary\":{\"total_prescriptions\":\"10\",\"pending_count\":3,\"dispensed_count\":0,\"cancelled_count\":1,\"partial_count\":0,\"today_count\":0,\"week_count\":0,\"total_items\":15,\"total_amount\":0,\"billed_prescriptions\":0}}','Prescription management page loaded successfully with all data','SUCCESS','127.0.0.1','Mozilla/5.0 (X11; Linux x86_64; rv:140.0) Gecko/20100101 Firefox/140.0','2026-01-29 07:59:59'),
(448,'2026-01-29 11:00:15',1,'Humphrey Lidwaji','Administrator','VIEW','Pharmacy','prescriptions','prescription',15,NULL,NULL,NULL,NULL,'Attempting to view prescription ID: 15','ATTEMPT','127.0.0.1','Mozilla/5.0 (X11; Linux x86_64; rv:140.0) Gecko/20100101 Firefox/140.0','2026-01-29 08:00:15'),
(449,'2026-01-29 11:00:15',1,'Humphrey Lidwaji','Administrator','VIEW','Pharmacy','prescriptions','prescription',15,6,15,NULL,NULL,'Accessed prescription #15 for patient: Joyce Anindo (MRN: CLINICEMR001/2026/000025)','SUCCESS','127.0.0.1','Mozilla/5.0 (X11; Linux x86_64; rv:140.0) Gecko/20100101 Firefox/140.0','2026-01-29 08:00:15'),
(450,'2026-01-29 11:00:21',1,'Humphrey Lidwaji','Administrator','VIEW','Prescriptions','prescriptions','prescription_list',NULL,NULL,NULL,NULL,'{\"sort_by\":\"p.prescription_date\",\"sort_order\":\"DESC\"}','Accessed prescriptions manage page','SUCCESS','127.0.0.1','Mozilla/5.0 (X11; Linux x86_64; rv:140.0) Gecko/20100101 Firefox/140.0','2026-01-29 08:00:21'),
(451,'2026-01-29 11:00:21',1,'Humphrey Lidwaji','Administrator','PRESCRIPTION_FILTER','Prescriptions','prescriptions','prescription_list',NULL,NULL,NULL,NULL,'{\"status_filter\":\"\",\"patient_filter\":\"\",\"doctor_filter\":\"\",\"item_filter\":\"\",\"date_from\":\"\",\"date_to\":\"\",\"canned_date\":\"custom\",\"search_query\":\"\",\"sort_by\":\"p.prescription_date\",\"sort_order\":\"DESC\"}','Filtered prescriptions list with parameters','SUCCESS','127.0.0.1','Mozilla/5.0 (X11; Linux x86_64; rv:140.0) Gecko/20100101 Firefox/140.0','2026-01-29 08:00:21'),
(452,'2026-01-29 11:00:21',1,'Humphrey Lidwaji','Administrator','PRESCRIPTION_QUERY','Prescriptions','prescriptions','prescription_list',NULL,NULL,NULL,NULL,'{\"total_records\":\"10\",\"limit_from\":0,\"limit_to\":10,\"filters_applied\":{\"status\":false,\"patient\":false,\"doctor\":false,\"item\":false,\"date_range\":true,\"search\":false}}','Executed prescription list query','SUCCESS','127.0.0.1','Mozilla/5.0 (X11; Linux x86_64; rv:140.0) Gecko/20100101 Firefox/140.0','2026-01-29 08:00:21'),
(453,'2026-01-29 11:00:21',1,'Humphrey Lidwaji','Administrator','PRESCRIPTION_STATS','Prescriptions','prescriptions','prescription_list',NULL,NULL,NULL,NULL,'{\"total_prescriptions\":\"10\",\"pending_prescriptions\":3,\"dispensed_prescriptions\":0,\"cancelled_prescriptions\":1,\"partial_prescriptions\":0,\"total_items\":15,\"total_amount\":0,\"today_prescriptions\":0,\"week_prescriptions\":0,\"billed_prescriptions\":0,\"prescriptions_with_items\":0,\"unique_prescription_count\":10,\"unique_patient_count\":4,\"unique_doctor_count\":1}','Calculated prescription statistics','SUCCESS','127.0.0.1','Mozilla/5.0 (X11; Linux x86_64; rv:140.0) Gecko/20100101 Firefox/140.0','2026-01-29 08:00:21'),
(454,'2026-01-29 11:00:21',1,'Humphrey Lidwaji','Administrator','FILTER_DATA','Prescriptions','patients','patient_list',NULL,NULL,NULL,NULL,'{\"purpose\":\"filter_dropdown\",\"filter_type\":\"patients\"}','Fetched active patients list for prescription filter dropdown','SUCCESS','127.0.0.1','Mozilla/5.0 (X11; Linux x86_64; rv:140.0) Gecko/20100101 Firefox/140.0','2026-01-29 08:00:21'),
(455,'2026-01-29 11:00:21',1,'Humphrey Lidwaji','Administrator','FILTER_DATA','Prescriptions','users','doctor_list',NULL,NULL,NULL,NULL,'{\"purpose\":\"filter_dropdown\",\"filter_type\":\"doctors\"}','Fetched doctors list for prescription filter dropdown','SUCCESS','127.0.0.1','Mozilla/5.0 (X11; Linux x86_64; rv:140.0) Gecko/20100101 Firefox/140.0','2026-01-29 08:00:21'),
(456,'2026-01-29 11:00:21',1,'Humphrey Lidwaji','Administrator','FILTER_DATA','Prescriptions','inventory_items','inventory_item_list',NULL,NULL,NULL,NULL,'{\"purpose\":\"filter_dropdown\",\"filter_type\":\"inventory_items\"}','Fetched active inventory items (drugs) list for prescription filter dropdown','SUCCESS','127.0.0.1','Mozilla/5.0 (X11; Linux x86_64; rv:140.0) Gecko/20100101 Firefox/140.0','2026-01-29 08:00:21'),
(457,'2026-01-29 11:00:21',1,'Humphrey Lidwaji','Administrator','PRESCRIPTION_TODAY_SUMMARY','Prescriptions','prescriptions','prescription_summary',NULL,NULL,NULL,NULL,'{\"today_total\":\"0\",\"today_pending\":null,\"today_dispensed\":null,\"date\":\"2026-01-29\"}','Fetched today\'s prescription summary statistics','SUCCESS','127.0.0.1','Mozilla/5.0 (X11; Linux x86_64; rv:140.0) Gecko/20100101 Firefox/140.0','2026-01-29 08:00:21'),
(458,'2026-01-29 11:00:21',1,'Humphrey Lidwaji','Administrator','PAGE_SUMMARY','Prescriptions','prescriptions','prescription_management',NULL,NULL,NULL,NULL,'{\"status_filter\":\"\",\"patient_filter\":\"\",\"doctor_filter\":\"\",\"item_filter\":\"\",\"date_from\":\"\",\"date_to\":\"\",\"canned_date\":\"custom\",\"search_query\":\"\",\"sort_by\":\"p.prescription_date\",\"sort_order\":\"DESC\",\"total_records_displayed\":\"10\",\"pagination_from\":0,\"pagination_to\":10,\"statistics_summary\":{\"total_prescriptions\":\"10\",\"pending_count\":3,\"dispensed_count\":0,\"cancelled_count\":1,\"partial_count\":0,\"today_count\":0,\"week_count\":0,\"total_items\":15,\"total_amount\":0,\"billed_prescriptions\":0}}','Prescription management page loaded successfully with all data','SUCCESS','127.0.0.1','Mozilla/5.0 (X11; Linux x86_64; rv:140.0) Gecko/20100101 Firefox/140.0','2026-01-29 08:00:21'),
(459,'2026-01-29 14:44:24',1,'Humphrey Lidwaji','Administrator','LOGIN','AUTHENTICATION','users','user',1,NULL,NULL,NULL,NULL,'User Humphrey Lidwaji (lidwaji7@gmail.com) logged in successfully','SUCCESS','127.0.0.1','Mozilla/5.0 (X11; Linux x86_64; rv:140.0) Gecko/20100101 Firefox/140.0','2026-01-29 11:44:24'),
(460,'2026-01-29 14:45:26',1,'Humphrey Lidwaji','Administrator','VIEW','Prescriptions','prescriptions','prescription_list',NULL,NULL,NULL,NULL,'{\"sort_by\":\"p.prescription_date\",\"sort_order\":\"DESC\"}','Accessed prescriptions manage page','SUCCESS','127.0.0.1','Mozilla/5.0 (X11; Linux x86_64; rv:140.0) Gecko/20100101 Firefox/140.0','2026-01-29 11:45:26'),
(461,'2026-01-29 14:45:26',1,'Humphrey Lidwaji','Administrator','PRESCRIPTION_FILTER','Prescriptions','prescriptions','prescription_list',NULL,NULL,NULL,NULL,'{\"status_filter\":\"\",\"patient_filter\":\"\",\"doctor_filter\":\"\",\"item_filter\":\"\",\"date_from\":\"\",\"date_to\":\"\",\"canned_date\":\"custom\",\"search_query\":\"\",\"sort_by\":\"p.prescription_date\",\"sort_order\":\"DESC\"}','Filtered prescriptions list with parameters','SUCCESS','127.0.0.1','Mozilla/5.0 (X11; Linux x86_64; rv:140.0) Gecko/20100101 Firefox/140.0','2026-01-29 11:45:26'),
(462,'2026-01-29 14:45:26',1,'Humphrey Lidwaji','Administrator','PRESCRIPTION_QUERY','Prescriptions','prescriptions','prescription_list',NULL,NULL,NULL,NULL,'{\"total_records\":\"10\",\"limit_from\":0,\"limit_to\":10,\"filters_applied\":{\"status\":false,\"patient\":false,\"doctor\":false,\"item\":false,\"date_range\":true,\"search\":false}}','Executed prescription list query','SUCCESS','127.0.0.1','Mozilla/5.0 (X11; Linux x86_64; rv:140.0) Gecko/20100101 Firefox/140.0','2026-01-29 11:45:26'),
(463,'2026-01-29 14:45:26',1,'Humphrey Lidwaji','Administrator','PRESCRIPTION_STATS','Prescriptions','prescriptions','prescription_list',NULL,NULL,NULL,NULL,'{\"total_prescriptions\":\"10\",\"pending_prescriptions\":3,\"dispensed_prescriptions\":0,\"cancelled_prescriptions\":1,\"partial_prescriptions\":0,\"total_items\":15,\"total_amount\":0,\"today_prescriptions\":0,\"week_prescriptions\":0,\"billed_prescriptions\":0,\"prescriptions_with_items\":0,\"unique_prescription_count\":10,\"unique_patient_count\":4,\"unique_doctor_count\":1}','Calculated prescription statistics','SUCCESS','127.0.0.1','Mozilla/5.0 (X11; Linux x86_64; rv:140.0) Gecko/20100101 Firefox/140.0','2026-01-29 11:45:26'),
(464,'2026-01-29 14:45:26',1,'Humphrey Lidwaji','Administrator','FILTER_DATA','Prescriptions','patients','patient_list',NULL,NULL,NULL,NULL,'{\"purpose\":\"filter_dropdown\",\"filter_type\":\"patients\"}','Fetched active patients list for prescription filter dropdown','SUCCESS','127.0.0.1','Mozilla/5.0 (X11; Linux x86_64; rv:140.0) Gecko/20100101 Firefox/140.0','2026-01-29 11:45:26'),
(465,'2026-01-29 14:45:26',1,'Humphrey Lidwaji','Administrator','FILTER_DATA','Prescriptions','users','doctor_list',NULL,NULL,NULL,NULL,'{\"purpose\":\"filter_dropdown\",\"filter_type\":\"doctors\"}','Fetched doctors list for prescription filter dropdown','SUCCESS','127.0.0.1','Mozilla/5.0 (X11; Linux x86_64; rv:140.0) Gecko/20100101 Firefox/140.0','2026-01-29 11:45:26'),
(466,'2026-01-29 14:45:26',1,'Humphrey Lidwaji','Administrator','FILTER_DATA','Prescriptions','inventory_items','inventory_item_list',NULL,NULL,NULL,NULL,'{\"purpose\":\"filter_dropdown\",\"filter_type\":\"inventory_items\"}','Fetched active inventory items (drugs) list for prescription filter dropdown','SUCCESS','127.0.0.1','Mozilla/5.0 (X11; Linux x86_64; rv:140.0) Gecko/20100101 Firefox/140.0','2026-01-29 11:45:26'),
(467,'2026-01-29 14:45:26',1,'Humphrey Lidwaji','Administrator','PRESCRIPTION_TODAY_SUMMARY','Prescriptions','prescriptions','prescription_summary',NULL,NULL,NULL,NULL,'{\"today_total\":\"0\",\"today_pending\":null,\"today_dispensed\":null,\"date\":\"2026-01-29\"}','Fetched today\'s prescription summary statistics','SUCCESS','127.0.0.1','Mozilla/5.0 (X11; Linux x86_64; rv:140.0) Gecko/20100101 Firefox/140.0','2026-01-29 11:45:26'),
(468,'2026-01-29 14:45:26',1,'Humphrey Lidwaji','Administrator','PAGE_SUMMARY','Prescriptions','prescriptions','prescription_management',NULL,NULL,NULL,NULL,'{\"status_filter\":\"\",\"patient_filter\":\"\",\"doctor_filter\":\"\",\"item_filter\":\"\",\"date_from\":\"\",\"date_to\":\"\",\"canned_date\":\"custom\",\"search_query\":\"\",\"sort_by\":\"p.prescription_date\",\"sort_order\":\"DESC\",\"total_records_displayed\":\"10\",\"pagination_from\":0,\"pagination_to\":10,\"statistics_summary\":{\"total_prescriptions\":\"10\",\"pending_count\":3,\"dispensed_count\":0,\"cancelled_count\":1,\"partial_count\":0,\"today_count\":0,\"week_count\":0,\"total_items\":15,\"total_amount\":0,\"billed_prescriptions\":0}}','Prescription management page loaded successfully with all data','SUCCESS','127.0.0.1','Mozilla/5.0 (X11; Linux x86_64; rv:140.0) Gecko/20100101 Firefox/140.0','2026-01-29 11:45:26'),
(469,'2026-01-29 14:45:33',1,'Humphrey Lidwaji','Administrator','VIEW','Pharmacy','prescriptions','prescription',15,NULL,NULL,NULL,NULL,'Attempting to view prescription ID: 15','ATTEMPT','127.0.0.1','Mozilla/5.0 (X11; Linux x86_64; rv:140.0) Gecko/20100101 Firefox/140.0','2026-01-29 11:45:33'),
(470,'2026-01-29 14:45:33',1,'Humphrey Lidwaji','Administrator','VIEW','Pharmacy','prescriptions','prescription',15,6,15,NULL,NULL,'Accessed prescription #15 for patient: Joyce Anindo (MRN: CLINICEMR001/2026/000025)','SUCCESS','127.0.0.1','Mozilla/5.0 (X11; Linux x86_64; rv:140.0) Gecko/20100101 Firefox/140.0','2026-01-29 11:45:33'),
(471,'2026-01-29 14:54:05',1,'Humphrey Lidwaji','Administrator','VIEW','Prescriptions','prescriptions','prescription_list',NULL,NULL,NULL,NULL,'{\"sort_by\":\"p.prescription_date\",\"sort_order\":\"DESC\"}','Accessed prescriptions manage page','SUCCESS','127.0.0.1','Mozilla/5.0 (X11; Linux x86_64; rv:140.0) Gecko/20100101 Firefox/140.0','2026-01-29 11:54:05'),
(472,'2026-01-29 14:54:05',1,'Humphrey Lidwaji','Administrator','PRESCRIPTION_FILTER','Prescriptions','prescriptions','prescription_list',NULL,NULL,NULL,NULL,'{\"status_filter\":\"\",\"patient_filter\":\"\",\"doctor_filter\":\"\",\"item_filter\":\"\",\"date_from\":\"\",\"date_to\":\"\",\"canned_date\":\"custom\",\"search_query\":\"\",\"sort_by\":\"p.prescription_date\",\"sort_order\":\"DESC\"}','Filtered prescriptions list with parameters','SUCCESS','127.0.0.1','Mozilla/5.0 (X11; Linux x86_64; rv:140.0) Gecko/20100101 Firefox/140.0','2026-01-29 11:54:05'),
(473,'2026-01-29 14:54:05',1,'Humphrey Lidwaji','Administrator','PRESCRIPTION_QUERY','Prescriptions','prescriptions','prescription_list',NULL,NULL,NULL,NULL,'{\"total_records\":\"10\",\"limit_from\":0,\"limit_to\":10,\"filters_applied\":{\"status\":false,\"patient\":false,\"doctor\":false,\"item\":false,\"date_range\":true,\"search\":false}}','Executed prescription list query','SUCCESS','127.0.0.1','Mozilla/5.0 (X11; Linux x86_64; rv:140.0) Gecko/20100101 Firefox/140.0','2026-01-29 11:54:05'),
(474,'2026-01-29 14:54:05',1,'Humphrey Lidwaji','Administrator','PRESCRIPTION_STATS','Prescriptions','prescriptions','prescription_list',NULL,NULL,NULL,NULL,'{\"total_prescriptions\":\"10\",\"pending_prescriptions\":3,\"dispensed_prescriptions\":0,\"cancelled_prescriptions\":1,\"partial_prescriptions\":0,\"total_items\":15,\"total_amount\":0,\"today_prescriptions\":0,\"week_prescriptions\":0,\"billed_prescriptions\":0,\"prescriptions_with_items\":0,\"unique_prescription_count\":10,\"unique_patient_count\":4,\"unique_doctor_count\":1}','Calculated prescription statistics','SUCCESS','127.0.0.1','Mozilla/5.0 (X11; Linux x86_64; rv:140.0) Gecko/20100101 Firefox/140.0','2026-01-29 11:54:05'),
(475,'2026-01-29 14:54:05',1,'Humphrey Lidwaji','Administrator','FILTER_DATA','Prescriptions','patients','patient_list',NULL,NULL,NULL,NULL,'{\"purpose\":\"filter_dropdown\",\"filter_type\":\"patients\"}','Fetched active patients list for prescription filter dropdown','SUCCESS','127.0.0.1','Mozilla/5.0 (X11; Linux x86_64; rv:140.0) Gecko/20100101 Firefox/140.0','2026-01-29 11:54:05'),
(476,'2026-01-29 14:54:05',1,'Humphrey Lidwaji','Administrator','FILTER_DATA','Prescriptions','users','doctor_list',NULL,NULL,NULL,NULL,'{\"purpose\":\"filter_dropdown\",\"filter_type\":\"doctors\"}','Fetched doctors list for prescription filter dropdown','SUCCESS','127.0.0.1','Mozilla/5.0 (X11; Linux x86_64; rv:140.0) Gecko/20100101 Firefox/140.0','2026-01-29 11:54:05'),
(477,'2026-01-29 14:54:05',1,'Humphrey Lidwaji','Administrator','FILTER_DATA','Prescriptions','inventory_items','inventory_item_list',NULL,NULL,NULL,NULL,'{\"purpose\":\"filter_dropdown\",\"filter_type\":\"inventory_items\"}','Fetched active inventory items (drugs) list for prescription filter dropdown','SUCCESS','127.0.0.1','Mozilla/5.0 (X11; Linux x86_64; rv:140.0) Gecko/20100101 Firefox/140.0','2026-01-29 11:54:05'),
(478,'2026-01-29 14:54:05',1,'Humphrey Lidwaji','Administrator','PRESCRIPTION_TODAY_SUMMARY','Prescriptions','prescriptions','prescription_summary',NULL,NULL,NULL,NULL,'{\"today_total\":\"0\",\"today_pending\":null,\"today_dispensed\":null,\"date\":\"2026-01-29\"}','Fetched today\'s prescription summary statistics','SUCCESS','127.0.0.1','Mozilla/5.0 (X11; Linux x86_64; rv:140.0) Gecko/20100101 Firefox/140.0','2026-01-29 11:54:05'),
(479,'2026-01-29 14:54:05',1,'Humphrey Lidwaji','Administrator','PAGE_SUMMARY','Prescriptions','prescriptions','prescription_management',NULL,NULL,NULL,NULL,'{\"status_filter\":\"\",\"patient_filter\":\"\",\"doctor_filter\":\"\",\"item_filter\":\"\",\"date_from\":\"\",\"date_to\":\"\",\"canned_date\":\"custom\",\"search_query\":\"\",\"sort_by\":\"p.prescription_date\",\"sort_order\":\"DESC\",\"total_records_displayed\":\"10\",\"pagination_from\":0,\"pagination_to\":10,\"statistics_summary\":{\"total_prescriptions\":\"10\",\"pending_count\":3,\"dispensed_count\":0,\"cancelled_count\":1,\"partial_count\":0,\"today_count\":0,\"week_count\":0,\"total_items\":15,\"total_amount\":0,\"billed_prescriptions\":0}}','Prescription management page loaded successfully with all data','SUCCESS','127.0.0.1','Mozilla/5.0 (X11; Linux x86_64; rv:140.0) Gecko/20100101 Firefox/140.0','2026-01-29 11:54:05'),
(480,'2026-01-29 14:57:37',1,'Humphrey Lidwaji','Administrator','VIEW','Pharmacy','prescriptions','prescription',15,NULL,NULL,NULL,NULL,'Attempting to view prescription ID: 15','ATTEMPT','127.0.0.1','Mozilla/5.0 (X11; Linux x86_64; rv:140.0) Gecko/20100101 Firefox/140.0','2026-01-29 11:57:37'),
(481,'2026-01-29 14:57:37',1,'Humphrey Lidwaji','Administrator','VIEW','Pharmacy','prescriptions','prescription',15,6,15,NULL,NULL,'Accessed prescription #15 for patient: Joyce Anindo (MRN: CLINICEMR001/2026/000025)','SUCCESS','127.0.0.1','Mozilla/5.0 (X11; Linux x86_64; rv:140.0) Gecko/20100101 Firefox/140.0','2026-01-29 11:57:37'),
(482,'2026-01-29 14:58:47',1,'Humphrey Lidwaji','Administrator','VIEW','Pharmacy','prescriptions','prescription',15,NULL,NULL,NULL,NULL,'Attempting to view prescription ID: 15','ATTEMPT','127.0.0.1','Mozilla/5.0 (X11; Linux x86_64; rv:140.0) Gecko/20100101 Firefox/140.0','2026-01-29 11:58:47'),
(483,'2026-01-29 14:58:47',1,'Humphrey Lidwaji','Administrator','VIEW','Pharmacy','prescriptions','prescription',15,6,15,NULL,NULL,'Accessed prescription #15 for patient: Joyce Anindo (MRN: CLINICEMR001/2026/000025)','SUCCESS','127.0.0.1','Mozilla/5.0 (X11; Linux x86_64; rv:140.0) Gecko/20100101 Firefox/140.0','2026-01-29 11:58:47'),
(484,'2026-01-29 14:59:30',1,'Humphrey Lidwaji','Administrator','VIEW','Prescriptions','prescriptions','prescription_list',NULL,NULL,NULL,NULL,'{\"sort_by\":\"p.prescription_date\",\"sort_order\":\"DESC\"}','Accessed prescriptions manage page','SUCCESS','127.0.0.1','Mozilla/5.0 (X11; Linux x86_64; rv:140.0) Gecko/20100101 Firefox/140.0','2026-01-29 11:59:30'),
(485,'2026-01-29 14:59:30',1,'Humphrey Lidwaji','Administrator','PRESCRIPTION_FILTER','Prescriptions','prescriptions','prescription_list',NULL,NULL,NULL,NULL,'{\"status_filter\":\"\",\"patient_filter\":\"\",\"doctor_filter\":\"\",\"item_filter\":\"\",\"date_from\":\"\",\"date_to\":\"\",\"canned_date\":\"custom\",\"search_query\":\"\",\"sort_by\":\"p.prescription_date\",\"sort_order\":\"DESC\"}','Filtered prescriptions list with parameters','SUCCESS','127.0.0.1','Mozilla/5.0 (X11; Linux x86_64; rv:140.0) Gecko/20100101 Firefox/140.0','2026-01-29 11:59:30'),
(486,'2026-01-29 14:59:30',1,'Humphrey Lidwaji','Administrator','PRESCRIPTION_QUERY','Prescriptions','prescriptions','prescription_list',NULL,NULL,NULL,NULL,'{\"total_records\":\"10\",\"limit_from\":0,\"limit_to\":10,\"filters_applied\":{\"status\":false,\"patient\":false,\"doctor\":false,\"item\":false,\"date_range\":true,\"search\":false}}','Executed prescription list query','SUCCESS','127.0.0.1','Mozilla/5.0 (X11; Linux x86_64; rv:140.0) Gecko/20100101 Firefox/140.0','2026-01-29 11:59:30'),
(487,'2026-01-29 14:59:30',1,'Humphrey Lidwaji','Administrator','PRESCRIPTION_STATS','Prescriptions','prescriptions','prescription_list',NULL,NULL,NULL,NULL,'{\"total_prescriptions\":\"10\",\"pending_prescriptions\":3,\"dispensed_prescriptions\":0,\"cancelled_prescriptions\":1,\"partial_prescriptions\":0,\"total_items\":15,\"total_amount\":0,\"today_prescriptions\":0,\"week_prescriptions\":0,\"billed_prescriptions\":0,\"prescriptions_with_items\":0,\"unique_prescription_count\":10,\"unique_patient_count\":4,\"unique_doctor_count\":1}','Calculated prescription statistics','SUCCESS','127.0.0.1','Mozilla/5.0 (X11; Linux x86_64; rv:140.0) Gecko/20100101 Firefox/140.0','2026-01-29 11:59:30'),
(488,'2026-01-29 14:59:30',1,'Humphrey Lidwaji','Administrator','FILTER_DATA','Prescriptions','patients','patient_list',NULL,NULL,NULL,NULL,'{\"purpose\":\"filter_dropdown\",\"filter_type\":\"patients\"}','Fetched active patients list for prescription filter dropdown','SUCCESS','127.0.0.1','Mozilla/5.0 (X11; Linux x86_64; rv:140.0) Gecko/20100101 Firefox/140.0','2026-01-29 11:59:30'),
(489,'2026-01-29 14:59:30',1,'Humphrey Lidwaji','Administrator','FILTER_DATA','Prescriptions','users','doctor_list',NULL,NULL,NULL,NULL,'{\"purpose\":\"filter_dropdown\",\"filter_type\":\"doctors\"}','Fetched doctors list for prescription filter dropdown','SUCCESS','127.0.0.1','Mozilla/5.0 (X11; Linux x86_64; rv:140.0) Gecko/20100101 Firefox/140.0','2026-01-29 11:59:30'),
(490,'2026-01-29 14:59:30',1,'Humphrey Lidwaji','Administrator','FILTER_DATA','Prescriptions','inventory_items','inventory_item_list',NULL,NULL,NULL,NULL,'{\"purpose\":\"filter_dropdown\",\"filter_type\":\"inventory_items\"}','Fetched active inventory items (drugs) list for prescription filter dropdown','SUCCESS','127.0.0.1','Mozilla/5.0 (X11; Linux x86_64; rv:140.0) Gecko/20100101 Firefox/140.0','2026-01-29 11:59:30'),
(491,'2026-01-29 14:59:30',1,'Humphrey Lidwaji','Administrator','PRESCRIPTION_TODAY_SUMMARY','Prescriptions','prescriptions','prescription_summary',NULL,NULL,NULL,NULL,'{\"today_total\":\"0\",\"today_pending\":null,\"today_dispensed\":null,\"date\":\"2026-01-29\"}','Fetched today\'s prescription summary statistics','SUCCESS','127.0.0.1','Mozilla/5.0 (X11; Linux x86_64; rv:140.0) Gecko/20100101 Firefox/140.0','2026-01-29 11:59:30'),
(492,'2026-01-29 14:59:30',1,'Humphrey Lidwaji','Administrator','PAGE_SUMMARY','Prescriptions','prescriptions','prescription_management',NULL,NULL,NULL,NULL,'{\"status_filter\":\"\",\"patient_filter\":\"\",\"doctor_filter\":\"\",\"item_filter\":\"\",\"date_from\":\"\",\"date_to\":\"\",\"canned_date\":\"custom\",\"search_query\":\"\",\"sort_by\":\"p.prescription_date\",\"sort_order\":\"DESC\",\"total_records_displayed\":\"10\",\"pagination_from\":0,\"pagination_to\":10,\"statistics_summary\":{\"total_prescriptions\":\"10\",\"pending_count\":3,\"dispensed_count\":0,\"cancelled_count\":1,\"partial_count\":0,\"today_count\":0,\"week_count\":0,\"total_items\":15,\"total_amount\":0,\"billed_prescriptions\":0}}','Prescription management page loaded successfully with all data','SUCCESS','127.0.0.1','Mozilla/5.0 (X11; Linux x86_64; rv:140.0) Gecko/20100101 Firefox/140.0','2026-01-29 11:59:30'),
(493,'2026-01-29 14:59:35',1,'Humphrey Lidwaji','Administrator','VIEW','Pharmacy','prescriptions','prescription',14,NULL,NULL,NULL,NULL,'Attempting to view prescription ID: 14','ATTEMPT','127.0.0.1','Mozilla/5.0 (X11; Linux x86_64; rv:140.0) Gecko/20100101 Firefox/140.0','2026-01-29 11:59:35'),
(494,'2026-01-29 14:59:35',1,'Humphrey Lidwaji','Administrator','VIEW','Pharmacy','prescriptions','prescription',14,5,14,NULL,NULL,'Accessed prescription #14 for patient: FLORENCE KAGEHA (MRN: CLINICEMR001/2026/000021)','SUCCESS','127.0.0.1','Mozilla/5.0 (X11; Linux x86_64; rv:140.0) Gecko/20100101 Firefox/140.0','2026-01-29 11:59:35'),
(495,'2026-01-29 15:00:26',1,'Humphrey Lidwaji','Administrator','VIEW','Pharmacy','prescriptions','prescription',14,NULL,NULL,NULL,NULL,'Attempting to view prescription ID: 14','ATTEMPT','127.0.0.1','Mozilla/5.0 (X11; Linux x86_64; rv:140.0) Gecko/20100101 Firefox/140.0','2026-01-29 12:00:26'),
(496,'2026-01-29 15:00:26',1,'Humphrey Lidwaji','Administrator','VIEW','Pharmacy','prescriptions','prescription',14,5,14,NULL,NULL,'Accessed prescription #14 for patient: FLORENCE KAGEHA (MRN: CLINICEMR001/2026/000021)','SUCCESS','127.0.0.1','Mozilla/5.0 (X11; Linux x86_64; rv:140.0) Gecko/20100101 Firefox/140.0','2026-01-29 12:00:26'),
(497,'2026-01-29 15:00:56',1,'Humphrey Lidwaji','Administrator','VIEW','Pharmacy','prescriptions','prescription',14,NULL,NULL,NULL,NULL,'Attempting to view prescription ID: 14','ATTEMPT','127.0.0.1','Mozilla/5.0 (X11; Linux x86_64; rv:140.0) Gecko/20100101 Firefox/140.0','2026-01-29 12:00:56'),
(498,'2026-01-29 15:00:56',1,'Humphrey Lidwaji','Administrator','VIEW','Pharmacy','prescriptions','prescription',14,5,14,NULL,NULL,'Accessed prescription #14 for patient: FLORENCE KAGEHA (MRN: CLINICEMR001/2026/000021)','SUCCESS','127.0.0.1','Mozilla/5.0 (X11; Linux x86_64; rv:140.0) Gecko/20100101 Firefox/140.0','2026-01-29 12:00:56'),
(499,'2026-01-29 15:01:23',1,'Humphrey Lidwaji','Administrator','VIEW','Pharmacy','prescriptions','prescription',14,NULL,NULL,NULL,NULL,'Attempting to view prescription ID: 14','ATTEMPT','127.0.0.1','Mozilla/5.0 (X11; Linux x86_64; rv:140.0) Gecko/20100101 Firefox/140.0','2026-01-29 12:01:23'),
(500,'2026-01-29 15:01:23',1,'Humphrey Lidwaji','Administrator','VIEW','Pharmacy','prescriptions','prescription',14,5,14,NULL,NULL,'Accessed prescription #14 for patient: FLORENCE KAGEHA (MRN: CLINICEMR001/2026/000021)','SUCCESS','127.0.0.1','Mozilla/5.0 (X11; Linux x86_64; rv:140.0) Gecko/20100101 Firefox/140.0','2026-01-29 12:01:23'),
(501,'2026-01-29 15:01:43',1,'Humphrey Lidwaji','Administrator','VIEW','Pharmacy','prescriptions','prescription',14,NULL,NULL,NULL,NULL,'Attempting to view prescription ID: 14','ATTEMPT','127.0.0.1','Mozilla/5.0 (X11; Linux x86_64; rv:140.0) Gecko/20100101 Firefox/140.0','2026-01-29 12:01:43'),
(502,'2026-01-29 15:01:43',1,'Humphrey Lidwaji','Administrator','VIEW','Pharmacy','prescriptions','prescription',14,5,14,NULL,NULL,'Accessed prescription #14 for patient: FLORENCE KAGEHA (MRN: CLINICEMR001/2026/000021)','SUCCESS','127.0.0.1','Mozilla/5.0 (X11; Linux x86_64; rv:140.0) Gecko/20100101 Firefox/140.0','2026-01-29 12:01:43'),
(503,'2026-01-29 15:02:16',1,'Humphrey Lidwaji','Administrator','ACCESS','Pharmacy','prescriptions','prescription',14,NULL,NULL,NULL,NULL,'Attempting to access dispensing page for prescription ID: 14','ATTEMPT','127.0.0.1','Mozilla/5.0 (X11; Linux x86_64; rv:140.0) Gecko/20100101 Firefox/140.0','2026-01-29 12:02:16'),
(504,'2026-01-29 15:02:16',1,'Humphrey Lidwaji','Administrator','VIEW','Pharmacy','prescriptions','prescription',14,5,14,NULL,NULL,'Accessed dispensing page for prescription #14 (Patient: FLORENCE KAGEHA)','SUCCESS','127.0.0.1','Mozilla/5.0 (X11; Linux x86_64; rv:140.0) Gecko/20100101 Firefox/140.0','2026-01-29 12:02:16'),
(505,'2026-01-29 15:03:23',1,'Humphrey Lidwaji','Administrator','VIEW','Pharmacy','prescriptions','prescription',14,NULL,NULL,NULL,NULL,'Attempting to view prescription ID: 14','ATTEMPT','127.0.0.1','Mozilla/5.0 (X11; Linux x86_64; rv:140.0) Gecko/20100101 Firefox/140.0','2026-01-29 12:03:23'),
(506,'2026-01-29 15:03:23',1,'Humphrey Lidwaji','Administrator','VIEW','Pharmacy','prescriptions','prescription',14,5,14,NULL,NULL,'Accessed prescription #14 for patient: FLORENCE KAGEHA (MRN: CLINICEMR001/2026/000021)','SUCCESS','127.0.0.1','Mozilla/5.0 (X11; Linux x86_64; rv:140.0) Gecko/20100101 Firefox/140.0','2026-01-29 12:03:23'),
(507,'2026-01-29 15:03:49',1,'Humphrey Lidwaji','Administrator','VIEW','Prescriptions','prescriptions','prescription_list',NULL,NULL,NULL,NULL,'{\"sort_by\":\"p.prescription_date\",\"sort_order\":\"DESC\"}','Accessed prescriptions manage page','SUCCESS','127.0.0.1','Mozilla/5.0 (X11; Linux x86_64; rv:140.0) Gecko/20100101 Firefox/140.0','2026-01-29 12:03:49'),
(508,'2026-01-29 15:03:49',1,'Humphrey Lidwaji','Administrator','PRESCRIPTION_FILTER','Prescriptions','prescriptions','prescription_list',NULL,NULL,NULL,NULL,'{\"status_filter\":\"\",\"patient_filter\":\"\",\"doctor_filter\":\"\",\"item_filter\":\"\",\"date_from\":\"\",\"date_to\":\"\",\"canned_date\":\"custom\",\"search_query\":\"\",\"sort_by\":\"p.prescription_date\",\"sort_order\":\"DESC\"}','Filtered prescriptions list with parameters','SUCCESS','127.0.0.1','Mozilla/5.0 (X11; Linux x86_64; rv:140.0) Gecko/20100101 Firefox/140.0','2026-01-29 12:03:49'),
(509,'2026-01-29 15:03:49',1,'Humphrey Lidwaji','Administrator','PRESCRIPTION_QUERY','Prescriptions','prescriptions','prescription_list',NULL,NULL,NULL,NULL,'{\"total_records\":\"10\",\"limit_from\":0,\"limit_to\":10,\"filters_applied\":{\"status\":false,\"patient\":false,\"doctor\":false,\"item\":false,\"date_range\":true,\"search\":false}}','Executed prescription list query','SUCCESS','127.0.0.1','Mozilla/5.0 (X11; Linux x86_64; rv:140.0) Gecko/20100101 Firefox/140.0','2026-01-29 12:03:49'),
(510,'2026-01-29 15:03:49',1,'Humphrey Lidwaji','Administrator','PRESCRIPTION_STATS','Prescriptions','prescriptions','prescription_list',NULL,NULL,NULL,NULL,'{\"total_prescriptions\":\"10\",\"pending_prescriptions\":3,\"dispensed_prescriptions\":0,\"cancelled_prescriptions\":1,\"partial_prescriptions\":0,\"total_items\":15,\"total_amount\":0,\"today_prescriptions\":0,\"week_prescriptions\":0,\"billed_prescriptions\":0,\"prescriptions_with_items\":0,\"unique_prescription_count\":10,\"unique_patient_count\":4,\"unique_doctor_count\":1}','Calculated prescription statistics','SUCCESS','127.0.0.1','Mozilla/5.0 (X11; Linux x86_64; rv:140.0) Gecko/20100101 Firefox/140.0','2026-01-29 12:03:49'),
(511,'2026-01-29 15:03:49',1,'Humphrey Lidwaji','Administrator','FILTER_DATA','Prescriptions','patients','patient_list',NULL,NULL,NULL,NULL,'{\"purpose\":\"filter_dropdown\",\"filter_type\":\"patients\"}','Fetched active patients list for prescription filter dropdown','SUCCESS','127.0.0.1','Mozilla/5.0 (X11; Linux x86_64; rv:140.0) Gecko/20100101 Firefox/140.0','2026-01-29 12:03:49'),
(512,'2026-01-29 15:03:49',1,'Humphrey Lidwaji','Administrator','FILTER_DATA','Prescriptions','users','doctor_list',NULL,NULL,NULL,NULL,'{\"purpose\":\"filter_dropdown\",\"filter_type\":\"doctors\"}','Fetched doctors list for prescription filter dropdown','SUCCESS','127.0.0.1','Mozilla/5.0 (X11; Linux x86_64; rv:140.0) Gecko/20100101 Firefox/140.0','2026-01-29 12:03:49'),
(513,'2026-01-29 15:03:49',1,'Humphrey Lidwaji','Administrator','FILTER_DATA','Prescriptions','inventory_items','inventory_item_list',NULL,NULL,NULL,NULL,'{\"purpose\":\"filter_dropdown\",\"filter_type\":\"inventory_items\"}','Fetched active inventory items (drugs) list for prescription filter dropdown','SUCCESS','127.0.0.1','Mozilla/5.0 (X11; Linux x86_64; rv:140.0) Gecko/20100101 Firefox/140.0','2026-01-29 12:03:49'),
(514,'2026-01-29 15:03:49',1,'Humphrey Lidwaji','Administrator','PRESCRIPTION_TODAY_SUMMARY','Prescriptions','prescriptions','prescription_summary',NULL,NULL,NULL,NULL,'{\"today_total\":\"0\",\"today_pending\":null,\"today_dispensed\":null,\"date\":\"2026-01-29\"}','Fetched today\'s prescription summary statistics','SUCCESS','127.0.0.1','Mozilla/5.0 (X11; Linux x86_64; rv:140.0) Gecko/20100101 Firefox/140.0','2026-01-29 12:03:49'),
(515,'2026-01-29 15:03:49',1,'Humphrey Lidwaji','Administrator','PAGE_SUMMARY','Prescriptions','prescriptions','prescription_management',NULL,NULL,NULL,NULL,'{\"status_filter\":\"\",\"patient_filter\":\"\",\"doctor_filter\":\"\",\"item_filter\":\"\",\"date_from\":\"\",\"date_to\":\"\",\"canned_date\":\"custom\",\"search_query\":\"\",\"sort_by\":\"p.prescription_date\",\"sort_order\":\"DESC\",\"total_records_displayed\":\"10\",\"pagination_from\":0,\"pagination_to\":10,\"statistics_summary\":{\"total_prescriptions\":\"10\",\"pending_count\":3,\"dispensed_count\":0,\"cancelled_count\":1,\"partial_count\":0,\"today_count\":0,\"week_count\":0,\"total_items\":15,\"total_amount\":0,\"billed_prescriptions\":0}}','Prescription management page loaded successfully with all data','SUCCESS','127.0.0.1','Mozilla/5.0 (X11; Linux x86_64; rv:140.0) Gecko/20100101 Firefox/140.0','2026-01-29 12:03:49'),
(516,'2026-01-29 15:03:56',1,'Humphrey Lidwaji','Administrator','VIEW','Pharmacy','prescriptions','prescription',11,NULL,NULL,NULL,NULL,'Attempting to view prescription ID: 11','ATTEMPT','127.0.0.1','Mozilla/5.0 (X11; Linux x86_64; rv:140.0) Gecko/20100101 Firefox/140.0','2026-01-29 12:03:56'),
(517,'2026-01-29 15:03:56',1,'Humphrey Lidwaji','Administrator','VIEW','Pharmacy','prescriptions','prescription',11,5,11,NULL,NULL,'Accessed prescription #11 for patient: FLORENCE KAGEHA (MRN: CLINICEMR001/2026/000021)','SUCCESS','127.0.0.1','Mozilla/5.0 (X11; Linux x86_64; rv:140.0) Gecko/20100101 Firefox/140.0','2026-01-29 12:03:56'),
(518,'2026-01-29 15:04:01',1,'Humphrey Lidwaji','Administrator','VIEW','Prescriptions','prescriptions','prescription_list',NULL,NULL,NULL,NULL,'{\"sort_by\":\"p.prescription_date\",\"sort_order\":\"DESC\"}','Accessed prescriptions manage page','SUCCESS','127.0.0.1','Mozilla/5.0 (X11; Linux x86_64; rv:140.0) Gecko/20100101 Firefox/140.0','2026-01-29 12:04:01'),
(519,'2026-01-29 15:04:01',1,'Humphrey Lidwaji','Administrator','PRESCRIPTION_FILTER','Prescriptions','prescriptions','prescription_list',NULL,NULL,NULL,NULL,'{\"status_filter\":\"\",\"patient_filter\":\"\",\"doctor_filter\":\"\",\"item_filter\":\"\",\"date_from\":\"\",\"date_to\":\"\",\"canned_date\":\"custom\",\"search_query\":\"\",\"sort_by\":\"p.prescription_date\",\"sort_order\":\"DESC\"}','Filtered prescriptions list with parameters','SUCCESS','127.0.0.1','Mozilla/5.0 (X11; Linux x86_64; rv:140.0) Gecko/20100101 Firefox/140.0','2026-01-29 12:04:01'),
(520,'2026-01-29 15:04:01',1,'Humphrey Lidwaji','Administrator','PRESCRIPTION_QUERY','Prescriptions','prescriptions','prescription_list',NULL,NULL,NULL,NULL,'{\"total_records\":\"10\",\"limit_from\":0,\"limit_to\":10,\"filters_applied\":{\"status\":false,\"patient\":false,\"doctor\":false,\"item\":false,\"date_range\":true,\"search\":false}}','Executed prescription list query','SUCCESS','127.0.0.1','Mozilla/5.0 (X11; Linux x86_64; rv:140.0) Gecko/20100101 Firefox/140.0','2026-01-29 12:04:01'),
(521,'2026-01-29 15:04:01',1,'Humphrey Lidwaji','Administrator','PRESCRIPTION_STATS','Prescriptions','prescriptions','prescription_list',NULL,NULL,NULL,NULL,'{\"total_prescriptions\":\"10\",\"pending_prescriptions\":3,\"dispensed_prescriptions\":0,\"cancelled_prescriptions\":1,\"partial_prescriptions\":0,\"total_items\":15,\"total_amount\":0,\"today_prescriptions\":0,\"week_prescriptions\":0,\"billed_prescriptions\":0,\"prescriptions_with_items\":0,\"unique_prescription_count\":10,\"unique_patient_count\":4,\"unique_doctor_count\":1}','Calculated prescription statistics','SUCCESS','127.0.0.1','Mozilla/5.0 (X11; Linux x86_64; rv:140.0) Gecko/20100101 Firefox/140.0','2026-01-29 12:04:01'),
(522,'2026-01-29 15:04:01',1,'Humphrey Lidwaji','Administrator','FILTER_DATA','Prescriptions','patients','patient_list',NULL,NULL,NULL,NULL,'{\"purpose\":\"filter_dropdown\",\"filter_type\":\"patients\"}','Fetched active patients list for prescription filter dropdown','SUCCESS','127.0.0.1','Mozilla/5.0 (X11; Linux x86_64; rv:140.0) Gecko/20100101 Firefox/140.0','2026-01-29 12:04:01'),
(523,'2026-01-29 15:04:01',1,'Humphrey Lidwaji','Administrator','FILTER_DATA','Prescriptions','users','doctor_list',NULL,NULL,NULL,NULL,'{\"purpose\":\"filter_dropdown\",\"filter_type\":\"doctors\"}','Fetched doctors list for prescription filter dropdown','SUCCESS','127.0.0.1','Mozilla/5.0 (X11; Linux x86_64; rv:140.0) Gecko/20100101 Firefox/140.0','2026-01-29 12:04:01'),
(524,'2026-01-29 15:04:01',1,'Humphrey Lidwaji','Administrator','FILTER_DATA','Prescriptions','inventory_items','inventory_item_list',NULL,NULL,NULL,NULL,'{\"purpose\":\"filter_dropdown\",\"filter_type\":\"inventory_items\"}','Fetched active inventory items (drugs) list for prescription filter dropdown','SUCCESS','127.0.0.1','Mozilla/5.0 (X11; Linux x86_64; rv:140.0) Gecko/20100101 Firefox/140.0','2026-01-29 12:04:01'),
(525,'2026-01-29 15:04:01',1,'Humphrey Lidwaji','Administrator','PRESCRIPTION_TODAY_SUMMARY','Prescriptions','prescriptions','prescription_summary',NULL,NULL,NULL,NULL,'{\"today_total\":\"0\",\"today_pending\":null,\"today_dispensed\":null,\"date\":\"2026-01-29\"}','Fetched today\'s prescription summary statistics','SUCCESS','127.0.0.1','Mozilla/5.0 (X11; Linux x86_64; rv:140.0) Gecko/20100101 Firefox/140.0','2026-01-29 12:04:01'),
(526,'2026-01-29 15:04:01',1,'Humphrey Lidwaji','Administrator','PAGE_SUMMARY','Prescriptions','prescriptions','prescription_management',NULL,NULL,NULL,NULL,'{\"status_filter\":\"\",\"patient_filter\":\"\",\"doctor_filter\":\"\",\"item_filter\":\"\",\"date_from\":\"\",\"date_to\":\"\",\"canned_date\":\"custom\",\"search_query\":\"\",\"sort_by\":\"p.prescription_date\",\"sort_order\":\"DESC\",\"total_records_displayed\":\"10\",\"pagination_from\":0,\"pagination_to\":10,\"statistics_summary\":{\"total_prescriptions\":\"10\",\"pending_count\":3,\"dispensed_count\":0,\"cancelled_count\":1,\"partial_count\":0,\"today_count\":0,\"week_count\":0,\"total_items\":15,\"total_amount\":0,\"billed_prescriptions\":0}}','Prescription management page loaded successfully with all data','SUCCESS','127.0.0.1','Mozilla/5.0 (X11; Linux x86_64; rv:140.0) Gecko/20100101 Firefox/140.0','2026-01-29 12:04:01'),
(527,'2026-01-29 15:04:05',1,'Humphrey Lidwaji','Administrator','VIEW','Pharmacy','prescriptions','prescription',7,NULL,NULL,NULL,NULL,'Attempting to view prescription ID: 7','ATTEMPT','127.0.0.1','Mozilla/5.0 (X11; Linux x86_64; rv:140.0) Gecko/20100101 Firefox/140.0','2026-01-29 12:04:05'),
(528,'2026-01-29 15:04:05',1,'Humphrey Lidwaji','Administrator','VIEW','Pharmacy','prescriptions','prescription',7,NULL,NULL,NULL,NULL,'Accessed prescription #7 for patient:   (MRN: )','SUCCESS','127.0.0.1','Mozilla/5.0 (X11; Linux x86_64; rv:140.0) Gecko/20100101 Firefox/140.0','2026-01-29 12:04:05'),
(529,'2026-01-29 15:04:28',1,'Humphrey Lidwaji','Administrator','VIEW','Prescriptions','prescriptions','prescription_list',NULL,NULL,NULL,NULL,'{\"sort_by\":\"p.prescription_date\",\"sort_order\":\"DESC\"}','Accessed prescriptions manage page','SUCCESS','127.0.0.1','Mozilla/5.0 (X11; Linux x86_64; rv:140.0) Gecko/20100101 Firefox/140.0','2026-01-29 12:04:28'),
(530,'2026-01-29 15:04:28',1,'Humphrey Lidwaji','Administrator','PRESCRIPTION_FILTER','Prescriptions','prescriptions','prescription_list',NULL,NULL,NULL,NULL,'{\"status_filter\":\"\",\"patient_filter\":\"\",\"doctor_filter\":\"\",\"item_filter\":\"\",\"date_from\":\"\",\"date_to\":\"\",\"canned_date\":\"custom\",\"search_query\":\"\",\"sort_by\":\"p.prescription_date\",\"sort_order\":\"DESC\"}','Filtered prescriptions list with parameters','SUCCESS','127.0.0.1','Mozilla/5.0 (X11; Linux x86_64; rv:140.0) Gecko/20100101 Firefox/140.0','2026-01-29 12:04:28'),
(531,'2026-01-29 15:04:28',1,'Humphrey Lidwaji','Administrator','PRESCRIPTION_QUERY','Prescriptions','prescriptions','prescription_list',NULL,NULL,NULL,NULL,'{\"total_records\":\"10\",\"limit_from\":0,\"limit_to\":10,\"filters_applied\":{\"status\":false,\"patient\":false,\"doctor\":false,\"item\":false,\"date_range\":true,\"search\":false}}','Executed prescription list query','SUCCESS','127.0.0.1','Mozilla/5.0 (X11; Linux x86_64; rv:140.0) Gecko/20100101 Firefox/140.0','2026-01-29 12:04:28'),
(532,'2026-01-29 15:04:28',1,'Humphrey Lidwaji','Administrator','PRESCRIPTION_STATS','Prescriptions','prescriptions','prescription_list',NULL,NULL,NULL,NULL,'{\"total_prescriptions\":\"10\",\"pending_prescriptions\":3,\"dispensed_prescriptions\":0,\"cancelled_prescriptions\":1,\"partial_prescriptions\":0,\"total_items\":15,\"total_amount\":0,\"today_prescriptions\":0,\"week_prescriptions\":0,\"billed_prescriptions\":0,\"prescriptions_with_items\":0,\"unique_prescription_count\":10,\"unique_patient_count\":4,\"unique_doctor_count\":1}','Calculated prescription statistics','SUCCESS','127.0.0.1','Mozilla/5.0 (X11; Linux x86_64; rv:140.0) Gecko/20100101 Firefox/140.0','2026-01-29 12:04:28'),
(533,'2026-01-29 15:04:28',1,'Humphrey Lidwaji','Administrator','FILTER_DATA','Prescriptions','patients','patient_list',NULL,NULL,NULL,NULL,'{\"purpose\":\"filter_dropdown\",\"filter_type\":\"patients\"}','Fetched active patients list for prescription filter dropdown','SUCCESS','127.0.0.1','Mozilla/5.0 (X11; Linux x86_64; rv:140.0) Gecko/20100101 Firefox/140.0','2026-01-29 12:04:28'),
(534,'2026-01-29 15:04:28',1,'Humphrey Lidwaji','Administrator','FILTER_DATA','Prescriptions','users','doctor_list',NULL,NULL,NULL,NULL,'{\"purpose\":\"filter_dropdown\",\"filter_type\":\"doctors\"}','Fetched doctors list for prescription filter dropdown','SUCCESS','127.0.0.1','Mozilla/5.0 (X11; Linux x86_64; rv:140.0) Gecko/20100101 Firefox/140.0','2026-01-29 12:04:28'),
(535,'2026-01-29 15:04:28',1,'Humphrey Lidwaji','Administrator','FILTER_DATA','Prescriptions','inventory_items','inventory_item_list',NULL,NULL,NULL,NULL,'{\"purpose\":\"filter_dropdown\",\"filter_type\":\"inventory_items\"}','Fetched active inventory items (drugs) list for prescription filter dropdown','SUCCESS','127.0.0.1','Mozilla/5.0 (X11; Linux x86_64; rv:140.0) Gecko/20100101 Firefox/140.0','2026-01-29 12:04:28'),
(536,'2026-01-29 15:04:28',1,'Humphrey Lidwaji','Administrator','PRESCRIPTION_TODAY_SUMMARY','Prescriptions','prescriptions','prescription_summary',NULL,NULL,NULL,NULL,'{\"today_total\":\"0\",\"today_pending\":null,\"today_dispensed\":null,\"date\":\"2026-01-29\"}','Fetched today\'s prescription summary statistics','SUCCESS','127.0.0.1','Mozilla/5.0 (X11; Linux x86_64; rv:140.0) Gecko/20100101 Firefox/140.0','2026-01-29 12:04:28'),
(537,'2026-01-29 15:04:28',1,'Humphrey Lidwaji','Administrator','PAGE_SUMMARY','Prescriptions','prescriptions','prescription_management',NULL,NULL,NULL,NULL,'{\"status_filter\":\"\",\"patient_filter\":\"\",\"doctor_filter\":\"\",\"item_filter\":\"\",\"date_from\":\"\",\"date_to\":\"\",\"canned_date\":\"custom\",\"search_query\":\"\",\"sort_by\":\"p.prescription_date\",\"sort_order\":\"DESC\",\"total_records_displayed\":\"10\",\"pagination_from\":0,\"pagination_to\":10,\"statistics_summary\":{\"total_prescriptions\":\"10\",\"pending_count\":3,\"dispensed_count\":0,\"cancelled_count\":1,\"partial_count\":0,\"today_count\":0,\"week_count\":0,\"total_items\":15,\"total_amount\":0,\"billed_prescriptions\":0}}','Prescription management page loaded successfully with all data','SUCCESS','127.0.0.1','Mozilla/5.0 (X11; Linux x86_64; rv:140.0) Gecko/20100101 Firefox/140.0','2026-01-29 12:04:28'),
(538,'2026-01-29 15:12:53',1,'Humphrey Lidwaji','Administrator','VIEW','Prescriptions','prescriptions','prescription_list',NULL,NULL,NULL,NULL,'{\"sort_by\":\"p.prescription_date\",\"sort_order\":\"DESC\"}','Accessed prescriptions manage page','SUCCESS','127.0.0.1','Mozilla/5.0 (X11; Linux x86_64; rv:140.0) Gecko/20100101 Firefox/140.0','2026-01-29 12:12:53'),
(539,'2026-01-29 15:12:53',1,'Humphrey Lidwaji','Administrator','PRESCRIPTION_FILTER','Prescriptions','prescriptions','prescription_list',NULL,NULL,NULL,NULL,'{\"status_filter\":\"\",\"patient_filter\":\"\",\"doctor_filter\":\"\",\"item_filter\":\"\",\"date_from\":\"\",\"date_to\":\"\",\"canned_date\":\"custom\",\"search_query\":\"\",\"sort_by\":\"p.prescription_date\",\"sort_order\":\"DESC\"}','Filtered prescriptions list with parameters','SUCCESS','127.0.0.1','Mozilla/5.0 (X11; Linux x86_64; rv:140.0) Gecko/20100101 Firefox/140.0','2026-01-29 12:12:53'),
(540,'2026-01-29 15:12:53',1,'Humphrey Lidwaji','Administrator','PRESCRIPTION_QUERY','Prescriptions','prescriptions','prescription_list',NULL,NULL,NULL,NULL,'{\"total_records\":\"10\",\"limit_from\":0,\"limit_to\":10,\"filters_applied\":{\"status\":false,\"patient\":false,\"doctor\":false,\"item\":false,\"date_range\":true,\"search\":false}}','Executed prescription list query','SUCCESS','127.0.0.1','Mozilla/5.0 (X11; Linux x86_64; rv:140.0) Gecko/20100101 Firefox/140.0','2026-01-29 12:12:53'),
(541,'2026-01-29 15:12:53',1,'Humphrey Lidwaji','Administrator','PRESCRIPTION_STATS','Prescriptions','prescriptions','prescription_list',NULL,NULL,NULL,NULL,'{\"total_prescriptions\":\"10\",\"pending_prescriptions\":3,\"dispensed_prescriptions\":0,\"cancelled_prescriptions\":1,\"partial_prescriptions\":0,\"total_items\":15,\"total_amount\":0,\"today_prescriptions\":0,\"week_prescriptions\":0,\"billed_prescriptions\":0,\"prescriptions_with_items\":0,\"unique_prescription_count\":10,\"unique_patient_count\":4,\"unique_doctor_count\":1}','Calculated prescription statistics','SUCCESS','127.0.0.1','Mozilla/5.0 (X11; Linux x86_64; rv:140.0) Gecko/20100101 Firefox/140.0','2026-01-29 12:12:53'),
(542,'2026-01-29 15:12:53',1,'Humphrey Lidwaji','Administrator','FILTER_DATA','Prescriptions','patients','patient_list',NULL,NULL,NULL,NULL,'{\"purpose\":\"filter_dropdown\",\"filter_type\":\"patients\"}','Fetched active patients list for prescription filter dropdown','SUCCESS','127.0.0.1','Mozilla/5.0 (X11; Linux x86_64; rv:140.0) Gecko/20100101 Firefox/140.0','2026-01-29 12:12:53'),
(543,'2026-01-29 15:12:53',1,'Humphrey Lidwaji','Administrator','FILTER_DATA','Prescriptions','users','doctor_list',NULL,NULL,NULL,NULL,'{\"purpose\":\"filter_dropdown\",\"filter_type\":\"doctors\"}','Fetched doctors list for prescription filter dropdown','SUCCESS','127.0.0.1','Mozilla/5.0 (X11; Linux x86_64; rv:140.0) Gecko/20100101 Firefox/140.0','2026-01-29 12:12:53'),
(544,'2026-01-29 15:12:53',1,'Humphrey Lidwaji','Administrator','FILTER_DATA','Prescriptions','inventory_items','inventory_item_list',NULL,NULL,NULL,NULL,'{\"purpose\":\"filter_dropdown\",\"filter_type\":\"inventory_items\"}','Fetched active inventory items (drugs) list for prescription filter dropdown','SUCCESS','127.0.0.1','Mozilla/5.0 (X11; Linux x86_64; rv:140.0) Gecko/20100101 Firefox/140.0','2026-01-29 12:12:53'),
(545,'2026-01-29 15:12:53',1,'Humphrey Lidwaji','Administrator','PRESCRIPTION_TODAY_SUMMARY','Prescriptions','prescriptions','prescription_summary',NULL,NULL,NULL,NULL,'{\"today_total\":\"0\",\"today_pending\":null,\"today_dispensed\":null,\"date\":\"2026-01-29\"}','Fetched today\'s prescription summary statistics','SUCCESS','127.0.0.1','Mozilla/5.0 (X11; Linux x86_64; rv:140.0) Gecko/20100101 Firefox/140.0','2026-01-29 12:12:53'),
(546,'2026-01-29 15:12:53',1,'Humphrey Lidwaji','Administrator','PAGE_SUMMARY','Prescriptions','prescriptions','prescription_management',NULL,NULL,NULL,NULL,'{\"status_filter\":\"\",\"patient_filter\":\"\",\"doctor_filter\":\"\",\"item_filter\":\"\",\"date_from\":\"\",\"date_to\":\"\",\"canned_date\":\"custom\",\"search_query\":\"\",\"sort_by\":\"p.prescription_date\",\"sort_order\":\"DESC\",\"total_records_displayed\":\"10\",\"pagination_from\":0,\"pagination_to\":10,\"statistics_summary\":{\"total_prescriptions\":\"10\",\"pending_count\":3,\"dispensed_count\":0,\"cancelled_count\":1,\"partial_count\":0,\"today_count\":0,\"week_count\":0,\"total_items\":15,\"total_amount\":0,\"billed_prescriptions\":0}}','Prescription management page loaded successfully with all data','SUCCESS','127.0.0.1','Mozilla/5.0 (X11; Linux x86_64; rv:140.0) Gecko/20100101 Firefox/140.0','2026-01-29 12:12:53'),
(547,'2026-01-29 15:12:57',1,'Humphrey Lidwaji','Administrator','ACCESS','Pharmacy','prescriptions','prescription',15,NULL,NULL,NULL,NULL,'Attempting to access prescription edit page for ID: 15','ATTEMPT','127.0.0.1','Mozilla/5.0 (X11; Linux x86_64; rv:140.0) Gecko/20100101 Firefox/140.0','2026-01-29 12:12:57'),
(548,'2026-01-29 15:12:57',1,'Humphrey Lidwaji','Administrator','VIEW','Pharmacy','prescriptions','prescription',15,6,15,NULL,NULL,'Accessed prescription edit page for prescription #15 (Patient: Joyce Anindo)','SUCCESS','127.0.0.1','Mozilla/5.0 (X11; Linux x86_64; rv:140.0) Gecko/20100101 Firefox/140.0','2026-01-29 12:12:57'),
(549,'2026-01-29 15:13:00',1,'Humphrey Lidwaji','Administrator','VIEW','Prescriptions','prescriptions','prescription_list',NULL,NULL,NULL,NULL,'{\"sort_by\":\"p.prescription_date\",\"sort_order\":\"DESC\"}','Accessed prescriptions manage page','SUCCESS','127.0.0.1','Mozilla/5.0 (X11; Linux x86_64; rv:140.0) Gecko/20100101 Firefox/140.0','2026-01-29 12:13:00'),
(550,'2026-01-29 15:13:00',1,'Humphrey Lidwaji','Administrator','PRESCRIPTION_FILTER','Prescriptions','prescriptions','prescription_list',NULL,NULL,NULL,NULL,'{\"status_filter\":\"\",\"patient_filter\":\"\",\"doctor_filter\":\"\",\"item_filter\":\"\",\"date_from\":\"\",\"date_to\":\"\",\"canned_date\":\"custom\",\"search_query\":\"\",\"sort_by\":\"p.prescription_date\",\"sort_order\":\"DESC\"}','Filtered prescriptions list with parameters','SUCCESS','127.0.0.1','Mozilla/5.0 (X11; Linux x86_64; rv:140.0) Gecko/20100101 Firefox/140.0','2026-01-29 12:13:00'),
(551,'2026-01-29 15:13:00',1,'Humphrey Lidwaji','Administrator','PRESCRIPTION_QUERY','Prescriptions','prescriptions','prescription_list',NULL,NULL,NULL,NULL,'{\"total_records\":\"10\",\"limit_from\":0,\"limit_to\":10,\"filters_applied\":{\"status\":false,\"patient\":false,\"doctor\":false,\"item\":false,\"date_range\":true,\"search\":false}}','Executed prescription list query','SUCCESS','127.0.0.1','Mozilla/5.0 (X11; Linux x86_64; rv:140.0) Gecko/20100101 Firefox/140.0','2026-01-29 12:13:00'),
(552,'2026-01-29 15:13:00',1,'Humphrey Lidwaji','Administrator','PRESCRIPTION_STATS','Prescriptions','prescriptions','prescription_list',NULL,NULL,NULL,NULL,'{\"total_prescriptions\":\"10\",\"pending_prescriptions\":3,\"dispensed_prescriptions\":0,\"cancelled_prescriptions\":1,\"partial_prescriptions\":0,\"total_items\":15,\"total_amount\":0,\"today_prescriptions\":0,\"week_prescriptions\":0,\"billed_prescriptions\":0,\"prescriptions_with_items\":0,\"unique_prescription_count\":10,\"unique_patient_count\":4,\"unique_doctor_count\":1}','Calculated prescription statistics','SUCCESS','127.0.0.1','Mozilla/5.0 (X11; Linux x86_64; rv:140.0) Gecko/20100101 Firefox/140.0','2026-01-29 12:13:00'),
(553,'2026-01-29 15:13:00',1,'Humphrey Lidwaji','Administrator','FILTER_DATA','Prescriptions','patients','patient_list',NULL,NULL,NULL,NULL,'{\"purpose\":\"filter_dropdown\",\"filter_type\":\"patients\"}','Fetched active patients list for prescription filter dropdown','SUCCESS','127.0.0.1','Mozilla/5.0 (X11; Linux x86_64; rv:140.0) Gecko/20100101 Firefox/140.0','2026-01-29 12:13:00'),
(554,'2026-01-29 15:13:00',1,'Humphrey Lidwaji','Administrator','FILTER_DATA','Prescriptions','users','doctor_list',NULL,NULL,NULL,NULL,'{\"purpose\":\"filter_dropdown\",\"filter_type\":\"doctors\"}','Fetched doctors list for prescription filter dropdown','SUCCESS','127.0.0.1','Mozilla/5.0 (X11; Linux x86_64; rv:140.0) Gecko/20100101 Firefox/140.0','2026-01-29 12:13:00'),
(555,'2026-01-29 15:13:00',1,'Humphrey Lidwaji','Administrator','FILTER_DATA','Prescriptions','inventory_items','inventory_item_list',NULL,NULL,NULL,NULL,'{\"purpose\":\"filter_dropdown\",\"filter_type\":\"inventory_items\"}','Fetched active inventory items (drugs) list for prescription filter dropdown','SUCCESS','127.0.0.1','Mozilla/5.0 (X11; Linux x86_64; rv:140.0) Gecko/20100101 Firefox/140.0','2026-01-29 12:13:00'),
(556,'2026-01-29 15:13:00',1,'Humphrey Lidwaji','Administrator','PRESCRIPTION_TODAY_SUMMARY','Prescriptions','prescriptions','prescription_summary',NULL,NULL,NULL,NULL,'{\"today_total\":\"0\",\"today_pending\":null,\"today_dispensed\":null,\"date\":\"2026-01-29\"}','Fetched today\'s prescription summary statistics','SUCCESS','127.0.0.1','Mozilla/5.0 (X11; Linux x86_64; rv:140.0) Gecko/20100101 Firefox/140.0','2026-01-29 12:13:00'),
(557,'2026-01-29 15:13:00',1,'Humphrey Lidwaji','Administrator','PAGE_SUMMARY','Prescriptions','prescriptions','prescription_management',NULL,NULL,NULL,NULL,'{\"status_filter\":\"\",\"patient_filter\":\"\",\"doctor_filter\":\"\",\"item_filter\":\"\",\"date_from\":\"\",\"date_to\":\"\",\"canned_date\":\"custom\",\"search_query\":\"\",\"sort_by\":\"p.prescription_date\",\"sort_order\":\"DESC\",\"total_records_displayed\":\"10\",\"pagination_from\":0,\"pagination_to\":10,\"statistics_summary\":{\"total_prescriptions\":\"10\",\"pending_count\":3,\"dispensed_count\":0,\"cancelled_count\":1,\"partial_count\":0,\"today_count\":0,\"week_count\":0,\"total_items\":15,\"total_amount\":0,\"billed_prescriptions\":0}}','Prescription management page loaded successfully with all data','SUCCESS','127.0.0.1','Mozilla/5.0 (X11; Linux x86_64; rv:140.0) Gecko/20100101 Firefox/140.0','2026-01-29 12:13:00'),
(558,'2026-01-29 15:13:04',1,'Humphrey Lidwaji','Administrator','ACCESS','Pharmacy','prescriptions','prescription',15,NULL,NULL,NULL,NULL,'Attempting to access dispensing page for prescription ID: 15','ATTEMPT','127.0.0.1','Mozilla/5.0 (X11; Linux x86_64; rv:140.0) Gecko/20100101 Firefox/140.0','2026-01-29 12:13:04'),
(559,'2026-01-29 15:13:04',1,'Humphrey Lidwaji','Administrator','VIEW','Pharmacy','prescriptions','prescription',15,6,15,NULL,NULL,'Accessed dispensing page for prescription #15 (Patient: Joyce Anindo)','SUCCESS','127.0.0.1','Mozilla/5.0 (X11; Linux x86_64; rv:140.0) Gecko/20100101 Firefox/140.0','2026-01-29 12:13:04'),
(560,'2026-01-29 15:14:08',1,'Humphrey Lidwaji','Administrator','ACCESS','Pharmacy','prescriptions','prescription',15,NULL,NULL,NULL,NULL,'Attempting to access dispensing page for prescription ID: 15','ATTEMPT','127.0.0.1','Mozilla/5.0 (X11; Linux x86_64; rv:140.0) Gecko/20100101 Firefox/140.0','2026-01-29 12:14:08'),
(561,'2026-01-29 15:14:08',1,'Humphrey Lidwaji','Administrator','VIEW','Pharmacy','prescriptions','prescription',15,6,15,NULL,NULL,'Accessed dispensing page for prescription #15 (Patient: Joyce Anindo)','SUCCESS','127.0.0.1','Mozilla/5.0 (X11; Linux x86_64; rv:140.0) Gecko/20100101 Firefox/140.0','2026-01-29 12:14:08'),
(562,'2026-01-29 15:18:11',1,'Humphrey Lidwaji','Administrator','ACCESS','Pharmacy','prescriptions','prescription',15,NULL,NULL,NULL,NULL,'Attempting to access dispensing page for prescription ID: 15','ATTEMPT','127.0.0.1','Mozilla/5.0 (X11; Linux x86_64; rv:140.0) Gecko/20100101 Firefox/140.0','2026-01-29 12:18:11'),
(563,'2026-01-29 15:18:11',1,'Humphrey Lidwaji','Administrator','VIEW','Pharmacy','prescriptions','prescription',15,6,15,NULL,NULL,'Accessed dispensing page for prescription #15 (Patient: Joyce Anindo)','SUCCESS','127.0.0.1','Mozilla/5.0 (X11; Linux x86_64; rv:140.0) Gecko/20100101 Firefox/140.0','2026-01-29 12:18:11'),
(564,'2026-01-29 15:18:28',1,'Humphrey Lidwaji','Administrator','VIEW','Prescriptions','prescriptions','prescription_list',NULL,NULL,NULL,NULL,'{\"sort_by\":\"p.prescription_date\",\"sort_order\":\"DESC\"}','Accessed prescriptions manage page','SUCCESS','127.0.0.1','Mozilla/5.0 (X11; Linux x86_64; rv:140.0) Gecko/20100101 Firefox/140.0','2026-01-29 12:18:28'),
(565,'2026-01-29 15:18:28',1,'Humphrey Lidwaji','Administrator','PRESCRIPTION_FILTER','Prescriptions','prescriptions','prescription_list',NULL,NULL,NULL,NULL,'{\"status_filter\":\"\",\"patient_filter\":\"\",\"doctor_filter\":\"\",\"item_filter\":\"\",\"date_from\":\"\",\"date_to\":\"\",\"canned_date\":\"custom\",\"search_query\":\"\",\"sort_by\":\"p.prescription_date\",\"sort_order\":\"DESC\"}','Filtered prescriptions list with parameters','SUCCESS','127.0.0.1','Mozilla/5.0 (X11; Linux x86_64; rv:140.0) Gecko/20100101 Firefox/140.0','2026-01-29 12:18:28'),
(566,'2026-01-29 15:18:28',1,'Humphrey Lidwaji','Administrator','PRESCRIPTION_QUERY','Prescriptions','prescriptions','prescription_list',NULL,NULL,NULL,NULL,'{\"total_records\":\"10\",\"limit_from\":0,\"limit_to\":10,\"filters_applied\":{\"status\":false,\"patient\":false,\"doctor\":false,\"item\":false,\"date_range\":true,\"search\":false}}','Executed prescription list query','SUCCESS','127.0.0.1','Mozilla/5.0 (X11; Linux x86_64; rv:140.0) Gecko/20100101 Firefox/140.0','2026-01-29 12:18:28'),
(567,'2026-01-29 15:18:28',1,'Humphrey Lidwaji','Administrator','PRESCRIPTION_STATS','Prescriptions','prescriptions','prescription_list',NULL,NULL,NULL,NULL,'{\"total_prescriptions\":\"10\",\"pending_prescriptions\":3,\"dispensed_prescriptions\":0,\"cancelled_prescriptions\":1,\"partial_prescriptions\":0,\"total_items\":15,\"total_amount\":0,\"today_prescriptions\":0,\"week_prescriptions\":0,\"billed_prescriptions\":0,\"prescriptions_with_items\":0,\"unique_prescription_count\":10,\"unique_patient_count\":4,\"unique_doctor_count\":1}','Calculated prescription statistics','SUCCESS','127.0.0.1','Mozilla/5.0 (X11; Linux x86_64; rv:140.0) Gecko/20100101 Firefox/140.0','2026-01-29 12:18:28'),
(568,'2026-01-29 15:18:28',1,'Humphrey Lidwaji','Administrator','FILTER_DATA','Prescriptions','patients','patient_list',NULL,NULL,NULL,NULL,'{\"purpose\":\"filter_dropdown\",\"filter_type\":\"patients\"}','Fetched active patients list for prescription filter dropdown','SUCCESS','127.0.0.1','Mozilla/5.0 (X11; Linux x86_64; rv:140.0) Gecko/20100101 Firefox/140.0','2026-01-29 12:18:28'),
(569,'2026-01-29 15:18:28',1,'Humphrey Lidwaji','Administrator','FILTER_DATA','Prescriptions','users','doctor_list',NULL,NULL,NULL,NULL,'{\"purpose\":\"filter_dropdown\",\"filter_type\":\"doctors\"}','Fetched doctors list for prescription filter dropdown','SUCCESS','127.0.0.1','Mozilla/5.0 (X11; Linux x86_64; rv:140.0) Gecko/20100101 Firefox/140.0','2026-01-29 12:18:28'),
(570,'2026-01-29 15:18:28',1,'Humphrey Lidwaji','Administrator','FILTER_DATA','Prescriptions','inventory_items','inventory_item_list',NULL,NULL,NULL,NULL,'{\"purpose\":\"filter_dropdown\",\"filter_type\":\"inventory_items\"}','Fetched active inventory items (drugs) list for prescription filter dropdown','SUCCESS','127.0.0.1','Mozilla/5.0 (X11; Linux x86_64; rv:140.0) Gecko/20100101 Firefox/140.0','2026-01-29 12:18:28'),
(571,'2026-01-29 15:18:28',1,'Humphrey Lidwaji','Administrator','PRESCRIPTION_TODAY_SUMMARY','Prescriptions','prescriptions','prescription_summary',NULL,NULL,NULL,NULL,'{\"today_total\":\"0\",\"today_pending\":null,\"today_dispensed\":null,\"date\":\"2026-01-29\"}','Fetched today\'s prescription summary statistics','SUCCESS','127.0.0.1','Mozilla/5.0 (X11; Linux x86_64; rv:140.0) Gecko/20100101 Firefox/140.0','2026-01-29 12:18:28'),
(572,'2026-01-29 15:18:28',1,'Humphrey Lidwaji','Administrator','PAGE_SUMMARY','Prescriptions','prescriptions','prescription_management',NULL,NULL,NULL,NULL,'{\"status_filter\":\"\",\"patient_filter\":\"\",\"doctor_filter\":\"\",\"item_filter\":\"\",\"date_from\":\"\",\"date_to\":\"\",\"canned_date\":\"custom\",\"search_query\":\"\",\"sort_by\":\"p.prescription_date\",\"sort_order\":\"DESC\",\"total_records_displayed\":\"10\",\"pagination_from\":0,\"pagination_to\":10,\"statistics_summary\":{\"total_prescriptions\":\"10\",\"pending_count\":3,\"dispensed_count\":0,\"cancelled_count\":1,\"partial_count\":0,\"today_count\":0,\"week_count\":0,\"total_items\":15,\"total_amount\":0,\"billed_prescriptions\":0}}','Prescription management page loaded successfully with all data','SUCCESS','127.0.0.1','Mozilla/5.0 (X11; Linux x86_64; rv:140.0) Gecko/20100101 Firefox/140.0','2026-01-29 12:18:28'),
(573,'2026-01-29 15:18:35',1,'Humphrey Lidwaji','Administrator','ACCESS','Pharmacy','prescriptions','prescription',15,NULL,NULL,NULL,NULL,'Attempting to access dispensing page for prescription ID: 15','ATTEMPT','127.0.0.1','Mozilla/5.0 (X11; Linux x86_64; rv:140.0) Gecko/20100101 Firefox/140.0','2026-01-29 12:18:35'),
(574,'2026-01-29 15:18:35',1,'Humphrey Lidwaji','Administrator','VIEW','Pharmacy','prescriptions','prescription',15,6,15,NULL,NULL,'Accessed dispensing page for prescription #15 (Patient: Joyce Anindo)','SUCCESS','127.0.0.1','Mozilla/5.0 (X11; Linux x86_64; rv:140.0) Gecko/20100101 Firefox/140.0','2026-01-29 12:18:35'),
(575,'2026-01-29 15:18:44',1,'Humphrey Lidwaji','Administrator','VIEW','Prescriptions','prescriptions','prescription_list',NULL,NULL,NULL,NULL,'{\"sort_by\":\"p.prescription_date\",\"sort_order\":\"DESC\"}','Accessed prescriptions manage page','SUCCESS','127.0.0.1','Mozilla/5.0 (X11; Linux x86_64; rv:140.0) Gecko/20100101 Firefox/140.0','2026-01-29 12:18:44'),
(576,'2026-01-29 15:18:44',1,'Humphrey Lidwaji','Administrator','PRESCRIPTION_FILTER','Prescriptions','prescriptions','prescription_list',NULL,NULL,NULL,NULL,'{\"status_filter\":\"\",\"patient_filter\":\"\",\"doctor_filter\":\"\",\"item_filter\":\"\",\"date_from\":\"\",\"date_to\":\"\",\"canned_date\":\"custom\",\"search_query\":\"\",\"sort_by\":\"p.prescription_date\",\"sort_order\":\"DESC\"}','Filtered prescriptions list with parameters','SUCCESS','127.0.0.1','Mozilla/5.0 (X11; Linux x86_64; rv:140.0) Gecko/20100101 Firefox/140.0','2026-01-29 12:18:44'),
(577,'2026-01-29 15:18:44',1,'Humphrey Lidwaji','Administrator','PRESCRIPTION_QUERY','Prescriptions','prescriptions','prescription_list',NULL,NULL,NULL,NULL,'{\"total_records\":\"10\",\"limit_from\":0,\"limit_to\":10,\"filters_applied\":{\"status\":false,\"patient\":false,\"doctor\":false,\"item\":false,\"date_range\":true,\"search\":false}}','Executed prescription list query','SUCCESS','127.0.0.1','Mozilla/5.0 (X11; Linux x86_64; rv:140.0) Gecko/20100101 Firefox/140.0','2026-01-29 12:18:44'),
(578,'2026-01-29 15:18:44',1,'Humphrey Lidwaji','Administrator','PRESCRIPTION_STATS','Prescriptions','prescriptions','prescription_list',NULL,NULL,NULL,NULL,'{\"total_prescriptions\":\"10\",\"pending_prescriptions\":3,\"dispensed_prescriptions\":0,\"cancelled_prescriptions\":1,\"partial_prescriptions\":0,\"total_items\":15,\"total_amount\":0,\"today_prescriptions\":0,\"week_prescriptions\":0,\"billed_prescriptions\":0,\"prescriptions_with_items\":0,\"unique_prescription_count\":10,\"unique_patient_count\":4,\"unique_doctor_count\":1}','Calculated prescription statistics','SUCCESS','127.0.0.1','Mozilla/5.0 (X11; Linux x86_64; rv:140.0) Gecko/20100101 Firefox/140.0','2026-01-29 12:18:44'),
(579,'2026-01-29 15:18:44',1,'Humphrey Lidwaji','Administrator','FILTER_DATA','Prescriptions','patients','patient_list',NULL,NULL,NULL,NULL,'{\"purpose\":\"filter_dropdown\",\"filter_type\":\"patients\"}','Fetched active patients list for prescription filter dropdown','SUCCESS','127.0.0.1','Mozilla/5.0 (X11; Linux x86_64; rv:140.0) Gecko/20100101 Firefox/140.0','2026-01-29 12:18:44'),
(580,'2026-01-29 15:18:44',1,'Humphrey Lidwaji','Administrator','FILTER_DATA','Prescriptions','users','doctor_list',NULL,NULL,NULL,NULL,'{\"purpose\":\"filter_dropdown\",\"filter_type\":\"doctors\"}','Fetched doctors list for prescription filter dropdown','SUCCESS','127.0.0.1','Mozilla/5.0 (X11; Linux x86_64; rv:140.0) Gecko/20100101 Firefox/140.0','2026-01-29 12:18:44'),
(581,'2026-01-29 15:18:44',1,'Humphrey Lidwaji','Administrator','FILTER_DATA','Prescriptions','inventory_items','inventory_item_list',NULL,NULL,NULL,NULL,'{\"purpose\":\"filter_dropdown\",\"filter_type\":\"inventory_items\"}','Fetched active inventory items (drugs) list for prescription filter dropdown','SUCCESS','127.0.0.1','Mozilla/5.0 (X11; Linux x86_64; rv:140.0) Gecko/20100101 Firefox/140.0','2026-01-29 12:18:44'),
(582,'2026-01-29 15:18:44',1,'Humphrey Lidwaji','Administrator','PRESCRIPTION_TODAY_SUMMARY','Prescriptions','prescriptions','prescription_summary',NULL,NULL,NULL,NULL,'{\"today_total\":\"0\",\"today_pending\":null,\"today_dispensed\":null,\"date\":\"2026-01-29\"}','Fetched today\'s prescription summary statistics','SUCCESS','127.0.0.1','Mozilla/5.0 (X11; Linux x86_64; rv:140.0) Gecko/20100101 Firefox/140.0','2026-01-29 12:18:44'),
(583,'2026-01-29 15:18:44',1,'Humphrey Lidwaji','Administrator','PAGE_SUMMARY','Prescriptions','prescriptions','prescription_management',NULL,NULL,NULL,NULL,'{\"status_filter\":\"\",\"patient_filter\":\"\",\"doctor_filter\":\"\",\"item_filter\":\"\",\"date_from\":\"\",\"date_to\":\"\",\"canned_date\":\"custom\",\"search_query\":\"\",\"sort_by\":\"p.prescription_date\",\"sort_order\":\"DESC\",\"total_records_displayed\":\"10\",\"pagination_from\":0,\"pagination_to\":10,\"statistics_summary\":{\"total_prescriptions\":\"10\",\"pending_count\":3,\"dispensed_count\":0,\"cancelled_count\":1,\"partial_count\":0,\"today_count\":0,\"week_count\":0,\"total_items\":15,\"total_amount\":0,\"billed_prescriptions\":0}}','Prescription management page loaded successfully with all data','SUCCESS','127.0.0.1','Mozilla/5.0 (X11; Linux x86_64; rv:140.0) Gecko/20100101 Firefox/140.0','2026-01-29 12:18:44'),
(584,'2026-01-29 15:19:14',1,'Humphrey Lidwaji','Administrator','VIEW','Doctor Consultation','visits','visit',4,4,4,NULL,NULL,'Accessed doctor consultation page for visit ID 4 (Patient: HUMPHREY IRAUSA LIDWAJI, Visit #: OPD-CLINICEMR001-2026-001, Type: EMERGENCY)','SUCCESS','127.0.0.1','Mozilla/5.0 (X11; Linux x86_64; rv:140.0) Gecko/20100101 Firefox/140.0','2026-01-29 12:19:14'),
(585,'2026-01-29 15:19:19',1,'Humphrey Lidwaji','Administrator','PAGE_ACCESS','Prescription','N/A','page',NULL,NULL,NULL,NULL,NULL,'Accessed prescription.php','ATTEMPT','127.0.0.1','Mozilla/5.0 (X11; Linux x86_64; rv:140.0) Gecko/20100101 Firefox/140.0','2026-01-29 12:19:19'),
(586,'2026-01-29 15:19:19',1,'Humphrey Lidwaji','Administrator','RETRIEVE','Prescription','visits','visit',4,4,4,NULL,NULL,'Retrieved visit information for prescription. Visit Type: EMERGENCY, MRN: CLINICEMR001/2026/000020','SUCCESS','127.0.0.1','Mozilla/5.0 (X11; Linux x86_64; rv:140.0) Gecko/20100101 Firefox/140.0','2026-01-29 12:19:19'),
(587,'2026-01-29 15:19:19',1,'Humphrey Lidwaji','Administrator','RETRIEVE_PRESCRIPTIONS','Prescription','prescriptions','prescriptions_list',NULL,4,4,NULL,NULL,'Retrieved 2 existing prescriptions for patient','SUCCESS','127.0.0.1','Mozilla/5.0 (X11; Linux x86_64; rv:140.0) Gecko/20100101 Firefox/140.0','2026-01-29 12:19:19'),
(588,'2026-01-29 15:19:51',1,'Humphrey Lidwaji','Administrator','PAGE_ACCESS','Prescription','N/A','page',NULL,NULL,NULL,NULL,NULL,'Accessed prescription.php','ATTEMPT','127.0.0.1','Mozilla/5.0 (X11; Linux x86_64; rv:140.0) Gecko/20100101 Firefox/140.0','2026-01-29 12:19:51'),
(589,'2026-01-29 15:19:51',1,'Humphrey Lidwaji','Administrator','RETRIEVE','Prescription','visits','visit',4,4,4,NULL,NULL,'Retrieved visit information for prescription. Visit Type: EMERGENCY, MRN: CLINICEMR001/2026/000020','SUCCESS','127.0.0.1','Mozilla/5.0 (X11; Linux x86_64; rv:140.0) Gecko/20100101 Firefox/140.0','2026-01-29 12:19:51'),
(590,'2026-01-29 15:19:51',1,'Humphrey Lidwaji','Administrator','RETRIEVE_PRESCRIPTIONS','Prescription','prescriptions','prescriptions_list',NULL,4,4,NULL,NULL,'Retrieved 2 existing prescriptions for patient','SUCCESS','127.0.0.1','Mozilla/5.0 (X11; Linux x86_64; rv:140.0) Gecko/20100101 Firefox/140.0','2026-01-29 12:19:51'),
(591,'2026-01-29 15:20:22',1,'Humphrey Lidwaji','Administrator','PAGE_ACCESS','Prescription','N/A','page',NULL,NULL,NULL,NULL,NULL,'Accessed prescription.php','ATTEMPT','127.0.0.1','Mozilla/5.0 (X11; Linux x86_64; rv:140.0) Gecko/20100101 Firefox/140.0','2026-01-29 12:20:22'),
(592,'2026-01-29 15:20:22',1,'Humphrey Lidwaji','Administrator','RETRIEVE','Prescription','visits','visit',4,4,4,NULL,NULL,'Retrieved visit information for prescription. Visit Type: EMERGENCY, MRN: CLINICEMR001/2026/000020','SUCCESS','127.0.0.1','Mozilla/5.0 (X11; Linux x86_64; rv:140.0) Gecko/20100101 Firefox/140.0','2026-01-29 12:20:22'),
(593,'2026-01-29 15:20:22',1,'Humphrey Lidwaji','Administrator','RETRIEVE_PRESCRIPTIONS','Prescription','prescriptions','prescriptions_list',NULL,4,4,NULL,NULL,'Retrieved 2 existing prescriptions for patient','SUCCESS','127.0.0.1','Mozilla/5.0 (X11; Linux x86_64; rv:140.0) Gecko/20100101 Firefox/140.0','2026-01-29 12:20:22'),
(594,'2026-01-29 15:20:55',1,'Humphrey Lidwaji','Administrator','PAGE_ACCESS','Prescription','N/A','page',NULL,NULL,NULL,NULL,NULL,'Accessed prescription.php','ATTEMPT','127.0.0.1','Mozilla/5.0 (X11; Linux x86_64; rv:140.0) Gecko/20100101 Firefox/140.0','2026-01-29 12:20:55'),
(595,'2026-01-29 15:20:55',1,'Humphrey Lidwaji','Administrator','RETRIEVE','Prescription','visits','visit',4,4,4,NULL,NULL,'Retrieved visit information for prescription. Visit Type: EMERGENCY, MRN: CLINICEMR001/2026/000020','SUCCESS','127.0.0.1','Mozilla/5.0 (X11; Linux x86_64; rv:140.0) Gecko/20100101 Firefox/140.0','2026-01-29 12:20:55'),
(596,'2026-01-29 15:20:55',1,'Humphrey Lidwaji','Administrator','RETRIEVE_PRESCRIPTIONS','Prescription','prescriptions','prescriptions_list',NULL,4,4,NULL,NULL,'Retrieved 2 existing prescriptions for patient','SUCCESS','127.0.0.1','Mozilla/5.0 (X11; Linux x86_64; rv:140.0) Gecko/20100101 Firefox/140.0','2026-01-29 12:20:55'),
(597,'2026-01-29 15:21:29',1,'Humphrey Lidwaji','Administrator','PAGE_ACCESS','Prescription','N/A','page',NULL,NULL,NULL,NULL,NULL,'Accessed prescription.php','ATTEMPT','127.0.0.1','Mozilla/5.0 (X11; Linux x86_64; rv:140.0) Gecko/20100101 Firefox/140.0','2026-01-29 12:21:29'),
(598,'2026-01-29 15:21:29',1,'Humphrey Lidwaji','Administrator','RETRIEVE','Prescription','visits','visit',4,4,4,NULL,NULL,'Retrieved visit information for prescription. Visit Type: EMERGENCY, MRN: CLINICEMR001/2026/000020','SUCCESS','127.0.0.1','Mozilla/5.0 (X11; Linux x86_64; rv:140.0) Gecko/20100101 Firefox/140.0','2026-01-29 12:21:29'),
(599,'2026-01-29 15:21:29',1,'Humphrey Lidwaji','Administrator','RETRIEVE_PRESCRIPTIONS','Prescription','prescriptions','prescriptions_list',NULL,4,4,NULL,NULL,'Retrieved 2 existing prescriptions for patient','SUCCESS','127.0.0.1','Mozilla/5.0 (X11; Linux x86_64; rv:140.0) Gecko/20100101 Firefox/140.0','2026-01-29 12:21:29'),
(600,'2026-01-29 15:22:00',1,'Humphrey Lidwaji','Administrator','PAGE_ACCESS','Prescription','N/A','page',NULL,NULL,NULL,NULL,NULL,'Accessed prescription.php','ATTEMPT','127.0.0.1','Mozilla/5.0 (X11; Linux x86_64; rv:140.0) Gecko/20100101 Firefox/140.0','2026-01-29 12:22:00'),
(601,'2026-01-29 15:22:00',1,'Humphrey Lidwaji','Administrator','RETRIEVE','Prescription','visits','visit',4,4,4,NULL,NULL,'Retrieved visit information for prescription. Visit Type: EMERGENCY, MRN: CLINICEMR001/2026/000020','SUCCESS','127.0.0.1','Mozilla/5.0 (X11; Linux x86_64; rv:140.0) Gecko/20100101 Firefox/140.0','2026-01-29 12:22:00'),
(602,'2026-01-29 15:22:00',1,'Humphrey Lidwaji','Administrator','RETRIEVE_PRESCRIPTIONS','Prescription','prescriptions','prescriptions_list',NULL,4,4,NULL,NULL,'Retrieved 2 existing prescriptions for patient','SUCCESS','127.0.0.1','Mozilla/5.0 (X11; Linux x86_64; rv:140.0) Gecko/20100101 Firefox/140.0','2026-01-29 12:22:00'),
(603,'2026-01-29 15:22:33',1,'Humphrey Lidwaji','Administrator','PAGE_ACCESS','Prescription','N/A','page',NULL,NULL,NULL,NULL,NULL,'Accessed prescription.php','ATTEMPT','127.0.0.1','Mozilla/5.0 (X11; Linux x86_64; rv:140.0) Gecko/20100101 Firefox/140.0','2026-01-29 12:22:33'),
(604,'2026-01-29 15:22:33',1,'Humphrey Lidwaji','Administrator','RETRIEVE','Prescription','visits','visit',4,4,4,NULL,NULL,'Retrieved visit information for prescription. Visit Type: EMERGENCY, MRN: CLINICEMR001/2026/000020','SUCCESS','127.0.0.1','Mozilla/5.0 (X11; Linux x86_64; rv:140.0) Gecko/20100101 Firefox/140.0','2026-01-29 12:22:33'),
(605,'2026-01-29 15:22:33',1,'Humphrey Lidwaji','Administrator','RETRIEVE_PRESCRIPTIONS','Prescription','prescriptions','prescriptions_list',NULL,4,4,NULL,NULL,'Retrieved 2 existing prescriptions for patient','SUCCESS','127.0.0.1','Mozilla/5.0 (X11; Linux x86_64; rv:140.0) Gecko/20100101 Firefox/140.0','2026-01-29 12:22:33'),
(606,'2026-01-29 15:23:04',1,'Humphrey Lidwaji','Administrator','PAGE_ACCESS','Prescription','N/A','page',NULL,NULL,NULL,NULL,NULL,'Accessed prescription.php','ATTEMPT','127.0.0.1','Mozilla/5.0 (X11; Linux x86_64; rv:140.0) Gecko/20100101 Firefox/140.0','2026-01-29 12:23:04'),
(607,'2026-01-29 15:23:04',1,'Humphrey Lidwaji','Administrator','RETRIEVE','Prescription','visits','visit',4,4,4,NULL,NULL,'Retrieved visit information for prescription. Visit Type: EMERGENCY, MRN: CLINICEMR001/2026/000020','SUCCESS','127.0.0.1','Mozilla/5.0 (X11; Linux x86_64; rv:140.0) Gecko/20100101 Firefox/140.0','2026-01-29 12:23:04'),
(608,'2026-01-29 15:23:04',1,'Humphrey Lidwaji','Administrator','RETRIEVE_PRESCRIPTIONS','Prescription','prescriptions','prescriptions_list',NULL,4,4,NULL,NULL,'Retrieved 2 existing prescriptions for patient','SUCCESS','127.0.0.1','Mozilla/5.0 (X11; Linux x86_64; rv:140.0) Gecko/20100101 Firefox/140.0','2026-01-29 12:23:04'),
(609,'2026-01-29 15:23:37',1,'Humphrey Lidwaji','Administrator','PAGE_ACCESS','Prescription','N/A','page',NULL,NULL,NULL,NULL,NULL,'Accessed prescription.php','ATTEMPT','127.0.0.1','Mozilla/5.0 (X11; Linux x86_64; rv:140.0) Gecko/20100101 Firefox/140.0','2026-01-29 12:23:37'),
(610,'2026-01-29 15:23:37',1,'Humphrey Lidwaji','Administrator','RETRIEVE','Prescription','visits','visit',4,4,4,NULL,NULL,'Retrieved visit information for prescription. Visit Type: EMERGENCY, MRN: CLINICEMR001/2026/000020','SUCCESS','127.0.0.1','Mozilla/5.0 (X11; Linux x86_64; rv:140.0) Gecko/20100101 Firefox/140.0','2026-01-29 12:23:37'),
(611,'2026-01-29 15:23:37',1,'Humphrey Lidwaji','Administrator','RETRIEVE_PRESCRIPTIONS','Prescription','prescriptions','prescriptions_list',NULL,4,4,NULL,NULL,'Retrieved 2 existing prescriptions for patient','SUCCESS','127.0.0.1','Mozilla/5.0 (X11; Linux x86_64; rv:140.0) Gecko/20100101 Firefox/140.0','2026-01-29 12:23:37'),
(612,'2026-01-29 15:24:09',1,'Humphrey Lidwaji','Administrator','PAGE_ACCESS','Prescription','N/A','page',NULL,NULL,NULL,NULL,NULL,'Accessed prescription.php','ATTEMPT','127.0.0.1','Mozilla/5.0 (X11; Linux x86_64; rv:140.0) Gecko/20100101 Firefox/140.0','2026-01-29 12:24:09'),
(613,'2026-01-29 15:24:09',1,'Humphrey Lidwaji','Administrator','RETRIEVE','Prescription','visits','visit',4,4,4,NULL,NULL,'Retrieved visit information for prescription. Visit Type: EMERGENCY, MRN: CLINICEMR001/2026/000020','SUCCESS','127.0.0.1','Mozilla/5.0 (X11; Linux x86_64; rv:140.0) Gecko/20100101 Firefox/140.0','2026-01-29 12:24:09'),
(614,'2026-01-29 15:24:09',1,'Humphrey Lidwaji','Administrator','RETRIEVE_PRESCRIPTIONS','Prescription','prescriptions','prescriptions_list',NULL,4,4,NULL,NULL,'Retrieved 2 existing prescriptions for patient','SUCCESS','127.0.0.1','Mozilla/5.0 (X11; Linux x86_64; rv:140.0) Gecko/20100101 Firefox/140.0','2026-01-29 12:24:09'),
(615,'2026-01-29 15:24:42',1,'Humphrey Lidwaji','Administrator','PAGE_ACCESS','Prescription','N/A','page',NULL,NULL,NULL,NULL,NULL,'Accessed prescription.php','ATTEMPT','127.0.0.1','Mozilla/5.0 (X11; Linux x86_64; rv:140.0) Gecko/20100101 Firefox/140.0','2026-01-29 12:24:42'),
(616,'2026-01-29 15:24:42',1,'Humphrey Lidwaji','Administrator','RETRIEVE','Prescription','visits','visit',4,4,4,NULL,NULL,'Retrieved visit information for prescription. Visit Type: EMERGENCY, MRN: CLINICEMR001/2026/000020','SUCCESS','127.0.0.1','Mozilla/5.0 (X11; Linux x86_64; rv:140.0) Gecko/20100101 Firefox/140.0','2026-01-29 12:24:42'),
(617,'2026-01-29 15:24:42',1,'Humphrey Lidwaji','Administrator','RETRIEVE_PRESCRIPTIONS','Prescription','prescriptions','prescriptions_list',NULL,4,4,NULL,NULL,'Retrieved 2 existing prescriptions for patient','SUCCESS','127.0.0.1','Mozilla/5.0 (X11; Linux x86_64; rv:140.0) Gecko/20100101 Firefox/140.0','2026-01-29 12:24:42'),
(618,'2026-01-29 15:25:15',1,'Humphrey Lidwaji','Administrator','PAGE_ACCESS','Prescription','N/A','page',NULL,NULL,NULL,NULL,NULL,'Accessed prescription.php','ATTEMPT','127.0.0.1','Mozilla/5.0 (X11; Linux x86_64; rv:140.0) Gecko/20100101 Firefox/140.0','2026-01-29 12:25:15'),
(619,'2026-01-29 15:25:15',1,'Humphrey Lidwaji','Administrator','RETRIEVE','Prescription','visits','visit',4,4,4,NULL,NULL,'Retrieved visit information for prescription. Visit Type: EMERGENCY, MRN: CLINICEMR001/2026/000020','SUCCESS','127.0.0.1','Mozilla/5.0 (X11; Linux x86_64; rv:140.0) Gecko/20100101 Firefox/140.0','2026-01-29 12:25:15'),
(620,'2026-01-29 15:25:15',1,'Humphrey Lidwaji','Administrator','RETRIEVE_PRESCRIPTIONS','Prescription','prescriptions','prescriptions_list',NULL,4,4,NULL,NULL,'Retrieved 2 existing prescriptions for patient','SUCCESS','127.0.0.1','Mozilla/5.0 (X11; Linux x86_64; rv:140.0) Gecko/20100101 Firefox/140.0','2026-01-29 12:25:15'),
(621,'2026-01-29 15:25:48',1,'Humphrey Lidwaji','Administrator','PAGE_ACCESS','Prescription','N/A','page',NULL,NULL,NULL,NULL,NULL,'Accessed prescription.php','ATTEMPT','127.0.0.1','Mozilla/5.0 (X11; Linux x86_64; rv:140.0) Gecko/20100101 Firefox/140.0','2026-01-29 12:25:48'),
(622,'2026-01-29 15:25:48',1,'Humphrey Lidwaji','Administrator','RETRIEVE','Prescription','visits','visit',4,4,4,NULL,NULL,'Retrieved visit information for prescription. Visit Type: EMERGENCY, MRN: CLINICEMR001/2026/000020','SUCCESS','127.0.0.1','Mozilla/5.0 (X11; Linux x86_64; rv:140.0) Gecko/20100101 Firefox/140.0','2026-01-29 12:25:48'),
(623,'2026-01-29 15:25:48',1,'Humphrey Lidwaji','Administrator','RETRIEVE_PRESCRIPTIONS','Prescription','prescriptions','prescriptions_list',NULL,4,4,NULL,NULL,'Retrieved 2 existing prescriptions for patient','SUCCESS','127.0.0.1','Mozilla/5.0 (X11; Linux x86_64; rv:140.0) Gecko/20100101 Firefox/140.0','2026-01-29 12:25:48'),
(624,'2026-01-29 15:26:21',1,'Humphrey Lidwaji','Administrator','PAGE_ACCESS','Prescription','N/A','page',NULL,NULL,NULL,NULL,NULL,'Accessed prescription.php','ATTEMPT','127.0.0.1','Mozilla/5.0 (X11; Linux x86_64; rv:140.0) Gecko/20100101 Firefox/140.0','2026-01-29 12:26:21'),
(625,'2026-01-29 15:26:21',1,'Humphrey Lidwaji','Administrator','RETRIEVE','Prescription','visits','visit',4,4,4,NULL,NULL,'Retrieved visit information for prescription. Visit Type: EMERGENCY, MRN: CLINICEMR001/2026/000020','SUCCESS','127.0.0.1','Mozilla/5.0 (X11; Linux x86_64; rv:140.0) Gecko/20100101 Firefox/140.0','2026-01-29 12:26:21'),
(626,'2026-01-29 15:26:21',1,'Humphrey Lidwaji','Administrator','RETRIEVE_PRESCRIPTIONS','Prescription','prescriptions','prescriptions_list',NULL,4,4,NULL,NULL,'Retrieved 2 existing prescriptions for patient','SUCCESS','127.0.0.1','Mozilla/5.0 (X11; Linux x86_64; rv:140.0) Gecko/20100101 Firefox/140.0','2026-01-29 12:26:21'),
(627,'2026-01-29 15:26:54',1,'Humphrey Lidwaji','Administrator','PAGE_ACCESS','Prescription','N/A','page',NULL,NULL,NULL,NULL,NULL,'Accessed prescription.php','ATTEMPT','127.0.0.1','Mozilla/5.0 (X11; Linux x86_64; rv:140.0) Gecko/20100101 Firefox/140.0','2026-01-29 12:26:54'),
(628,'2026-01-29 15:26:54',1,'Humphrey Lidwaji','Administrator','RETRIEVE','Prescription','visits','visit',4,4,4,NULL,NULL,'Retrieved visit information for prescription. Visit Type: EMERGENCY, MRN: CLINICEMR001/2026/000020','SUCCESS','127.0.0.1','Mozilla/5.0 (X11; Linux x86_64; rv:140.0) Gecko/20100101 Firefox/140.0','2026-01-29 12:26:54'),
(629,'2026-01-29 15:26:54',1,'Humphrey Lidwaji','Administrator','RETRIEVE_PRESCRIPTIONS','Prescription','prescriptions','prescriptions_list',NULL,4,4,NULL,NULL,'Retrieved 2 existing prescriptions for patient','SUCCESS','127.0.0.1','Mozilla/5.0 (X11; Linux x86_64; rv:140.0) Gecko/20100101 Firefox/140.0','2026-01-29 12:26:54'),
(630,'2026-01-29 15:27:26',1,'Humphrey Lidwaji','Administrator','PAGE_ACCESS','Prescription','N/A','page',NULL,NULL,NULL,NULL,NULL,'Accessed prescription.php','ATTEMPT','127.0.0.1','Mozilla/5.0 (X11; Linux x86_64; rv:140.0) Gecko/20100101 Firefox/140.0','2026-01-29 12:27:26'),
(631,'2026-01-29 15:27:26',1,'Humphrey Lidwaji','Administrator','RETRIEVE','Prescription','visits','visit',4,4,4,NULL,NULL,'Retrieved visit information for prescription. Visit Type: EMERGENCY, MRN: CLINICEMR001/2026/000020','SUCCESS','127.0.0.1','Mozilla/5.0 (X11; Linux x86_64; rv:140.0) Gecko/20100101 Firefox/140.0','2026-01-29 12:27:26'),
(632,'2026-01-29 15:27:26',1,'Humphrey Lidwaji','Administrator','RETRIEVE_PRESCRIPTIONS','Prescription','prescriptions','prescriptions_list',NULL,4,4,NULL,NULL,'Retrieved 2 existing prescriptions for patient','SUCCESS','127.0.0.1','Mozilla/5.0 (X11; Linux x86_64; rv:140.0) Gecko/20100101 Firefox/140.0','2026-01-29 12:27:26'),
(633,'2026-01-29 15:27:58',1,'Humphrey Lidwaji','Administrator','PAGE_ACCESS','Prescription','N/A','page',NULL,NULL,NULL,NULL,NULL,'Accessed prescription.php','ATTEMPT','127.0.0.1','Mozilla/5.0 (X11; Linux x86_64; rv:140.0) Gecko/20100101 Firefox/140.0','2026-01-29 12:27:58'),
(634,'2026-01-29 15:27:58',1,'Humphrey Lidwaji','Administrator','RETRIEVE','Prescription','visits','visit',4,4,4,NULL,NULL,'Retrieved visit information for prescription. Visit Type: EMERGENCY, MRN: CLINICEMR001/2026/000020','SUCCESS','127.0.0.1','Mozilla/5.0 (X11; Linux x86_64; rv:140.0) Gecko/20100101 Firefox/140.0','2026-01-29 12:27:58'),
(635,'2026-01-29 15:27:58',1,'Humphrey Lidwaji','Administrator','RETRIEVE_PRESCRIPTIONS','Prescription','prescriptions','prescriptions_list',NULL,4,4,NULL,NULL,'Retrieved 2 existing prescriptions for patient','SUCCESS','127.0.0.1','Mozilla/5.0 (X11; Linux x86_64; rv:140.0) Gecko/20100101 Firefox/140.0','2026-01-29 12:27:58'),
(636,'2026-01-29 15:28:29',1,'Humphrey Lidwaji','Administrator','PAGE_ACCESS','Prescription','N/A','page',NULL,NULL,NULL,NULL,NULL,'Accessed prescription.php','ATTEMPT','127.0.0.1','Mozilla/5.0 (X11; Linux x86_64; rv:140.0) Gecko/20100101 Firefox/140.0','2026-01-29 12:28:29'),
(637,'2026-01-29 15:28:29',1,'Humphrey Lidwaji','Administrator','RETRIEVE','Prescription','visits','visit',4,4,4,NULL,NULL,'Retrieved visit information for prescription. Visit Type: EMERGENCY, MRN: CLINICEMR001/2026/000020','SUCCESS','127.0.0.1','Mozilla/5.0 (X11; Linux x86_64; rv:140.0) Gecko/20100101 Firefox/140.0','2026-01-29 12:28:29'),
(638,'2026-01-29 15:28:29',1,'Humphrey Lidwaji','Administrator','RETRIEVE_PRESCRIPTIONS','Prescription','prescriptions','prescriptions_list',NULL,4,4,NULL,NULL,'Retrieved 2 existing prescriptions for patient','SUCCESS','127.0.0.1','Mozilla/5.0 (X11; Linux x86_64; rv:140.0) Gecko/20100101 Firefox/140.0','2026-01-29 12:28:29'),
(639,'2026-01-29 15:29:00',1,'Humphrey Lidwaji','Administrator','PAGE_ACCESS','Prescription','N/A','page',NULL,NULL,NULL,NULL,NULL,'Accessed prescription.php','ATTEMPT','127.0.0.1','Mozilla/5.0 (X11; Linux x86_64; rv:140.0) Gecko/20100101 Firefox/140.0','2026-01-29 12:29:00'),
(640,'2026-01-29 15:29:00',1,'Humphrey Lidwaji','Administrator','RETRIEVE','Prescription','visits','visit',4,4,4,NULL,NULL,'Retrieved visit information for prescription. Visit Type: EMERGENCY, MRN: CLINICEMR001/2026/000020','SUCCESS','127.0.0.1','Mozilla/5.0 (X11; Linux x86_64; rv:140.0) Gecko/20100101 Firefox/140.0','2026-01-29 12:29:00'),
(641,'2026-01-29 15:29:00',1,'Humphrey Lidwaji','Administrator','RETRIEVE_PRESCRIPTIONS','Prescription','prescriptions','prescriptions_list',NULL,4,4,NULL,NULL,'Retrieved 2 existing prescriptions for patient','SUCCESS','127.0.0.1','Mozilla/5.0 (X11; Linux x86_64; rv:140.0) Gecko/20100101 Firefox/140.0','2026-01-29 12:29:00'),
(642,'2026-01-29 15:29:32',1,'Humphrey Lidwaji','Administrator','PAGE_ACCESS','Prescription','N/A','page',NULL,NULL,NULL,NULL,NULL,'Accessed prescription.php','ATTEMPT','127.0.0.1','Mozilla/5.0 (X11; Linux x86_64; rv:140.0) Gecko/20100101 Firefox/140.0','2026-01-29 12:29:32'),
(643,'2026-01-29 15:29:32',1,'Humphrey Lidwaji','Administrator','RETRIEVE','Prescription','visits','visit',4,4,4,NULL,NULL,'Retrieved visit information for prescription. Visit Type: EMERGENCY, MRN: CLINICEMR001/2026/000020','SUCCESS','127.0.0.1','Mozilla/5.0 (X11; Linux x86_64; rv:140.0) Gecko/20100101 Firefox/140.0','2026-01-29 12:29:32'),
(644,'2026-01-29 15:29:32',1,'Humphrey Lidwaji','Administrator','RETRIEVE_PRESCRIPTIONS','Prescription','prescriptions','prescriptions_list',NULL,4,4,NULL,NULL,'Retrieved 2 existing prescriptions for patient','SUCCESS','127.0.0.1','Mozilla/5.0 (X11; Linux x86_64; rv:140.0) Gecko/20100101 Firefox/140.0','2026-01-29 12:29:32'),
(645,'2026-01-29 15:30:04',1,'Humphrey Lidwaji','Administrator','PAGE_ACCESS','Prescription','N/A','page',NULL,NULL,NULL,NULL,NULL,'Accessed prescription.php','ATTEMPT','127.0.0.1','Mozilla/5.0 (X11; Linux x86_64; rv:140.0) Gecko/20100101 Firefox/140.0','2026-01-29 12:30:04'),
(646,'2026-01-29 15:30:04',1,'Humphrey Lidwaji','Administrator','RETRIEVE','Prescription','visits','visit',4,4,4,NULL,NULL,'Retrieved visit information for prescription. Visit Type: EMERGENCY, MRN: CLINICEMR001/2026/000020','SUCCESS','127.0.0.1','Mozilla/5.0 (X11; Linux x86_64; rv:140.0) Gecko/20100101 Firefox/140.0','2026-01-29 12:30:04'),
(647,'2026-01-29 15:30:04',1,'Humphrey Lidwaji','Administrator','RETRIEVE_PRESCRIPTIONS','Prescription','prescriptions','prescriptions_list',NULL,4,4,NULL,NULL,'Retrieved 2 existing prescriptions for patient','SUCCESS','127.0.0.1','Mozilla/5.0 (X11; Linux x86_64; rv:140.0) Gecko/20100101 Firefox/140.0','2026-01-29 12:30:04'),
(648,'2026-01-29 15:30:37',1,'Humphrey Lidwaji','Administrator','PAGE_ACCESS','Prescription','N/A','page',NULL,NULL,NULL,NULL,NULL,'Accessed prescription.php','ATTEMPT','127.0.0.1','Mozilla/5.0 (X11; Linux x86_64; rv:140.0) Gecko/20100101 Firefox/140.0','2026-01-29 12:30:37'),
(649,'2026-01-29 15:30:37',1,'Humphrey Lidwaji','Administrator','RETRIEVE','Prescription','visits','visit',4,4,4,NULL,NULL,'Retrieved visit information for prescription. Visit Type: EMERGENCY, MRN: CLINICEMR001/2026/000020','SUCCESS','127.0.0.1','Mozilla/5.0 (X11; Linux x86_64; rv:140.0) Gecko/20100101 Firefox/140.0','2026-01-29 12:30:37'),
(650,'2026-01-29 15:30:37',1,'Humphrey Lidwaji','Administrator','RETRIEVE_PRESCRIPTIONS','Prescription','prescriptions','prescriptions_list',NULL,4,4,NULL,NULL,'Retrieved 2 existing prescriptions for patient','SUCCESS','127.0.0.1','Mozilla/5.0 (X11; Linux x86_64; rv:140.0) Gecko/20100101 Firefox/140.0','2026-01-29 12:30:37'),
(651,'2026-01-29 15:31:07',1,'Humphrey Lidwaji','Administrator','PAGE_ACCESS','Prescription','N/A','page',NULL,NULL,NULL,NULL,NULL,'Accessed prescription.php','ATTEMPT','127.0.0.1','Mozilla/5.0 (X11; Linux x86_64; rv:140.0) Gecko/20100101 Firefox/140.0','2026-01-29 12:31:07'),
(652,'2026-01-29 15:31:07',1,'Humphrey Lidwaji','Administrator','RETRIEVE','Prescription','visits','visit',4,4,4,NULL,NULL,'Retrieved visit information for prescription. Visit Type: EMERGENCY, MRN: CLINICEMR001/2026/000020','SUCCESS','127.0.0.1','Mozilla/5.0 (X11; Linux x86_64; rv:140.0) Gecko/20100101 Firefox/140.0','2026-01-29 12:31:07'),
(653,'2026-01-29 15:31:07',1,'Humphrey Lidwaji','Administrator','RETRIEVE_PRESCRIPTIONS','Prescription','prescriptions','prescriptions_list',NULL,4,4,NULL,NULL,'Retrieved 2 existing prescriptions for patient','SUCCESS','127.0.0.1','Mozilla/5.0 (X11; Linux x86_64; rv:140.0) Gecko/20100101 Firefox/140.0','2026-01-29 12:31:07'),
(654,'2026-01-29 15:31:38',1,'Humphrey Lidwaji','Administrator','PAGE_ACCESS','Prescription','N/A','page',NULL,NULL,NULL,NULL,NULL,'Accessed prescription.php','ATTEMPT','127.0.0.1','Mozilla/5.0 (X11; Linux x86_64; rv:140.0) Gecko/20100101 Firefox/140.0','2026-01-29 12:31:38'),
(655,'2026-01-29 15:31:38',1,'Humphrey Lidwaji','Administrator','RETRIEVE','Prescription','visits','visit',4,4,4,NULL,NULL,'Retrieved visit information for prescription. Visit Type: EMERGENCY, MRN: CLINICEMR001/2026/000020','SUCCESS','127.0.0.1','Mozilla/5.0 (X11; Linux x86_64; rv:140.0) Gecko/20100101 Firefox/140.0','2026-01-29 12:31:38'),
(656,'2026-01-29 15:31:38',1,'Humphrey Lidwaji','Administrator','RETRIEVE_PRESCRIPTIONS','Prescription','prescriptions','prescriptions_list',NULL,4,4,NULL,NULL,'Retrieved 2 existing prescriptions for patient','SUCCESS','127.0.0.1','Mozilla/5.0 (X11; Linux x86_64; rv:140.0) Gecko/20100101 Firefox/140.0','2026-01-29 12:31:38'),
(657,'2026-01-29 15:32:09',1,'Humphrey Lidwaji','Administrator','PAGE_ACCESS','Prescription','N/A','page',NULL,NULL,NULL,NULL,NULL,'Accessed prescription.php','ATTEMPT','127.0.0.1','Mozilla/5.0 (X11; Linux x86_64; rv:140.0) Gecko/20100101 Firefox/140.0','2026-01-29 12:32:09'),
(658,'2026-01-29 15:32:09',1,'Humphrey Lidwaji','Administrator','RETRIEVE','Prescription','visits','visit',4,4,4,NULL,NULL,'Retrieved visit information for prescription. Visit Type: EMERGENCY, MRN: CLINICEMR001/2026/000020','SUCCESS','127.0.0.1','Mozilla/5.0 (X11; Linux x86_64; rv:140.0) Gecko/20100101 Firefox/140.0','2026-01-29 12:32:09'),
(659,'2026-01-29 15:32:09',1,'Humphrey Lidwaji','Administrator','RETRIEVE_PRESCRIPTIONS','Prescription','prescriptions','prescriptions_list',NULL,4,4,NULL,NULL,'Retrieved 2 existing prescriptions for patient','SUCCESS','127.0.0.1','Mozilla/5.0 (X11; Linux x86_64; rv:140.0) Gecko/20100101 Firefox/140.0','2026-01-29 12:32:09'),
(660,'2026-01-29 15:32:40',1,'Humphrey Lidwaji','Administrator','PAGE_ACCESS','Prescription','N/A','page',NULL,NULL,NULL,NULL,NULL,'Accessed prescription.php','ATTEMPT','127.0.0.1','Mozilla/5.0 (X11; Linux x86_64; rv:140.0) Gecko/20100101 Firefox/140.0','2026-01-29 12:32:40'),
(661,'2026-01-29 15:32:40',1,'Humphrey Lidwaji','Administrator','RETRIEVE','Prescription','visits','visit',4,4,4,NULL,NULL,'Retrieved visit information for prescription. Visit Type: EMERGENCY, MRN: CLINICEMR001/2026/000020','SUCCESS','127.0.0.1','Mozilla/5.0 (X11; Linux x86_64; rv:140.0) Gecko/20100101 Firefox/140.0','2026-01-29 12:32:40'),
(662,'2026-01-29 15:32:40',1,'Humphrey Lidwaji','Administrator','RETRIEVE_PRESCRIPTIONS','Prescription','prescriptions','prescriptions_list',NULL,4,4,NULL,NULL,'Retrieved 2 existing prescriptions for patient','SUCCESS','127.0.0.1','Mozilla/5.0 (X11; Linux x86_64; rv:140.0) Gecko/20100101 Firefox/140.0','2026-01-29 12:32:40'),
(663,'2026-01-29 15:33:11',1,'Humphrey Lidwaji','Administrator','PAGE_ACCESS','Prescription','N/A','page',NULL,NULL,NULL,NULL,NULL,'Accessed prescription.php','ATTEMPT','127.0.0.1','Mozilla/5.0 (X11; Linux x86_64; rv:140.0) Gecko/20100101 Firefox/140.0','2026-01-29 12:33:11'),
(664,'2026-01-29 15:33:11',1,'Humphrey Lidwaji','Administrator','RETRIEVE','Prescription','visits','visit',4,4,4,NULL,NULL,'Retrieved visit information for prescription. Visit Type: EMERGENCY, MRN: CLINICEMR001/2026/000020','SUCCESS','127.0.0.1','Mozilla/5.0 (X11; Linux x86_64; rv:140.0) Gecko/20100101 Firefox/140.0','2026-01-29 12:33:11'),
(665,'2026-01-29 15:33:11',1,'Humphrey Lidwaji','Administrator','RETRIEVE_PRESCRIPTIONS','Prescription','prescriptions','prescriptions_list',NULL,4,4,NULL,NULL,'Retrieved 2 existing prescriptions for patient','SUCCESS','127.0.0.1','Mozilla/5.0 (X11; Linux x86_64; rv:140.0) Gecko/20100101 Firefox/140.0','2026-01-29 12:33:11'),
(666,'2026-01-29 15:33:41',1,'Humphrey Lidwaji','Administrator','PAGE_ACCESS','Prescription','N/A','page',NULL,NULL,NULL,NULL,NULL,'Accessed prescription.php','ATTEMPT','127.0.0.1','Mozilla/5.0 (X11; Linux x86_64; rv:140.0) Gecko/20100101 Firefox/140.0','2026-01-29 12:33:41'),
(667,'2026-01-29 15:33:41',1,'Humphrey Lidwaji','Administrator','RETRIEVE','Prescription','visits','visit',4,4,4,NULL,NULL,'Retrieved visit information for prescription. Visit Type: EMERGENCY, MRN: CLINICEMR001/2026/000020','SUCCESS','127.0.0.1','Mozilla/5.0 (X11; Linux x86_64; rv:140.0) Gecko/20100101 Firefox/140.0','2026-01-29 12:33:41'),
(668,'2026-01-29 15:33:41',1,'Humphrey Lidwaji','Administrator','RETRIEVE_PRESCRIPTIONS','Prescription','prescriptions','prescriptions_list',NULL,4,4,NULL,NULL,'Retrieved 2 existing prescriptions for patient','SUCCESS','127.0.0.1','Mozilla/5.0 (X11; Linux x86_64; rv:140.0) Gecko/20100101 Firefox/140.0','2026-01-29 12:33:41'),
(669,'2026-01-29 15:34:11',1,'Humphrey Lidwaji','Administrator','PAGE_ACCESS','Prescription','N/A','page',NULL,NULL,NULL,NULL,NULL,'Accessed prescription.php','ATTEMPT','127.0.0.1','Mozilla/5.0 (X11; Linux x86_64; rv:140.0) Gecko/20100101 Firefox/140.0','2026-01-29 12:34:11'),
(670,'2026-01-29 15:34:11',1,'Humphrey Lidwaji','Administrator','RETRIEVE','Prescription','visits','visit',4,4,4,NULL,NULL,'Retrieved visit information for prescription. Visit Type: EMERGENCY, MRN: CLINICEMR001/2026/000020','SUCCESS','127.0.0.1','Mozilla/5.0 (X11; Linux x86_64; rv:140.0) Gecko/20100101 Firefox/140.0','2026-01-29 12:34:11'),
(671,'2026-01-29 15:34:11',1,'Humphrey Lidwaji','Administrator','RETRIEVE_PRESCRIPTIONS','Prescription','prescriptions','prescriptions_list',NULL,4,4,NULL,NULL,'Retrieved 2 existing prescriptions for patient','SUCCESS','127.0.0.1','Mozilla/5.0 (X11; Linux x86_64; rv:140.0) Gecko/20100101 Firefox/140.0','2026-01-29 12:34:11'),
(672,'2026-01-29 15:34:42',1,'Humphrey Lidwaji','Administrator','PAGE_ACCESS','Prescription','N/A','page',NULL,NULL,NULL,NULL,NULL,'Accessed prescription.php','ATTEMPT','127.0.0.1','Mozilla/5.0 (X11; Linux x86_64; rv:140.0) Gecko/20100101 Firefox/140.0','2026-01-29 12:34:42'),
(673,'2026-01-29 15:34:42',1,'Humphrey Lidwaji','Administrator','RETRIEVE','Prescription','visits','visit',4,4,4,NULL,NULL,'Retrieved visit information for prescription. Visit Type: EMERGENCY, MRN: CLINICEMR001/2026/000020','SUCCESS','127.0.0.1','Mozilla/5.0 (X11; Linux x86_64; rv:140.0) Gecko/20100101 Firefox/140.0','2026-01-29 12:34:42'),
(674,'2026-01-29 15:34:42',1,'Humphrey Lidwaji','Administrator','RETRIEVE_PRESCRIPTIONS','Prescription','prescriptions','prescriptions_list',NULL,4,4,NULL,NULL,'Retrieved 2 existing prescriptions for patient','SUCCESS','127.0.0.1','Mozilla/5.0 (X11; Linux x86_64; rv:140.0) Gecko/20100101 Firefox/140.0','2026-01-29 12:34:42'),
(675,'2026-01-29 15:35:12',1,'Humphrey Lidwaji','Administrator','PAGE_ACCESS','Prescription','N/A','page',NULL,NULL,NULL,NULL,NULL,'Accessed prescription.php','ATTEMPT','127.0.0.1','Mozilla/5.0 (X11; Linux x86_64; rv:140.0) Gecko/20100101 Firefox/140.0','2026-01-29 12:35:12'),
(676,'2026-01-29 15:35:12',1,'Humphrey Lidwaji','Administrator','RETRIEVE','Prescription','visits','visit',4,4,4,NULL,NULL,'Retrieved visit information for prescription. Visit Type: EMERGENCY, MRN: CLINICEMR001/2026/000020','SUCCESS','127.0.0.1','Mozilla/5.0 (X11; Linux x86_64; rv:140.0) Gecko/20100101 Firefox/140.0','2026-01-29 12:35:12'),
(677,'2026-01-29 15:35:12',1,'Humphrey Lidwaji','Administrator','RETRIEVE_PRESCRIPTIONS','Prescription','prescriptions','prescriptions_list',NULL,4,4,NULL,NULL,'Retrieved 2 existing prescriptions for patient','SUCCESS','127.0.0.1','Mozilla/5.0 (X11; Linux x86_64; rv:140.0) Gecko/20100101 Firefox/140.0','2026-01-29 12:35:12'),
(678,'2026-01-29 15:35:43',1,'Humphrey Lidwaji','Administrator','PAGE_ACCESS','Prescription','N/A','page',NULL,NULL,NULL,NULL,NULL,'Accessed prescription.php','ATTEMPT','127.0.0.1','Mozilla/5.0 (X11; Linux x86_64; rv:140.0) Gecko/20100101 Firefox/140.0','2026-01-29 12:35:43'),
(679,'2026-01-29 15:35:43',1,'Humphrey Lidwaji','Administrator','RETRIEVE','Prescription','visits','visit',4,4,4,NULL,NULL,'Retrieved visit information for prescription. Visit Type: EMERGENCY, MRN: CLINICEMR001/2026/000020','SUCCESS','127.0.0.1','Mozilla/5.0 (X11; Linux x86_64; rv:140.0) Gecko/20100101 Firefox/140.0','2026-01-29 12:35:43'),
(680,'2026-01-29 15:35:43',1,'Humphrey Lidwaji','Administrator','RETRIEVE_PRESCRIPTIONS','Prescription','prescriptions','prescriptions_list',NULL,4,4,NULL,NULL,'Retrieved 2 existing prescriptions for patient','SUCCESS','127.0.0.1','Mozilla/5.0 (X11; Linux x86_64; rv:140.0) Gecko/20100101 Firefox/140.0','2026-01-29 12:35:43'),
(681,'2026-01-29 15:36:14',1,'Humphrey Lidwaji','Administrator','PAGE_ACCESS','Prescription','N/A','page',NULL,NULL,NULL,NULL,NULL,'Accessed prescription.php','ATTEMPT','127.0.0.1','Mozilla/5.0 (X11; Linux x86_64; rv:140.0) Gecko/20100101 Firefox/140.0','2026-01-29 12:36:14'),
(682,'2026-01-29 15:36:14',1,'Humphrey Lidwaji','Administrator','RETRIEVE','Prescription','visits','visit',4,4,4,NULL,NULL,'Retrieved visit information for prescription. Visit Type: EMERGENCY, MRN: CLINICEMR001/2026/000020','SUCCESS','127.0.0.1','Mozilla/5.0 (X11; Linux x86_64; rv:140.0) Gecko/20100101 Firefox/140.0','2026-01-29 12:36:14'),
(683,'2026-01-29 15:36:14',1,'Humphrey Lidwaji','Administrator','RETRIEVE_PRESCRIPTIONS','Prescription','prescriptions','prescriptions_list',NULL,4,4,NULL,NULL,'Retrieved 2 existing prescriptions for patient','SUCCESS','127.0.0.1','Mozilla/5.0 (X11; Linux x86_64; rv:140.0) Gecko/20100101 Firefox/140.0','2026-01-29 12:36:14'),
(684,'2026-01-29 15:36:45',1,'Humphrey Lidwaji','Administrator','PAGE_ACCESS','Prescription','N/A','page',NULL,NULL,NULL,NULL,NULL,'Accessed prescription.php','ATTEMPT','127.0.0.1','Mozilla/5.0 (X11; Linux x86_64; rv:140.0) Gecko/20100101 Firefox/140.0','2026-01-29 12:36:45'),
(685,'2026-01-29 15:36:45',1,'Humphrey Lidwaji','Administrator','RETRIEVE','Prescription','visits','visit',4,4,4,NULL,NULL,'Retrieved visit information for prescription. Visit Type: EMERGENCY, MRN: CLINICEMR001/2026/000020','SUCCESS','127.0.0.1','Mozilla/5.0 (X11; Linux x86_64; rv:140.0) Gecko/20100101 Firefox/140.0','2026-01-29 12:36:45'),
(686,'2026-01-29 15:36:45',1,'Humphrey Lidwaji','Administrator','RETRIEVE_PRESCRIPTIONS','Prescription','prescriptions','prescriptions_list',NULL,4,4,NULL,NULL,'Retrieved 2 existing prescriptions for patient','SUCCESS','127.0.0.1','Mozilla/5.0 (X11; Linux x86_64; rv:140.0) Gecko/20100101 Firefox/140.0','2026-01-29 12:36:45'),
(687,'2026-01-29 15:37:16',1,'Humphrey Lidwaji','Administrator','PAGE_ACCESS','Prescription','N/A','page',NULL,NULL,NULL,NULL,NULL,'Accessed prescription.php','ATTEMPT','127.0.0.1','Mozilla/5.0 (X11; Linux x86_64; rv:140.0) Gecko/20100101 Firefox/140.0','2026-01-29 12:37:16'),
(688,'2026-01-29 15:37:16',1,'Humphrey Lidwaji','Administrator','RETRIEVE','Prescription','visits','visit',4,4,4,NULL,NULL,'Retrieved visit information for prescription. Visit Type: EMERGENCY, MRN: CLINICEMR001/2026/000020','SUCCESS','127.0.0.1','Mozilla/5.0 (X11; Linux x86_64; rv:140.0) Gecko/20100101 Firefox/140.0','2026-01-29 12:37:16'),
(689,'2026-01-29 15:37:16',1,'Humphrey Lidwaji','Administrator','RETRIEVE_PRESCRIPTIONS','Prescription','prescriptions','prescriptions_list',NULL,4,4,NULL,NULL,'Retrieved 2 existing prescriptions for patient','SUCCESS','127.0.0.1','Mozilla/5.0 (X11; Linux x86_64; rv:140.0) Gecko/20100101 Firefox/140.0','2026-01-29 12:37:16'),
(690,'2026-01-29 15:37:46',1,'Humphrey Lidwaji','Administrator','PAGE_ACCESS','Prescription','N/A','page',NULL,NULL,NULL,NULL,NULL,'Accessed prescription.php','ATTEMPT','127.0.0.1','Mozilla/5.0 (X11; Linux x86_64; rv:140.0) Gecko/20100101 Firefox/140.0','2026-01-29 12:37:46'),
(691,'2026-01-29 15:37:46',1,'Humphrey Lidwaji','Administrator','RETRIEVE','Prescription','visits','visit',4,4,4,NULL,NULL,'Retrieved visit information for prescription. Visit Type: EMERGENCY, MRN: CLINICEMR001/2026/000020','SUCCESS','127.0.0.1','Mozilla/5.0 (X11; Linux x86_64; rv:140.0) Gecko/20100101 Firefox/140.0','2026-01-29 12:37:46'),
(692,'2026-01-29 15:37:46',1,'Humphrey Lidwaji','Administrator','RETRIEVE_PRESCRIPTIONS','Prescription','prescriptions','prescriptions_list',NULL,4,4,NULL,NULL,'Retrieved 2 existing prescriptions for patient','SUCCESS','127.0.0.1','Mozilla/5.0 (X11; Linux x86_64; rv:140.0) Gecko/20100101 Firefox/140.0','2026-01-29 12:37:46'),
(693,'2026-01-29 15:38:17',1,'Humphrey Lidwaji','Administrator','PAGE_ACCESS','Prescription','N/A','page',NULL,NULL,NULL,NULL,NULL,'Accessed prescription.php','ATTEMPT','127.0.0.1','Mozilla/5.0 (X11; Linux x86_64; rv:140.0) Gecko/20100101 Firefox/140.0','2026-01-29 12:38:17'),
(694,'2026-01-29 15:38:17',1,'Humphrey Lidwaji','Administrator','RETRIEVE','Prescription','visits','visit',4,4,4,NULL,NULL,'Retrieved visit information for prescription. Visit Type: EMERGENCY, MRN: CLINICEMR001/2026/000020','SUCCESS','127.0.0.1','Mozilla/5.0 (X11; Linux x86_64; rv:140.0) Gecko/20100101 Firefox/140.0','2026-01-29 12:38:17'),
(695,'2026-01-29 15:38:17',1,'Humphrey Lidwaji','Administrator','RETRIEVE_PRESCRIPTIONS','Prescription','prescriptions','prescriptions_list',NULL,4,4,NULL,NULL,'Retrieved 2 existing prescriptions for patient','SUCCESS','127.0.0.1','Mozilla/5.0 (X11; Linux x86_64; rv:140.0) Gecko/20100101 Firefox/140.0','2026-01-29 12:38:17'),
(696,'2026-01-29 15:38:49',1,'Humphrey Lidwaji','Administrator','PAGE_ACCESS','Prescription','N/A','page',NULL,NULL,NULL,NULL,NULL,'Accessed prescription.php','ATTEMPT','127.0.0.1','Mozilla/5.0 (X11; Linux x86_64; rv:140.0) Gecko/20100101 Firefox/140.0','2026-01-29 12:38:49'),
(697,'2026-01-29 15:38:49',1,'Humphrey Lidwaji','Administrator','RETRIEVE','Prescription','visits','visit',4,4,4,NULL,NULL,'Retrieved visit information for prescription. Visit Type: EMERGENCY, MRN: CLINICEMR001/2026/000020','SUCCESS','127.0.0.1','Mozilla/5.0 (X11; Linux x86_64; rv:140.0) Gecko/20100101 Firefox/140.0','2026-01-29 12:38:49'),
(698,'2026-01-29 15:38:49',1,'Humphrey Lidwaji','Administrator','RETRIEVE_PRESCRIPTIONS','Prescription','prescriptions','prescriptions_list',NULL,4,4,NULL,NULL,'Retrieved 2 existing prescriptions for patient','SUCCESS','127.0.0.1','Mozilla/5.0 (X11; Linux x86_64; rv:140.0) Gecko/20100101 Firefox/140.0','2026-01-29 12:38:49'),
(699,'2026-01-29 15:39:19',1,'Humphrey Lidwaji','Administrator','PAGE_ACCESS','Prescription','N/A','page',NULL,NULL,NULL,NULL,NULL,'Accessed prescription.php','ATTEMPT','127.0.0.1','Mozilla/5.0 (X11; Linux x86_64; rv:140.0) Gecko/20100101 Firefox/140.0','2026-01-29 12:39:19'),
(700,'2026-01-29 15:39:19',1,'Humphrey Lidwaji','Administrator','RETRIEVE','Prescription','visits','visit',4,4,4,NULL,NULL,'Retrieved visit information for prescription. Visit Type: EMERGENCY, MRN: CLINICEMR001/2026/000020','SUCCESS','127.0.0.1','Mozilla/5.0 (X11; Linux x86_64; rv:140.0) Gecko/20100101 Firefox/140.0','2026-01-29 12:39:19'),
(701,'2026-01-29 15:39:19',1,'Humphrey Lidwaji','Administrator','RETRIEVE_PRESCRIPTIONS','Prescription','prescriptions','prescriptions_list',NULL,4,4,NULL,NULL,'Retrieved 2 existing prescriptions for patient','SUCCESS','127.0.0.1','Mozilla/5.0 (X11; Linux x86_64; rv:140.0) Gecko/20100101 Firefox/140.0','2026-01-29 12:39:19'),
(702,'2026-01-29 15:39:49',1,'Humphrey Lidwaji','Administrator','PAGE_ACCESS','Prescription','N/A','page',NULL,NULL,NULL,NULL,NULL,'Accessed prescription.php','ATTEMPT','127.0.0.1','Mozilla/5.0 (X11; Linux x86_64; rv:140.0) Gecko/20100101 Firefox/140.0','2026-01-29 12:39:49'),
(703,'2026-01-29 15:39:49',1,'Humphrey Lidwaji','Administrator','RETRIEVE','Prescription','visits','visit',4,4,4,NULL,NULL,'Retrieved visit information for prescription. Visit Type: EMERGENCY, MRN: CLINICEMR001/2026/000020','SUCCESS','127.0.0.1','Mozilla/5.0 (X11; Linux x86_64; rv:140.0) Gecko/20100101 Firefox/140.0','2026-01-29 12:39:49'),
(704,'2026-01-29 15:39:49',1,'Humphrey Lidwaji','Administrator','RETRIEVE_PRESCRIPTIONS','Prescription','prescriptions','prescriptions_list',NULL,4,4,NULL,NULL,'Retrieved 2 existing prescriptions for patient','SUCCESS','127.0.0.1','Mozilla/5.0 (X11; Linux x86_64; rv:140.0) Gecko/20100101 Firefox/140.0','2026-01-29 12:39:49'),
(705,'2026-01-29 15:40:21',1,'Humphrey Lidwaji','Administrator','PAGE_ACCESS','Prescription','N/A','page',NULL,NULL,NULL,NULL,NULL,'Accessed prescription.php','ATTEMPT','127.0.0.1','Mozilla/5.0 (X11; Linux x86_64; rv:140.0) Gecko/20100101 Firefox/140.0','2026-01-29 12:40:21'),
(706,'2026-01-29 15:40:21',1,'Humphrey Lidwaji','Administrator','RETRIEVE','Prescription','visits','visit',4,4,4,NULL,NULL,'Retrieved visit information for prescription. Visit Type: EMERGENCY, MRN: CLINICEMR001/2026/000020','SUCCESS','127.0.0.1','Mozilla/5.0 (X11; Linux x86_64; rv:140.0) Gecko/20100101 Firefox/140.0','2026-01-29 12:40:21'),
(707,'2026-01-29 15:40:21',1,'Humphrey Lidwaji','Administrator','RETRIEVE_PRESCRIPTIONS','Prescription','prescriptions','prescriptions_list',NULL,4,4,NULL,NULL,'Retrieved 2 existing prescriptions for patient','SUCCESS','127.0.0.1','Mozilla/5.0 (X11; Linux x86_64; rv:140.0) Gecko/20100101 Firefox/140.0','2026-01-29 12:40:21'),
(708,'2026-01-29 15:40:51',1,'Humphrey Lidwaji','Administrator','PAGE_ACCESS','Prescription','N/A','page',NULL,NULL,NULL,NULL,NULL,'Accessed prescription.php','ATTEMPT','127.0.0.1','Mozilla/5.0 (X11; Linux x86_64; rv:140.0) Gecko/20100101 Firefox/140.0','2026-01-29 12:40:51'),
(709,'2026-01-29 15:40:51',1,'Humphrey Lidwaji','Administrator','RETRIEVE','Prescription','visits','visit',4,4,4,NULL,NULL,'Retrieved visit information for prescription. Visit Type: EMERGENCY, MRN: CLINICEMR001/2026/000020','SUCCESS','127.0.0.1','Mozilla/5.0 (X11; Linux x86_64; rv:140.0) Gecko/20100101 Firefox/140.0','2026-01-29 12:40:51'),
(710,'2026-01-29 15:40:51',1,'Humphrey Lidwaji','Administrator','RETRIEVE_PRESCRIPTIONS','Prescription','prescriptions','prescriptions_list',NULL,4,4,NULL,NULL,'Retrieved 2 existing prescriptions for patient','SUCCESS','127.0.0.1','Mozilla/5.0 (X11; Linux x86_64; rv:140.0) Gecko/20100101 Firefox/140.0','2026-01-29 12:40:51'),
(711,'2026-01-29 15:41:21',1,'Humphrey Lidwaji','Administrator','PAGE_ACCESS','Prescription','N/A','page',NULL,NULL,NULL,NULL,NULL,'Accessed prescription.php','ATTEMPT','127.0.0.1','Mozilla/5.0 (X11; Linux x86_64; rv:140.0) Gecko/20100101 Firefox/140.0','2026-01-29 12:41:21'),
(712,'2026-01-29 15:41:21',1,'Humphrey Lidwaji','Administrator','RETRIEVE','Prescription','visits','visit',4,4,4,NULL,NULL,'Retrieved visit information for prescription. Visit Type: EMERGENCY, MRN: CLINICEMR001/2026/000020','SUCCESS','127.0.0.1','Mozilla/5.0 (X11; Linux x86_64; rv:140.0) Gecko/20100101 Firefox/140.0','2026-01-29 12:41:21'),
(713,'2026-01-29 15:41:21',1,'Humphrey Lidwaji','Administrator','RETRIEVE_PRESCRIPTIONS','Prescription','prescriptions','prescriptions_list',NULL,4,4,NULL,NULL,'Retrieved 2 existing prescriptions for patient','SUCCESS','127.0.0.1','Mozilla/5.0 (X11; Linux x86_64; rv:140.0) Gecko/20100101 Firefox/140.0','2026-01-29 12:41:21'),
(714,'2026-01-29 15:41:52',1,'Humphrey Lidwaji','Administrator','PAGE_ACCESS','Prescription','N/A','page',NULL,NULL,NULL,NULL,NULL,'Accessed prescription.php','ATTEMPT','127.0.0.1','Mozilla/5.0 (X11; Linux x86_64; rv:140.0) Gecko/20100101 Firefox/140.0','2026-01-29 12:41:52'),
(715,'2026-01-29 15:41:52',1,'Humphrey Lidwaji','Administrator','RETRIEVE','Prescription','visits','visit',4,4,4,NULL,NULL,'Retrieved visit information for prescription. Visit Type: EMERGENCY, MRN: CLINICEMR001/2026/000020','SUCCESS','127.0.0.1','Mozilla/5.0 (X11; Linux x86_64; rv:140.0) Gecko/20100101 Firefox/140.0','2026-01-29 12:41:52'),
(716,'2026-01-29 15:41:52',1,'Humphrey Lidwaji','Administrator','RETRIEVE_PRESCRIPTIONS','Prescription','prescriptions','prescriptions_list',NULL,4,4,NULL,NULL,'Retrieved 2 existing prescriptions for patient','SUCCESS','127.0.0.1','Mozilla/5.0 (X11; Linux x86_64; rv:140.0) Gecko/20100101 Firefox/140.0','2026-01-29 12:41:52'),
(717,'2026-01-29 15:42:22',1,'Humphrey Lidwaji','Administrator','PAGE_ACCESS','Prescription','N/A','page',NULL,NULL,NULL,NULL,NULL,'Accessed prescription.php','ATTEMPT','127.0.0.1','Mozilla/5.0 (X11; Linux x86_64; rv:140.0) Gecko/20100101 Firefox/140.0','2026-01-29 12:42:22'),
(718,'2026-01-29 15:42:22',1,'Humphrey Lidwaji','Administrator','RETRIEVE','Prescription','visits','visit',4,4,4,NULL,NULL,'Retrieved visit information for prescription. Visit Type: EMERGENCY, MRN: CLINICEMR001/2026/000020','SUCCESS','127.0.0.1','Mozilla/5.0 (X11; Linux x86_64; rv:140.0) Gecko/20100101 Firefox/140.0','2026-01-29 12:42:22'),
(719,'2026-01-29 15:42:22',1,'Humphrey Lidwaji','Administrator','RETRIEVE_PRESCRIPTIONS','Prescription','prescriptions','prescriptions_list',NULL,4,4,NULL,NULL,'Retrieved 2 existing prescriptions for patient','SUCCESS','127.0.0.1','Mozilla/5.0 (X11; Linux x86_64; rv:140.0) Gecko/20100101 Firefox/140.0','2026-01-29 12:42:22'),
(720,'2026-01-29 15:42:53',1,'Humphrey Lidwaji','Administrator','PAGE_ACCESS','Prescription','N/A','page',NULL,NULL,NULL,NULL,NULL,'Accessed prescription.php','ATTEMPT','127.0.0.1','Mozilla/5.0 (X11; Linux x86_64; rv:140.0) Gecko/20100101 Firefox/140.0','2026-01-29 12:42:53'),
(721,'2026-01-29 15:42:53',1,'Humphrey Lidwaji','Administrator','RETRIEVE','Prescription','visits','visit',4,4,4,NULL,NULL,'Retrieved visit information for prescription. Visit Type: EMERGENCY, MRN: CLINICEMR001/2026/000020','SUCCESS','127.0.0.1','Mozilla/5.0 (X11; Linux x86_64; rv:140.0) Gecko/20100101 Firefox/140.0','2026-01-29 12:42:53'),
(722,'2026-01-29 15:42:53',1,'Humphrey Lidwaji','Administrator','RETRIEVE_PRESCRIPTIONS','Prescription','prescriptions','prescriptions_list',NULL,4,4,NULL,NULL,'Retrieved 2 existing prescriptions for patient','SUCCESS','127.0.0.1','Mozilla/5.0 (X11; Linux x86_64; rv:140.0) Gecko/20100101 Firefox/140.0','2026-01-29 12:42:53'),
(723,'2026-01-29 15:43:23',1,'Humphrey Lidwaji','Administrator','PAGE_ACCESS','Prescription','N/A','page',NULL,NULL,NULL,NULL,NULL,'Accessed prescription.php','ATTEMPT','127.0.0.1','Mozilla/5.0 (X11; Linux x86_64; rv:140.0) Gecko/20100101 Firefox/140.0','2026-01-29 12:43:23'),
(724,'2026-01-29 15:43:23',1,'Humphrey Lidwaji','Administrator','RETRIEVE','Prescription','visits','visit',4,4,4,NULL,NULL,'Retrieved visit information for prescription. Visit Type: EMERGENCY, MRN: CLINICEMR001/2026/000020','SUCCESS','127.0.0.1','Mozilla/5.0 (X11; Linux x86_64; rv:140.0) Gecko/20100101 Firefox/140.0','2026-01-29 12:43:23'),
(725,'2026-01-29 15:43:23',1,'Humphrey Lidwaji','Administrator','RETRIEVE_PRESCRIPTIONS','Prescription','prescriptions','prescriptions_list',NULL,4,4,NULL,NULL,'Retrieved 2 existing prescriptions for patient','SUCCESS','127.0.0.1','Mozilla/5.0 (X11; Linux x86_64; rv:140.0) Gecko/20100101 Firefox/140.0','2026-01-29 12:43:23'),
(726,'2026-01-29 15:43:53',1,'Humphrey Lidwaji','Administrator','PAGE_ACCESS','Prescription','N/A','page',NULL,NULL,NULL,NULL,NULL,'Accessed prescription.php','ATTEMPT','127.0.0.1','Mozilla/5.0 (X11; Linux x86_64; rv:140.0) Gecko/20100101 Firefox/140.0','2026-01-29 12:43:53'),
(727,'2026-01-29 15:43:53',1,'Humphrey Lidwaji','Administrator','RETRIEVE','Prescription','visits','visit',4,4,4,NULL,NULL,'Retrieved visit information for prescription. Visit Type: EMERGENCY, MRN: CLINICEMR001/2026/000020','SUCCESS','127.0.0.1','Mozilla/5.0 (X11; Linux x86_64; rv:140.0) Gecko/20100101 Firefox/140.0','2026-01-29 12:43:53'),
(728,'2026-01-29 15:43:53',1,'Humphrey Lidwaji','Administrator','RETRIEVE_PRESCRIPTIONS','Prescription','prescriptions','prescriptions_list',NULL,4,4,NULL,NULL,'Retrieved 2 existing prescriptions for patient','SUCCESS','127.0.0.1','Mozilla/5.0 (X11; Linux x86_64; rv:140.0) Gecko/20100101 Firefox/140.0','2026-01-29 12:43:53'),
(729,'2026-01-29 15:44:24',1,'Humphrey Lidwaji','Administrator','PAGE_ACCESS','Prescription','N/A','page',NULL,NULL,NULL,NULL,NULL,'Accessed prescription.php','ATTEMPT','127.0.0.1','Mozilla/5.0 (X11; Linux x86_64; rv:140.0) Gecko/20100101 Firefox/140.0','2026-01-29 12:44:24'),
(730,'2026-01-29 15:44:24',1,'Humphrey Lidwaji','Administrator','RETRIEVE','Prescription','visits','visit',4,4,4,NULL,NULL,'Retrieved visit information for prescription. Visit Type: EMERGENCY, MRN: CLINICEMR001/2026/000020','SUCCESS','127.0.0.1','Mozilla/5.0 (X11; Linux x86_64; rv:140.0) Gecko/20100101 Firefox/140.0','2026-01-29 12:44:24'),
(731,'2026-01-29 15:44:24',1,'Humphrey Lidwaji','Administrator','RETRIEVE_PRESCRIPTIONS','Prescription','prescriptions','prescriptions_list',NULL,4,4,NULL,NULL,'Retrieved 2 existing prescriptions for patient','SUCCESS','127.0.0.1','Mozilla/5.0 (X11; Linux x86_64; rv:140.0) Gecko/20100101 Firefox/140.0','2026-01-29 12:44:24'),
(732,'2026-01-29 15:44:54',1,'Humphrey Lidwaji','Administrator','PAGE_ACCESS','Prescription','N/A','page',NULL,NULL,NULL,NULL,NULL,'Accessed prescription.php','ATTEMPT','127.0.0.1','Mozilla/5.0 (X11; Linux x86_64; rv:140.0) Gecko/20100101 Firefox/140.0','2026-01-29 12:44:54'),
(733,'2026-01-29 15:44:54',1,'Humphrey Lidwaji','Administrator','RETRIEVE','Prescription','visits','visit',4,4,4,NULL,NULL,'Retrieved visit information for prescription. Visit Type: EMERGENCY, MRN: CLINICEMR001/2026/000020','SUCCESS','127.0.0.1','Mozilla/5.0 (X11; Linux x86_64; rv:140.0) Gecko/20100101 Firefox/140.0','2026-01-29 12:44:54'),
(734,'2026-01-29 15:44:54',1,'Humphrey Lidwaji','Administrator','RETRIEVE_PRESCRIPTIONS','Prescription','prescriptions','prescriptions_list',NULL,4,4,NULL,NULL,'Retrieved 2 existing prescriptions for patient','SUCCESS','127.0.0.1','Mozilla/5.0 (X11; Linux x86_64; rv:140.0) Gecko/20100101 Firefox/140.0','2026-01-29 12:44:54'),
(735,'2026-01-29 15:45:25',1,'Humphrey Lidwaji','Administrator','PAGE_ACCESS','Prescription','N/A','page',NULL,NULL,NULL,NULL,NULL,'Accessed prescription.php','ATTEMPT','127.0.0.1','Mozilla/5.0 (X11; Linux x86_64; rv:140.0) Gecko/20100101 Firefox/140.0','2026-01-29 12:45:25'),
(736,'2026-01-29 15:45:25',1,'Humphrey Lidwaji','Administrator','RETRIEVE','Prescription','visits','visit',4,4,4,NULL,NULL,'Retrieved visit information for prescription. Visit Type: EMERGENCY, MRN: CLINICEMR001/2026/000020','SUCCESS','127.0.0.1','Mozilla/5.0 (X11; Linux x86_64; rv:140.0) Gecko/20100101 Firefox/140.0','2026-01-29 12:45:25'),
(737,'2026-01-29 15:45:25',1,'Humphrey Lidwaji','Administrator','RETRIEVE_PRESCRIPTIONS','Prescription','prescriptions','prescriptions_list',NULL,4,4,NULL,NULL,'Retrieved 2 existing prescriptions for patient','SUCCESS','127.0.0.1','Mozilla/5.0 (X11; Linux x86_64; rv:140.0) Gecko/20100101 Firefox/140.0','2026-01-29 12:45:25'),
(738,'2026-01-29 15:45:55',1,'Humphrey Lidwaji','Administrator','PAGE_ACCESS','Prescription','N/A','page',NULL,NULL,NULL,NULL,NULL,'Accessed prescription.php','ATTEMPT','127.0.0.1','Mozilla/5.0 (X11; Linux x86_64; rv:140.0) Gecko/20100101 Firefox/140.0','2026-01-29 12:45:55'),
(739,'2026-01-29 15:45:55',1,'Humphrey Lidwaji','Administrator','RETRIEVE','Prescription','visits','visit',4,4,4,NULL,NULL,'Retrieved visit information for prescription. Visit Type: EMERGENCY, MRN: CLINICEMR001/2026/000020','SUCCESS','127.0.0.1','Mozilla/5.0 (X11; Linux x86_64; rv:140.0) Gecko/20100101 Firefox/140.0','2026-01-29 12:45:55'),
(740,'2026-01-29 15:45:55',1,'Humphrey Lidwaji','Administrator','RETRIEVE_PRESCRIPTIONS','Prescription','prescriptions','prescriptions_list',NULL,4,4,NULL,NULL,'Retrieved 2 existing prescriptions for patient','SUCCESS','127.0.0.1','Mozilla/5.0 (X11; Linux x86_64; rv:140.0) Gecko/20100101 Firefox/140.0','2026-01-29 12:45:55'),
(741,'2026-01-29 15:46:25',1,'Humphrey Lidwaji','Administrator','PAGE_ACCESS','Prescription','N/A','page',NULL,NULL,NULL,NULL,NULL,'Accessed prescription.php','ATTEMPT','127.0.0.1','Mozilla/5.0 (X11; Linux x86_64; rv:140.0) Gecko/20100101 Firefox/140.0','2026-01-29 12:46:25'),
(742,'2026-01-29 15:46:25',1,'Humphrey Lidwaji','Administrator','RETRIEVE','Prescription','visits','visit',4,4,4,NULL,NULL,'Retrieved visit information for prescription. Visit Type: EMERGENCY, MRN: CLINICEMR001/2026/000020','SUCCESS','127.0.0.1','Mozilla/5.0 (X11; Linux x86_64; rv:140.0) Gecko/20100101 Firefox/140.0','2026-01-29 12:46:25'),
(743,'2026-01-29 15:46:25',1,'Humphrey Lidwaji','Administrator','RETRIEVE_PRESCRIPTIONS','Prescription','prescriptions','prescriptions_list',NULL,4,4,NULL,NULL,'Retrieved 2 existing prescriptions for patient','SUCCESS','127.0.0.1','Mozilla/5.0 (X11; Linux x86_64; rv:140.0) Gecko/20100101 Firefox/140.0','2026-01-29 12:46:25'),
(744,'2026-01-29 15:46:56',1,'Humphrey Lidwaji','Administrator','PAGE_ACCESS','Prescription','N/A','page',NULL,NULL,NULL,NULL,NULL,'Accessed prescription.php','ATTEMPT','127.0.0.1','Mozilla/5.0 (X11; Linux x86_64; rv:140.0) Gecko/20100101 Firefox/140.0','2026-01-29 12:46:56'),
(745,'2026-01-29 15:46:56',1,'Humphrey Lidwaji','Administrator','RETRIEVE','Prescription','visits','visit',4,4,4,NULL,NULL,'Retrieved visit information for prescription. Visit Type: EMERGENCY, MRN: CLINICEMR001/2026/000020','SUCCESS','127.0.0.1','Mozilla/5.0 (X11; Linux x86_64; rv:140.0) Gecko/20100101 Firefox/140.0','2026-01-29 12:46:56'),
(746,'2026-01-29 15:46:56',1,'Humphrey Lidwaji','Administrator','RETRIEVE_PRESCRIPTIONS','Prescription','prescriptions','prescriptions_list',NULL,4,4,NULL,NULL,'Retrieved 2 existing prescriptions for patient','SUCCESS','127.0.0.1','Mozilla/5.0 (X11; Linux x86_64; rv:140.0) Gecko/20100101 Firefox/140.0','2026-01-29 12:46:56'),
(747,'2026-01-29 15:47:27',1,'Humphrey Lidwaji','Administrator','PAGE_ACCESS','Prescription','N/A','page',NULL,NULL,NULL,NULL,NULL,'Accessed prescription.php','ATTEMPT','127.0.0.1','Mozilla/5.0 (X11; Linux x86_64; rv:140.0) Gecko/20100101 Firefox/140.0','2026-01-29 12:47:27'),
(748,'2026-01-29 15:47:27',1,'Humphrey Lidwaji','Administrator','RETRIEVE','Prescription','visits','visit',4,4,4,NULL,NULL,'Retrieved visit information for prescription. Visit Type: EMERGENCY, MRN: CLINICEMR001/2026/000020','SUCCESS','127.0.0.1','Mozilla/5.0 (X11; Linux x86_64; rv:140.0) Gecko/20100101 Firefox/140.0','2026-01-29 12:47:27'),
(749,'2026-01-29 15:47:27',1,'Humphrey Lidwaji','Administrator','RETRIEVE_PRESCRIPTIONS','Prescription','prescriptions','prescriptions_list',NULL,4,4,NULL,NULL,'Retrieved 2 existing prescriptions for patient','SUCCESS','127.0.0.1','Mozilla/5.0 (X11; Linux x86_64; rv:140.0) Gecko/20100101 Firefox/140.0','2026-01-29 12:47:27'),
(750,'2026-01-29 15:47:58',1,'Humphrey Lidwaji','Administrator','PAGE_ACCESS','Prescription','N/A','page',NULL,NULL,NULL,NULL,NULL,'Accessed prescription.php','ATTEMPT','127.0.0.1','Mozilla/5.0 (X11; Linux x86_64; rv:140.0) Gecko/20100101 Firefox/140.0','2026-01-29 12:47:58'),
(751,'2026-01-29 15:47:58',1,'Humphrey Lidwaji','Administrator','RETRIEVE','Prescription','visits','visit',4,4,4,NULL,NULL,'Retrieved visit information for prescription. Visit Type: EMERGENCY, MRN: CLINICEMR001/2026/000020','SUCCESS','127.0.0.1','Mozilla/5.0 (X11; Linux x86_64; rv:140.0) Gecko/20100101 Firefox/140.0','2026-01-29 12:47:58'),
(752,'2026-01-29 15:47:58',1,'Humphrey Lidwaji','Administrator','RETRIEVE_PRESCRIPTIONS','Prescription','prescriptions','prescriptions_list',NULL,4,4,NULL,NULL,'Retrieved 2 existing prescriptions for patient','SUCCESS','127.0.0.1','Mozilla/5.0 (X11; Linux x86_64; rv:140.0) Gecko/20100101 Firefox/140.0','2026-01-29 12:47:58'),
(753,'2026-01-29 15:48:28',1,'Humphrey Lidwaji','Administrator','PAGE_ACCESS','Prescription','N/A','page',NULL,NULL,NULL,NULL,NULL,'Accessed prescription.php','ATTEMPT','127.0.0.1','Mozilla/5.0 (X11; Linux x86_64; rv:140.0) Gecko/20100101 Firefox/140.0','2026-01-29 12:48:28'),
(754,'2026-01-29 15:48:28',1,'Humphrey Lidwaji','Administrator','RETRIEVE','Prescription','visits','visit',4,4,4,NULL,NULL,'Retrieved visit information for prescription. Visit Type: EMERGENCY, MRN: CLINICEMR001/2026/000020','SUCCESS','127.0.0.1','Mozilla/5.0 (X11; Linux x86_64; rv:140.0) Gecko/20100101 Firefox/140.0','2026-01-29 12:48:28'),
(755,'2026-01-29 15:48:28',1,'Humphrey Lidwaji','Administrator','RETRIEVE_PRESCRIPTIONS','Prescription','prescriptions','prescriptions_list',NULL,4,4,NULL,NULL,'Retrieved 2 existing prescriptions for patient','SUCCESS','127.0.0.1','Mozilla/5.0 (X11; Linux x86_64; rv:140.0) Gecko/20100101 Firefox/140.0','2026-01-29 12:48:28'),
(756,'2026-01-29 15:48:59',1,'Humphrey Lidwaji','Administrator','PAGE_ACCESS','Prescription','N/A','page',NULL,NULL,NULL,NULL,NULL,'Accessed prescription.php','ATTEMPT','127.0.0.1','Mozilla/5.0 (X11; Linux x86_64; rv:140.0) Gecko/20100101 Firefox/140.0','2026-01-29 12:48:59'),
(757,'2026-01-29 15:48:59',1,'Humphrey Lidwaji','Administrator','RETRIEVE','Prescription','visits','visit',4,4,4,NULL,NULL,'Retrieved visit information for prescription. Visit Type: EMERGENCY, MRN: CLINICEMR001/2026/000020','SUCCESS','127.0.0.1','Mozilla/5.0 (X11; Linux x86_64; rv:140.0) Gecko/20100101 Firefox/140.0','2026-01-29 12:48:59'),
(758,'2026-01-29 15:48:59',1,'Humphrey Lidwaji','Administrator','RETRIEVE_PRESCRIPTIONS','Prescription','prescriptions','prescriptions_list',NULL,4,4,NULL,NULL,'Retrieved 2 existing prescriptions for patient','SUCCESS','127.0.0.1','Mozilla/5.0 (X11; Linux x86_64; rv:140.0) Gecko/20100101 Firefox/140.0','2026-01-29 12:48:59'),
(759,'2026-01-29 15:49:29',1,'Humphrey Lidwaji','Administrator','PAGE_ACCESS','Prescription','N/A','page',NULL,NULL,NULL,NULL,NULL,'Accessed prescription.php','ATTEMPT','127.0.0.1','Mozilla/5.0 (X11; Linux x86_64; rv:140.0) Gecko/20100101 Firefox/140.0','2026-01-29 12:49:29'),
(760,'2026-01-29 15:49:29',1,'Humphrey Lidwaji','Administrator','RETRIEVE','Prescription','visits','visit',4,4,4,NULL,NULL,'Retrieved visit information for prescription. Visit Type: EMERGENCY, MRN: CLINICEMR001/2026/000020','SUCCESS','127.0.0.1','Mozilla/5.0 (X11; Linux x86_64; rv:140.0) Gecko/20100101 Firefox/140.0','2026-01-29 12:49:29'),
(761,'2026-01-29 15:49:29',1,'Humphrey Lidwaji','Administrator','RETRIEVE_PRESCRIPTIONS','Prescription','prescriptions','prescriptions_list',NULL,4,4,NULL,NULL,'Retrieved 2 existing prescriptions for patient','SUCCESS','127.0.0.1','Mozilla/5.0 (X11; Linux x86_64; rv:140.0) Gecko/20100101 Firefox/140.0','2026-01-29 12:49:29'),
(762,'2026-01-29 15:49:59',1,'Humphrey Lidwaji','Administrator','PAGE_ACCESS','Prescription','N/A','page',NULL,NULL,NULL,NULL,NULL,'Accessed prescription.php','ATTEMPT','127.0.0.1','Mozilla/5.0 (X11; Linux x86_64; rv:140.0) Gecko/20100101 Firefox/140.0','2026-01-29 12:49:59'),
(763,'2026-01-29 15:49:59',1,'Humphrey Lidwaji','Administrator','RETRIEVE','Prescription','visits','visit',4,4,4,NULL,NULL,'Retrieved visit information for prescription. Visit Type: EMERGENCY, MRN: CLINICEMR001/2026/000020','SUCCESS','127.0.0.1','Mozilla/5.0 (X11; Linux x86_64; rv:140.0) Gecko/20100101 Firefox/140.0','2026-01-29 12:49:59'),
(764,'2026-01-29 15:49:59',1,'Humphrey Lidwaji','Administrator','RETRIEVE_PRESCRIPTIONS','Prescription','prescriptions','prescriptions_list',NULL,4,4,NULL,NULL,'Retrieved 2 existing prescriptions for patient','SUCCESS','127.0.0.1','Mozilla/5.0 (X11; Linux x86_64; rv:140.0) Gecko/20100101 Firefox/140.0','2026-01-29 12:49:59'),
(765,'2026-01-29 15:50:30',1,'Humphrey Lidwaji','Administrator','PAGE_ACCESS','Prescription','N/A','page',NULL,NULL,NULL,NULL,NULL,'Accessed prescription.php','ATTEMPT','127.0.0.1','Mozilla/5.0 (X11; Linux x86_64; rv:140.0) Gecko/20100101 Firefox/140.0','2026-01-29 12:50:30'),
(766,'2026-01-29 15:50:30',1,'Humphrey Lidwaji','Administrator','RETRIEVE','Prescription','visits','visit',4,4,4,NULL,NULL,'Retrieved visit information for prescription. Visit Type: EMERGENCY, MRN: CLINICEMR001/2026/000020','SUCCESS','127.0.0.1','Mozilla/5.0 (X11; Linux x86_64; rv:140.0) Gecko/20100101 Firefox/140.0','2026-01-29 12:50:30'),
(767,'2026-01-29 15:50:30',1,'Humphrey Lidwaji','Administrator','RETRIEVE_PRESCRIPTIONS','Prescription','prescriptions','prescriptions_list',NULL,4,4,NULL,NULL,'Retrieved 2 existing prescriptions for patient','SUCCESS','127.0.0.1','Mozilla/5.0 (X11; Linux x86_64; rv:140.0) Gecko/20100101 Firefox/140.0','2026-01-29 12:50:30'),
(768,'2026-01-29 15:51:00',1,'Humphrey Lidwaji','Administrator','PAGE_ACCESS','Prescription','N/A','page',NULL,NULL,NULL,NULL,NULL,'Accessed prescription.php','ATTEMPT','127.0.0.1','Mozilla/5.0 (X11; Linux x86_64; rv:140.0) Gecko/20100101 Firefox/140.0','2026-01-29 12:51:00'),
(769,'2026-01-29 15:51:00',1,'Humphrey Lidwaji','Administrator','RETRIEVE','Prescription','visits','visit',4,4,4,NULL,NULL,'Retrieved visit information for prescription. Visit Type: EMERGENCY, MRN: CLINICEMR001/2026/000020','SUCCESS','127.0.0.1','Mozilla/5.0 (X11; Linux x86_64; rv:140.0) Gecko/20100101 Firefox/140.0','2026-01-29 12:51:00'),
(770,'2026-01-29 15:51:00',1,'Humphrey Lidwaji','Administrator','RETRIEVE_PRESCRIPTIONS','Prescription','prescriptions','prescriptions_list',NULL,4,4,NULL,NULL,'Retrieved 2 existing prescriptions for patient','SUCCESS','127.0.0.1','Mozilla/5.0 (X11; Linux x86_64; rv:140.0) Gecko/20100101 Firefox/140.0','2026-01-29 12:51:00'),
(771,'2026-01-29 15:51:32',1,'Humphrey Lidwaji','Administrator','PAGE_ACCESS','Prescription','N/A','page',NULL,NULL,NULL,NULL,NULL,'Accessed prescription.php','ATTEMPT','127.0.0.1','Mozilla/5.0 (X11; Linux x86_64; rv:140.0) Gecko/20100101 Firefox/140.0','2026-01-29 12:51:32'),
(772,'2026-01-29 15:51:32',1,'Humphrey Lidwaji','Administrator','RETRIEVE','Prescription','visits','visit',4,4,4,NULL,NULL,'Retrieved visit information for prescription. Visit Type: EMERGENCY, MRN: CLINICEMR001/2026/000020','SUCCESS','127.0.0.1','Mozilla/5.0 (X11; Linux x86_64; rv:140.0) Gecko/20100101 Firefox/140.0','2026-01-29 12:51:32'),
(773,'2026-01-29 15:51:32',1,'Humphrey Lidwaji','Administrator','RETRIEVE_PRESCRIPTIONS','Prescription','prescriptions','prescriptions_list',NULL,4,4,NULL,NULL,'Retrieved 2 existing prescriptions for patient','SUCCESS','127.0.0.1','Mozilla/5.0 (X11; Linux x86_64; rv:140.0) Gecko/20100101 Firefox/140.0','2026-01-29 12:51:32'),
(774,'2026-01-29 15:52:02',1,'Humphrey Lidwaji','Administrator','PAGE_ACCESS','Prescription','N/A','page',NULL,NULL,NULL,NULL,NULL,'Accessed prescription.php','ATTEMPT','127.0.0.1','Mozilla/5.0 (X11; Linux x86_64; rv:140.0) Gecko/20100101 Firefox/140.0','2026-01-29 12:52:02'),
(775,'2026-01-29 15:52:02',1,'Humphrey Lidwaji','Administrator','RETRIEVE','Prescription','visits','visit',4,4,4,NULL,NULL,'Retrieved visit information for prescription. Visit Type: EMERGENCY, MRN: CLINICEMR001/2026/000020','SUCCESS','127.0.0.1','Mozilla/5.0 (X11; Linux x86_64; rv:140.0) Gecko/20100101 Firefox/140.0','2026-01-29 12:52:02'),
(776,'2026-01-29 15:52:02',1,'Humphrey Lidwaji','Administrator','RETRIEVE_PRESCRIPTIONS','Prescription','prescriptions','prescriptions_list',NULL,4,4,NULL,NULL,'Retrieved 2 existing prescriptions for patient','SUCCESS','127.0.0.1','Mozilla/5.0 (X11; Linux x86_64; rv:140.0) Gecko/20100101 Firefox/140.0','2026-01-29 12:52:02'),
(777,'2026-01-29 15:52:33',1,'Humphrey Lidwaji','Administrator','PAGE_ACCESS','Prescription','N/A','page',NULL,NULL,NULL,NULL,NULL,'Accessed prescription.php','ATTEMPT','127.0.0.1','Mozilla/5.0 (X11; Linux x86_64; rv:140.0) Gecko/20100101 Firefox/140.0','2026-01-29 12:52:33'),
(778,'2026-01-29 15:52:33',1,'Humphrey Lidwaji','Administrator','RETRIEVE','Prescription','visits','visit',4,4,4,NULL,NULL,'Retrieved visit information for prescription. Visit Type: EMERGENCY, MRN: CLINICEMR001/2026/000020','SUCCESS','127.0.0.1','Mozilla/5.0 (X11; Linux x86_64; rv:140.0) Gecko/20100101 Firefox/140.0','2026-01-29 12:52:33'),
(779,'2026-01-29 15:52:33',1,'Humphrey Lidwaji','Administrator','RETRIEVE_PRESCRIPTIONS','Prescription','prescriptions','prescriptions_list',NULL,4,4,NULL,NULL,'Retrieved 2 existing prescriptions for patient','SUCCESS','127.0.0.1','Mozilla/5.0 (X11; Linux x86_64; rv:140.0) Gecko/20100101 Firefox/140.0','2026-01-29 12:52:33'),
(780,'2026-01-29 15:53:03',1,'Humphrey Lidwaji','Administrator','PAGE_ACCESS','Prescription','N/A','page',NULL,NULL,NULL,NULL,NULL,'Accessed prescription.php','ATTEMPT','127.0.0.1','Mozilla/5.0 (X11; Linux x86_64; rv:140.0) Gecko/20100101 Firefox/140.0','2026-01-29 12:53:03'),
(781,'2026-01-29 15:53:03',1,'Humphrey Lidwaji','Administrator','RETRIEVE','Prescription','visits','visit',4,4,4,NULL,NULL,'Retrieved visit information for prescription. Visit Type: EMERGENCY, MRN: CLINICEMR001/2026/000020','SUCCESS','127.0.0.1','Mozilla/5.0 (X11; Linux x86_64; rv:140.0) Gecko/20100101 Firefox/140.0','2026-01-29 12:53:03'),
(782,'2026-01-29 15:53:03',1,'Humphrey Lidwaji','Administrator','RETRIEVE_PRESCRIPTIONS','Prescription','prescriptions','prescriptions_list',NULL,4,4,NULL,NULL,'Retrieved 2 existing prescriptions for patient','SUCCESS','127.0.0.1','Mozilla/5.0 (X11; Linux x86_64; rv:140.0) Gecko/20100101 Firefox/140.0','2026-01-29 12:53:03'),
(783,'2026-01-29 15:53:33',1,'Humphrey Lidwaji','Administrator','PAGE_ACCESS','Prescription','N/A','page',NULL,NULL,NULL,NULL,NULL,'Accessed prescription.php','ATTEMPT','127.0.0.1','Mozilla/5.0 (X11; Linux x86_64; rv:140.0) Gecko/20100101 Firefox/140.0','2026-01-29 12:53:33'),
(784,'2026-01-29 15:53:33',1,'Humphrey Lidwaji','Administrator','RETRIEVE','Prescription','visits','visit',4,4,4,NULL,NULL,'Retrieved visit information for prescription. Visit Type: EMERGENCY, MRN: CLINICEMR001/2026/000020','SUCCESS','127.0.0.1','Mozilla/5.0 (X11; Linux x86_64; rv:140.0) Gecko/20100101 Firefox/140.0','2026-01-29 12:53:33'),
(785,'2026-01-29 15:53:33',1,'Humphrey Lidwaji','Administrator','RETRIEVE_PRESCRIPTIONS','Prescription','prescriptions','prescriptions_list',NULL,4,4,NULL,NULL,'Retrieved 2 existing prescriptions for patient','SUCCESS','127.0.0.1','Mozilla/5.0 (X11; Linux x86_64; rv:140.0) Gecko/20100101 Firefox/140.0','2026-01-29 12:53:33'),
(786,'2026-01-29 15:54:04',1,'Humphrey Lidwaji','Administrator','PAGE_ACCESS','Prescription','N/A','page',NULL,NULL,NULL,NULL,NULL,'Accessed prescription.php','ATTEMPT','127.0.0.1','Mozilla/5.0 (X11; Linux x86_64; rv:140.0) Gecko/20100101 Firefox/140.0','2026-01-29 12:54:04'),
(787,'2026-01-29 15:54:04',1,'Humphrey Lidwaji','Administrator','RETRIEVE','Prescription','visits','visit',4,4,4,NULL,NULL,'Retrieved visit information for prescription. Visit Type: EMERGENCY, MRN: CLINICEMR001/2026/000020','SUCCESS','127.0.0.1','Mozilla/5.0 (X11; Linux x86_64; rv:140.0) Gecko/20100101 Firefox/140.0','2026-01-29 12:54:04'),
(788,'2026-01-29 15:54:04',1,'Humphrey Lidwaji','Administrator','RETRIEVE_PRESCRIPTIONS','Prescription','prescriptions','prescriptions_list',NULL,4,4,NULL,NULL,'Retrieved 2 existing prescriptions for patient','SUCCESS','127.0.0.1','Mozilla/5.0 (X11; Linux x86_64; rv:140.0) Gecko/20100101 Firefox/140.0','2026-01-29 12:54:04'),
(789,'2026-01-29 15:54:34',1,'Humphrey Lidwaji','Administrator','PAGE_ACCESS','Prescription','N/A','page',NULL,NULL,NULL,NULL,NULL,'Accessed prescription.php','ATTEMPT','127.0.0.1','Mozilla/5.0 (X11; Linux x86_64; rv:140.0) Gecko/20100101 Firefox/140.0','2026-01-29 12:54:34'),
(790,'2026-01-29 15:54:34',1,'Humphrey Lidwaji','Administrator','RETRIEVE','Prescription','visits','visit',4,4,4,NULL,NULL,'Retrieved visit information for prescription. Visit Type: EMERGENCY, MRN: CLINICEMR001/2026/000020','SUCCESS','127.0.0.1','Mozilla/5.0 (X11; Linux x86_64; rv:140.0) Gecko/20100101 Firefox/140.0','2026-01-29 12:54:34'),
(791,'2026-01-29 15:54:34',1,'Humphrey Lidwaji','Administrator','RETRIEVE_PRESCRIPTIONS','Prescription','prescriptions','prescriptions_list',NULL,4,4,NULL,NULL,'Retrieved 2 existing prescriptions for patient','SUCCESS','127.0.0.1','Mozilla/5.0 (X11; Linux x86_64; rv:140.0) Gecko/20100101 Firefox/140.0','2026-01-29 12:54:34'),
(792,'2026-01-29 15:55:05',1,'Humphrey Lidwaji','Administrator','PAGE_ACCESS','Prescription','N/A','page',NULL,NULL,NULL,NULL,NULL,'Accessed prescription.php','ATTEMPT','127.0.0.1','Mozilla/5.0 (X11; Linux x86_64; rv:140.0) Gecko/20100101 Firefox/140.0','2026-01-29 12:55:05'),
(793,'2026-01-29 15:55:05',1,'Humphrey Lidwaji','Administrator','RETRIEVE','Prescription','visits','visit',4,4,4,NULL,NULL,'Retrieved visit information for prescription. Visit Type: EMERGENCY, MRN: CLINICEMR001/2026/000020','SUCCESS','127.0.0.1','Mozilla/5.0 (X11; Linux x86_64; rv:140.0) Gecko/20100101 Firefox/140.0','2026-01-29 12:55:05'),
(794,'2026-01-29 15:55:05',1,'Humphrey Lidwaji','Administrator','RETRIEVE_PRESCRIPTIONS','Prescription','prescriptions','prescriptions_list',NULL,4,4,NULL,NULL,'Retrieved 2 existing prescriptions for patient','SUCCESS','127.0.0.1','Mozilla/5.0 (X11; Linux x86_64; rv:140.0) Gecko/20100101 Firefox/140.0','2026-01-29 12:55:05'),
(795,'2026-01-29 15:55:35',1,'Humphrey Lidwaji','Administrator','PAGE_ACCESS','Prescription','N/A','page',NULL,NULL,NULL,NULL,NULL,'Accessed prescription.php','ATTEMPT','127.0.0.1','Mozilla/5.0 (X11; Linux x86_64; rv:140.0) Gecko/20100101 Firefox/140.0','2026-01-29 12:55:35'),
(796,'2026-01-29 15:55:35',1,'Humphrey Lidwaji','Administrator','RETRIEVE','Prescription','visits','visit',4,4,4,NULL,NULL,'Retrieved visit information for prescription. Visit Type: EMERGENCY, MRN: CLINICEMR001/2026/000020','SUCCESS','127.0.0.1','Mozilla/5.0 (X11; Linux x86_64; rv:140.0) Gecko/20100101 Firefox/140.0','2026-01-29 12:55:35'),
(797,'2026-01-29 15:55:35',1,'Humphrey Lidwaji','Administrator','RETRIEVE_PRESCRIPTIONS','Prescription','prescriptions','prescriptions_list',NULL,4,4,NULL,NULL,'Retrieved 2 existing prescriptions for patient','SUCCESS','127.0.0.1','Mozilla/5.0 (X11; Linux x86_64; rv:140.0) Gecko/20100101 Firefox/140.0','2026-01-29 12:55:35'),
(798,'2026-01-29 15:56:06',1,'Humphrey Lidwaji','Administrator','PAGE_ACCESS','Prescription','N/A','page',NULL,NULL,NULL,NULL,NULL,'Accessed prescription.php','ATTEMPT','127.0.0.1','Mozilla/5.0 (X11; Linux x86_64; rv:140.0) Gecko/20100101 Firefox/140.0','2026-01-29 12:56:06'),
(799,'2026-01-29 15:56:06',1,'Humphrey Lidwaji','Administrator','RETRIEVE','Prescription','visits','visit',4,4,4,NULL,NULL,'Retrieved visit information for prescription. Visit Type: EMERGENCY, MRN: CLINICEMR001/2026/000020','SUCCESS','127.0.0.1','Mozilla/5.0 (X11; Linux x86_64; rv:140.0) Gecko/20100101 Firefox/140.0','2026-01-29 12:56:06'),
(800,'2026-01-29 15:56:06',1,'Humphrey Lidwaji','Administrator','RETRIEVE_PRESCRIPTIONS','Prescription','prescriptions','prescriptions_list',NULL,4,4,NULL,NULL,'Retrieved 2 existing prescriptions for patient','SUCCESS','127.0.0.1','Mozilla/5.0 (X11; Linux x86_64; rv:140.0) Gecko/20100101 Firefox/140.0','2026-01-29 12:56:06'),
(801,'2026-01-29 15:56:38',1,'Humphrey Lidwaji','Administrator','PAGE_ACCESS','Prescription','N/A','page',NULL,NULL,NULL,NULL,NULL,'Accessed prescription.php','ATTEMPT','127.0.0.1','Mozilla/5.0 (X11; Linux x86_64; rv:140.0) Gecko/20100101 Firefox/140.0','2026-01-29 12:56:38'),
(802,'2026-01-29 15:56:38',1,'Humphrey Lidwaji','Administrator','RETRIEVE','Prescription','visits','visit',4,4,4,NULL,NULL,'Retrieved visit information for prescription. Visit Type: EMERGENCY, MRN: CLINICEMR001/2026/000020','SUCCESS','127.0.0.1','Mozilla/5.0 (X11; Linux x86_64; rv:140.0) Gecko/20100101 Firefox/140.0','2026-01-29 12:56:38'),
(803,'2026-01-29 15:56:38',1,'Humphrey Lidwaji','Administrator','RETRIEVE_PRESCRIPTIONS','Prescription','prescriptions','prescriptions_list',NULL,4,4,NULL,NULL,'Retrieved 2 existing prescriptions for patient','SUCCESS','127.0.0.1','Mozilla/5.0 (X11; Linux x86_64; rv:140.0) Gecko/20100101 Firefox/140.0','2026-01-29 12:56:38'),
(804,'2026-01-29 15:57:10',1,'Humphrey Lidwaji','Administrator','PAGE_ACCESS','Prescription','N/A','page',NULL,NULL,NULL,NULL,NULL,'Accessed prescription.php','ATTEMPT','127.0.0.1','Mozilla/5.0 (X11; Linux x86_64; rv:140.0) Gecko/20100101 Firefox/140.0','2026-01-29 12:57:10'),
(805,'2026-01-29 15:57:10',1,'Humphrey Lidwaji','Administrator','RETRIEVE','Prescription','visits','visit',4,4,4,NULL,NULL,'Retrieved visit information for prescription. Visit Type: EMERGENCY, MRN: CLINICEMR001/2026/000020','SUCCESS','127.0.0.1','Mozilla/5.0 (X11; Linux x86_64; rv:140.0) Gecko/20100101 Firefox/140.0','2026-01-29 12:57:10'),
(806,'2026-01-29 15:57:10',1,'Humphrey Lidwaji','Administrator','RETRIEVE_PRESCRIPTIONS','Prescription','prescriptions','prescriptions_list',NULL,4,4,NULL,NULL,'Retrieved 2 existing prescriptions for patient','SUCCESS','127.0.0.1','Mozilla/5.0 (X11; Linux x86_64; rv:140.0) Gecko/20100101 Firefox/140.0','2026-01-29 12:57:10'),
(807,'2026-01-29 15:57:43',1,'Humphrey Lidwaji','Administrator','PAGE_ACCESS','Prescription','N/A','page',NULL,NULL,NULL,NULL,NULL,'Accessed prescription.php','ATTEMPT','127.0.0.1','Mozilla/5.0 (X11; Linux x86_64; rv:140.0) Gecko/20100101 Firefox/140.0','2026-01-29 12:57:43'),
(808,'2026-01-29 15:57:43',1,'Humphrey Lidwaji','Administrator','RETRIEVE','Prescription','visits','visit',4,4,4,NULL,NULL,'Retrieved visit information for prescription. Visit Type: EMERGENCY, MRN: CLINICEMR001/2026/000020','SUCCESS','127.0.0.1','Mozilla/5.0 (X11; Linux x86_64; rv:140.0) Gecko/20100101 Firefox/140.0','2026-01-29 12:57:43'),
(809,'2026-01-29 15:57:43',1,'Humphrey Lidwaji','Administrator','RETRIEVE_PRESCRIPTIONS','Prescription','prescriptions','prescriptions_list',NULL,4,4,NULL,NULL,'Retrieved 2 existing prescriptions for patient','SUCCESS','127.0.0.1','Mozilla/5.0 (X11; Linux x86_64; rv:140.0) Gecko/20100101 Firefox/140.0','2026-01-29 12:57:43'),
(810,'2026-01-29 15:58:14',1,'Humphrey Lidwaji','Administrator','PAGE_ACCESS','Prescription','N/A','page',NULL,NULL,NULL,NULL,NULL,'Accessed prescription.php','ATTEMPT','127.0.0.1','Mozilla/5.0 (X11; Linux x86_64; rv:140.0) Gecko/20100101 Firefox/140.0','2026-01-29 12:58:14'),
(811,'2026-01-29 15:58:14',1,'Humphrey Lidwaji','Administrator','RETRIEVE','Prescription','visits','visit',4,4,4,NULL,NULL,'Retrieved visit information for prescription. Visit Type: EMERGENCY, MRN: CLINICEMR001/2026/000020','SUCCESS','127.0.0.1','Mozilla/5.0 (X11; Linux x86_64; rv:140.0) Gecko/20100101 Firefox/140.0','2026-01-29 12:58:14'),
(812,'2026-01-29 15:58:14',1,'Humphrey Lidwaji','Administrator','RETRIEVE_PRESCRIPTIONS','Prescription','prescriptions','prescriptions_list',NULL,4,4,NULL,NULL,'Retrieved 2 existing prescriptions for patient','SUCCESS','127.0.0.1','Mozilla/5.0 (X11; Linux x86_64; rv:140.0) Gecko/20100101 Firefox/140.0','2026-01-29 12:58:14'),
(813,'2026-01-29 15:58:44',1,'Humphrey Lidwaji','Administrator','PAGE_ACCESS','Prescription','N/A','page',NULL,NULL,NULL,NULL,NULL,'Accessed prescription.php','ATTEMPT','127.0.0.1','Mozilla/5.0 (X11; Linux x86_64; rv:140.0) Gecko/20100101 Firefox/140.0','2026-01-29 12:58:44'),
(814,'2026-01-29 15:58:44',1,'Humphrey Lidwaji','Administrator','RETRIEVE','Prescription','visits','visit',4,4,4,NULL,NULL,'Retrieved visit information for prescription. Visit Type: EMERGENCY, MRN: CLINICEMR001/2026/000020','SUCCESS','127.0.0.1','Mozilla/5.0 (X11; Linux x86_64; rv:140.0) Gecko/20100101 Firefox/140.0','2026-01-29 12:58:44'),
(815,'2026-01-29 15:58:44',1,'Humphrey Lidwaji','Administrator','RETRIEVE_PRESCRIPTIONS','Prescription','prescriptions','prescriptions_list',NULL,4,4,NULL,NULL,'Retrieved 2 existing prescriptions for patient','SUCCESS','127.0.0.1','Mozilla/5.0 (X11; Linux x86_64; rv:140.0) Gecko/20100101 Firefox/140.0','2026-01-29 12:58:44'),
(816,'2026-01-29 15:59:15',1,'Humphrey Lidwaji','Administrator','PAGE_ACCESS','Prescription','N/A','page',NULL,NULL,NULL,NULL,NULL,'Accessed prescription.php','ATTEMPT','127.0.0.1','Mozilla/5.0 (X11; Linux x86_64; rv:140.0) Gecko/20100101 Firefox/140.0','2026-01-29 12:59:15'),
(817,'2026-01-29 15:59:15',1,'Humphrey Lidwaji','Administrator','RETRIEVE','Prescription','visits','visit',4,4,4,NULL,NULL,'Retrieved visit information for prescription. Visit Type: EMERGENCY, MRN: CLINICEMR001/2026/000020','SUCCESS','127.0.0.1','Mozilla/5.0 (X11; Linux x86_64; rv:140.0) Gecko/20100101 Firefox/140.0','2026-01-29 12:59:15'),
(818,'2026-01-29 15:59:15',1,'Humphrey Lidwaji','Administrator','RETRIEVE_PRESCRIPTIONS','Prescription','prescriptions','prescriptions_list',NULL,4,4,NULL,NULL,'Retrieved 2 existing prescriptions for patient','SUCCESS','127.0.0.1','Mozilla/5.0 (X11; Linux x86_64; rv:140.0) Gecko/20100101 Firefox/140.0','2026-01-29 12:59:15'),
(819,'2026-01-29 15:59:45',1,'Humphrey Lidwaji','Administrator','PAGE_ACCESS','Prescription','N/A','page',NULL,NULL,NULL,NULL,NULL,'Accessed prescription.php','ATTEMPT','127.0.0.1','Mozilla/5.0 (X11; Linux x86_64; rv:140.0) Gecko/20100101 Firefox/140.0','2026-01-29 12:59:45'),
(820,'2026-01-29 15:59:45',1,'Humphrey Lidwaji','Administrator','RETRIEVE','Prescription','visits','visit',4,4,4,NULL,NULL,'Retrieved visit information for prescription. Visit Type: EMERGENCY, MRN: CLINICEMR001/2026/000020','SUCCESS','127.0.0.1','Mozilla/5.0 (X11; Linux x86_64; rv:140.0) Gecko/20100101 Firefox/140.0','2026-01-29 12:59:45'),
(821,'2026-01-29 15:59:45',1,'Humphrey Lidwaji','Administrator','RETRIEVE_PRESCRIPTIONS','Prescription','prescriptions','prescriptions_list',NULL,4,4,NULL,NULL,'Retrieved 2 existing prescriptions for patient','SUCCESS','127.0.0.1','Mozilla/5.0 (X11; Linux x86_64; rv:140.0) Gecko/20100101 Firefox/140.0','2026-01-29 12:59:45'),
(822,'2026-01-29 16:00:16',1,'Humphrey Lidwaji','Administrator','PAGE_ACCESS','Prescription','N/A','page',NULL,NULL,NULL,NULL,NULL,'Accessed prescription.php','ATTEMPT','127.0.0.1','Mozilla/5.0 (X11; Linux x86_64; rv:140.0) Gecko/20100101 Firefox/140.0','2026-01-29 13:00:16'),
(823,'2026-01-29 16:00:16',1,'Humphrey Lidwaji','Administrator','RETRIEVE','Prescription','visits','visit',4,4,4,NULL,NULL,'Retrieved visit information for prescription. Visit Type: EMERGENCY, MRN: CLINICEMR001/2026/000020','SUCCESS','127.0.0.1','Mozilla/5.0 (X11; Linux x86_64; rv:140.0) Gecko/20100101 Firefox/140.0','2026-01-29 13:00:16'),
(824,'2026-01-29 16:00:16',1,'Humphrey Lidwaji','Administrator','RETRIEVE_PRESCRIPTIONS','Prescription','prescriptions','prescriptions_list',NULL,4,4,NULL,NULL,'Retrieved 2 existing prescriptions for patient','SUCCESS','127.0.0.1','Mozilla/5.0 (X11; Linux x86_64; rv:140.0) Gecko/20100101 Firefox/140.0','2026-01-29 13:00:16'),
(825,'2026-01-29 16:00:47',1,'Humphrey Lidwaji','Administrator','PAGE_ACCESS','Prescription','N/A','page',NULL,NULL,NULL,NULL,NULL,'Accessed prescription.php','ATTEMPT','127.0.0.1','Mozilla/5.0 (X11; Linux x86_64; rv:140.0) Gecko/20100101 Firefox/140.0','2026-01-29 13:00:47'),
(826,'2026-01-29 16:00:47',1,'Humphrey Lidwaji','Administrator','RETRIEVE','Prescription','visits','visit',4,4,4,NULL,NULL,'Retrieved visit information for prescription. Visit Type: EMERGENCY, MRN: CLINICEMR001/2026/000020','SUCCESS','127.0.0.1','Mozilla/5.0 (X11; Linux x86_64; rv:140.0) Gecko/20100101 Firefox/140.0','2026-01-29 13:00:47'),
(827,'2026-01-29 16:00:47',1,'Humphrey Lidwaji','Administrator','RETRIEVE_PRESCRIPTIONS','Prescription','prescriptions','prescriptions_list',NULL,4,4,NULL,NULL,'Retrieved 2 existing prescriptions for patient','SUCCESS','127.0.0.1','Mozilla/5.0 (X11; Linux x86_64; rv:140.0) Gecko/20100101 Firefox/140.0','2026-01-29 13:00:47'),
(828,'2026-01-29 16:01:08',1,'Humphrey Lidwaji','Administrator','PAGE_ACCESS','Prescription','N/A','page',NULL,NULL,NULL,NULL,NULL,'Accessed prescription.php','ATTEMPT','127.0.0.1','Mozilla/5.0 (X11; Linux x86_64; rv:140.0) Gecko/20100101 Firefox/140.0','2026-01-29 13:01:08'),
(829,'2026-01-29 16:01:20',1,'Humphrey Lidwaji','Administrator','PAGE_ACCESS','Prescription','N/A','page',NULL,NULL,NULL,NULL,NULL,'Accessed prescription.php','ATTEMPT','127.0.0.1','Mozilla/5.0 (X11; Linux x86_64; rv:140.0) Gecko/20100101 Firefox/140.0','2026-01-29 13:01:20'),
(830,'2026-01-29 16:01:52',1,'Humphrey Lidwaji','Administrator','PAGE_ACCESS','Prescription','N/A','page',NULL,NULL,NULL,NULL,NULL,'Accessed prescription.php','ATTEMPT','127.0.0.1','Mozilla/5.0 (X11; Linux x86_64; rv:140.0) Gecko/20100101 Firefox/140.0','2026-01-29 13:01:52'),
(831,'2026-01-29 16:04:45',1,'Humphrey Lidwaji','Administrator','PAGE_ACCESS','Prescription','N/A','page',NULL,NULL,NULL,NULL,NULL,'Accessed prescription.php','ATTEMPT','127.0.0.1','Mozilla/5.0 (X11; Linux x86_64; rv:140.0) Gecko/20100101 Firefox/140.0','2026-01-29 13:04:45'),
(832,'2026-01-29 16:04:53',1,'Humphrey Lidwaji','Administrator','PAGE_ACCESS','Prescription','N/A','page',NULL,NULL,NULL,NULL,NULL,'Accessed prescription.php','ATTEMPT','127.0.0.1','Mozilla/5.0 (X11; Linux x86_64; rv:140.0) Gecko/20100101 Firefox/140.0','2026-01-29 13:04:53'),
(833,'2026-01-29 16:05:00',1,'Humphrey Lidwaji','Administrator','VIEW','Doctor Consultation','visits','visit',4,4,4,NULL,NULL,'Accessed doctor consultation page for visit ID 4 (Patient: HUMPHREY IRAUSA LIDWAJI, Visit #: OPD-CLINICEMR001-2026-001, Type: EMERGENCY)','SUCCESS','127.0.0.1','Mozilla/5.0 (X11; Linux x86_64; rv:140.0) Gecko/20100101 Firefox/140.0','2026-01-29 13:05:00'),
(834,'2026-01-29 16:05:12',1,'Humphrey Lidwaji','Administrator','VIEW','Doctor Consultation','visits','visit',12,4,12,NULL,NULL,'Accessed doctor consultation page for visit ID 12 (Patient: HUMPHREY IRAUSA LIDWAJI, Visit #: IPD-KSC-2026-001, Type: IPD)','SUCCESS','127.0.0.1','Mozilla/5.0 (X11; Linux x86_64; rv:140.0) Gecko/20100101 Firefox/140.0','2026-01-29 13:05:12'),
(835,'2026-01-29 16:05:16',1,'Humphrey Lidwaji','Administrator','PAGE_ACCESS','Prescription','N/A','page',NULL,NULL,NULL,NULL,NULL,'Accessed prescription.php','ATTEMPT','127.0.0.1','Mozilla/5.0 (X11; Linux x86_64; rv:140.0) Gecko/20100101 Firefox/140.0','2026-01-29 13:05:16'),
(836,'2026-01-29 16:05:54',1,'Humphrey Lidwaji','Administrator','PAGE_ACCESS','Prescription','N/A','page',NULL,NULL,NULL,NULL,NULL,'Accessed prescription.php','ATTEMPT','127.0.0.1','Mozilla/5.0 (X11; Linux x86_64; rv:140.0) Gecko/20100101 Firefox/140.0','2026-01-29 13:05:54'),
(837,'2026-01-29 16:05:54',1,'Humphrey Lidwaji','Administrator','CREATE_IPD_ORDER','Prescription','ipd_medication_orders','medication_order',NULL,4,12,NULL,NULL,'Creating new IPD medication order','ATTEMPT','127.0.0.1','Mozilla/5.0 (X11; Linux x86_64; rv:140.0) Gecko/20100101 Firefox/140.0','2026-01-29 13:05:54'),
(838,'2026-01-29 16:05:54',1,'Humphrey Lidwaji','Administrator','CREATE_IPD_ORDER','Prescription','ipd_medication_orders','medication_order',1,4,12,NULL,'{\"visit_id\":12,\"patient_id\":4,\"item_id\":1,\"dose\":\"5mg\",\"frequency\":\"Once daily\",\"route\":\"PO\",\"status\":\"active\"}','IPD medication order created successfully','SUCCESS','127.0.0.1','Mozilla/5.0 (X11; Linux x86_64; rv:140.0) Gecko/20100101 Firefox/140.0','2026-01-29 13:05:54'),
(839,'2026-01-29 16:06:32',1,'Humphrey Lidwaji','Administrator','PAGE_ACCESS','Prescription','N/A','page',NULL,NULL,NULL,NULL,NULL,'Accessed prescription.php','ATTEMPT','127.0.0.1','Mozilla/5.0 (X11; Linux x86_64; rv:140.0) Gecko/20100101 Firefox/140.0','2026-01-29 13:06:32'),
(840,'2026-01-29 16:08:00',1,'Humphrey Lidwaji','Administrator','PAGE_ACCESS','Prescription','N/A','page',NULL,NULL,NULL,NULL,NULL,'Accessed prescription.php','ATTEMPT','127.0.0.1','Mozilla/5.0 (X11; Linux x86_64; rv:140.0) Gecko/20100101 Firefox/140.0','2026-01-29 13:08:00'),
(841,'2026-01-29 16:08:00',1,'Humphrey Lidwaji','Administrator','STOP_IPD_ORDER','Prescription','ipd_medication_orders','medication_order',1,NULL,NULL,'{\"status\":\"active\"}','{\"status\":\"stopped\"}','Medication order stopped','SUCCESS','127.0.0.1','Mozilla/5.0 (X11; Linux x86_64; rv:140.0) Gecko/20100101 Firefox/140.0','2026-01-29 13:08:00'),
(842,'2026-01-29 16:08:46',1,'Humphrey Lidwaji','Administrator','VIEW','Medication Administration','visits','visit',12,4,12,NULL,NULL,'Accessed medication administration page for visit ID 12 (Patient: HUMPHREY IRAUSA LIDWAJI, Visit #: VISIT-CLINICEMR001-2026-002)','SUCCESS','127.0.0.1','Mozilla/5.0 (X11; Linux x86_64; rv:140.0) Gecko/20100101 Firefox/140.0','2026-01-29 13:08:46'),
(843,'2026-01-29 16:09:47',1,'Humphrey Lidwaji','Administrator','VIEW','Medication Administration','visits','visit',12,4,12,NULL,NULL,'Accessed medication administration page for visit ID 12 (Patient: HUMPHREY IRAUSA LIDWAJI, Visit #: VISIT-CLINICEMR001-2026-002)','SUCCESS','127.0.0.1','Mozilla/5.0 (X11; Linux x86_64; rv:140.0) Gecko/20100101 Firefox/140.0','2026-01-29 13:09:47'),
(844,'2026-01-29 16:10:48',1,'Humphrey Lidwaji','Administrator','VIEW','Medication Administration','visits','visit',12,4,12,NULL,NULL,'Accessed medication administration page for visit ID 12 (Patient: HUMPHREY IRAUSA LIDWAJI, Visit #: VISIT-CLINICEMR001-2026-002)','SUCCESS','127.0.0.1','Mozilla/5.0 (X11; Linux x86_64; rv:140.0) Gecko/20100101 Firefox/140.0','2026-01-29 13:10:48'),
(845,'2026-01-29 16:11:50',1,'Humphrey Lidwaji','Administrator','VIEW','Medication Administration','visits','visit',12,4,12,NULL,NULL,'Accessed medication administration page for visit ID 12 (Patient: HUMPHREY IRAUSA LIDWAJI, Visit #: VISIT-CLINICEMR001-2026-002)','SUCCESS','127.0.0.1','Mozilla/5.0 (X11; Linux x86_64; rv:140.0) Gecko/20100101 Firefox/140.0','2026-01-29 13:11:50'),
(846,'2026-01-29 16:12:51',1,'Humphrey Lidwaji','Administrator','VIEW','Medication Administration','visits','visit',12,4,12,NULL,NULL,'Accessed medication administration page for visit ID 12 (Patient: HUMPHREY IRAUSA LIDWAJI, Visit #: VISIT-CLINICEMR001-2026-002)','SUCCESS','127.0.0.1','Mozilla/5.0 (X11; Linux x86_64; rv:140.0) Gecko/20100101 Firefox/140.0','2026-01-29 13:12:51'),
(847,'2026-01-29 16:13:52',1,'Humphrey Lidwaji','Administrator','VIEW','Medication Administration','visits','visit',12,4,12,NULL,NULL,'Accessed medication administration page for visit ID 12 (Patient: HUMPHREY IRAUSA LIDWAJI, Visit #: VISIT-CLINICEMR001-2026-002)','SUCCESS','127.0.0.1','Mozilla/5.0 (X11; Linux x86_64; rv:140.0) Gecko/20100101 Firefox/140.0','2026-01-29 13:13:52'),
(848,'2026-01-29 16:14:53',1,'Humphrey Lidwaji','Administrator','VIEW','Medication Administration','visits','visit',12,4,12,NULL,NULL,'Accessed medication administration page for visit ID 12 (Patient: HUMPHREY IRAUSA LIDWAJI, Visit #: VISIT-CLINICEMR001-2026-002)','SUCCESS','127.0.0.1','Mozilla/5.0 (X11; Linux x86_64; rv:140.0) Gecko/20100101 Firefox/140.0','2026-01-29 13:14:53'),
(849,'2026-01-29 16:15:14',1,'Humphrey Lidwaji','Administrator','VIEW','Prescriptions','prescriptions','prescription_list',NULL,NULL,NULL,NULL,'{\"sort_by\":\"p.prescription_date\",\"sort_order\":\"DESC\"}','Accessed prescriptions manage page','SUCCESS','127.0.0.1','Mozilla/5.0 (X11; Linux x86_64; rv:140.0) Gecko/20100101 Firefox/140.0','2026-01-29 13:15:14'),
(850,'2026-01-29 16:15:32',1,'Humphrey Lidwaji','Administrator','VIEW','Pharmacy','prescriptions','prescription',9,NULL,NULL,NULL,NULL,'Attempting to view prescription ID: 9','ATTEMPT','127.0.0.1','Mozilla/5.0 (X11; Linux x86_64; rv:140.0) Gecko/20100101 Firefox/140.0','2026-01-29 13:15:32'),
(851,'2026-01-29 16:15:32',1,'Humphrey Lidwaji','Administrator','VIEW','Pharmacy','prescriptions','prescription',9,NULL,NULL,NULL,NULL,'Accessed prescription #9 for patient:   (MRN: )','SUCCESS','127.0.0.1','Mozilla/5.0 (X11; Linux x86_64; rv:140.0) Gecko/20100101 Firefox/140.0','2026-01-29 13:15:32'),
(852,'2026-01-29 16:15:42',1,'Humphrey Lidwaji','Administrator','VIEW','Prescriptions','prescriptions','prescription_list',NULL,NULL,NULL,NULL,'{\"sort_by\":\"p.prescription_date\",\"sort_order\":\"DESC\"}','Accessed prescriptions manage page','SUCCESS','127.0.0.1','Mozilla/5.0 (X11; Linux x86_64; rv:140.0) Gecko/20100101 Firefox/140.0','2026-01-29 13:15:42'),
(853,'2026-01-29 16:16:09',1,'Humphrey Lidwaji','Administrator','VIEW','Prescriptions','prescriptions','prescription_list',NULL,NULL,NULL,NULL,'{\"sort_by\":\"p.prescription_date\",\"sort_order\":\"DESC\"}','Accessed prescriptions manage page','SUCCESS','127.0.0.1','Mozilla/5.0 (X11; Linux x86_64; rv:140.0) Gecko/20100101 Firefox/140.0','2026-01-29 13:16:09'),
(854,'2026-01-29 16:16:14',1,'Humphrey Lidwaji','Administrator','VIEW','Pharmacy','prescriptions','prescription',13,NULL,NULL,NULL,NULL,'Attempting to view prescription ID: 13','ATTEMPT','127.0.0.1','Mozilla/5.0 (X11; Linux x86_64; rv:140.0) Gecko/20100101 Firefox/140.0','2026-01-29 13:16:14'),
(855,'2026-01-29 16:16:14',1,'Humphrey Lidwaji','Administrator','VIEW','Pharmacy','prescriptions','prescription',13,4,12,NULL,NULL,'Accessed prescription #13 for patient: HUMPHREY LIDWAJI (MRN: CLINICEMR001/2026/000020)','SUCCESS','127.0.0.1','Mozilla/5.0 (X11; Linux x86_64; rv:140.0) Gecko/20100101 Firefox/140.0','2026-01-29 13:16:14'),
(856,'2026-01-29 16:16:25',1,'Humphrey Lidwaji','Administrator','VIEW','Prescriptions','prescriptions','prescription_list',NULL,NULL,NULL,NULL,'{\"sort_by\":\"p.prescription_date\",\"sort_order\":\"DESC\"}','Accessed prescriptions manage page','SUCCESS','127.0.0.1','Mozilla/5.0 (X11; Linux x86_64; rv:140.0) Gecko/20100101 Firefox/140.0','2026-01-29 13:16:25'),
(857,'2026-01-29 16:16:45',1,'Humphrey Lidwaji','Administrator','VIEW','Prescriptions','prescriptions','prescription_list',NULL,NULL,NULL,NULL,'{\"sort_by\":\"p.prescription_date\",\"sort_order\":\"DESC\"}','Accessed prescriptions manage page','SUCCESS','127.0.0.1','Mozilla/5.0 (X11; Linux x86_64; rv:140.0) Gecko/20100101 Firefox/140.0','2026-01-29 13:16:45'),
(858,'2026-01-29 16:17:06',1,'Humphrey Lidwaji','Administrator','VIEW','Prescriptions','prescriptions','prescription_list',NULL,NULL,NULL,NULL,'{\"sort_by\":\"p.prescription_date\",\"sort_order\":\"DESC\"}','Accessed prescriptions manage page','SUCCESS','127.0.0.1','Mozilla/5.0 (X11; Linux x86_64; rv:140.0) Gecko/20100101 Firefox/140.0','2026-01-29 13:17:06'),
(859,'2026-01-29 16:21:43',1,'Humphrey Lidwaji','Administrator','VIEW','Prescriptions','prescriptions','prescription_list',NULL,NULL,NULL,NULL,'{\"sort_by\":\"p.prescription_date\",\"sort_order\":\"DESC\"}','Accessed prescriptions manage page','SUCCESS','127.0.0.1','Mozilla/5.0 (X11; Linux x86_64; rv:140.0) Gecko/20100101 Firefox/140.0','2026-01-29 13:21:43'),
(860,'2026-01-29 16:21:55',1,'Humphrey Lidwaji','Administrator','VIEW','Prescriptions','prescriptions','prescription_list',NULL,NULL,NULL,NULL,'{\"sort_by\":\"p.prescription_date\",\"sort_order\":\"DESC\"}','Accessed prescriptions manage page','SUCCESS','127.0.0.1','Mozilla/5.0 (X11; Linux x86_64; rv:140.0) Gecko/20100101 Firefox/140.0','2026-01-29 13:21:55'),
(861,'2026-01-29 16:22:04',1,'Humphrey Lidwaji','Administrator','VIEW','Prescriptions','prescriptions','prescription_list',NULL,NULL,NULL,NULL,'{\"sort_by\":\"p.prescription_date\",\"sort_order\":\"DESC\"}','Accessed prescriptions manage page','SUCCESS','127.0.0.1','Mozilla/5.0 (X11; Linux x86_64; rv:140.0) Gecko/20100101 Firefox/140.0','2026-01-29 13:22:04'),
(862,'2026-01-29 16:22:10',1,'Humphrey Lidwaji','Administrator','VIEW','Prescriptions','prescriptions','prescription_list',NULL,NULL,NULL,NULL,'{\"sort_by\":\"p.prescription_date\",\"sort_order\":\"DESC\"}','Accessed prescriptions manage page','SUCCESS','127.0.0.1','Mozilla/5.0 (X11; Linux x86_64; rv:140.0) Gecko/20100101 Firefox/140.0','2026-01-29 13:22:10'),
(863,'2026-01-29 16:22:23',1,'Humphrey Lidwaji','Administrator','VIEW','Pharmacy','prescriptions','prescription',13,NULL,NULL,NULL,NULL,'Attempting to view prescription ID: 13','ATTEMPT','127.0.0.1','Mozilla/5.0 (X11; Linux x86_64; rv:140.0) Gecko/20100101 Firefox/140.0','2026-01-29 13:22:23'),
(864,'2026-01-29 16:22:23',1,'Humphrey Lidwaji','Administrator','VIEW','Pharmacy','prescriptions','prescription',13,4,12,NULL,NULL,'Accessed prescription #13 for patient: HUMPHREY LIDWAJI (MRN: CLINICEMR001/2026/000020)','SUCCESS','127.0.0.1','Mozilla/5.0 (X11; Linux x86_64; rv:140.0) Gecko/20100101 Firefox/140.0','2026-01-29 13:22:23'),
(865,'2026-01-29 16:23:17',1,'Humphrey Lidwaji','Administrator','VIEW','Prescriptions','prescriptions','prescription_list',NULL,NULL,NULL,NULL,'{\"sort_by\":\"p.prescription_date\",\"sort_order\":\"DESC\"}','Accessed prescriptions manage page','SUCCESS','127.0.0.1','Mozilla/5.0 (X11; Linux x86_64; rv:140.0) Gecko/20100101 Firefox/140.0','2026-01-29 13:23:17'),
(866,'2026-01-29 16:23:22',1,'Humphrey Lidwaji','Administrator','VIEW','Prescriptions','prescriptions','prescription_list',NULL,NULL,NULL,NULL,'{\"sort_by\":\"p.prescription_date\",\"sort_order\":\"DESC\"}','Accessed prescriptions manage page','SUCCESS','127.0.0.1','Mozilla/5.0 (X11; Linux x86_64; rv:140.0) Gecko/20100101 Firefox/140.0','2026-01-29 13:23:22'),
(867,'2026-01-29 16:23:25',1,'Humphrey Lidwaji','Administrator','VIEW','Prescriptions','prescriptions','prescription_list',NULL,NULL,NULL,NULL,'{\"sort_by\":\"p.prescription_date\",\"sort_order\":\"DESC\"}','Accessed prescriptions manage page','SUCCESS','127.0.0.1','Mozilla/5.0 (X11; Linux x86_64; rv:140.0) Gecko/20100101 Firefox/140.0','2026-01-29 13:23:25'),
(868,'2026-01-29 16:23:59',1,'Humphrey Lidwaji','Administrator','VIEW','Prescriptions','prescriptions','prescription_list',NULL,NULL,NULL,NULL,'{\"sort_by\":\"p.prescription_date\",\"sort_order\":\"DESC\"}','Accessed prescriptions manage page','SUCCESS','127.0.0.1','Mozilla/5.0 (X11; Linux x86_64; rv:140.0) Gecko/20100101 Firefox/140.0','2026-01-29 13:23:59'),
(869,'2026-01-29 16:24:08',1,'Humphrey Lidwaji','Administrator','VIEW','Pharmacy','prescriptions','prescription',13,NULL,NULL,NULL,NULL,'Attempting to view prescription ID: 13','ATTEMPT','127.0.0.1','Mozilla/5.0 (X11; Linux x86_64; rv:140.0) Gecko/20100101 Firefox/140.0','2026-01-29 13:24:08'),
(870,'2026-01-29 16:24:08',1,'Humphrey Lidwaji','Administrator','VIEW','Pharmacy','prescriptions','prescription',13,4,12,NULL,NULL,'Accessed prescription #13 for patient: HUMPHREY LIDWAJI (MRN: CLINICEMR001/2026/000020)','SUCCESS','127.0.0.1','Mozilla/5.0 (X11; Linux x86_64; rv:140.0) Gecko/20100101 Firefox/140.0','2026-01-29 13:24:08'),
(871,'2026-01-29 16:24:19',1,'Humphrey Lidwaji','Administrator','VIEW','Prescriptions','prescriptions','prescription_list',NULL,NULL,NULL,NULL,'{\"sort_by\":\"p.prescription_date\",\"sort_order\":\"DESC\"}','Accessed prescriptions manage page','SUCCESS','127.0.0.1','Mozilla/5.0 (X11; Linux x86_64; rv:140.0) Gecko/20100101 Firefox/140.0','2026-01-29 13:24:19'),
(872,'2026-01-29 16:29:23',1,'Humphrey Lidwaji','Administrator','VIEW','IPD Medication Orders','ipd_medication_orders','ipd_medication_order_list',NULL,NULL,NULL,NULL,'{\"sort_by\":\"imo.start_datetime\",\"sort_order\":\"DESC\"}','Accessed IPD medication orders page','SUCCESS','127.0.0.1','Mozilla/5.0 (X11; Linux x86_64; rv:140.0) Gecko/20100101 Firefox/140.0','2026-01-29 13:29:23'),
(873,'2026-01-29 16:31:00',1,'Humphrey Lidwaji','Administrator','VIEW','IPD Medication Orders','ipd_medication_orders','ipd_medication_order_list',NULL,NULL,NULL,NULL,'{\"sort_by\":\"imo.start_datetime\",\"sort_order\":\"DESC\"}','Accessed IPD medication orders page','SUCCESS','127.0.0.1','Mozilla/5.0 (X11; Linux x86_64; rv:140.0) Gecko/20100101 Firefox/140.0','2026-01-29 13:31:00'),
(874,'2026-01-29 16:32:15',1,'Humphrey Lidwaji','Administrator','VIEW','IPD Medication Orders','ipd_medication_orders','ipd_medication_order_list',NULL,NULL,NULL,NULL,'{\"sort_by\":\"imo.start_datetime\",\"sort_order\":\"DESC\"}','Accessed IPD medication orders page','SUCCESS','127.0.0.1','Mozilla/5.0 (X11; Linux x86_64; rv:140.0) Gecko/20100101 Firefox/140.0','2026-01-29 13:32:15'),
(875,'2026-01-29 16:34:05',1,'Humphrey Lidwaji','Administrator','VIEW','IPD Medication Orders','ipd_medication_orders','ipd_medication_order_list',NULL,NULL,NULL,NULL,'{\"sort_by\":\"imo.start_datetime\",\"sort_order\":\"DESC\"}','Accessed IPD medication orders page','SUCCESS','127.0.0.1','Mozilla/5.0 (X11; Linux x86_64; rv:140.0) Gecko/20100101 Firefox/140.0','2026-01-29 13:34:05'),
(876,'2026-01-29 16:35:45',1,'Humphrey Lidwaji','Administrator','VIEW','IPD Medication Orders','ipd_medication_orders','ipd_medication_order_list',NULL,NULL,NULL,NULL,'{\"sort_by\":\"imo.start_datetime\",\"sort_order\":\"DESC\"}','Accessed IPD medication orders page','SUCCESS','127.0.0.1','Mozilla/5.0 (X11; Linux x86_64; rv:140.0) Gecko/20100101 Firefox/140.0','2026-01-29 13:35:45'),
(877,'2026-01-29 16:36:00',1,'Humphrey Lidwaji','Administrator','VIEW','IPD Medication Orders','ipd_medication_orders','ipd_medication_order_list',NULL,NULL,NULL,NULL,'{\"sort_by\":\"imo.start_datetime\",\"sort_order\":\"DESC\"}','Accessed IPD medication orders page','SUCCESS','127.0.0.1','Mozilla/5.0 (X11; Linux x86_64; rv:140.0) Gecko/20100101 Firefox/140.0','2026-01-29 13:36:00'),
(878,'2026-01-29 16:36:08',1,'Humphrey Lidwaji','Administrator','VIEW','IPD Medication Orders','ipd_medication_orders','ipd_medication_order_list',NULL,NULL,NULL,NULL,'{\"sort_by\":\"imo.start_datetime\",\"sort_order\":\"DESC\"}','Accessed IPD medication orders page','SUCCESS','127.0.0.1','Mozilla/5.0 (X11; Linux x86_64; rv:140.0) Gecko/20100101 Firefox/140.0','2026-01-29 13:36:08'),
(879,'2026-01-29 16:36:47',1,'Humphrey Lidwaji','Administrator','VIEW','IPD Medication Orders','ipd_medication_orders','ipd_medication_order_list',NULL,NULL,NULL,NULL,'{\"sort_by\":\"imo.start_datetime\",\"sort_order\":\"DESC\"}','Accessed IPD medication orders page','SUCCESS','127.0.0.1','Mozilla/5.0 (X11; Linux x86_64; rv:140.0) Gecko/20100101 Firefox/140.0','2026-01-29 13:36:47'),
(880,'2026-01-29 16:36:51',1,'Humphrey Lidwaji','Administrator','VIEW','Prescriptions','prescriptions','prescription_list',NULL,NULL,NULL,NULL,'{\"sort_by\":\"p.prescription_date\",\"sort_order\":\"DESC\"}','Accessed prescriptions manage page','SUCCESS','127.0.0.1','Mozilla/5.0 (X11; Linux x86_64; rv:140.0) Gecko/20100101 Firefox/140.0','2026-01-29 13:36:51'),
(881,'2026-01-29 16:37:01',1,'Humphrey Lidwaji','Administrator','VIEW','IPD Medication Orders','ipd_medication_orders','ipd_medication_order_list',NULL,NULL,NULL,NULL,'{\"sort_by\":\"imo.start_datetime\",\"sort_order\":\"DESC\"}','Accessed IPD medication orders page','SUCCESS','127.0.0.1','Mozilla/5.0 (X11; Linux x86_64; rv:140.0) Gecko/20100101 Firefox/140.0','2026-01-29 13:37:01'),
(882,'2026-01-29 16:38:23',1,'Humphrey Lidwaji','Administrator','VIEW','Doctor Orders','visits','visit',12,4,12,NULL,NULL,'Accessed doctor orders page for visit ID 12 (Patient MRN: CLINICEMR001/2026/000020)','SUCCESS','127.0.0.1','Mozilla/5.0 (X11; Linux x86_64; rv:140.0) Gecko/20100101 Firefox/140.0','2026-01-29 13:38:23'),
(883,'2026-01-29 16:38:37',1,'Humphrey Lidwaji','Administrator','VIEW','Doctor Consultation','visits','visit',12,4,12,NULL,NULL,'Accessed doctor consultation page for visit ID 12 (Patient: HUMPHREY IRAUSA LIDWAJI, Visit #: IPD-KSC-2026-001, Type: IPD)','SUCCESS','127.0.0.1','Mozilla/5.0 (X11; Linux x86_64; rv:140.0) Gecko/20100101 Firefox/140.0','2026-01-29 13:38:37'),
(884,'2026-01-29 16:38:41',1,'Humphrey Lidwaji','Administrator','PAGE_ACCESS','Prescription','N/A','page',NULL,NULL,NULL,NULL,NULL,'Accessed prescription.php','ATTEMPT','127.0.0.1','Mozilla/5.0 (X11; Linux x86_64; rv:140.0) Gecko/20100101 Firefox/140.0','2026-01-29 13:38:41'),
(885,'2026-01-29 16:39:02',1,'Humphrey Lidwaji','Administrator','PAGE_ACCESS','Prescription','N/A','page',NULL,NULL,NULL,NULL,NULL,'Accessed prescription.php','ATTEMPT','127.0.0.1','Mozilla/5.0 (X11; Linux x86_64; rv:140.0) Gecko/20100101 Firefox/140.0','2026-01-29 13:39:02'),
(886,'2026-01-29 16:39:02',1,'Humphrey Lidwaji','Administrator','CREATE_IPD_ORDER','Prescription','ipd_medication_orders','medication_order',NULL,4,12,NULL,NULL,'Creating new IPD medication order','ATTEMPT','127.0.0.1','Mozilla/5.0 (X11; Linux x86_64; rv:140.0) Gecko/20100101 Firefox/140.0','2026-01-29 13:39:02'),
(887,'2026-01-29 16:39:02',1,'Humphrey Lidwaji','Administrator','CREATE_IPD_ORDER','Prescription','ipd_medication_orders','medication_order',2,4,12,NULL,'{\"visit_id\":12,\"patient_id\":4,\"item_id\":3,\"dose\":\"5mg\",\"frequency\":\"As needed\",\"route\":\"PO\",\"status\":\"active\"}','IPD medication order created successfully','SUCCESS','127.0.0.1','Mozilla/5.0 (X11; Linux x86_64; rv:140.0) Gecko/20100101 Firefox/140.0','2026-01-29 13:39:02'),
(888,'2026-01-29 16:39:08',1,'Humphrey Lidwaji','Administrator','PAGE_ACCESS','Prescription','N/A','page',NULL,NULL,NULL,NULL,NULL,'Accessed prescription.php','ATTEMPT','127.0.0.1','Mozilla/5.0 (X11; Linux x86_64; rv:140.0) Gecko/20100101 Firefox/140.0','2026-01-29 13:39:08'),
(889,'2026-01-29 16:39:11',1,'Humphrey Lidwaji','Administrator','VIEW','Doctor Consultation','visits','visit',12,4,12,NULL,NULL,'Accessed doctor consultation page for visit ID 12 (Patient: HUMPHREY IRAUSA LIDWAJI, Visit #: IPD-KSC-2026-001, Type: IPD)','SUCCESS','127.0.0.1','Mozilla/5.0 (X11; Linux x86_64; rv:140.0) Gecko/20100101 Firefox/140.0','2026-01-29 13:39:11'),
(890,'2026-01-29 16:39:16',1,'Humphrey Lidwaji','Administrator','VIEW','Prescriptions','prescriptions','prescription_list',NULL,NULL,NULL,NULL,'{\"sort_by\":\"p.prescription_date\",\"sort_order\":\"DESC\"}','Accessed prescriptions manage page','SUCCESS','127.0.0.1','Mozilla/5.0 (X11; Linux x86_64; rv:140.0) Gecko/20100101 Firefox/140.0','2026-01-29 13:39:16'),
(891,'2026-01-29 16:39:35',1,'Humphrey Lidwaji','Administrator','VIEW','Pharmacy','prescriptions','prescription',13,NULL,NULL,NULL,NULL,'Attempting to view prescription ID: 13','ATTEMPT','127.0.0.1','Mozilla/5.0 (X11; Linux x86_64; rv:140.0) Gecko/20100101 Firefox/140.0','2026-01-29 13:39:35'),
(892,'2026-01-29 16:39:35',1,'Humphrey Lidwaji','Administrator','VIEW','Pharmacy','prescriptions','prescription',13,4,12,NULL,NULL,'Accessed prescription #13 for patient: HUMPHREY LIDWAJI (MRN: CLINICEMR001/2026/000020)','SUCCESS','127.0.0.1','Mozilla/5.0 (X11; Linux x86_64; rv:140.0) Gecko/20100101 Firefox/140.0','2026-01-29 13:39:35'),
(893,'2026-01-29 16:39:43',1,'Humphrey Lidwaji','Administrator','VIEW','Prescriptions','prescriptions','prescription_list',NULL,NULL,NULL,NULL,'{\"sort_by\":\"p.prescription_date\",\"sort_order\":\"DESC\"}','Accessed prescriptions manage page','SUCCESS','127.0.0.1','Mozilla/5.0 (X11; Linux x86_64; rv:140.0) Gecko/20100101 Firefox/140.0','2026-01-29 13:39:43'),
(894,'2026-01-29 16:39:45',1,'Humphrey Lidwaji','Administrator','VIEW','IPD Medication Orders','ipd_medication_orders','ipd_medication_order_list',NULL,NULL,NULL,NULL,'{\"sort_by\":\"imo.start_datetime\",\"sort_order\":\"DESC\"}','Accessed IPD medication orders page','SUCCESS','127.0.0.1','Mozilla/5.0 (X11; Linux x86_64; rv:140.0) Gecko/20100101 Firefox/140.0','2026-01-29 13:39:45'),
(895,'2026-01-29 16:40:29',1,'Humphrey Lidwaji','Administrator','VIEW','IPD Medication Orders','ipd_medication_orders','ipd_medication_order_list',NULL,NULL,NULL,NULL,'{\"sort_by\":\"imo.start_datetime\",\"sort_order\":\"DESC\"}','Accessed IPD medication orders page','SUCCESS','127.0.0.1','Mozilla/5.0 (X11; Linux x86_64; rv:140.0) Gecko/20100101 Firefox/140.0','2026-01-29 13:40:29'),
(896,'2026-01-29 16:40:39',1,'Humphrey Lidwaji','Administrator','VIEW','IPD Medication Orders','ipd_medication_orders','ipd_medication_order_list',NULL,NULL,NULL,NULL,'{\"sort_by\":\"imo.start_datetime\",\"sort_order\":\"DESC\"}','Accessed IPD medication orders page','SUCCESS','127.0.0.1','Mozilla/5.0 (X11; Linux x86_64; rv:140.0) Gecko/20100101 Firefox/140.0','2026-01-29 13:40:39'),
(897,'2026-01-29 16:40:48',1,'Humphrey Lidwaji','Administrator','VIEW','IPD Medication Orders','ipd_medication_orders','ipd_medication_order_list',NULL,NULL,NULL,NULL,'{\"sort_by\":\"imo.start_datetime\",\"sort_order\":\"DESC\"}','Accessed IPD medication orders page','SUCCESS','127.0.0.1','Mozilla/5.0 (X11; Linux x86_64; rv:140.0) Gecko/20100101 Firefox/140.0','2026-01-29 13:40:48'),
(898,'2026-01-29 16:40:52',1,'Humphrey Lidwaji','Administrator','VIEW','IPD Medication Orders','ipd_medication_orders','ipd_medication_order_list',NULL,NULL,NULL,NULL,'{\"sort_by\":\"imo.start_datetime\",\"sort_order\":\"DESC\"}','Accessed IPD medication orders page','SUCCESS','127.0.0.1','Mozilla/5.0 (X11; Linux x86_64; rv:140.0) Gecko/20100101 Firefox/140.0','2026-01-29 13:40:52'),
(899,'2026-01-29 16:40:59',1,'Humphrey Lidwaji','Administrator','VIEW','IPD Medication Orders','ipd_medication_orders','ipd_medication_order_list',NULL,NULL,NULL,NULL,'{\"sort_by\":\"imo.start_datetime\",\"sort_order\":\"DESC\"}','Accessed IPD medication orders page','SUCCESS','127.0.0.1','Mozilla/5.0 (X11; Linux x86_64; rv:140.0) Gecko/20100101 Firefox/140.0','2026-01-29 13:40:59'),
(900,'2026-01-29 16:43:09',1,'Humphrey Lidwaji','Administrator','VIEW','Doctor Consultation','visits','visit',3,1,3,NULL,NULL,'Accessed doctor consultation page for visit ID 3 (Patient: JOHN MWANGI KAMAU, Visit #: ADM-2026-0001, Type: IPD)','SUCCESS','127.0.0.1','Mozilla/5.0 (X11; Linux x86_64; rv:140.0) Gecko/20100101 Firefox/140.0','2026-01-29 13:43:09'),
(901,'2026-01-29 16:43:18',1,'Humphrey Lidwaji','Administrator','PAGE_ACCESS','Prescription','N/A','page',NULL,NULL,NULL,NULL,NULL,'Accessed prescription.php','ATTEMPT','127.0.0.1','Mozilla/5.0 (X11; Linux x86_64; rv:140.0) Gecko/20100101 Firefox/140.0','2026-01-29 13:43:18'),
(902,'2026-01-29 16:43:24',1,'Humphrey Lidwaji','Administrator','VIEW','Doctor Consultation','visits','visit',3,1,3,NULL,NULL,'Accessed doctor consultation page for visit ID 3 (Patient: JOHN MWANGI KAMAU, Visit #: ADM-2026-0001, Type: IPD)','SUCCESS','127.0.0.1','Mozilla/5.0 (X11; Linux x86_64; rv:140.0) Gecko/20100101 Firefox/140.0','2026-01-29 13:43:24'),
(903,'2026-01-29 16:44:03',1,'Humphrey Lidwaji','Administrator','VIEW','Doctor Consultation','visits','visit',12,4,12,NULL,NULL,'Accessed doctor consultation page for visit ID 12 (Patient: HUMPHREY IRAUSA LIDWAJI, Visit #: IPD-KSC-2026-001, Type: IPD)','SUCCESS','127.0.0.1','Mozilla/5.0 (X11; Linux x86_64; rv:140.0) Gecko/20100101 Firefox/140.0','2026-01-29 13:44:03'),
(904,'2026-01-29 16:44:06',1,'Humphrey Lidwaji','Administrator','PAGE_ACCESS','Prescription','N/A','page',NULL,NULL,NULL,NULL,NULL,'Accessed prescription.php','ATTEMPT','127.0.0.1','Mozilla/5.0 (X11; Linux x86_64; rv:140.0) Gecko/20100101 Firefox/140.0','2026-01-29 13:44:06'),
(905,'2026-01-29 16:44:23',1,'Humphrey Lidwaji','Administrator','PAGE_ACCESS','Prescription','N/A','page',NULL,NULL,NULL,NULL,NULL,'Accessed prescription.php','ATTEMPT','127.0.0.1','Mozilla/5.0 (X11; Linux x86_64; rv:140.0) Gecko/20100101 Firefox/140.0','2026-01-29 13:44:23'),
(906,'2026-01-29 16:44:23',1,'Humphrey Lidwaji','Administrator','CREATE_IPD_ORDER','Prescription','ipd_medication_orders','medication_order',NULL,4,12,NULL,NULL,'Creating new IPD medication order','ATTEMPT','127.0.0.1','Mozilla/5.0 (X11; Linux x86_64; rv:140.0) Gecko/20100101 Firefox/140.0','2026-01-29 13:44:23'),
(907,'2026-01-29 16:44:23',1,'Humphrey Lidwaji','Administrator','CREATE_IPD_ORDER','Prescription','ipd_medication_orders','medication_order',3,4,12,NULL,'{\"visit_id\":12,\"patient_id\":4,\"item_id\":2,\"dose\":\"5mg\",\"frequency\":\"As needed\",\"route\":\"PO\",\"status\":\"active\"}','IPD medication order created successfully','SUCCESS','127.0.0.1','Mozilla/5.0 (X11; Linux x86_64; rv:140.0) Gecko/20100101 Firefox/140.0','2026-01-29 13:44:23'),
(908,'2026-01-29 16:44:32',1,'Humphrey Lidwaji','Administrator','PAGE_ACCESS','Prescription','N/A','page',NULL,NULL,NULL,NULL,NULL,'Accessed prescription.php','ATTEMPT','127.0.0.1','Mozilla/5.0 (X11; Linux x86_64; rv:140.0) Gecko/20100101 Firefox/140.0','2026-01-29 13:44:32'),
(909,'2026-01-29 16:44:45',1,'Humphrey Lidwaji','Administrator','VIEW','Doctor Consultation','visits','visit',12,4,12,NULL,NULL,'Accessed doctor consultation page for visit ID 12 (Patient: HUMPHREY IRAUSA LIDWAJI, Visit #: IPD-KSC-2026-001, Type: IPD)','SUCCESS','127.0.0.1','Mozilla/5.0 (X11; Linux x86_64; rv:140.0) Gecko/20100101 Firefox/140.0','2026-01-29 13:44:45'),
(910,'2026-01-29 16:44:53',1,'Humphrey Lidwaji','Administrator','VIEW','Prescriptions','prescriptions','prescription_list',NULL,NULL,NULL,NULL,'{\"sort_by\":\"p.prescription_date\",\"sort_order\":\"DESC\"}','Accessed prescriptions manage page','SUCCESS','127.0.0.1','Mozilla/5.0 (X11; Linux x86_64; rv:140.0) Gecko/20100101 Firefox/140.0','2026-01-29 13:44:53'),
(911,'2026-01-29 16:44:59',1,'Humphrey Lidwaji','Administrator','VIEW','IPD Medication Orders','ipd_medication_orders','ipd_medication_order_list',NULL,NULL,NULL,NULL,'{\"sort_by\":\"imo.start_datetime\",\"sort_order\":\"DESC\"}','Accessed IPD medication orders page','SUCCESS','127.0.0.1','Mozilla/5.0 (X11; Linux x86_64; rv:140.0) Gecko/20100101 Firefox/140.0','2026-01-29 13:44:59'),
(912,'2026-01-29 16:46:20',1,'Humphrey Lidwaji','Administrator','VIEW','IPD Medication Orders','ipd_medication_orders','ipd_medication_order_list',NULL,NULL,NULL,NULL,'{\"sort_by\":\"imo.start_datetime\",\"sort_order\":\"DESC\"}','Accessed IPD medication orders page','SUCCESS','127.0.0.1','Mozilla/5.0 (X11; Linux x86_64; rv:140.0) Gecko/20100101 Firefox/140.0','2026-01-29 13:46:20'),
(913,'2026-01-29 16:48:09',1,'Humphrey Lidwaji','Administrator','CREATE','Patients','patients','patient',7,7,NULL,NULL,'{\"first_name\":\"FREDDY\",\"middle_name\":\"\",\"last_name\":\"WETU\",\"patient_mrn\":\"CLINICEMR001\\/2026\\/000026\",\"date_of_birth\":\"2001-01-29\",\"sex\":\"M\",\"blood_group\":\"A-\",\"id_type\":\"NATIONAL_ID\",\"id_number\":\"314242425\",\"phone_primary\":\"97868585858\",\"phone_secondary\":\"\",\"email\":\"\",\"county\":\"\",\"sub_county\":\"\",\"ward\":\"\",\"village\":\"\",\"postal_address\":\"\",\"postal_code\":\"\"}','New patient registration','SUCCESS','127.0.0.1','Mozilla/5.0 (X11; Linux x86_64; rv:140.0) Gecko/20100101 Firefox/140.0','2026-01-29 13:48:09'),
(914,'2026-01-29 16:49:20',1,'Humphrey Lidwaji','Administrator','CREATE','Visits','visits','visit',16,7,16,NULL,'{\"visit_number\":\"VISIT-CLINICEMR001-2026-005\",\"patient_id\":7,\"facility_code\":\"CLINICEMR001\",\"visit_type\":\"IPD\",\"department_id\":12,\"visit_datetime\":\"2026-01-29T16:48\",\"attending_provider_id\":1,\"visit_status\":\"ACTIVE\"}','Created new IPD visit: VISIT-CLINICEMR001-2026-005','SUCCESS','127.0.0.1','Mozilla/5.0 (X11; Linux x86_64; rv:140.0) Gecko/20100101 Firefox/140.0','2026-01-29 13:49:20'),
(915,'2026-01-29 16:49:38',1,'Humphrey Lidwaji','Administrator','CREATE','Billing','pending_bills','pending_bill',70,7,16,NULL,'{\"bill_number\":\"BILL-2026-0009\",\"pending_bill_number\":\"PBL-2026-0001\",\"visit_id\":16,\"patient_id\":7,\"price_list_id\":2,\"bill_status\":\"draft\"}','Created draft bill: BILL-2026-0009 for visit: VISIT-CLINICEMR001-2026-005','SUCCESS','127.0.0.1','Mozilla/5.0 (X11; Linux x86_64; rv:140.0) Gecko/20100101 Firefox/140.0','2026-01-29 13:49:38'),
(916,'2026-01-29 16:49:38',1,'Humphrey Lidwaji','Administrator','CREATE','Billing','invoices','invoice',22,7,16,NULL,'{\"invoice_number\":\"INV-2026-01-0009\",\"pending_bill_id\":70,\"visit_id\":16,\"patient_id\":7,\"invoice_status\":\"issued\"}','Created invoice: INV-2026-01-0009 for bill: BILL-2026-0009','SUCCESS','127.0.0.1','Mozilla/5.0 (X11; Linux x86_64; rv:140.0) Gecko/20100101 Firefox/140.0','2026-01-29 13:49:38'),
(917,'2026-01-29 16:49:48',1,'Humphrey Lidwaji','Administrator','ADD','Billing','pending_bill_items','bill_item',70,7,16,NULL,'{\"billable_item_id\":4,\"item_name\":\"ADMISSION FEE\",\"item_quantity\":1,\"unit_price\":\"2000.0000\",\"subtotal\":2000}','Added item to bill: ADMISSION FEE (Qty: 1)','SUCCESS','127.0.0.1','Mozilla/5.0 (X11; Linux x86_64; rv:140.0) Gecko/20100101 Firefox/140.0','2026-01-29 13:49:48'),
(918,'2026-01-29 16:50:58',1,'Humphrey Lidwaji','Administrator','VIEW','Vitals','visits','visit',16,7,16,NULL,NULL,'Accessed vitals page for visit ID 16 (Patient: FREDDY WETU). Visit type: IPD','SUCCESS','127.0.0.1','Mozilla/5.0 (X11; Linux x86_64; rv:140.0) Gecko/20100101 Firefox/140.0','2026-01-29 13:50:58'),
(919,'2026-01-29 16:51:31',1,'Humphrey Lidwaji','Administrator','VIEW','Vitals','visits','visit',16,7,16,NULL,NULL,'Accessed vitals page for visit ID 16 (Patient: FREDDY WETU). Visit type: IPD','SUCCESS','127.0.0.1','Mozilla/5.0 (X11; Linux x86_64; rv:140.0) Gecko/20100101 Firefox/140.0','2026-01-29 13:51:31'),
(920,'2026-01-29 16:51:31',1,'Humphrey Lidwaji','Administrator','VITALS_CREATE','Vitals','vitals','vitals',NULL,7,16,NULL,'{\"temperature\":34,\"pulse\":98,\"respiration_rate\":12,\"blood_pressure_systolic\":120,\"blood_pressure_diastolic\":70,\"oxygen_saturation\":98,\"weight\":67,\"height\":67,\"bmi\":149.3,\"remarks\":null,\"recorded_at\":\"2026-01-29 16:50\"}','Attempting to record new vitals for patient: FREDDY WETU','ATTEMPT','127.0.0.1','Mozilla/5.0 (X11; Linux x86_64; rv:140.0) Gecko/20100101 Firefox/140.0','2026-01-29 13:51:31'),
(921,'2026-01-29 16:51:31',1,'Humphrey Lidwaji','Administrator','VITALS_CREATE','Vitals','vitals','vitals',11,7,16,NULL,'{\"temperature\":34,\"pulse\":98,\"respiration_rate\":12,\"blood_pressure_systolic\":120,\"blood_pressure_diastolic\":70,\"oxygen_saturation\":98,\"weight\":67,\"height\":67,\"bmi\":149.3,\"remarks\":null,\"recorded_at\":\"2026-01-29 16:50\",\"vitals_id\":11,\"patient_id\":7,\"visit_id\":16,\"visit_type\":\"IPD\",\"recorded_by\":1,\"created_at\":\"2026-01-29 16:51:31\"}','Vitals recorded successfully for patient: FREDDY WETU','SUCCESS','127.0.0.1','Mozilla/5.0 (X11; Linux x86_64; rv:140.0) Gecko/20100101 Firefox/140.0','2026-01-29 13:51:31'),
(922,'2026-01-29 16:51:31',1,'Humphrey Lidwaji','Administrator','VIEW','Vitals','visits','visit',16,7,16,NULL,NULL,'Accessed vitals page for visit ID 16 (Patient: FREDDY WETU). Visit type: IPD','SUCCESS','127.0.0.1','Mozilla/5.0 (X11; Linux x86_64; rv:140.0) Gecko/20100101 Firefox/140.0','2026-01-29 13:51:31'),
(923,'2026-01-29 16:52:42',1,'Humphrey Lidwaji','Administrator','VIEW','Doctor Consultation','visits','visit',16,7,16,NULL,NULL,'Accessed doctor consultation page for visit ID 16 (Patient: FREDDY WETU, Visit #: VISIT-CLINICEMR001-2026-005, Type: IPD)','SUCCESS','127.0.0.1','Mozilla/5.0 (X11; Linux x86_64; rv:140.0) Gecko/20100101 Firefox/140.0','2026-01-29 13:52:42'),
(924,'2026-01-29 16:52:53',1,'Humphrey Lidwaji','Administrator','PAGE_ACCESS','Prescription','N/A','page',NULL,NULL,NULL,NULL,NULL,'Accessed prescription.php','ATTEMPT','127.0.0.1','Mozilla/5.0 (X11; Linux x86_64; rv:140.0) Gecko/20100101 Firefox/140.0','2026-01-29 13:52:53'),
(925,'2026-01-29 16:53:11',1,'Humphrey Lidwaji','Administrator','PAGE_ACCESS','Prescription','N/A','page',NULL,NULL,NULL,NULL,NULL,'Accessed prescription.php','ATTEMPT','127.0.0.1','Mozilla/5.0 (X11; Linux x86_64; rv:140.0) Gecko/20100101 Firefox/140.0','2026-01-29 13:53:11'),
(926,'2026-01-29 16:53:11',1,'Humphrey Lidwaji','Administrator','CREATE_IPD_ORDER','Prescription','ipd_medication_orders','medication_order',NULL,7,16,NULL,NULL,'Creating new IPD medication order','ATTEMPT','127.0.0.1','Mozilla/5.0 (X11; Linux x86_64; rv:140.0) Gecko/20100101 Firefox/140.0','2026-01-29 13:53:11'),
(927,'2026-01-29 16:53:11',1,'Humphrey Lidwaji','Administrator','CREATE_IPD_ORDER','Prescription','ipd_medication_orders','medication_order',4,7,16,NULL,'{\"visit_id\":16,\"patient_id\":7,\"item_id\":1,\"dose\":\"5mg\",\"frequency\":\"Once daily\",\"route\":\"PO\",\"status\":\"active\"}','IPD medication order created successfully','SUCCESS','127.0.0.1','Mozilla/5.0 (X11; Linux x86_64; rv:140.0) Gecko/20100101 Firefox/140.0','2026-01-29 13:53:11'),
(928,'2026-01-29 16:53:43',1,'Humphrey Lidwaji','Administrator','PAGE_ACCESS','Prescription','N/A','page',NULL,NULL,NULL,NULL,NULL,'Accessed prescription.php','ATTEMPT','127.0.0.1','Mozilla/5.0 (X11; Linux x86_64; rv:140.0) Gecko/20100101 Firefox/140.0','2026-01-29 13:53:43'),
(929,'2026-01-29 16:53:43',1,'Humphrey Lidwaji','Administrator','CREATE_IPD_ORDER','Prescription','ipd_medication_orders','medication_order',NULL,7,16,NULL,NULL,'Creating new IPD medication order','ATTEMPT','127.0.0.1','Mozilla/5.0 (X11; Linux x86_64; rv:140.0) Gecko/20100101 Firefox/140.0','2026-01-29 13:53:43'),
(930,'2026-01-29 16:53:43',1,'Humphrey Lidwaji','Administrator','CREATE_IPD_ORDER','Prescription','ipd_medication_orders','medication_order',5,7,16,NULL,'{\"visit_id\":16,\"patient_id\":7,\"item_id\":4,\"dose\":\"10ML\",\"frequency\":\"Twice daily\",\"route\":\"PO\",\"status\":\"active\"}','IPD medication order created successfully','SUCCESS','127.0.0.1','Mozilla/5.0 (X11; Linux x86_64; rv:140.0) Gecko/20100101 Firefox/140.0','2026-01-29 13:53:43'),
(931,'2026-01-29 17:02:40',1,'Humphrey Lidwaji','Administrator','PAGE_ACCESS','Prescription','N/A','page',NULL,NULL,NULL,NULL,NULL,'Accessed prescription.php','ATTEMPT','127.0.0.1','Mozilla/5.0 (X11; Linux x86_64; rv:140.0) Gecko/20100101 Firefox/140.0','2026-01-29 14:02:40'),
(932,'2026-01-29 17:45:40',1,'Humphrey Lidwaji','Administrator','PAGE_ACCESS','Prescription','N/A','page',NULL,NULL,NULL,NULL,NULL,'Accessed prescription.php','ATTEMPT','127.0.0.1','Mozilla/5.0 (X11; Linux x86_64; rv:140.0) Gecko/20100101 Firefox/140.0','2026-01-29 14:45:40'),
(933,'2026-01-29 17:45:41',1,'Humphrey Lidwaji','Administrator','VIEW','Doctor Consultation','visits','visit',16,7,16,NULL,NULL,'Accessed doctor consultation page for visit ID 16 (Patient: FREDDY WETU, Visit #: VISIT-CLINICEMR001-2026-005, Type: IPD)','SUCCESS','127.0.0.1','Mozilla/5.0 (X11; Linux x86_64; rv:140.0) Gecko/20100101 Firefox/140.0','2026-01-29 14:45:41'),
(934,'2026-01-29 17:45:46',1,'Humphrey Lidwaji','Administrator','PAGE_ACCESS','Prescription','N/A','page',NULL,NULL,NULL,NULL,NULL,'Accessed prescription.php','ATTEMPT','127.0.0.1','Mozilla/5.0 (X11; Linux x86_64; rv:140.0) Gecko/20100101 Firefox/140.0','2026-01-29 14:45:46'),
(935,'2026-01-29 17:46:30',1,'Humphrey Lidwaji','Administrator','PAGE_ACCESS','Prescription','N/A','page',NULL,NULL,NULL,NULL,NULL,'Accessed prescription.php','ATTEMPT','127.0.0.1','Mozilla/5.0 (X11; Linux x86_64; rv:140.0) Gecko/20100101 Firefox/140.0','2026-01-29 14:46:30'),
(936,'2026-01-29 17:46:31',1,'Humphrey Lidwaji','Administrator','VIEW','Doctor Consultation','visits','visit',16,7,16,NULL,NULL,'Accessed doctor consultation page for visit ID 16 (Patient: FREDDY WETU, Visit #: VISIT-CLINICEMR001-2026-005, Type: IPD)','SUCCESS','127.0.0.1','Mozilla/5.0 (X11; Linux x86_64; rv:140.0) Gecko/20100101 Firefox/140.0','2026-01-29 14:46:31'),
(937,'2026-01-29 17:46:43',1,'Humphrey Lidwaji','Administrator','VIEW','Prescriptions','prescriptions','prescription_list',NULL,NULL,NULL,NULL,'{\"sort_by\":\"p.prescription_date\",\"sort_order\":\"DESC\"}','Accessed prescriptions manage page','SUCCESS','127.0.0.1','Mozilla/5.0 (X11; Linux x86_64; rv:140.0) Gecko/20100101 Firefox/140.0','2026-01-29 14:46:43'),
(938,'2026-01-29 17:48:09',1,'Humphrey Lidwaji','Administrator','VIEW','IPD Medication Orders','ipd_medication_orders','ipd_medication_order_list',NULL,NULL,NULL,NULL,'{\"sort_by\":\"imo.start_datetime\",\"sort_order\":\"DESC\"}','Accessed IPD medication orders page','SUCCESS','127.0.0.1','Mozilla/5.0 (X11; Linux x86_64; rv:140.0) Gecko/20100101 Firefox/140.0','2026-01-29 14:48:09'),
(939,'2026-01-29 17:48:30',1,'Humphrey Lidwaji','Administrator','VIEW','Prescriptions','prescriptions','prescription_list',NULL,NULL,NULL,NULL,'{\"sort_by\":\"p.prescription_date\",\"sort_order\":\"DESC\"}','Accessed prescriptions manage page','SUCCESS','127.0.0.1','Mozilla/5.0 (X11; Linux x86_64; rv:140.0) Gecko/20100101 Firefox/140.0','2026-01-29 14:48:30'),
(940,'2026-01-29 17:49:45',1,'Humphrey Lidwaji','Administrator','VIEW','IPD Medication Orders','ipd_medication_orders','ipd_medication_order_list',NULL,NULL,NULL,NULL,'{\"sort_by\":\"imo.start_datetime\",\"sort_order\":\"DESC\"}','Accessed IPD medication orders page','SUCCESS','127.0.0.1','Mozilla/5.0 (X11; Linux x86_64; rv:140.0) Gecko/20100101 Firefox/140.0','2026-01-29 14:49:45'),
(941,'2026-01-29 18:58:27',1,'Humphrey Lidwaji','Administrator','LOGIN','AUTHENTICATION','users','user',1,NULL,NULL,NULL,NULL,'User Humphrey Lidwaji (lidwaji7@gmail.com) logged in successfully','SUCCESS','127.0.0.1','Mozilla/5.0 (X11; Linux x86_64; rv:140.0) Gecko/20100101 Firefox/140.0','2026-01-29 15:58:27'),
(942,'2026-01-29 18:58:29',1,'Humphrey Lidwaji','Administrator','VIEW','OPD Prescriptions','prescriptions','opd_prescription_list',NULL,NULL,NULL,NULL,'{\"sort_by\":\"p.prescription_date\",\"sort_order\":\"DESC\"}','Accessed OPD prescriptions manage page','SUCCESS','127.0.0.1','Mozilla/5.0 (X11; Linux x86_64; rv:140.0) Gecko/20100101 Firefox/140.0','2026-01-29 15:58:29'),
(943,'2026-01-29 18:59:03',1,'Humphrey Lidwaji','Administrator','VIEW','IPD Medication Orders','ipd_medication_orders','ipd_medication_order_list',NULL,NULL,NULL,NULL,'{\"sort_by\":\"imo.start_datetime\",\"sort_order\":\"DESC\"}','Accessed IPD medication orders page','SUCCESS','127.0.0.1','Mozilla/5.0 (X11; Linux x86_64; rv:140.0) Gecko/20100101 Firefox/140.0','2026-01-29 15:59:03'),
(944,'2026-01-29 18:59:05',1,'Humphrey Lidwaji','Administrator','VIEW','OPD Prescriptions','prescriptions','opd_prescription_list',NULL,NULL,NULL,NULL,'{\"sort_by\":\"p.prescription_date\",\"sort_order\":\"DESC\"}','Accessed OPD prescriptions manage page','SUCCESS','127.0.0.1','Mozilla/5.0 (X11; Linux x86_64; rv:140.0) Gecko/20100101 Firefox/140.0','2026-01-29 15:59:05'),
(945,'2026-01-29 19:15:08',1,'Humphrey Lidwaji','Administrator','VIEW','IPD Medication Orders','ipd_medication_orders','ipd_medication_order_list',NULL,NULL,NULL,NULL,'{\"sort_by\":\"imo.start_datetime\",\"sort_order\":\"DESC\"}','Accessed IPD medication orders page','SUCCESS','127.0.0.1','Mozilla/5.0 (X11; Linux x86_64; rv:140.0) Gecko/20100101 Firefox/140.0','2026-01-29 16:15:08'),
(946,'2026-01-29 19:15:17',1,'Humphrey Lidwaji','Administrator','VIEW','OPD Prescriptions','prescriptions','opd_prescription_list',NULL,NULL,NULL,NULL,'{\"sort_by\":\"p.prescription_date\",\"sort_order\":\"DESC\"}','Accessed OPD prescriptions manage page','SUCCESS','127.0.0.1','Mozilla/5.0 (X11; Linux x86_64; rv:140.0) Gecko/20100101 Firefox/140.0','2026-01-29 16:15:17'),
(947,'2026-01-29 21:31:35',1,'Humphrey Lidwaji','Administrator','LOGIN','AUTHENTICATION','users','user',1,NULL,NULL,NULL,NULL,'User Humphrey Lidwaji (lidwaji7@gmail.com) logged in successfully','SUCCESS','127.0.0.1','Mozilla/5.0 (X11; Linux x86_64; rv:140.0) Gecko/20100101 Firefox/140.0','2026-01-29 18:31:35'),
(948,'2026-01-29 21:32:15',1,'Humphrey Lidwaji','Administrator','VIEW','Doctor Consultation','visits','visit',16,7,16,NULL,NULL,'Accessed doctor consultation page for visit ID 16 (Patient: FREDDY WETU, Visit #: VISIT-CLINICEMR001-2026-005, Type: IPD)','SUCCESS','127.0.0.1','Mozilla/5.0 (X11; Linux x86_64; rv:140.0) Gecko/20100101 Firefox/140.0','2026-01-29 18:32:15'),
(949,'2026-01-29 21:32:42',1,'Humphrey Lidwaji','Administrator','PAGE_ACCESS','Prescription','N/A','page',NULL,NULL,NULL,NULL,NULL,'Accessed prescription.php','ATTEMPT','127.0.0.1','Mozilla/5.0 (X11; Linux x86_64; rv:140.0) Gecko/20100101 Firefox/140.0','2026-01-29 18:32:42'),
(950,'2026-01-29 21:35:28',1,'Humphrey Lidwaji','Administrator','PAGE_ACCESS','Prescription','N/A','page',NULL,NULL,NULL,NULL,NULL,'Accessed prescription.php','ATTEMPT','127.0.0.1','Mozilla/5.0 (X11; Linux x86_64; rv:140.0) Gecko/20100101 Firefox/140.0','2026-01-29 18:35:28'),
(951,'2026-01-29 21:35:41',1,'Humphrey Lidwaji','Administrator','ACCESS','Bed Transfer','ipd_admissions','ipd_admission',NULL,7,16,NULL,NULL,'IPD admission not found for visit ID 16','FAILED','127.0.0.1','Mozilla/5.0 (X11; Linux x86_64; rv:140.0) Gecko/20100101 Firefox/140.0','2026-01-29 18:35:41'),
(952,'2026-01-29 21:36:02',1,'Humphrey Lidwaji','Administrator','ACCESS','Bed Transfer','ipd_admissions','ipd_admission',NULL,7,16,NULL,NULL,'IPD admission not found for visit ID 16','FAILED','127.0.0.1','Mozilla/5.0 (X11; Linux x86_64; rv:140.0) Gecko/20100101 Firefox/140.0','2026-01-29 18:36:02'),
(953,'2026-01-29 21:38:05',1,'Humphrey Lidwaji','Administrator','VIEW','Ward Rounds','visits','visit',16,7,16,NULL,NULL,'Accessed ward rounds page for IPD admission. Visit ID: 16, Patient: FREDDY WETU, Ward: N/A','SUCCESS','127.0.0.1','Mozilla/5.0 (X11; Linux x86_64; rv:140.0) Gecko/20100101 Firefox/140.0','2026-01-29 18:38:05'),
(954,'2026-01-29 21:43:39',1,'Humphrey Lidwaji','Administrator','UPDATE','Billing','pending_bill_items','bill_item',61,0,0,NULL,NULL,'Failed to finalize item #61 to invoice','FAILED','127.0.0.1','Mozilla/5.0 (X11; Linux x86_64; rv:140.0) Gecko/20100101 Firefox/140.0','2026-01-29 18:43:39'),
(955,'2026-01-29 21:43:59',1,'Humphrey Lidwaji','Administrator','UPDATE','Billing','pending_bill_items','bill_item',61,0,0,NULL,NULL,'Failed to assign price list to item #61','FAILED','127.0.0.1','Mozilla/5.0 (X11; Linux x86_64; rv:140.0) Gecko/20100101 Firefox/140.0','2026-01-29 18:43:59'),
(956,'2026-01-29 21:44:10',1,'Humphrey Lidwaji','Administrator','UPDATE','Billing','pending_bills','pending_bill',66,1,13,'{\"bill_status\":\"draft\",\"is_finalized\":0}','{\"bill_status\":\"approved\",\"is_finalized\":1,\"finalized_by\":1,\"finalized_at\":\"2026-01-29 21:44:10\"}','Finalized pending bill #PB-20260120-0013','SUCCESS','127.0.0.1','Mozilla/5.0 (X11; Linux x86_64; rv:140.0) Gecko/20100101 Firefox/140.0','2026-01-29 18:44:10'),
(957,'2026-01-29 21:45:13',1,'Humphrey Lidwaji','Administrator','CREATE','Billing','invoices','invoice',0,0,13,NULL,NULL,'Failed to create invoice from pending bill #66','FAILED','127.0.0.1','Mozilla/5.0 (X11; Linux x86_64; rv:140.0) Gecko/20100101 Firefox/140.0','2026-01-29 18:45:13'),
(958,'2026-01-29 21:49:25',1,'Humphrey Lidwaji','Administrator','UPDATE','Billing','pending_bills','pending_bill',52,1,2,'{\"bill_status\":\"draft\",\"discount_amount\":\"0.0000\",\"price_list_id\":2,\"notes\":\"Draft bill created for visit ER-2026-0001\",\"subtotal_amount\":\"1000.0000\",\"tax_amount\":\"0.0000\",\"total_amount\":\"1000.0000\"}','{\"bill_status\":\"draft\",\"discount_amount\":0,\"price_list_id\":1,\"notes\":\"Draft bill created for visit ER-2026-0001\",\"subtotal_amount\":\"1000.0000\",\"tax_amount\":\"0.0000\",\"total_amount\":1000}','Updated pending bill #BILL-2026-0002','SUCCESS','127.0.0.1','Mozilla/5.0 (X11; Linux x86_64; rv:140.0) Gecko/20100101 Firefox/140.0','2026-01-29 18:49:25'),
(959,'2026-01-29 21:57:45',1,'Humphrey Lidwaji','Administrator','VIEW','Doctor Notes','visits','visit',16,7,16,NULL,NULL,'Accessed doctor notes page for visit ID 16 (Patient: FREDDY WETU, Visit #: VISIT-CLINICEMR001-2026-005, Type: IPD)','SUCCESS','127.0.0.1','Mozilla/5.0 (X11; Linux x86_64; rv:140.0) Gecko/20100101 Firefox/140.0','2026-01-29 18:57:45'),
(960,'2026-01-29 21:57:56',1,'Humphrey Lidwaji','Administrator','VIEW','Doctor Orders','visits','visit',16,7,16,NULL,NULL,'Accessed doctor orders page for visit ID 16 (Patient MRN: CLINICEMR001/2026/000026)','SUCCESS','127.0.0.1','Mozilla/5.0 (X11; Linux x86_64; rv:140.0) Gecko/20100101 Firefox/140.0','2026-01-29 18:57:56'),
(961,'2026-01-29 21:57:56',1,'Humphrey Lidwaji','Administrator','CREATE','Doctor Orders','pending_bills','pending_bill',71,7,16,NULL,'{\"bill_number\":\"PB-202601-0029\",\"visit_id\":16,\"patient_id\":7,\"bill_status\":\"draft\"}','Created pending bill for doctor orders. Bill #: PB-202601-0029','SUCCESS','127.0.0.1','Mozilla/5.0 (X11; Linux x86_64; rv:140.0) Gecko/20100101 Firefox/140.0','2026-01-29 18:57:56'),
(962,'2026-01-29 21:58:01',1,'Humphrey Lidwaji','Administrator','VIEW','Doctor Orders','visits','visit',16,7,16,NULL,NULL,'Accessed doctor orders page for visit ID 16 (Patient MRN: CLINICEMR001/2026/000026)','SUCCESS','127.0.0.1','Mozilla/5.0 (X11; Linux x86_64; rv:140.0) Gecko/20100101 Firefox/140.0','2026-01-29 18:58:01'),
(963,'2026-01-29 21:58:01',1,'Humphrey Lidwaji','Administrator','SEARCH','Doctor Orders','billable_items','search',NULL,7,16,NULL,NULL,'Searched for items in doctor orders. Term: , Type: all','SUCCESS','127.0.0.1','Mozilla/5.0 (X11; Linux x86_64; rv:140.0) Gecko/20100101 Firefox/140.0','2026-01-29 18:58:01'),
(964,'2026-01-29 21:58:01',1,'Humphrey Lidwaji','Administrator','VIEW','Doctor Orders','visits','visit',16,7,16,NULL,NULL,'Accessed doctor orders page for visit ID 16 (Patient MRN: CLINICEMR001/2026/000026)','SUCCESS','127.0.0.1','Mozilla/5.0 (X11; Linux x86_64; rv:140.0) Gecko/20100101 Firefox/140.0','2026-01-29 18:58:01'),
(965,'2026-01-29 21:58:14',1,'Humphrey Lidwaji','Administrator','VIEW','Doctor Orders','visits','visit',16,7,16,NULL,NULL,'Accessed doctor orders page for visit ID 16 (Patient MRN: CLINICEMR001/2026/000026)','SUCCESS','127.0.0.1','Mozilla/5.0 (X11; Linux x86_64; rv:140.0) Gecko/20100101 Firefox/140.0','2026-01-29 18:58:14'),
(966,'2026-01-29 21:58:14',1,'Humphrey Lidwaji','Administrator','SEARCH','Doctor Orders','billable_items','search',NULL,7,16,NULL,NULL,'Searched for items in doctor orders. Term: BRS, Type: all','SUCCESS','127.0.0.1','Mozilla/5.0 (X11; Linux x86_64; rv:140.0) Gecko/20100101 Firefox/140.0','2026-01-29 18:58:14'),
(967,'2026-01-29 21:58:14',1,'Humphrey Lidwaji','Administrator','VIEW','Doctor Orders','visits','visit',16,7,16,NULL,NULL,'Accessed doctor orders page for visit ID 16 (Patient MRN: CLINICEMR001/2026/000026)','SUCCESS','127.0.0.1','Mozilla/5.0 (X11; Linux x86_64; rv:140.0) Gecko/20100101 Firefox/140.0','2026-01-29 18:58:14'),
(968,'2026-01-29 21:58:19',1,'Humphrey Lidwaji','Administrator','VIEW','Doctor Orders','visits','visit',16,7,16,NULL,NULL,'Accessed doctor orders page for visit ID 16 (Patient MRN: CLINICEMR001/2026/000026)','SUCCESS','127.0.0.1','Mozilla/5.0 (X11; Linux x86_64; rv:140.0) Gecko/20100101 Firefox/140.0','2026-01-29 18:58:19'),
(969,'2026-01-29 21:58:19',1,'Humphrey Lidwaji','Administrator','ORDER_ITEM_CREATE','Doctor Orders','pending_bill_items','order_item',68,7,16,NULL,'{\"billable_item_id\":1,\"item_name\":\"BRS\",\"quantity\":1,\"unit_price\":250,\"total_amount\":250}','Added new order item. Item: BRS, Quantity: 1','SUCCESS','127.0.0.1','Mozilla/5.0 (X11; Linux x86_64; rv:140.0) Gecko/20100101 Firefox/140.0','2026-01-29 18:58:19'),
(970,'2026-01-29 21:58:54',1,'Humphrey Lidwaji','Administrator','PAGE_ACCESS','Doctor Orders','N/A','page',NULL,NULL,NULL,NULL,NULL,'Accessed doctor_orders.php','ATTEMPT','127.0.0.1','Mozilla/5.0 (X11; Linux x86_64; rv:140.0) Gecko/20100101 Firefox/140.0','2026-01-29 18:58:54'),
(971,'2026-01-29 21:58:54',1,'Humphrey Lidwaji','Administrator','VIEW','Doctor Orders','visits','visit',16,7,16,NULL,NULL,'Accessed doctor orders page for visit ID 16 (Patient MRN: CLINICEMR001/2026/000026)','SUCCESS','127.0.0.1','Mozilla/5.0 (X11; Linux x86_64; rv:140.0) Gecko/20100101 Firefox/140.0','2026-01-29 18:58:54'),
(972,'2026-01-29 21:58:54',1,'Humphrey Lidwaji','Administrator','RETRIEVE','Doctor Orders','pending_bills','pending_bill',71,7,16,NULL,NULL,'Retrieved pending bill for orders. Bill ID: 71','SUCCESS','127.0.0.1','Mozilla/5.0 (X11; Linux x86_64; rv:140.0) Gecko/20100101 Firefox/140.0','2026-01-29 18:58:54'),
(973,'2026-01-29 21:58:54',1,'Humphrey Lidwaji','Administrator','RETRIEVE','Doctor Orders','pending_bill_items','order_items',NULL,7,16,NULL,NULL,'Retrieved 1 order items for pending bill 71','SUCCESS','127.0.0.1','Mozilla/5.0 (X11; Linux x86_64; rv:140.0) Gecko/20100101 Firefox/140.0','2026-01-29 18:58:54'),
(974,'2026-01-29 21:59:19',1,'Humphrey Lidwaji','Administrator','PAGE_ACCESS','Doctor Orders','N/A','page',NULL,NULL,NULL,NULL,NULL,'Accessed doctor_orders.php','ATTEMPT','127.0.0.1','Mozilla/5.0 (X11; Linux x86_64; rv:140.0) Gecko/20100101 Firefox/140.0','2026-01-29 18:59:19'),
(975,'2026-01-29 21:59:19',1,'Humphrey Lidwaji','Administrator','VIEW','Doctor Orders','visits','visit',16,7,16,NULL,NULL,'Accessed doctor orders page for visit ID 16 (Patient MRN: CLINICEMR001/2026/000026)','SUCCESS','127.0.0.1','Mozilla/5.0 (X11; Linux x86_64; rv:140.0) Gecko/20100101 Firefox/140.0','2026-01-29 18:59:19'),
(976,'2026-01-29 21:59:19',1,'Humphrey Lidwaji','Administrator','RETRIEVE','Doctor Orders','pending_bills','pending_bill',71,7,16,NULL,NULL,'Retrieved pending bill for orders. Bill ID: 71','SUCCESS','127.0.0.1','Mozilla/5.0 (X11; Linux x86_64; rv:140.0) Gecko/20100101 Firefox/140.0','2026-01-29 18:59:19'),
(977,'2026-01-29 21:59:19',1,'Humphrey Lidwaji','Administrator','RETRIEVE','Doctor Orders','pending_bill_items','order_items',NULL,7,16,NULL,NULL,'Retrieved 1 order items for pending bill 71','SUCCESS','127.0.0.1','Mozilla/5.0 (X11; Linux x86_64; rv:140.0) Gecko/20100101 Firefox/140.0','2026-01-29 18:59:19'),
(978,'2026-01-29 21:59:28',1,'Humphrey Lidwaji','Administrator','PAGE_ACCESS','Doctor Orders','N/A','page',NULL,NULL,NULL,NULL,NULL,'Accessed doctor_orders.php','ATTEMPT','127.0.0.1','Mozilla/5.0 (X11; Linux x86_64; rv:140.0) Gecko/20100101 Firefox/140.0','2026-01-29 18:59:28'),
(979,'2026-01-29 21:59:28',1,'Humphrey Lidwaji','Administrator','VIEW','Doctor Orders','visits','visit',16,7,16,NULL,NULL,'Accessed doctor orders page for visit ID 16 (Patient MRN: CLINICEMR001/2026/000026)','SUCCESS','127.0.0.1','Mozilla/5.0 (X11; Linux x86_64; rv:140.0) Gecko/20100101 Firefox/140.0','2026-01-29 18:59:28'),
(980,'2026-01-29 21:59:28',1,'Humphrey Lidwaji','Administrator','RETRIEVE','Doctor Orders','pending_bills','pending_bill',71,7,16,NULL,NULL,'Retrieved pending bill for orders. Bill ID: 71','SUCCESS','127.0.0.1','Mozilla/5.0 (X11; Linux x86_64; rv:140.0) Gecko/20100101 Firefox/140.0','2026-01-29 18:59:28'),
(981,'2026-01-29 21:59:28',1,'Humphrey Lidwaji','Administrator','RETRIEVE','Doctor Orders','pending_bill_items','order_items',NULL,7,16,NULL,NULL,'Retrieved 1 order items for pending bill 71','SUCCESS','127.0.0.1','Mozilla/5.0 (X11; Linux x86_64; rv:140.0) Gecko/20100101 Firefox/140.0','2026-01-29 18:59:28'),
(982,'2026-01-29 22:00:40',1,'Humphrey Lidwaji','Administrator','VIEW','Doctor Notes','visits','visit',16,7,16,NULL,NULL,'Accessed doctor notes page for visit ID 16 (Patient: FREDDY WETU, Visit #: VISIT-CLINICEMR001-2026-005, Type: IPD)','SUCCESS','127.0.0.1','Mozilla/5.0 (X11; Linux x86_64; rv:140.0) Gecko/20100101 Firefox/140.0','2026-01-29 19:00:40'),
(983,'2026-01-29 22:00:47',1,'Humphrey Lidwaji','Administrator','DOCTOR_NOTE_SAVE','Doctor Notes','doctor_notes','doctor_note',NULL,7,16,NULL,'{\"note_date\":\"2026-01-29\",\"note_type\":\"progress\",\"status\":\"finalized\"}','Attempting to save doctor note for visit 16. Type: progress, Status: finalized','ATTEMPT','127.0.0.1','Mozilla/5.0 (X11; Linux x86_64; rv:140.0) Gecko/20100101 Firefox/140.0','2026-01-29 19:00:47'),
(984,'2026-01-29 22:00:47',1,'Humphrey Lidwaji','Administrator','DOCTOR_NOTE_CREATE','Doctor Notes','doctor_notes','doctor_note',11,7,16,NULL,'{\"note_date\":\"2026-01-29\",\"note_type\":\"progress\",\"status\":\"finalized\",\"subjective\":\"Patient reports feeling well. No new complaints....\",\"assessment\":\"Patient condition stable. Treatment plan effective....\",\"recorded_by\":1}','Created new doctor note for visit 16. Note ID: 11','SUCCESS','127.0.0.1','Mozilla/5.0 (X11; Linux x86_64; rv:140.0) Gecko/20100101 Firefox/140.0','2026-01-29 19:00:47'),
(985,'2026-01-29 22:00:47',1,'Humphrey Lidwaji','Administrator','VIEW','Doctor Notes','visits','visit',16,7,16,NULL,NULL,'Accessed doctor notes page for visit ID 16 (Patient: FREDDY WETU, Visit #: VISIT-CLINICEMR001-2026-005, Type: IPD)','SUCCESS','127.0.0.1','Mozilla/5.0 (X11; Linux x86_64; rv:140.0) Gecko/20100101 Firefox/140.0','2026-01-29 19:00:47'),
(986,'2026-01-29 22:04:33',1,'Humphrey Lidwaji','Administrator','VIEW','Nurse Notes','visits','visit',16,7,16,NULL,NULL,'Accessed nurse notes page for visit ID 16 (Patient: FREDDY WETU). Current shift: night','SUCCESS','127.0.0.1','Mozilla/5.0 (X11; Linux x86_64; rv:140.0) Gecko/20100101 Firefox/140.0','2026-01-29 19:04:33'),
(987,'2026-01-29 22:04:46',1,'Humphrey Lidwaji','Administrator','VIEW','Nurse Notes','visits','visit',16,7,16,NULL,NULL,'Accessed nurse notes page for visit ID 16 (Patient: FREDDY WETU). Current shift: night','SUCCESS','127.0.0.1','Mozilla/5.0 (X11; Linux x86_64; rv:140.0) Gecko/20100101 Firefox/140.0','2026-01-29 19:04:46'),
(988,'2026-01-29 22:04:46',1,'Humphrey Lidwaji','Administrator','NURSE_NOTE_CREATE','Nurse Notes','nurse_daily_notes','nurse_note',NULL,7,16,NULL,'{\"status\":\"finalized\",\"shift\":\"night\",\"note_date\":\"2026-01-29\",\"note_type\":\"daily\",\"recorded_by\":1}','Attempting to create nurse note for shift: night, date: 2026-01-29. Status: finalized','ATTEMPT','127.0.0.1','Mozilla/5.0 (X11; Linux x86_64; rv:140.0) Gecko/20100101 Firefox/140.0','2026-01-29 19:04:46'),
(989,'2026-01-29 22:04:46',1,'Humphrey Lidwaji','Administrator','NURSE_NOTE_CREATE','Nurse Notes','nurse_daily_notes','nurse_note',8,7,16,NULL,'{\"note_id\":8,\"status\":\"finalized\",\"shift\":\"night\",\"note_date\":\"2026-01-29\",\"note_type\":\"daily\",\"recorded_by\":1,\"created_at\":\"2026-01-29 22:04:46\"}','Nurse note created successfully. Note ID: 8, Shift: night, Status: finalized','SUCCESS','127.0.0.1','Mozilla/5.0 (X11; Linux x86_64; rv:140.0) Gecko/20100101 Firefox/140.0','2026-01-29 19:04:46'),
(990,'2026-01-29 22:04:49',1,'Humphrey Lidwaji','Administrator','VIEW','Nurse Notes','visits','visit',16,7,16,NULL,NULL,'Accessed nurse notes page for visit ID 16 (Patient: FREDDY WETU). Current shift: night','SUCCESS','127.0.0.1','Mozilla/5.0 (X11; Linux x86_64; rv:140.0) Gecko/20100101 Firefox/140.0','2026-01-29 19:04:49'),
(991,'2026-01-30 07:36:14',1,'Humphrey Lidwaji','Administrator','LOGIN','AUTHENTICATION','users','user',1,NULL,NULL,NULL,NULL,'User Humphrey Lidwaji (lidwaji7@gmail.com) logged in successfully','SUCCESS','127.0.0.1','Mozilla/5.0 (X11; Linux x86_64; rv:140.0) Gecko/20100101 Firefox/140.0','2026-01-30 04:36:14'),
(992,'2026-01-30 07:48:36',1,'Humphrey Lidwaji','Administrator','VIEW','OPD Prescriptions','prescriptions','opd_prescription_list',NULL,NULL,NULL,NULL,'{\"sort_by\":\"p.prescription_date\",\"sort_order\":\"DESC\"}','Accessed OPD prescriptions manage page','SUCCESS','127.0.0.1','Mozilla/5.0 (X11; Linux x86_64; rv:140.0) Gecko/20100101 Firefox/140.0','2026-01-30 04:48:36'),
(993,'2026-01-30 07:49:08',1,'Humphrey Lidwaji','Administrator','VIEW','Pharmacy','prescriptions','prescription',15,NULL,NULL,NULL,NULL,'Attempting to view prescription ID: 15','ATTEMPT','127.0.0.1','Mozilla/5.0 (X11; Linux x86_64; rv:140.0) Gecko/20100101 Firefox/140.0','2026-01-30 04:49:08'),
(994,'2026-01-30 07:49:08',1,'Humphrey Lidwaji','Administrator','VIEW','Pharmacy','prescriptions','prescription',15,6,15,NULL,NULL,'Accessed prescription #15 for patient: Joyce Anindo (MRN: CLINICEMR001/2026/000025)','SUCCESS','127.0.0.1','Mozilla/5.0 (X11; Linux x86_64; rv:140.0) Gecko/20100101 Firefox/140.0','2026-01-30 04:49:08'),
(995,'2026-01-30 07:49:11',1,'Humphrey Lidwaji','Administrator','VIEW','OPD Prescriptions','prescriptions','opd_prescription_list',NULL,NULL,NULL,NULL,'{\"sort_by\":\"p.prescription_date\",\"sort_order\":\"DESC\"}','Accessed OPD prescriptions manage page','SUCCESS','127.0.0.1','Mozilla/5.0 (X11; Linux x86_64; rv:140.0) Gecko/20100101 Firefox/140.0','2026-01-30 04:49:11'),
(996,'2026-01-30 07:49:14',1,'Humphrey Lidwaji','Administrator','ACCESS','Pharmacy','prescriptions','prescription',15,NULL,NULL,NULL,NULL,'Attempting to access dispensing page for prescription ID: 15','ATTEMPT','127.0.0.1','Mozilla/5.0 (X11; Linux x86_64; rv:140.0) Gecko/20100101 Firefox/140.0','2026-01-30 04:49:14'),
(997,'2026-01-30 07:49:14',1,'Humphrey Lidwaji','Administrator','VIEW','Pharmacy','prescriptions','prescription',15,6,15,NULL,NULL,'Accessed dispensing page for prescription #15 (Patient: Joyce Anindo)','SUCCESS','127.0.0.1','Mozilla/5.0 (X11; Linux x86_64; rv:140.0) Gecko/20100101 Firefox/140.0','2026-01-30 04:49:14'),
(998,'2026-01-30 07:49:28',1,'Humphrey Lidwaji','Administrator','VIEW','OPD Prescriptions','prescriptions','opd_prescription_list',NULL,NULL,NULL,NULL,'{\"sort_by\":\"p.prescription_date\",\"sort_order\":\"DESC\"}','Accessed OPD prescriptions manage page','SUCCESS','127.0.0.1','Mozilla/5.0 (X11; Linux x86_64; rv:140.0) Gecko/20100101 Firefox/140.0','2026-01-30 04:49:28'),
(999,'2026-01-30 07:49:30',1,'Humphrey Lidwaji','Administrator','VIEW','Pharmacy','prescriptions','prescription',15,NULL,NULL,NULL,NULL,'Attempting to view prescription ID: 15','ATTEMPT','127.0.0.1','Mozilla/5.0 (X11; Linux x86_64; rv:140.0) Gecko/20100101 Firefox/140.0','2026-01-30 04:49:30'),
(1000,'2026-01-30 07:49:30',1,'Humphrey Lidwaji','Administrator','VIEW','Pharmacy','prescriptions','prescription',15,6,15,NULL,NULL,'Accessed prescription #15 for patient: Joyce Anindo (MRN: CLINICEMR001/2026/000025)','SUCCESS','127.0.0.1','Mozilla/5.0 (X11; Linux x86_64; rv:140.0) Gecko/20100101 Firefox/140.0','2026-01-30 04:49:30'),
(1001,'2026-01-30 07:49:38',1,'Humphrey Lidwaji','Administrator','VIEW','Pharmacy','prescriptions','prescription',15,NULL,NULL,NULL,NULL,'Attempting to view prescription ID: 15','ATTEMPT','127.0.0.1','Mozilla/5.0 (X11; Linux x86_64; rv:140.0) Gecko/20100101 Firefox/140.0','2026-01-30 04:49:38'),
(1002,'2026-01-30 07:49:38',1,'Humphrey Lidwaji','Administrator','VIEW','Pharmacy','prescriptions','prescription',15,6,15,NULL,NULL,'Accessed prescription #15 for patient: Joyce Anindo (MRN: CLINICEMR001/2026/000025)','SUCCESS','127.0.0.1','Mozilla/5.0 (X11; Linux x86_64; rv:140.0) Gecko/20100101 Firefox/140.0','2026-01-30 04:49:38'),
(1003,'2026-01-30 07:49:39',1,'Humphrey Lidwaji','Administrator','VIEW','OPD Prescriptions','prescriptions','opd_prescription_list',NULL,NULL,NULL,NULL,'{\"sort_by\":\"p.prescription_date\",\"sort_order\":\"DESC\"}','Accessed OPD prescriptions manage page','SUCCESS','127.0.0.1','Mozilla/5.0 (X11; Linux x86_64; rv:140.0) Gecko/20100101 Firefox/140.0','2026-01-30 04:49:39'),
(1004,'2026-01-30 07:49:44',1,'Humphrey Lidwaji','Administrator','ACCESS','Pharmacy','prescriptions','prescription',14,NULL,NULL,NULL,NULL,'Attempting to access dispensing page for prescription ID: 14','ATTEMPT','127.0.0.1','Mozilla/5.0 (X11; Linux x86_64; rv:140.0) Gecko/20100101 Firefox/140.0','2026-01-30 04:49:44'),
(1005,'2026-01-30 07:49:44',1,'Humphrey Lidwaji','Administrator','VIEW','Pharmacy','prescriptions','prescription',14,5,14,NULL,NULL,'Accessed dispensing page for prescription #14 (Patient: FLORENCE KAGEHA)','SUCCESS','127.0.0.1','Mozilla/5.0 (X11; Linux x86_64; rv:140.0) Gecko/20100101 Firefox/140.0','2026-01-30 04:49:44'),
(1006,'2026-01-30 07:50:07',1,'Humphrey Lidwaji','Administrator','VIEW','OPD Prescriptions','prescriptions','opd_prescription_list',NULL,NULL,NULL,NULL,'{\"sort_by\":\"p.prescription_date\",\"sort_order\":\"DESC\"}','Accessed OPD prescriptions manage page','SUCCESS','127.0.0.1','Mozilla/5.0 (X11; Linux x86_64; rv:140.0) Gecko/20100101 Firefox/140.0','2026-01-30 04:50:07'),
(1007,'2026-01-30 07:54:27',1,'Humphrey Lidwaji','Administrator','VIEW','OPD Prescriptions','prescriptions','opd_prescription_list',NULL,NULL,NULL,NULL,'{\"sort_by\":\"p.prescription_date\",\"sort_order\":\"DESC\"}','Accessed OPD prescriptions manage page','SUCCESS','127.0.0.1','Mozilla/5.0 (X11; Linux x86_64; rv:140.0) Gecko/20100101 Firefox/140.0','2026-01-30 04:54:27'),
(1008,'2026-01-30 07:54:31',1,'Humphrey Lidwaji','Administrator','VIEW','Pharmacy','prescriptions','prescription',15,NULL,NULL,NULL,NULL,'Attempting to view prescription ID: 15','ATTEMPT','127.0.0.1','Mozilla/5.0 (X11; Linux x86_64; rv:140.0) Gecko/20100101 Firefox/140.0','2026-01-30 04:54:31'),
(1009,'2026-01-30 07:54:31',1,'Humphrey Lidwaji','Administrator','VIEW','Pharmacy','prescriptions','prescription',15,6,15,NULL,NULL,'Accessed prescription #15 for patient: Joyce Anindo (MRN: CLINICEMR001/2026/000025)','SUCCESS','127.0.0.1','Mozilla/5.0 (X11; Linux x86_64; rv:140.0) Gecko/20100101 Firefox/140.0','2026-01-30 04:54:31'),
(1010,'2026-01-30 07:54:34',1,'Humphrey Lidwaji','Administrator','VIEW','OPD Prescriptions','prescriptions','opd_prescription_list',NULL,NULL,NULL,NULL,'{\"sort_by\":\"p.prescription_date\",\"sort_order\":\"DESC\"}','Accessed OPD prescriptions manage page','SUCCESS','127.0.0.1','Mozilla/5.0 (X11; Linux x86_64; rv:140.0) Gecko/20100101 Firefox/140.0','2026-01-30 04:54:34'),
(1011,'2026-01-30 07:54:37',1,'Humphrey Lidwaji','Administrator','VIEW','Pharmacy','prescriptions','prescription',14,NULL,NULL,NULL,NULL,'Attempting to view prescription ID: 14','ATTEMPT','127.0.0.1','Mozilla/5.0 (X11; Linux x86_64; rv:140.0) Gecko/20100101 Firefox/140.0','2026-01-30 04:54:37'),
(1012,'2026-01-30 07:54:37',1,'Humphrey Lidwaji','Administrator','VIEW','Pharmacy','prescriptions','prescription',14,5,14,NULL,NULL,'Accessed prescription #14 for patient: FLORENCE KAGEHA (MRN: CLINICEMR001/2026/000021)','SUCCESS','127.0.0.1','Mozilla/5.0 (X11; Linux x86_64; rv:140.0) Gecko/20100101 Firefox/140.0','2026-01-30 04:54:37'),
(1013,'2026-01-30 07:54:51',1,'Humphrey Lidwaji','Administrator','VIEW','OPD Prescriptions','prescriptions','opd_prescription_list',NULL,NULL,NULL,NULL,'{\"sort_by\":\"p.prescription_date\",\"sort_order\":\"DESC\"}','Accessed OPD prescriptions manage page','SUCCESS','127.0.0.1','Mozilla/5.0 (X11; Linux x86_64; rv:140.0) Gecko/20100101 Firefox/140.0','2026-01-30 04:54:51'),
(1014,'2026-01-30 07:55:44',1,'Humphrey Lidwaji','Administrator','VIEW','Doctor Consultation','visits','visit',16,7,16,NULL,NULL,'Accessed doctor consultation page for visit ID 16 (Patient: FREDDY WETU, Visit #: VISIT-CLINICEMR001-2026-005, Type: IPD)','SUCCESS','127.0.0.1','Mozilla/5.0 (X11; Linux x86_64; rv:140.0) Gecko/20100101 Firefox/140.0','2026-01-30 04:55:44'),
(1015,'2026-01-30 07:55:46',1,'Humphrey Lidwaji','Administrator','PAGE_ACCESS','Prescription','N/A','page',NULL,NULL,NULL,NULL,NULL,'Accessed prescription.php','ATTEMPT','127.0.0.1','Mozilla/5.0 (X11; Linux x86_64; rv:140.0) Gecko/20100101 Firefox/140.0','2026-01-30 04:55:46'),
(1016,'2026-01-30 07:56:10',1,'Humphrey Lidwaji','Administrator','PAGE_ACCESS','Prescription','N/A','page',NULL,NULL,NULL,NULL,NULL,'Accessed prescription.php','ATTEMPT','127.0.0.1','Mozilla/5.0 (X11; Linux x86_64; rv:140.0) Gecko/20100101 Firefox/140.0','2026-01-30 04:56:10'),
(1017,'2026-01-30 07:56:10',1,'Humphrey Lidwaji','Administrator','CREATE_IPD_ORDER','Prescription','ipd_medication_orders','medication_order',NULL,7,16,NULL,NULL,'Creating new IPD medication order','ATTEMPT','127.0.0.1','Mozilla/5.0 (X11; Linux x86_64; rv:140.0) Gecko/20100101 Firefox/140.0','2026-01-30 04:56:10'),
(1018,'2026-01-30 07:56:10',1,'Humphrey Lidwaji','Administrator','CREATE_IPD_ORDER','Prescription','ipd_medication_orders','medication_order',6,7,16,NULL,'{\"visit_id\":16,\"patient_id\":7,\"item_id\":3,\"dose\":\"5mg\",\"frequency\":\"Once daily\",\"route\":\"PO\",\"status\":\"active\"}','IPD medication order created successfully','SUCCESS','127.0.0.1','Mozilla/5.0 (X11; Linux x86_64; rv:140.0) Gecko/20100101 Firefox/140.0','2026-01-30 04:56:10'),
(1019,'2026-01-30 07:56:29',1,'Humphrey Lidwaji','Administrator','VIEW','OPD Prescriptions','prescriptions','opd_prescription_list',NULL,NULL,NULL,NULL,'{\"sort_by\":\"p.prescription_date\",\"sort_order\":\"DESC\"}','Accessed OPD prescriptions manage page','SUCCESS','127.0.0.1','Mozilla/5.0 (X11; Linux x86_64; rv:140.0) Gecko/20100101 Firefox/140.0','2026-01-30 04:56:29'),
(1020,'2026-01-30 07:56:32',1,'Humphrey Lidwaji','Administrator','VIEW','IPD Medication Orders','ipd_medication_orders','ipd_medication_order_list',NULL,NULL,NULL,NULL,'{\"sort_by\":\"imo.start_datetime\",\"sort_order\":\"DESC\"}','Accessed IPD medication orders page','SUCCESS','127.0.0.1','Mozilla/5.0 (X11; Linux x86_64; rv:140.0) Gecko/20100101 Firefox/140.0','2026-01-30 04:56:32'),
(1021,'2026-01-30 07:57:05',1,'Humphrey Lidwaji','Administrator','VIEW','IPD Medication Orders','ipd_medication_orders','ipd_medication_order_list',NULL,NULL,NULL,NULL,'{\"sort_by\":\"imo.start_datetime\",\"sort_order\":\"DESC\"}','Accessed IPD medication orders page','SUCCESS','127.0.0.1','Mozilla/5.0 (X11; Linux x86_64; rv:140.0) Gecko/20100101 Firefox/140.0','2026-01-30 04:57:05'),
(1022,'2026-01-30 07:57:57',1,'Humphrey Lidwaji','Administrator','VIEW','IPD Medication Orders','ipd_medication_orders','ipd_medication_order_list',NULL,NULL,NULL,NULL,'{\"sort_by\":\"imo.start_datetime\",\"sort_order\":\"DESC\"}','Accessed IPD medication orders page','SUCCESS','127.0.0.1','Mozilla/5.0 (X11; Linux x86_64; rv:140.0) Gecko/20100101 Firefox/140.0','2026-01-30 04:57:57'),
(1023,'2026-01-30 07:57:59',1,'Humphrey Lidwaji','Administrator','VIEW','OPD Prescriptions','prescriptions','opd_prescription_list',NULL,NULL,NULL,NULL,'{\"sort_by\":\"p.prescription_date\",\"sort_order\":\"DESC\"}','Accessed OPD prescriptions manage page','SUCCESS','127.0.0.1','Mozilla/5.0 (X11; Linux x86_64; rv:140.0) Gecko/20100101 Firefox/140.0','2026-01-30 04:57:59'),
(1024,'2026-01-30 07:58:55',1,'Humphrey Lidwaji','Administrator','VIEW','OPD Prescriptions','prescriptions','opd_prescription_list',NULL,NULL,NULL,NULL,'{\"sort_by\":\"p.prescription_date\",\"sort_order\":\"DESC\"}','Accessed OPD prescriptions manage page','SUCCESS','127.0.0.1','Mozilla/5.0 (X11; Linux x86_64; rv:140.0) Gecko/20100101 Firefox/140.0','2026-01-30 04:58:55'),
(1025,'2026-01-30 07:58:58',1,'Humphrey Lidwaji','Administrator','PAGE_ACCESS','Prescription','N/A','page',NULL,NULL,NULL,NULL,NULL,'Accessed prescription.php','ATTEMPT','127.0.0.1','Mozilla/5.0 (X11; Linux x86_64; rv:140.0) Gecko/20100101 Firefox/140.0','2026-01-30 04:58:58'),
(1026,'2026-01-30 07:59:16',1,'Humphrey Lidwaji','Administrator','PAGE_ACCESS','Prescription','N/A','page',NULL,NULL,NULL,NULL,NULL,'Accessed prescription.php','ATTEMPT','127.0.0.1','Mozilla/5.0 (X11; Linux x86_64; rv:140.0) Gecko/20100101 Firefox/140.0','2026-01-30 04:59:16'),
(1027,'2026-01-30 08:49:28',1,'Humphrey Lidwaji','Administrator','LOGIN','AUTHENTICATION','users','user',1,NULL,NULL,NULL,NULL,'User Humphrey Lidwaji (lidwaji7@gmail.com) logged in successfully','SUCCESS','127.0.0.1','Mozilla/5.0 (X11; Linux x86_64; rv:140.0) Gecko/20100101 Firefox/140.0','2026-01-30 05:49:28'),
(1028,'2026-01-30 08:49:42',1,'Humphrey Lidwaji','Administrator','VIEW','Doctor Consultation','visits','visit',16,7,16,NULL,NULL,'Accessed doctor consultation page for visit ID 16 (Patient: FREDDY WETU, Visit #: VISIT-CLINICEMR001-2026-005, Type: IPD)','SUCCESS','127.0.0.1','Mozilla/5.0 (X11; Linux x86_64; rv:140.0) Gecko/20100101 Firefox/140.0','2026-01-30 05:49:42'),
(1029,'2026-01-30 08:49:44',1,'Humphrey Lidwaji','Administrator','PAGE_ACCESS','Prescription','N/A','page',NULL,NULL,NULL,NULL,NULL,'Accessed prescription.php','ATTEMPT','127.0.0.1','Mozilla/5.0 (X11; Linux x86_64; rv:140.0) Gecko/20100101 Firefox/140.0','2026-01-30 05:49:44'),
(1030,'2026-01-30 08:50:24',1,'Humphrey Lidwaji','Administrator','PAGE_ACCESS','Prescription','N/A','page',NULL,NULL,NULL,NULL,NULL,'Accessed prescription.php','ATTEMPT','127.0.0.1','Mozilla/5.0 (X11; Linux x86_64; rv:140.0) Gecko/20100101 Firefox/140.0','2026-01-30 05:50:24'),
(1031,'2026-01-30 08:50:50',1,'Humphrey Lidwaji','Administrator','PAGE_ACCESS','Prescription','N/A','page',NULL,NULL,NULL,NULL,NULL,'Accessed prescription.php','ATTEMPT','127.0.0.1','Mozilla/5.0 (X11; Linux x86_64; rv:140.0) Gecko/20100101 Firefox/140.0','2026-01-30 05:50:50'),
(1032,'2026-01-30 08:56:46',1,'Humphrey Lidwaji','Administrator','PAGE_ACCESS','Prescription','N/A','page',NULL,NULL,NULL,NULL,NULL,'Accessed prescription.php','ATTEMPT','127.0.0.1','Mozilla/5.0 (X11; Linux x86_64; rv:140.0) Gecko/20100101 Firefox/140.0','2026-01-30 05:56:46'),
(1033,'2026-01-30 08:58:05',1,'Humphrey Lidwaji','Administrator','PAGE_ACCESS','Prescription','N/A','page',NULL,NULL,NULL,NULL,NULL,'Accessed prescription.php','ATTEMPT','127.0.0.1','Mozilla/5.0 (X11; Linux x86_64; rv:140.0) Gecko/20100101 Firefox/140.0','2026-01-30 05:58:05'),
(1034,'2026-01-30 08:58:20',1,'Humphrey Lidwaji','Administrator','PAGE_ACCESS','Prescription','N/A','page',NULL,NULL,NULL,NULL,NULL,'Accessed prescription.php','ATTEMPT','127.0.0.1','Mozilla/5.0 (X11; Linux x86_64; rv:140.0) Gecko/20100101 Firefox/140.0','2026-01-30 05:58:20'),
(1035,'2026-01-30 08:58:39',1,'Humphrey Lidwaji','Administrator','PAGE_ACCESS','Prescription','N/A','page',NULL,NULL,NULL,NULL,NULL,'Accessed prescription.php','ATTEMPT','127.0.0.1','Mozilla/5.0 (X11; Linux x86_64; rv:140.0) Gecko/20100101 Firefox/140.0','2026-01-30 05:58:39'),
(1036,'2026-01-30 08:58:47',1,'Humphrey Lidwaji','Administrator','PAGE_ACCESS','Prescription','N/A','page',NULL,NULL,NULL,NULL,NULL,'Accessed prescription.php','ATTEMPT','127.0.0.1','Mozilla/5.0 (X11; Linux x86_64; rv:140.0) Gecko/20100101 Firefox/140.0','2026-01-30 05:58:47'),
(1037,'2026-01-30 08:59:40',1,'Humphrey Lidwaji','Administrator','PAGE_ACCESS','Prescription','N/A','page',NULL,NULL,NULL,NULL,NULL,'Accessed prescription.php','ATTEMPT','127.0.0.1','Mozilla/5.0 (X11; Linux x86_64; rv:140.0) Gecko/20100101 Firefox/140.0','2026-01-30 05:59:40'),
(1038,'2026-01-30 08:59:56',1,'Humphrey Lidwaji','Administrator','PAGE_ACCESS','Prescription','N/A','page',NULL,NULL,NULL,NULL,NULL,'Accessed prescription.php','ATTEMPT','127.0.0.1','Mozilla/5.0 (X11; Linux x86_64; rv:140.0) Gecko/20100101 Firefox/140.0','2026-01-30 05:59:56'),
(1039,'2026-01-30 09:17:55',1,'Humphrey Lidwaji','Administrator','PAGE_ACCESS','Prescription','N/A','page',NULL,NULL,NULL,NULL,NULL,'Accessed prescription.php','ATTEMPT','127.0.0.1','Mozilla/5.0 (X11; Linux x86_64; rv:140.0) Gecko/20100101 Firefox/140.0','2026-01-30 06:17:55'),
(1040,'2026-01-30 09:19:05',1,'Humphrey Lidwaji','Administrator','PAGE_ACCESS','Prescription','N/A','page',NULL,NULL,NULL,NULL,NULL,'Accessed prescription.php','ATTEMPT','127.0.0.1','Mozilla/5.0 (X11; Linux x86_64; rv:140.0) Gecko/20100101 Firefox/140.0','2026-01-30 06:19:05'),
(1041,'2026-01-30 09:19:07',1,'Humphrey Lidwaji','Administrator','VIEW','Doctor Consultation','visits','visit',16,7,16,NULL,NULL,'Accessed doctor consultation page for visit ID 16 (Patient: FREDDY WETU, Visit #: VISIT-CLINICEMR001-2026-005, Type: IPD)','SUCCESS','127.0.0.1','Mozilla/5.0 (X11; Linux x86_64; rv:140.0) Gecko/20100101 Firefox/140.0','2026-01-30 06:19:07'),
(1042,'2026-01-30 09:19:09',1,'Humphrey Lidwaji','Administrator','PAGE_ACCESS','Prescription','N/A','page',NULL,NULL,NULL,NULL,NULL,'Accessed prescription.php','ATTEMPT','127.0.0.1','Mozilla/5.0 (X11; Linux x86_64; rv:140.0) Gecko/20100101 Firefox/140.0','2026-01-30 06:19:09'),
(1043,'2026-01-30 09:21:36',1,'Humphrey Lidwaji','Administrator','PAGE_ACCESS','Prescription','N/A','page',NULL,NULL,NULL,NULL,NULL,'Accessed prescription.php','ATTEMPT','127.0.0.1','Mozilla/5.0 (X11; Linux x86_64; rv:140.0) Gecko/20100101 Firefox/140.0','2026-01-30 06:21:36'),
(1044,'2026-01-30 09:22:47',1,'Humphrey Lidwaji','Administrator','PAGE_ACCESS','Prescription','N/A','page',NULL,NULL,NULL,NULL,NULL,'Accessed prescription.php','ATTEMPT','127.0.0.1','Mozilla/5.0 (X11; Linux x86_64; rv:140.0) Gecko/20100101 Firefox/140.0','2026-01-30 06:22:47'),
(1045,'2026-01-30 09:38:20',1,'Humphrey Lidwaji','Administrator','PAGE_ACCESS','Prescription','N/A','page',NULL,NULL,NULL,NULL,NULL,'Accessed prescription.php','ATTEMPT','127.0.0.1','Mozilla/5.0 (X11; Linux x86_64; rv:140.0) Gecko/20100101 Firefox/140.0','2026-01-30 06:38:20'),
(1046,'2026-01-30 10:20:00',8,'Abel','Radiology','LOGIN','AUTHENTICATION','users','user',8,NULL,NULL,NULL,NULL,'User Abel (abel@gmail.com) logged in successfully','SUCCESS','127.0.0.1','Mozilla/5.0 (X11; Linux x86_64; rv:140.0) Gecko/20100101 Firefox/140.0','2026-01-30 07:20:00'),
(1047,'2026-01-30 10:20:07',8,'Abel','Radiology','ACCESS','Radiology','radiology_imagings','radiology_imaging',0,NULL,NULL,NULL,NULL,'Attempting to access imaging result entry page for imaging ID: 0','ATTEMPT','127.0.0.1','Mozilla/5.0 (X11; Linux x86_64; rv:140.0) Gecko/20100101 Firefox/140.0','2026-01-30 07:20:07'),
(1048,'2026-01-30 10:20:07',8,'Abel','Radiology','ACCESS','Radiology','radiology_imagings','radiology_imaging',0,NULL,NULL,NULL,NULL,'Invalid imaging ID: 0','FAILED','127.0.0.1','Mozilla/5.0 (X11; Linux x86_64; rv:140.0) Gecko/20100101 Firefox/140.0','2026-01-30 07:20:07'),
(1049,'2026-01-30 10:20:11',8,'Abel','Radiology','LOGOUT','AUTHENTICATION','users','user',8,NULL,NULL,NULL,NULL,'User Abel  (abel@gmail.com) logged out','SUCCESS','127.0.0.1','Mozilla/5.0 (X11; Linux x86_64; rv:140.0) Gecko/20100101 Firefox/140.0','2026-01-30 07:20:11'),
(1050,'2026-01-30 10:20:14',1,'Humphrey Lidwaji','Administrator','LOGIN','AUTHENTICATION','users','user',1,NULL,NULL,NULL,NULL,'User Humphrey Lidwaji (lidwaji7@gmail.com) logged in successfully','SUCCESS','127.0.0.1','Mozilla/5.0 (X11; Linux x86_64; rv:140.0) Gecko/20100101 Firefox/140.0','2026-01-30 07:20:14'),
(1051,'2026-01-30 10:20:42',1,'Humphrey Lidwaji','Administrator','VIEW','Doctor Consultation','visits','visit',16,7,16,NULL,NULL,'Accessed doctor consultation page for visit ID 16 (Patient: FREDDY WETU, Visit #: VISIT-CLINICEMR001-2026-005, Type: IPD)','SUCCESS','127.0.0.1','Mozilla/5.0 (X11; Linux x86_64; rv:140.0) Gecko/20100101 Firefox/140.0','2026-01-30 07:20:42'),
(1052,'2026-01-30 10:20:45',1,'Humphrey Lidwaji','Administrator','PAGE_ACCESS','Prescription','N/A','page',NULL,NULL,NULL,NULL,NULL,'Accessed prescription.php','ATTEMPT','127.0.0.1','Mozilla/5.0 (X11; Linux x86_64; rv:140.0) Gecko/20100101 Firefox/140.0','2026-01-30 07:20:45'),
(1053,'2026-01-30 10:22:40',1,'Humphrey Lidwaji','Administrator','PAGE_ACCESS','Prescription','N/A','page',NULL,NULL,NULL,NULL,NULL,'Accessed prescription.php','ATTEMPT','127.0.0.1','Mozilla/5.0 (X11; Linux x86_64; rv:140.0) Gecko/20100101 Firefox/140.0','2026-01-30 07:22:40'),
(1054,'2026-01-30 10:22:54',1,'Humphrey Lidwaji','Administrator','PAGE_ACCESS','Prescription','N/A','page',NULL,NULL,NULL,NULL,NULL,'Accessed prescription.php','ATTEMPT','127.0.0.1','Mozilla/5.0 (X11; Linux x86_64; rv:140.0) Gecko/20100101 Firefox/140.0','2026-01-30 07:22:54'),
(1055,'2026-01-30 10:43:00',1,'Humphrey Lidwaji','Administrator','PAGE_ACCESS','Prescription','N/A','page',NULL,NULL,NULL,NULL,NULL,'Accessed prescription.php','ATTEMPT','127.0.0.1','Mozilla/5.0 (X11; Linux x86_64; rv:140.0) Gecko/20100101 Firefox/140.0','2026-01-30 07:43:00'),
(1056,'2026-01-30 10:43:17',1,'Humphrey Lidwaji','Administrator','PAGE_ACCESS','Prescription','N/A','page',NULL,NULL,NULL,NULL,NULL,'Accessed prescription.php','ATTEMPT','127.0.0.1','Mozilla/5.0 (X11; Linux x86_64; rv:140.0) Gecko/20100101 Firefox/140.0','2026-01-30 07:43:17'),
(1057,'2026-01-30 19:38:34',1,'Humphrey Lidwaji','Administrator','LOGIN','AUTHENTICATION','users','user',1,NULL,NULL,NULL,NULL,'User Humphrey Lidwaji (lidwaji7@gmail.com) logged in successfully','SUCCESS','127.0.0.1','Mozilla/5.0 (X11; Linux x86_64; rv:140.0) Gecko/20100101 Firefox/140.0','2026-01-30 16:38:34'),
(1058,'2026-01-31 18:29:29',1,'Humphrey Lidwaji','Administrator','LOGIN','AUTHENTICATION','users','user',1,NULL,NULL,NULL,NULL,'User Humphrey Lidwaji (lidwaji7@gmail.com) logged in successfully','SUCCESS','127.0.0.1','Mozilla/5.0 (X11; Linux x86_64; rv:140.0) Gecko/20100101 Firefox/140.0','2026-01-31 15:29:29'),
(1059,'2026-01-31 18:29:56',1,'Humphrey Lidwaji','Administrator','VIEW','Doctor Consultation','visits','visit',16,7,16,NULL,NULL,'Accessed doctor consultation page for visit ID 16 (Patient: FREDDY WETU, Visit #: VISIT-CLINICEMR001-2026-005, Type: IPD)','SUCCESS','127.0.0.1','Mozilla/5.0 (X11; Linux x86_64; rv:140.0) Gecko/20100101 Firefox/140.0','2026-01-31 15:29:56'),
(1060,'2026-01-31 18:30:12',1,'Humphrey Lidwaji','Administrator','PAGE_ACCESS','Prescription','N/A','page',NULL,NULL,NULL,NULL,NULL,'Accessed prescription.php','ATTEMPT','127.0.0.1','Mozilla/5.0 (X11; Linux x86_64; rv:140.0) Gecko/20100101 Firefox/140.0','2026-01-31 15:30:12'),
(1061,'2026-01-31 18:51:39',1,'Humphrey Lidwaji','Administrator','PAGE_ACCESS','Prescription','N/A','page',NULL,NULL,NULL,NULL,NULL,'Accessed prescription.php','ATTEMPT','127.0.0.1','Mozilla/5.0 (X11; Linux x86_64; rv:140.0) Gecko/20100101 Firefox/140.0','2026-01-31 15:51:39'),
(1062,'2026-01-31 19:20:23',1,'Humphrey Lidwaji','Administrator','PAGE_ACCESS','Prescription','N/A','page',NULL,NULL,NULL,NULL,NULL,'Accessed prescription.php','ATTEMPT','127.0.0.1','Mozilla/5.0 (X11; Linux x86_64; rv:140.0) Gecko/20100101 Firefox/140.0','2026-01-31 16:20:23'),
(1063,'2026-01-31 19:21:10',1,'Humphrey Lidwaji','Administrator','PAGE_ACCESS','Prescription','N/A','page',NULL,NULL,NULL,NULL,NULL,'Accessed prescription.php','ATTEMPT','127.0.0.1','Mozilla/5.0 (X11; Linux x86_64; rv:140.0) Gecko/20100101 Firefox/140.0','2026-01-31 16:21:10'),
(1064,'2026-01-31 19:21:46',1,'Humphrey Lidwaji','Administrator','PAGE_ACCESS','Prescription','N/A','page',NULL,NULL,NULL,NULL,NULL,'Accessed prescription.php','ATTEMPT','127.0.0.1','Mozilla/5.0 (X11; Linux x86_64; rv:140.0) Gecko/20100101 Firefox/140.0','2026-01-31 16:21:46'),
(1065,'2026-01-31 19:24:24',1,'Humphrey Lidwaji','Administrator','PAGE_ACCESS','Prescription','N/A','page',NULL,NULL,NULL,NULL,NULL,'Accessed prescription.php','ATTEMPT','127.0.0.1','Mozilla/5.0 (X11; Linux x86_64; rv:140.0) Gecko/20100101 Firefox/140.0','2026-01-31 16:24:24'),
(1066,'2026-01-31 19:24:40',1,'Humphrey Lidwaji','Administrator','PAGE_ACCESS','Prescription','N/A','page',NULL,NULL,NULL,NULL,NULL,'Accessed prescription.php','ATTEMPT','127.0.0.1','Mozilla/5.0 (X11; Linux x86_64; rv:140.0) Gecko/20100101 Firefox/140.0','2026-01-31 16:24:40'),
(1067,'2026-01-31 19:25:01',1,'Humphrey Lidwaji','Administrator','VIEW','OPD Prescriptions','prescriptions','opd_prescription_list',NULL,NULL,NULL,NULL,'{\"sort_by\":\"p.prescription_date\",\"sort_order\":\"DESC\"}','Accessed OPD prescriptions manage page','SUCCESS','127.0.0.1','Mozilla/5.0 (X11; Linux x86_64; rv:140.0) Gecko/20100101 Firefox/140.0','2026-01-31 16:25:01'),
(1068,'2026-01-31 19:25:07',1,'Humphrey Lidwaji','Administrator','VIEW','IPD Medication Orders','ipd_medication_orders','ipd_medication_order_list',NULL,NULL,NULL,NULL,'{\"sort_by\":\"imo.start_datetime\",\"sort_order\":\"DESC\"}','Accessed IPD medication orders page','SUCCESS','127.0.0.1','Mozilla/5.0 (X11; Linux x86_64; rv:140.0) Gecko/20100101 Firefox/140.0','2026-01-31 16:25:07'),
(1069,'2026-01-31 19:25:23',1,'Humphrey Lidwaji','Administrator','VIEW','IPD Medication Orders','ipd_medication_orders','ipd_medication_order_list',NULL,NULL,NULL,NULL,'{\"sort_by\":\"imo.start_datetime\",\"sort_order\":\"DESC\"}','Accessed IPD medication orders page','SUCCESS','127.0.0.1','Mozilla/5.0 (X11; Linux x86_64; rv:140.0) Gecko/20100101 Firefox/140.0','2026-01-31 16:25:23'),
(1070,'2026-01-31 19:25:25',1,'Humphrey Lidwaji','Administrator','VIEW','OPD Prescriptions','prescriptions','opd_prescription_list',NULL,NULL,NULL,NULL,'{\"sort_by\":\"p.prescription_date\",\"sort_order\":\"DESC\"}','Accessed OPD prescriptions manage page','SUCCESS','127.0.0.1','Mozilla/5.0 (X11; Linux x86_64; rv:140.0) Gecko/20100101 Firefox/140.0','2026-01-31 16:25:25'),
(1071,'2026-01-31 19:30:40',1,'Humphrey Lidwaji','Administrator','VIEW','Doctor Consultation','visits','visit',16,7,16,NULL,NULL,'Accessed doctor consultation page for visit ID 16 (Patient: FREDDY WETU, Visit #: VISIT-CLINICEMR001-2026-005, Type: IPD)','SUCCESS','127.0.0.1','Mozilla/5.0 (X11; Linux x86_64; rv:140.0) Gecko/20100101 Firefox/140.0','2026-01-31 16:30:40'),
(1072,'2026-01-31 19:30:50',1,'Humphrey Lidwaji','Administrator','PAGE_ACCESS','Prescription','N/A','page',NULL,NULL,NULL,NULL,NULL,'Accessed prescription.php','ATTEMPT','127.0.0.1','Mozilla/5.0 (X11; Linux x86_64; rv:140.0) Gecko/20100101 Firefox/140.0','2026-01-31 16:30:50'),
(1073,'2026-01-31 19:31:21',1,'Humphrey Lidwaji','Administrator','PAGE_ACCESS','Prescription','N/A','page',NULL,NULL,NULL,NULL,NULL,'Accessed prescription.php','ATTEMPT','127.0.0.1','Mozilla/5.0 (X11; Linux x86_64; rv:140.0) Gecko/20100101 Firefox/140.0','2026-01-31 16:31:21'),
(1074,'2026-01-31 19:32:10',1,'Humphrey Lidwaji','Administrator','PAGE_ACCESS','Prescription','N/A','page',NULL,NULL,NULL,NULL,NULL,'Accessed prescription.php','ATTEMPT','127.0.0.1','Mozilla/5.0 (X11; Linux x86_64; rv:140.0) Gecko/20100101 Firefox/140.0','2026-01-31 16:32:10'),
(1075,'2026-01-31 19:32:28',1,'Humphrey Lidwaji','Administrator','PAGE_ACCESS','Prescription','N/A','page',NULL,NULL,NULL,NULL,NULL,'Accessed prescription.php','ATTEMPT','127.0.0.1','Mozilla/5.0 (X11; Linux x86_64; rv:140.0) Gecko/20100101 Firefox/140.0','2026-01-31 16:32:28'),
(1076,'2026-01-31 21:20:28',1,'Humphrey Lidwaji','Administrator','LOGIN','AUTHENTICATION','users','user',1,NULL,NULL,NULL,NULL,'User Humphrey Lidwaji (lidwaji7@gmail.com) logged in successfully','SUCCESS','127.0.0.1','Mozilla/5.0 (X11; Linux x86_64; rv:140.0) Gecko/20100101 Firefox/140.0','2026-01-31 18:20:28'),
(1077,'2026-01-31 21:20:43',1,'Humphrey Lidwaji','Administrator','VIEW','Doctor Consultation','visits','visit',16,7,16,NULL,NULL,'Accessed doctor consultation page for visit ID 16 (Patient: FREDDY WETU, Visit #: VISIT-CLINICEMR001-2026-005, Type: IPD)','SUCCESS','127.0.0.1','Mozilla/5.0 (X11; Linux x86_64; rv:140.0) Gecko/20100101 Firefox/140.0','2026-01-31 18:20:43'),
(1078,'2026-01-31 21:20:46',1,'Humphrey Lidwaji','Administrator','PAGE_ACCESS','Prescription','N/A','page',NULL,NULL,NULL,NULL,NULL,'Accessed prescription.php','ATTEMPT','127.0.0.1','Mozilla/5.0 (X11; Linux x86_64; rv:140.0) Gecko/20100101 Firefox/140.0','2026-01-31 18:20:46'),
(1079,'2026-01-31 21:21:21',1,'Humphrey Lidwaji','Administrator','PAGE_ACCESS','Prescription','N/A','page',NULL,NULL,NULL,NULL,NULL,'Accessed prescription.php','ATTEMPT','127.0.0.1','Mozilla/5.0 (X11; Linux x86_64; rv:140.0) Gecko/20100101 Firefox/140.0','2026-01-31 18:21:21'),
(1080,'2026-01-31 21:21:21',1,'Humphrey Lidwaji','Administrator','CREATE_IPD_ORDER','Prescription','ipd_medication_orders','medication_order',NULL,7,16,NULL,'{\"item_id\":2,\"quantity\":19,\"has_stock\":true,\"available_quantity\":5000}','Creating new IPD medication order with stock check','ATTEMPT','127.0.0.1','Mozilla/5.0 (X11; Linux x86_64; rv:140.0) Gecko/20100101 Firefox/140.0','2026-01-31 18:21:21'),
(1081,'2026-01-31 21:31:06',1,'Humphrey Lidwaji','Administrator','PAGE_ACCESS','Prescription','N/A','page',NULL,NULL,NULL,NULL,NULL,'Accessed prescription.php','ATTEMPT','127.0.0.1','Mozilla/5.0 (X11; Linux x86_64; rv:140.0) Gecko/20100101 Firefox/140.0','2026-01-31 18:31:06'),
(1082,'2026-01-31 21:35:03',1,'Humphrey Lidwaji','Administrator','PAGE_ACCESS','Prescription','N/A','page',NULL,NULL,NULL,NULL,NULL,'Accessed prescription.php','ATTEMPT','127.0.0.1','Mozilla/5.0 (X11; Linux x86_64; rv:140.0) Gecko/20100101 Firefox/140.0','2026-01-31 18:35:03'),
(1083,'2026-01-31 21:35:03',1,'Humphrey Lidwaji','Administrator','CREATE_IPD_ORDER','Prescription','ipd_medication_orders','medication_order',NULL,7,16,NULL,'{\"item_id\":2,\"quantity\":10,\"has_stock\":true,\"available_quantity\":5000}','Creating new IPD medication order with stock check','ATTEMPT','127.0.0.1','Mozilla/5.0 (X11; Linux x86_64; rv:140.0) Gecko/20100101 Firefox/140.0','2026-01-31 18:35:03'),
(1084,'2026-01-31 21:35:03',1,'Humphrey Lidwaji','Administrator','CREATE_IPD_ORDER','Prescription','ipd_medication_orders','medication_order',7,7,16,NULL,'{\"visit_id\":16,\"patient_id\":7,\"item_id\":2,\"dose\":\"5mg\",\"frequency\":\"Once daily\",\"route\":\"PO\",\"status\":\"active\",\"initial_quantity\":10}','IPD medication order created successfully','SUCCESS','127.0.0.1','Mozilla/5.0 (X11; Linux x86_64; rv:140.0) Gecko/20100101 Firefox/140.0','2026-01-31 18:35:03'),
(1085,'2026-01-31 21:35:38',1,'Humphrey Lidwaji','Administrator','PAGE_ACCESS','Prescription','N/A','page',NULL,NULL,NULL,NULL,NULL,'Accessed prescription.php','ATTEMPT','127.0.0.1','Mozilla/5.0 (X11; Linux x86_64; rv:140.0) Gecko/20100101 Firefox/140.0','2026-01-31 18:35:38'),
(1086,'2026-01-31 21:35:38',1,'Humphrey Lidwaji','Administrator','CHANGE_IPD_ORDER','Prescription','ipd_medication_orders','medication_order',7,7,16,'{\"order_id\":7,\"visit_id\":16,\"patient_id\":7,\"item_id\":2,\"dose\":\"5mg\",\"frequency\":\"Once daily\",\"route\":\"PO\",\"duration_days\":8,\"instructions\":\"\",\"start_datetime\":\"2026-01-31 21:35:03\",\"end_datetime\":null,\"status\":\"active\",\"changed_from_order_id\":null,\"ordered_by\":1,\"stopped_by\":null,\"stop_reason\":null,\"created_at\":\"2026-01-31 21:35:03\",\"updated_at\":\"2026-01-31 21:35:03\",\"item_name\":null,\"initial_quantity\":10}','{\"new_item_id\":1,\"new_dose\":\"5mg\",\"new_frequency\":\"Once daily\",\"new_route\":\"PO\"}','Changing IPD medication order','ATTEMPT','127.0.0.1','Mozilla/5.0 (X11; Linux x86_64; rv:140.0) Gecko/20100101 Firefox/140.0','2026-01-31 18:35:38'),
(1087,'2026-01-31 21:35:48',1,'Humphrey Lidwaji','Administrator','PAGE_ACCESS','Prescription','N/A','page',NULL,NULL,NULL,NULL,NULL,'Accessed prescription.php','ATTEMPT','127.0.0.1','Mozilla/5.0 (X11; Linux x86_64; rv:140.0) Gecko/20100101 Firefox/140.0','2026-01-31 18:35:48'),
(1088,'2026-01-31 21:35:48',1,'Humphrey Lidwaji','Administrator','CREATE_IPD_ORDER','Prescription','ipd_medication_orders','medication_order',NULL,7,16,NULL,'{\"item_id\":2,\"quantity\":10,\"has_stock\":true,\"available_quantity\":5000}','Creating new IPD medication order with stock check','ATTEMPT','127.0.0.1','Mozilla/5.0 (X11; Linux x86_64; rv:140.0) Gecko/20100101 Firefox/140.0','2026-01-31 18:35:48'),
(1089,'2026-01-31 21:35:48',1,'Humphrey Lidwaji','Administrator','CREATE_IPD_ORDER','Prescription','ipd_medication_orders','medication_order',8,7,16,NULL,'{\"visit_id\":16,\"patient_id\":7,\"item_id\":2,\"dose\":\"5mg\",\"frequency\":\"Once daily\",\"route\":\"PO\",\"status\":\"active\",\"initial_quantity\":10}','IPD medication order created successfully','SUCCESS','127.0.0.1','Mozilla/5.0 (X11; Linux x86_64; rv:140.0) Gecko/20100101 Firefox/140.0','2026-01-31 18:35:48'),
(1090,'2026-01-31 21:36:50',1,'Humphrey Lidwaji','Administrator','PAGE_ACCESS','Prescription','N/A','page',NULL,NULL,NULL,NULL,NULL,'Accessed prescription.php','ATTEMPT','127.0.0.1','Mozilla/5.0 (X11; Linux x86_64; rv:140.0) Gecko/20100101 Firefox/140.0','2026-01-31 18:36:50'),
(1091,'2026-01-31 21:37:23',1,'Humphrey Lidwaji','Administrator','PAGE_ACCESS','Prescription','N/A','page',NULL,NULL,NULL,NULL,NULL,'Accessed prescription.php','ATTEMPT','127.0.0.1','Mozilla/5.0 (X11; Linux x86_64; rv:140.0) Gecko/20100101 Firefox/140.0','2026-01-31 18:37:23'),
(1092,'2026-01-31 21:37:26',1,'Humphrey Lidwaji','Administrator','PAGE_ACCESS','Prescription','N/A','page',NULL,NULL,NULL,NULL,NULL,'Accessed prescription.php','ATTEMPT','127.0.0.1','Mozilla/5.0 (X11; Linux x86_64; rv:140.0) Gecko/20100101 Firefox/140.0','2026-01-31 18:37:26'),
(1093,'2026-01-31 21:38:43',1,'Humphrey Lidwaji','Administrator','VIEW','OPD Prescriptions','prescriptions','opd_prescription_list',NULL,NULL,NULL,NULL,'{\"sort_by\":\"p.prescription_date\",\"sort_order\":\"DESC\"}','Accessed OPD prescriptions manage page','SUCCESS','127.0.0.1','Mozilla/5.0 (X11; Linux x86_64; rv:140.0) Gecko/20100101 Firefox/140.0','2026-01-31 18:38:43'),
(1094,'2026-01-31 21:38:48',1,'Humphrey Lidwaji','Administrator','VIEW','IPD Medication Orders','ipd_medication_orders','ipd_medication_order_list',NULL,NULL,NULL,NULL,'{\"sort_by\":\"imo.start_datetime\",\"sort_order\":\"DESC\"}','Accessed IPD medication orders page','SUCCESS','127.0.0.1','Mozilla/5.0 (X11; Linux x86_64; rv:140.0) Gecko/20100101 Firefox/140.0','2026-01-31 18:38:48'),
(1095,'2026-02-06 19:08:29',1,'Humphrey Lidwaji','Administrator','LOGIN','AUTHENTICATION','users','user',1,NULL,NULL,NULL,NULL,'User Humphrey Lidwaji (lidwaji7@gmail.com) logged in successfully','SUCCESS','127.0.0.1','Mozilla/5.0 (X11; Linux x86_64; rv:140.0) Gecko/20100101 Firefox/140.0','2026-02-06 16:08:29'),
(1096,'2026-02-08 10:27:58',1,'Humphrey Lidwaji','Administrator','LOGIN','AUTHENTICATION','users','user',1,NULL,NULL,NULL,NULL,'User Humphrey Lidwaji (lidwaji7@gmail.com) logged in successfully','SUCCESS','127.0.0.1','Mozilla/5.0 (X11; Linux x86_64; rv:140.0) Gecko/20100101 Firefox/140.0','2026-02-08 07:27:58'),
(1097,'2026-02-10 08:28:24',1,'Humphrey Lidwaji','Administrator','LOGIN','AUTHENTICATION','users','user',1,NULL,NULL,NULL,NULL,'User Humphrey Lidwaji (lidwaji7@gmail.com) logged in successfully','SUCCESS','127.0.0.1','Mozilla/5.0 (X11; Linux x86_64; rv:140.0) Gecko/20100101 Firefox/140.0','2026-02-10 05:28:24'),
(1098,'2026-02-10 16:43:03',1,'Humphrey Lidwaji','Administrator','LOGIN','AUTHENTICATION','users','user',1,NULL,NULL,NULL,NULL,'User Humphrey Lidwaji (lidwaji7@gmail.com) logged in successfully','SUCCESS','127.0.0.1','Mozilla/5.0 (X11; Linux x86_64; rv:140.0) Gecko/20100101 Firefox/140.0','2026-02-10 13:43:03'),
(1099,'2026-02-10 17:29:59',1,'Humphrey Lidwaji','Administrator','CREATE','Visits','visits','visit',17,7,17,NULL,'{\"visit_number\":\"VISIT-CLINICEMR001-2026-006\",\"patient_id\":7,\"facility_code\":\"CLINICEMR001\",\"visit_type\":\"IPD\",\"department_id\":15,\"visit_datetime\":\"2026-02-10T17:29\",\"attending_provider_id\":1,\"visit_status\":\"ACTIVE\"}','Created new IPD visit: VISIT-CLINICEMR001-2026-006','SUCCESS','127.0.0.1','Mozilla/5.0 (X11; Linux x86_64; rv:140.0) Gecko/20100101 Firefox/140.0','2026-02-10 14:29:59');
/*!40000 ALTER TABLE `audit_logs` ENABLE KEYS */;
UNLOCK TABLES;

--
-- Table structure for table `audit_trail`
--

DROP TABLE IF EXISTS `audit_trail`;
/*!40101 SET @saved_cs_client     = @@character_set_client */;
/*!40101 SET character_set_client = utf8mb4 */;
CREATE TABLE `audit_trail` (
  `audit_id` int(11) NOT NULL AUTO_INCREMENT,
  `user_id` int(11) NOT NULL,
  `action` varchar(100) NOT NULL,
  `description` text DEFAULT NULL,
  `table_name` varchar(100) NOT NULL,
  `record_id` int(11) NOT NULL,
  `created_at` datetime NOT NULL DEFAULT current_timestamp(),
  PRIMARY KEY (`audit_id`),
  KEY `idx_user_id` (`user_id`),
  KEY `idx_table_record` (`table_name`,`record_id`),
  KEY `idx_created_at` (`created_at`)
) ENGINE=InnoDB AUTO_INCREMENT=42 DEFAULT CHARSET=utf8mb4 COLLATE=utf8mb4_unicode_ci;
/*!40101 SET character_set_client = @saved_cs_client */;

--
-- Dumping data for table `audit_trail`
--

LOCK TABLES `audit_trail` WRITE;
/*!40000 ALTER TABLE `audit_trail` DISABLE KEYS */;
INSERT INTO `audit_trail` VALUES
(1,1,'billing','Billed orders to invoice','invoices',11,'2025-11-24 23:21:16'),
(2,1,'billing','Billed orders to invoice','invoices',14,'2025-11-24 23:23:16'),
(3,1,'billing','Billed orders to invoice','invoices',13,'2025-11-24 23:38:06'),
(4,1,'billing','Billed orders to invoice','invoices',12,'2025-11-24 23:38:24'),
(5,1,'billing','Billed orders to invoice','invoices',7,'2025-11-24 23:39:04'),
(6,1,'billing','Billed orders to invoice','invoices',7,'2025-11-24 23:47:33'),
(7,1,'billing','Billed orders to invoice','invoices',7,'2025-11-24 23:47:42'),
(8,1,'billing','Billed orders to invoice','invoices',15,'2025-11-28 17:14:25'),
(9,1,'billing','Billed orders to invoice','invoices',16,'2025-11-28 20:04:00'),
(10,1,'billing','Billed orders to invoice','invoices',17,'2025-12-06 17:59:01'),
(11,1,'billing','Billed orders to invoice','invoices',18,'2025-12-06 21:49:24'),
(12,1,'billing','Billed orders to invoice','invoices',18,'2025-12-06 21:49:38'),
(13,1,'billing','Billed orders to invoice','invoices',19,'2025-12-06 22:42:22'),
(14,1,'billing','Billed orders to invoice','invoices',20,'2025-12-06 22:48:18'),
(15,1,'billing','Billed orders to invoice','invoices',20,'2025-12-06 22:48:57'),
(16,1,'billing','Billed orders to invoice','invoices',21,'2025-12-07 09:22:53'),
(17,1,'create','Created pending bill','pending_bills',1,'2026-01-11 21:55:12'),
(18,1,'create','Created pending bill','pending_bills',2,'2026-01-11 22:01:36'),
(19,1,'create','Created pending bill','pending_bills',3,'2026-01-11 22:23:04'),
(20,1,'create','Created pending bill','pending_bills',1,'2026-01-12 21:17:47'),
(21,1,'create','Created pending bill','pending_bills',1,'2026-01-12 22:33:15'),
(22,1,'delete','Cancelled pending bill','pending_bills',1,'2026-01-12 22:33:47'),
(23,1,'create','Created pending bill','pending_bills',1,'2026-01-13 22:28:34'),
(24,1,'create','Created pending bill','pending_bills',31,'2026-01-14 18:27:34'),
(25,1,'update','Added item to pending bill','pending_bills',30,'2026-01-14 19:48:48'),
(26,1,'update','Added item to pending bill','pending_bills',30,'2026-01-14 19:49:40'),
(27,1,'update','Added item to pending bill','pending_bills',40,'2026-01-14 23:40:54'),
(28,1,'update','Updated pending bill','pending_bills',40,'2026-01-14 23:43:12'),
(29,1,'update','Updated pending bill','pending_bills',40,'2026-01-14 23:43:20'),
(30,1,'update','Added item to pending bill','pending_bills',40,'2026-01-14 23:44:53'),
(31,1,'update','Updated item in pending bill','pending_bills',30,'2026-01-15 08:44:46'),
(32,1,'update','Doctor added order item to pending bill','pending_bills',39,'2026-01-15 23:56:59'),
(33,1,'update','Doctor added order item to pending bill','pending_bills',37,'2026-01-16 16:20:19'),
(34,1,'update','Updated item in pending bill','pending_bills',42,'2026-01-16 20:01:34'),
(35,1,'create','Created pending bill','pending_bills',57,'2026-01-17 23:15:07'),
(36,1,'create','Created pending bill for doctor orders','pending_bills',61,'2026-01-18 22:45:24'),
(37,1,'update','Doctor added order item to pending bill','pending_bills',61,'2026-01-18 22:46:05'),
(38,1,'create','Created pending bill for doctor orders','pending_bills',62,'2026-01-18 23:09:13'),
(39,1,'create','Created pending bill for doctor orders','pending_bills',63,'2026-01-19 17:14:01'),
(40,1,'create','Created pending bill for doctor orders','pending_bills',64,'2026-01-19 18:24:39'),
(41,1,'create','Created pending bill for doctor orders','pending_bills',65,'2026-01-19 21:47:52');
/*!40000 ALTER TABLE `audit_trail` ENABLE KEYS */;
UNLOCK TABLES;

--
-- Table structure for table `auth_logs`
--

DROP TABLE IF EXISTS `auth_logs`;
/*!40101 SET @saved_cs_client     = @@character_set_client */;
/*!40101 SET character_set_client = utf8mb4 */;
CREATE TABLE `auth_logs` (
  `auth_log_id` int(11) NOT NULL AUTO_INCREMENT,
  `auth_log_status` tinyint(1) NOT NULL,
  `auth_log_details` varchar(200) DEFAULT NULL,
  `auth_log_ip` varchar(200) DEFAULT NULL,
  `auth_log_user_agent` varchar(250) DEFAULT NULL,
  `auth_log_user_id` int(11) NOT NULL DEFAULT 0,
  `auth_log_created_at` datetime NOT NULL DEFAULT current_timestamp(),
  PRIMARY KEY (`auth_log_id`)
) ENGINE=InnoDB DEFAULT CHARSET=utf8mb4 COLLATE=utf8mb4_general_ci;
/*!40101 SET character_set_client = @saved_cs_client */;

--
-- Dumping data for table `auth_logs`
--

LOCK TABLES `auth_logs` WRITE;
/*!40000 ALTER TABLE `auth_logs` DISABLE KEYS */;
/*!40000 ALTER TABLE `auth_logs` ENABLE KEYS */;
UNLOCK TABLES;

--
-- Table structure for table `bed_transfers`
--

DROP TABLE IF EXISTS `bed_transfers`;
/*!40101 SET @saved_cs_client     = @@character_set_client */;
/*!40101 SET character_set_client = utf8mb4 */;
CREATE TABLE `bed_transfers` (
  `transfer_id` int(11) NOT NULL AUTO_INCREMENT,
  `visit_id` int(11) NOT NULL,
  `patient_id` int(11) NOT NULL,
  `transfer_date` date NOT NULL,
  `transfer_time` time NOT NULL,
  `from_ward_id` int(11) DEFAULT NULL,
  `from_bed_id` int(11) DEFAULT NULL,
  `to_ward_id` int(11) NOT NULL,
  `to_bed_id` int(11) NOT NULL,
  `transfer_reason` text NOT NULL,
  `priority` enum('low','medium','high','critical') NOT NULL DEFAULT 'medium',
  `special_instructions` text DEFAULT NULL,
  `requested_by` int(11) NOT NULL,
  `status` enum('pending','approved','completed','cancelled') NOT NULL DEFAULT 'pending',
  `created_at` timestamp NULL DEFAULT current_timestamp(),
  `updated_at` timestamp NULL DEFAULT current_timestamp() ON UPDATE current_timestamp(),
  `transferred_by` int(11) DEFAULT NULL,
  `approved_by` int(11) DEFAULT NULL,
  PRIMARY KEY (`transfer_id`)
) ENGINE=InnoDB DEFAULT CHARSET=utf8mb4 COLLATE=utf8mb4_unicode_ci;
/*!40101 SET character_set_client = @saved_cs_client */;

--
-- Dumping data for table `bed_transfers`
--

LOCK TABLES `bed_transfers` WRITE;
/*!40000 ALTER TABLE `bed_transfers` DISABLE KEYS */;
/*!40000 ALTER TABLE `bed_transfers` ENABLE KEYS */;
UNLOCK TABLES;

--
-- Table structure for table `beds`
--

DROP TABLE IF EXISTS `beds`;
/*!40101 SET @saved_cs_client     = @@character_set_client */;
/*!40101 SET character_set_client = utf8mb4 */;
CREATE TABLE `beds` (
  `bed_id` int(11) NOT NULL AUTO_INCREMENT,
  `bed_ward_id` int(11) NOT NULL,
  `bed_number` varchar(20) NOT NULL,
  `bed_type` enum('Regular','ICU','Private','Semi-Private') DEFAULT 'Regular',
  `bed_rate` decimal(10,2) NOT NULL DEFAULT 0.00,
  `bed_occupied` tinyint(1) DEFAULT 0,
  `bed_status` enum('available','occupied','maintenance','reserved') NOT NULL DEFAULT 'available',
  `bed_assigned_to` int(11) DEFAULT NULL,
  `bed_notes` text DEFAULT NULL,
  `bed_created_at` timestamp NULL DEFAULT current_timestamp(),
  `bed_updated_at` timestamp NULL DEFAULT NULL,
  `bed_last_cleaned_at` datetime DEFAULT NULL,
  `bed_archived_at` timestamp NULL DEFAULT NULL,
  `occupied_since` datetime DEFAULT NULL,
  PRIMARY KEY (`bed_id`),
  KEY `bed_ward_id` (`bed_ward_id`)
) ENGINE=InnoDB AUTO_INCREMENT=47 DEFAULT CHARSET=utf8mb4 COLLATE=utf8mb4_general_ci;
/*!40101 SET character_set_client = @saved_cs_client */;

--
-- Dumping data for table `beds`
--

LOCK TABLES `beds` WRITE;
/*!40000 ALTER TABLE `beds` DISABLE KEYS */;
INSERT INTO `beds` VALUES
(1,1,'ER-01','Regular',2000.00,0,'available',NULL,NULL,'2026-01-15 08:07:19',NULL,NULL,NULL,NULL),
(2,1,'ER-02','Regular',2000.00,0,'available',NULL,NULL,'2026-01-15 08:07:19',NULL,NULL,NULL,NULL),
(3,1,'ER-03','Regular',2000.00,0,'available',NULL,NULL,'2026-01-15 08:07:19',NULL,NULL,NULL,NULL),
(4,1,'ER-04','Regular',2000.00,0,'available',NULL,NULL,'2026-01-15 08:07:19',NULL,NULL,NULL,NULL),
(5,1,'ER-05','Private',3500.00,0,'available',NULL,NULL,'2026-01-15 08:07:19',NULL,NULL,NULL,NULL),
(6,1,'ER-06','Private',3500.00,0,'available',NULL,NULL,'2026-01-15 08:07:19',NULL,NULL,NULL,NULL),
(7,2,'M-01','Regular',1500.00,0,'available',NULL,NULL,'2026-01-15 08:07:28',NULL,NULL,NULL,NULL),
(8,2,'M-02','Regular',1500.00,0,'available',NULL,NULL,'2026-01-15 08:07:28',NULL,NULL,NULL,NULL),
(9,2,'M-03','Regular',1500.00,0,'available',NULL,NULL,'2026-01-15 08:07:28',NULL,NULL,NULL,NULL),
(10,2,'M-04','Regular',1500.00,0,'available',NULL,NULL,'2026-01-15 08:07:28',NULL,NULL,NULL,NULL),
(11,2,'M-05','Regular',1500.00,0,'available',NULL,NULL,'2026-01-15 08:07:28',NULL,NULL,NULL,NULL),
(12,2,'M-06','Semi-Private',2500.00,0,'available',NULL,NULL,'2026-01-15 08:07:28',NULL,NULL,NULL,NULL),
(13,2,'M-07','Semi-Private',2500.00,0,'available',NULL,NULL,'2026-01-15 08:07:28',NULL,NULL,NULL,NULL),
(14,2,'M-08','Private',4000.00,0,'available',NULL,NULL,'2026-01-15 08:07:28',NULL,NULL,NULL,NULL),
(15,2,'M-09','Private',4000.00,0,'available',NULL,NULL,'2026-01-15 08:07:28',NULL,NULL,NULL,NULL),
(16,2,'M-10','Private',4000.00,0,'available',NULL,NULL,'2026-01-15 08:07:28',NULL,NULL,NULL,NULL),
(17,3,'F-01','Regular',1500.00,0,'available',NULL,NULL,'2026-01-15 08:07:36',NULL,NULL,NULL,NULL),
(18,3,'F-02','Regular',1500.00,0,'available',NULL,NULL,'2026-01-15 08:07:36',NULL,NULL,NULL,NULL),
(19,3,'F-03','Regular',1500.00,0,'available',NULL,NULL,'2026-01-15 08:07:36',NULL,NULL,NULL,NULL),
(20,3,'F-04','Regular',1500.00,0,'available',NULL,NULL,'2026-01-15 08:07:36',NULL,NULL,NULL,NULL),
(21,3,'F-05','Regular',1500.00,0,'available',NULL,NULL,'2026-01-15 08:07:36',NULL,NULL,NULL,NULL),
(22,3,'F-06','Semi-Private',2500.00,0,'available',NULL,NULL,'2026-01-15 08:07:36',NULL,NULL,NULL,NULL),
(23,3,'F-07','Semi-Private',2500.00,0,'available',NULL,NULL,'2026-01-15 08:07:36',NULL,NULL,NULL,NULL),
(24,3,'F-08','Private',4000.00,0,'available',NULL,NULL,'2026-01-15 08:07:36',NULL,NULL,NULL,NULL),
(25,3,'F-09','Private',4000.00,0,'available',NULL,NULL,'2026-01-15 08:07:36',NULL,NULL,NULL,NULL),
(26,3,'F-10','Private',4000.00,0,'available',NULL,NULL,'2026-01-15 08:07:36',NULL,NULL,NULL,NULL),
(27,4,'P-01','Regular',1200.00,1,'available',NULL,NULL,'2026-01-15 08:07:43',NULL,NULL,NULL,'2026-01-15 11:20:40'),
(28,4,'P-02','Regular',1200.00,1,'available',NULL,NULL,'2026-01-15 08:07:43',NULL,NULL,NULL,NULL),
(29,4,'P-03','Regular',1200.00,1,'available',NULL,NULL,'2026-01-15 08:07:43',NULL,NULL,NULL,NULL),
(30,4,'P-04','Regular',1200.00,0,'available',NULL,NULL,'2026-01-15 08:07:43',NULL,NULL,NULL,NULL),
(31,4,'P-05','Semi-Private',2000.00,0,'available',NULL,NULL,'2026-01-15 08:07:43',NULL,NULL,NULL,NULL),
(32,4,'P-06','Semi-Private',2000.00,0,'available',NULL,NULL,'2026-01-15 08:07:43',NULL,NULL,NULL,NULL),
(33,4,'P-07','Private',3500.00,0,'available',NULL,NULL,'2026-01-15 08:07:43',NULL,NULL,NULL,NULL),
(34,4,'P-08','Private',3500.00,0,'available',NULL,NULL,'2026-01-15 08:07:43',NULL,NULL,NULL,NULL),
(35,5,'MAT-01','Regular',1800.00,0,'available',NULL,NULL,'2026-01-15 08:07:49',NULL,NULL,NULL,NULL),
(36,5,'MAT-02','Regular',1800.00,0,'available',NULL,NULL,'2026-01-15 08:07:49',NULL,NULL,NULL,NULL),
(37,5,'MAT-03','Regular',1800.00,0,'available',NULL,NULL,'2026-01-15 08:07:49',NULL,NULL,NULL,NULL),
(38,5,'MAT-04','Regular',1800.00,0,'available',NULL,NULL,'2026-01-15 08:07:49',NULL,NULL,NULL,NULL),
(39,5,'MAT-05','Semi-Private',3000.00,0,'available',NULL,NULL,'2026-01-15 08:07:49',NULL,NULL,NULL,NULL),
(40,5,'MAT-06','Semi-Private',3000.00,0,'available',NULL,NULL,'2026-01-15 08:07:49',NULL,NULL,NULL,NULL),
(41,5,'MAT-07','Private',5000.00,0,'available',NULL,NULL,'2026-01-15 08:07:49',NULL,NULL,NULL,NULL),
(42,5,'MAT-08','Private',5000.00,0,'available',NULL,NULL,'2026-01-15 08:07:49',NULL,NULL,NULL,NULL),
(43,6,'TH-REC-01','ICU',8000.00,0,'available',NULL,NULL,'2026-01-15 08:07:56',NULL,NULL,NULL,NULL),
(44,6,'TH-REC-02','ICU',8000.00,0,'available',NULL,NULL,'2026-01-15 08:07:56',NULL,NULL,NULL,NULL),
(45,6,'TH-REC-03','Private',6000.00,0,'available',NULL,NULL,'2026-01-15 08:07:56',NULL,NULL,NULL,NULL),
(46,6,'TH-REC-04','Private',6000.00,0,'available',NULL,NULL,'2026-01-15 08:07:56',NULL,NULL,NULL,NULL);
/*!40000 ALTER TABLE `beds` ENABLE KEYS */;
UNLOCK TABLES;

--
-- Table structure for table `billable_categories`
--

DROP TABLE IF EXISTS `billable_categories`;
/*!40101 SET @saved_cs_client     = @@character_set_client */;
/*!40101 SET character_set_client = utf8mb4 */;
CREATE TABLE `billable_categories` (
  `category_id` int(11) NOT NULL AUTO_INCREMENT,
  `category_name` varchar(100) NOT NULL,
  `category_description` text DEFAULT NULL,
  `parent_category_id` int(11) DEFAULT NULL,
  `is_active` tinyint(1) DEFAULT 1,
  `created_at` timestamp NULL DEFAULT current_timestamp(),
  `updated_at` timestamp NULL DEFAULT current_timestamp() ON UPDATE current_timestamp(),
  PRIMARY KEY (`category_id`)
) ENGINE=InnoDB AUTO_INCREMENT=15 DEFAULT CHARSET=utf8mb4 COLLATE=utf8mb4_general_ci;
/*!40101 SET character_set_client = @saved_cs_client */;

--
-- Dumping data for table `billable_categories`
--

LOCK TABLES `billable_categories` WRITE;
/*!40000 ALTER TABLE `billable_categories` DISABLE KEYS */;
INSERT INTO `billable_categories` VALUES
(4,'Biochemistry','BRS',NULL,1,'2026-01-13 19:24:58','2026-01-13 19:24:58'),
(7,'Radiology - CT','Radiology imaging procedures using CT modality',NULL,1,'2026-01-13 19:46:05','2026-01-13 19:46:05'),
(8,'Medical Services - Consultation','Medical services of type: Consultation - ',NULL,1,'2026-01-13 20:09:03','2026-01-13 20:09:03'),
(9,'Hospital Beds - General','Hospital beds of type: General in ward: Male Ward',NULL,1,'2026-01-13 20:13:55','2026-01-13 20:13:55'),
(10,'Regular Beds','Regular beds for patient accommodation',NULL,1,'2026-01-15 08:12:20','2026-01-15 08:12:20'),
(11,'Semi-Private Beds','Semi-Private beds for patient accommodation',NULL,1,'2026-01-15 08:12:20','2026-01-15 08:12:20'),
(12,'Private Beds','Private beds for patient accommodation',NULL,1,'2026-01-15 08:12:20','2026-01-15 08:12:20'),
(13,'ICU Beds','ICU beds for patient accommodation',NULL,1,'2026-01-15 08:28:00','2026-01-15 08:28:00'),
(14,'Medical Services - Procedure','Medical services of type: Procedure - POCEDURE MINOR',NULL,1,'2026-01-15 19:24:48','2026-01-15 19:24:48');
/*!40000 ALTER TABLE `billable_categories` ENABLE KEYS */;
UNLOCK TABLES;

--
-- Table structure for table `billable_items`
--

DROP TABLE IF EXISTS `billable_items`;
/*!40101 SET @saved_cs_client     = @@character_set_client */;
/*!40101 SET character_set_client = utf8mb4 */;
CREATE TABLE `billable_items` (
  `billable_item_id` int(11) NOT NULL AUTO_INCREMENT,
  `item_type` enum('service','bed','inventory','lab','imaging','procedure') NOT NULL,
  `source_table` varchar(50) NOT NULL,
  `source_id` int(11) NOT NULL,
  `item_code` varchar(100) NOT NULL,
  `item_name` varchar(255) NOT NULL,
  `item_description` text DEFAULT NULL,
  `item_category_id` int(11) DEFAULT NULL,
  `unit_price` decimal(15,4) NOT NULL DEFAULT 0.0000,
  `cost_price` decimal(15,4) DEFAULT 0.0000,
  `tax_rate` decimal(5,2) DEFAULT 0.00,
  `is_taxable` tinyint(1) DEFAULT 1,
  `category_id` int(11) DEFAULT NULL,
  `revenue_account_id` int(11) DEFAULT NULL,
  `cogs_account_id` int(11) DEFAULT NULL,
  `inventory_account_id` int(11) DEFAULT NULL,
  `is_active` tinyint(1) DEFAULT 1,
  `created_at` timestamp NULL DEFAULT current_timestamp(),
  `updated_at` timestamp NULL DEFAULT current_timestamp() ON UPDATE current_timestamp(),
  `created_by` int(11) DEFAULT NULL,
  `updated_by` int(11) DEFAULT NULL,
  `item_unit_measure` varchar(50) DEFAULT NULL,
  `item_status` varchar(20) DEFAULT 'active',
  PRIMARY KEY (`billable_item_id`)
) ENGINE=InnoDB AUTO_INCREMENT=62 DEFAULT CHARSET=utf8mb4 COLLATE=utf8mb4_general_ci;
/*!40101 SET character_set_client = @saved_cs_client */;

--
-- Dumping data for table `billable_items`
--

LOCK TABLES `billable_items` WRITE;
/*!40000 ALTER TABLE `billable_items` DISABLE KEYS */;
INSERT INTO `billable_items` VALUES
(1,'lab','lab_tests',15,'BRS 01','BRS','BRS',NULL,250.0000,175.0000,0.00,0,4,NULL,NULL,NULL,1,'2026-01-13 19:24:58','2026-01-13 19:24:58',1,NULL,NULL,'active'),
(3,'imaging','radiology_imagings',7,'CT NECK','CT NECK','TEST',NULL,350.0000,210.0000,0.00,0,7,NULL,NULL,NULL,1,'2026-01-13 19:46:05','2026-01-13 19:46:05',1,NULL,NULL,'active'),
(4,'service','medical_services',14,'ADM FEE','ADMISSION FEE','',NULL,2000.0000,1200.0000,0.00,0,8,1,NULL,NULL,1,'2026-01-13 20:09:03','2026-01-13 20:09:03',1,NULL,NULL,'active'),
(5,'bed','beds',135,'BED_MALE_WARD_MALE BED 03','Male Ward - Bed MALE BED 03 (Regular)','Regular bed in Male Ward ward. Daily rate: $1,500.00',NULL,1500.0000,450.0000,0.00,0,9,NULL,NULL,NULL,1,'2026-01-13 20:13:55','2026-01-13 20:13:55',1,NULL,NULL,'active'),
(6,'service','medical_services',15,'CONSULT FEE','CONSULTATION FEE','',NULL,1000.0000,600.0000,0.00,0,8,1,NULL,NULL,1,'2026-01-14 16:37:41','2026-01-14 16:37:41',1,NULL,NULL,'active'),
(7,'bed','beds',27,'BED-00027','Bed P-01 - Regular','Regular bed in Children Ward. ',NULL,1200.0000,360.0000,0.00,1,10,NULL,NULL,NULL,1,'2026-01-15 08:12:20','2026-01-15 08:12:20',NULL,NULL,NULL,'active'),
(8,'bed','beds',28,'BED-00028','Bed P-02 - Regular','Regular bed in Children Ward. ',NULL,1200.0000,360.0000,0.00,1,10,NULL,NULL,NULL,1,'2026-01-15 08:12:20','2026-01-15 08:12:20',NULL,NULL,NULL,'active'),
(9,'bed','beds',29,'BED-00029','Bed P-03 - Regular','Regular bed in Children Ward. ',NULL,1200.0000,360.0000,0.00,1,10,NULL,NULL,NULL,1,'2026-01-15 08:12:20','2026-01-15 08:12:20',NULL,NULL,NULL,'active'),
(10,'bed','beds',30,'BED-00030','Bed P-04 - Regular','Regular bed in Children Ward. ',NULL,1200.0000,360.0000,0.00,1,10,NULL,NULL,NULL,1,'2026-01-15 08:12:20','2026-01-15 08:12:20',NULL,NULL,NULL,'active'),
(11,'bed','beds',31,'BED-00031','Bed P-05 - Semi-Private','Semi-Private bed in Children Ward. ',NULL,2000.0000,600.0000,0.00,1,11,NULL,NULL,NULL,1,'2026-01-15 08:12:20','2026-01-15 08:12:20',NULL,NULL,NULL,'active'),
(12,'bed','beds',32,'BED-00032','Bed P-06 - Semi-Private','Semi-Private bed in Children Ward. ',NULL,2000.0000,600.0000,0.00,1,11,NULL,NULL,NULL,1,'2026-01-15 08:12:20','2026-01-15 08:12:20',NULL,NULL,NULL,'active'),
(13,'bed','beds',33,'BED-00033','Bed P-07 - Private','Private bed in Children Ward. ',NULL,3500.0000,1050.0000,0.00,1,12,NULL,NULL,NULL,1,'2026-01-15 08:12:20','2026-01-15 08:12:20',NULL,NULL,NULL,'active'),
(14,'bed','beds',34,'BED-00034','Bed P-08 - Private','Private bed in Children Ward. ',NULL,3500.0000,1050.0000,0.00,1,12,NULL,NULL,NULL,1,'2026-01-15 08:12:20','2026-01-15 08:12:20',NULL,NULL,NULL,'active'),
(15,'bed','beds',1,'BED-00001','Bed ER-01 - Regular','Regular bed in Emergency Ward. ',NULL,2000.0000,600.0000,0.00,1,10,NULL,NULL,NULL,1,'2026-01-15 08:27:04','2026-01-15 08:27:04',NULL,NULL,NULL,'active'),
(16,'bed','beds',2,'BED-00002','Bed ER-02 - Regular','Regular bed in Emergency Ward. ',NULL,2000.0000,600.0000,0.00,1,10,NULL,NULL,NULL,1,'2026-01-15 08:27:04','2026-01-15 08:27:04',NULL,NULL,NULL,'active'),
(17,'bed','beds',3,'BED-00003','Bed ER-03 - Regular','Regular bed in Emergency Ward. ',NULL,2000.0000,600.0000,0.00,1,10,NULL,NULL,NULL,1,'2026-01-15 08:27:04','2026-01-15 08:27:04',NULL,NULL,NULL,'active'),
(18,'bed','beds',4,'BED-00004','Bed ER-04 - Regular','Regular bed in Emergency Ward. ',NULL,2000.0000,600.0000,0.00,1,10,NULL,NULL,NULL,1,'2026-01-15 08:27:04','2026-01-15 08:27:04',NULL,NULL,NULL,'active'),
(19,'bed','beds',5,'BED-00005','Bed ER-05 - Private','Private bed in Emergency Ward. ',NULL,3500.0000,1050.0000,0.00,1,12,NULL,NULL,NULL,1,'2026-01-15 08:27:04','2026-01-15 08:27:04',NULL,NULL,NULL,'active'),
(20,'bed','beds',6,'BED-00006','Bed ER-06 - Private','Private bed in Emergency Ward. ',NULL,3500.0000,1050.0000,0.00,1,12,NULL,NULL,NULL,1,'2026-01-15 08:27:04','2026-01-15 08:27:04',NULL,NULL,NULL,'active'),
(21,'bed','beds',17,'BED-00017','Bed F-01 - Regular','Regular bed in Female Ward. ',NULL,1500.0000,450.0000,0.00,1,10,NULL,NULL,NULL,1,'2026-01-15 08:27:27','2026-01-15 08:27:27',NULL,NULL,NULL,'active'),
(22,'bed','beds',18,'BED-00018','Bed F-02 - Regular','Regular bed in Female Ward. ',NULL,1500.0000,450.0000,0.00,1,10,NULL,NULL,NULL,1,'2026-01-15 08:27:27','2026-01-15 08:27:27',NULL,NULL,NULL,'active'),
(23,'bed','beds',19,'BED-00019','Bed F-03 - Regular','Regular bed in Female Ward. ',NULL,1500.0000,450.0000,0.00,1,10,NULL,NULL,NULL,1,'2026-01-15 08:27:27','2026-01-15 08:27:27',NULL,NULL,NULL,'active'),
(24,'bed','beds',20,'BED-00020','Bed F-04 - Regular','Regular bed in Female Ward. ',NULL,1500.0000,450.0000,0.00,1,10,NULL,NULL,NULL,1,'2026-01-15 08:27:27','2026-01-15 08:27:27',NULL,NULL,NULL,'active'),
(25,'bed','beds',21,'BED-00021','Bed F-05 - Regular','Regular bed in Female Ward. ',NULL,1500.0000,450.0000,0.00,1,10,NULL,NULL,NULL,1,'2026-01-15 08:27:27','2026-01-15 08:27:27',NULL,NULL,NULL,'active'),
(26,'bed','beds',22,'BED-00022','Bed F-06 - Semi-Private','Semi-Private bed in Female Ward. ',NULL,2500.0000,750.0000,0.00,1,11,NULL,NULL,NULL,1,'2026-01-15 08:27:27','2026-01-15 08:27:27',NULL,NULL,NULL,'active'),
(27,'bed','beds',23,'BED-00023','Bed F-07 - Semi-Private','Semi-Private bed in Female Ward. ',NULL,2500.0000,750.0000,0.00,1,11,NULL,NULL,NULL,1,'2026-01-15 08:27:27','2026-01-15 08:27:27',NULL,NULL,NULL,'active'),
(28,'bed','beds',24,'BED-00024','Bed F-08 - Private','Private bed in Female Ward. ',NULL,4000.0000,1200.0000,0.00,1,12,NULL,NULL,NULL,1,'2026-01-15 08:27:27','2026-01-15 08:27:27',NULL,NULL,NULL,'active'),
(29,'bed','beds',25,'BED-00025','Bed F-09 - Private','Private bed in Female Ward. ',NULL,4000.0000,1200.0000,0.00,1,12,NULL,NULL,NULL,1,'2026-01-15 08:27:27','2026-01-15 08:27:27',NULL,NULL,NULL,'active'),
(30,'bed','beds',26,'BED-00026','Bed F-10 - Private','Private bed in Female Ward. ',NULL,4000.0000,1200.0000,0.00,1,12,NULL,NULL,NULL,1,'2026-01-15 08:27:27','2026-01-15 08:27:27',NULL,NULL,NULL,'active'),
(31,'bed','beds',7,'BED-00007','Bed M-01 - Regular','Regular bed in Male Ward. ',NULL,1500.0000,450.0000,0.00,1,10,NULL,NULL,NULL,1,'2026-01-15 08:27:40','2026-01-15 08:27:40',NULL,NULL,NULL,'active'),
(32,'bed','beds',8,'BED-00008','Bed M-02 - Regular','Regular bed in Male Ward. ',NULL,1500.0000,450.0000,0.00,1,10,NULL,NULL,NULL,1,'2026-01-15 08:27:40','2026-01-15 08:27:40',NULL,NULL,NULL,'active'),
(33,'bed','beds',9,'BED-00009','Bed M-03 - Regular','Regular bed in Male Ward. ',NULL,1500.0000,450.0000,0.00,1,10,NULL,NULL,NULL,1,'2026-01-15 08:27:40','2026-01-15 08:27:40',NULL,NULL,NULL,'active'),
(34,'bed','beds',10,'BED-00010','Bed M-04 - Regular','Regular bed in Male Ward. ',NULL,1500.0000,450.0000,0.00,1,10,NULL,NULL,NULL,1,'2026-01-15 08:27:40','2026-01-15 08:27:40',NULL,NULL,NULL,'active'),
(35,'bed','beds',11,'BED-00011','Bed M-05 - Regular','Regular bed in Male Ward. ',NULL,1500.0000,450.0000,0.00,1,10,NULL,NULL,NULL,1,'2026-01-15 08:27:40','2026-01-15 08:27:40',NULL,NULL,NULL,'active'),
(36,'bed','beds',12,'BED-00012','Bed M-06 - Semi-Private','Semi-Private bed in Male Ward. ',NULL,2500.0000,750.0000,0.00,1,11,NULL,NULL,NULL,1,'2026-01-15 08:27:40','2026-01-15 08:27:40',NULL,NULL,NULL,'active'),
(37,'bed','beds',13,'BED-00013','Bed M-07 - Semi-Private','Semi-Private bed in Male Ward. ',NULL,2500.0000,750.0000,0.00,1,11,NULL,NULL,NULL,1,'2026-01-15 08:27:40','2026-01-15 08:27:40',NULL,NULL,NULL,'active'),
(38,'bed','beds',14,'BED-00014','Bed M-08 - Private','Private bed in Male Ward. ',NULL,4000.0000,1200.0000,0.00,1,12,NULL,NULL,NULL,1,'2026-01-15 08:27:40','2026-01-15 08:27:40',NULL,NULL,NULL,'active'),
(39,'bed','beds',15,'BED-00015','Bed M-09 - Private','Private bed in Male Ward. ',NULL,4000.0000,1200.0000,0.00,1,12,NULL,NULL,NULL,1,'2026-01-15 08:27:40','2026-01-15 08:27:40',NULL,NULL,NULL,'active'),
(40,'bed','beds',16,'BED-00016','Bed M-10 - Private','Private bed in Male Ward. ',NULL,4000.0000,1200.0000,0.00,1,12,NULL,NULL,NULL,1,'2026-01-15 08:27:40','2026-01-15 08:27:40',NULL,NULL,NULL,'active'),
(41,'bed','beds',35,'BED-00035','Bed MAT-01 - Regular','Regular bed in Maternity Ward. ',NULL,1800.0000,540.0000,0.00,1,10,NULL,NULL,NULL,1,'2026-01-15 08:27:51','2026-01-15 08:27:51',NULL,NULL,NULL,'active'),
(42,'bed','beds',36,'BED-00036','Bed MAT-02 - Regular','Regular bed in Maternity Ward. ',NULL,1800.0000,540.0000,0.00,1,10,NULL,NULL,NULL,1,'2026-01-15 08:27:51','2026-01-15 08:27:51',NULL,NULL,NULL,'active'),
(43,'bed','beds',37,'BED-00037','Bed MAT-03 - Regular','Regular bed in Maternity Ward. ',NULL,1800.0000,540.0000,0.00,1,10,NULL,NULL,NULL,1,'2026-01-15 08:27:51','2026-01-15 08:27:51',NULL,NULL,NULL,'active'),
(44,'bed','beds',38,'BED-00038','Bed MAT-04 - Regular','Regular bed in Maternity Ward. ',NULL,1800.0000,540.0000,0.00,1,10,NULL,NULL,NULL,1,'2026-01-15 08:27:51','2026-01-15 08:27:51',NULL,NULL,NULL,'active'),
(45,'bed','beds',39,'BED-00039','Bed MAT-05 - Semi-Private','Semi-Private bed in Maternity Ward. ',NULL,3000.0000,900.0000,0.00,1,11,NULL,NULL,NULL,1,'2026-01-15 08:27:51','2026-01-15 08:27:51',NULL,NULL,NULL,'active'),
(46,'bed','beds',40,'BED-00040','Bed MAT-06 - Semi-Private','Semi-Private bed in Maternity Ward. ',NULL,3000.0000,900.0000,0.00,1,11,NULL,NULL,NULL,1,'2026-01-15 08:27:51','2026-01-15 08:27:51',NULL,NULL,NULL,'active'),
(47,'bed','beds',41,'BED-00041','Bed MAT-07 - Private','Private bed in Maternity Ward. ',NULL,5000.0000,1500.0000,0.00,1,12,NULL,NULL,NULL,1,'2026-01-15 08:27:51','2026-01-15 08:27:51',NULL,NULL,NULL,'active'),
(48,'bed','beds',42,'BED-00042','Bed MAT-08 - Private','Private bed in Maternity Ward. ',NULL,5000.0000,1500.0000,0.00,1,12,NULL,NULL,NULL,1,'2026-01-15 08:27:51','2026-01-15 08:27:51',NULL,NULL,NULL,'active'),
(49,'bed','beds',43,'BED-00043','Bed TH-REC-01 - ICU','ICU bed in Theatre. ',NULL,8000.0000,2400.0000,0.00,1,13,NULL,NULL,NULL,1,'2026-01-15 08:28:00','2026-01-15 08:28:00',NULL,NULL,NULL,'active'),
(50,'bed','beds',44,'BED-00044','Bed TH-REC-02 - ICU','ICU bed in Theatre. ',NULL,8000.0000,2400.0000,0.00,1,13,NULL,NULL,NULL,1,'2026-01-15 08:28:00','2026-01-15 08:28:00',NULL,NULL,NULL,'active'),
(51,'bed','beds',45,'BED-00045','Bed TH-REC-03 - Private','Private bed in Theatre. ',NULL,6000.0000,1800.0000,0.00,1,12,NULL,NULL,NULL,1,'2026-01-15 08:28:00','2026-01-15 08:28:00',NULL,NULL,NULL,'active'),
(52,'bed','beds',46,'BED-00046','Bed TH-REC-04 - Private','Private bed in Theatre. ',NULL,6000.0000,1800.0000,0.00,1,12,NULL,NULL,NULL,1,'2026-01-15 08:28:00','2026-01-15 08:28:00',NULL,NULL,NULL,'active'),
(53,'service','medical_services',16,'POCEDURE MINOR','POCEDURE MINOR','POCEDURE MINOR',NULL,8000.0000,4800.0000,0.00,0,14,1,NULL,NULL,1,'2026-01-15 19:24:48','2026-01-15 19:24:48',1,NULL,NULL,'active'),
(59,'inventory','drugs',12,'TES250TA920','test 250 Tablet','Pharmaceutical Drug: test (test)',NULL,10.0000,5.0000,0.00,1,NULL,NULL,NULL,NULL,1,'2026-01-16 12:04:05','2026-01-16 12:04:05',1,1,'tablet','active'),
(60,'procedure','medical_services',16,'POCEDURE MINOR','POCEDURE MINOR',NULL,NULL,8000.0000,0.0000,0.00,1,NULL,NULL,NULL,NULL,1,'2026-01-20 11:54:57','2026-01-20 11:54:57',1,NULL,NULL,'active'),
(61,'procedure','medical_services',7,'KR','KNEE REPLACEMENT',NULL,NULL,50000.0000,0.0000,0.00,1,NULL,NULL,NULL,NULL,1,'2026-01-20 18:32:59','2026-01-20 18:32:59',1,NULL,NULL,'active');
/*!40000 ALTER TABLE `billable_items` ENABLE KEYS */;
UNLOCK TABLES;

--
-- Table structure for table `billable_requests`
--

DROP TABLE IF EXISTS `billable_requests`;
/*!40101 SET @saved_cs_client     = @@character_set_client */;
/*!40101 SET character_set_client = utf8mb4 */;
CREATE TABLE `billable_requests` (
  `request_id` int(11) NOT NULL AUTO_INCREMENT,
  `visit_id` int(11) NOT NULL,
  `patient_id` int(11) NOT NULL,
  `service_id` int(11) NOT NULL,
  `quantity` int(11) DEFAULT 1,
  `urgency` enum('routine','urgent','stat') DEFAULT 'routine',
  `notes` text DEFAULT NULL,
  `status` enum('pending','approved','rejected','completed') DEFAULT 'pending',
  `requested_by` int(11) NOT NULL,
  `requested_at` timestamp NULL DEFAULT current_timestamp(),
  `approved_by` int(11) DEFAULT NULL,
  `approved_at` timestamp NULL DEFAULT NULL,
  PRIMARY KEY (`request_id`),
  KEY `visit_id` (`visit_id`),
  KEY `patient_id` (`patient_id`),
  KEY `service_id` (`service_id`),
  KEY `requested_by` (`requested_by`),
  KEY `approved_by` (`approved_by`)
) ENGINE=InnoDB AUTO_INCREMENT=8 DEFAULT CHARSET=utf8mb4 COLLATE=utf8mb4_general_ci;
/*!40101 SET character_set_client = @saved_cs_client */;

--
-- Dumping data for table `billable_requests`
--

LOCK TABLES `billable_requests` WRITE;
/*!40000 ALTER TABLE `billable_requests` DISABLE KEYS */;
INSERT INTO `billable_requests` VALUES
(1,1,2,7,1,'routine','','pending',1,'2025-11-14 07:44:36',NULL,NULL),
(2,4,4,10,1,'routine','','pending',1,'2025-11-19 07:04:49',NULL,NULL),
(3,4,4,1,1,'routine','','pending',1,'2025-11-19 07:05:09',NULL,NULL),
(4,2,1,5,1,'routine','','pending',1,'2025-11-23 08:49:04',NULL,NULL),
(5,2,1,6,1,'routine','','pending',1,'2025-11-23 10:44:17',NULL,NULL),
(6,1,2,6,1,'routine','','pending',1,'2025-11-27 16:45:38',NULL,NULL),
(7,1,2,1,1,'routine','','pending',1,'2025-11-27 16:46:15',NULL,NULL);
/*!40000 ALTER TABLE `billable_requests` ENABLE KEYS */;
UNLOCK TABLES;

--
-- Table structure for table `billing_categories`
--

DROP TABLE IF EXISTS `billing_categories`;
/*!40101 SET @saved_cs_client     = @@character_set_client */;
/*!40101 SET character_set_client = utf8mb4 */;
CREATE TABLE `billing_categories` (
  `category_id` int(11) NOT NULL AUTO_INCREMENT,
  `category_name` varchar(100) NOT NULL,
  `category_type` enum('service','product','consultation','procedure','other') DEFAULT 'service',
  `description` text DEFAULT NULL,
  `is_active` tinyint(1) DEFAULT 1,
  `created_at` timestamp NULL DEFAULT current_timestamp(),
  PRIMARY KEY (`category_id`)
) ENGINE=InnoDB DEFAULT CHARSET=utf8mb4 COLLATE=utf8mb4_general_ci;
/*!40101 SET character_set_client = @saved_cs_client */;

--
-- Dumping data for table `billing_categories`
--

LOCK TABLES `billing_categories` WRITE;
/*!40000 ALTER TABLE `billing_categories` DISABLE KEYS */;
/*!40000 ALTER TABLE `billing_categories` ENABLE KEYS */;
UNLOCK TABLES;

--
-- Table structure for table `billing_items`
--

DROP TABLE IF EXISTS `billing_items`;
/*!40101 SET @saved_cs_client     = @@character_set_client */;
/*!40101 SET character_set_client = utf8mb4 */;
CREATE TABLE `billing_items` (
  `item_id` int(11) NOT NULL AUTO_INCREMENT,
  `item_code` varchar(50) NOT NULL,
  `item_name` varchar(255) NOT NULL,
  `description` text DEFAULT NULL,
  `category_id` int(11) DEFAULT NULL,
  `unit_price` decimal(10,2) NOT NULL DEFAULT 0.00,
  `cost_price` decimal(10,2) DEFAULT 0.00,
  `tax_rate` decimal(5,2) DEFAULT 0.00,
  `is_taxable` tinyint(1) DEFAULT 1,
  `is_active` tinyint(1) DEFAULT 1,
  `created_by` int(11) DEFAULT NULL,
  `created_at` timestamp NULL DEFAULT current_timestamp(),
  `updated_at` timestamp NULL DEFAULT current_timestamp() ON UPDATE current_timestamp(),
  PRIMARY KEY (`item_id`)
) ENGINE=InnoDB DEFAULT CHARSET=utf8mb4 COLLATE=utf8mb4_general_ci;
/*!40101 SET character_set_client = @saved_cs_client */;

--
-- Dumping data for table `billing_items`
--

LOCK TABLES `billing_items` WRITE;
/*!40000 ALTER TABLE `billing_items` DISABLE KEYS */;
/*!40000 ALTER TABLE `billing_items` ENABLE KEYS */;
UNLOCK TABLES;

--
-- Table structure for table `billing_queue`
--

DROP TABLE IF EXISTS `billing_queue`;
/*!40101 SET @saved_cs_client     = @@character_set_client */;
/*!40101 SET character_set_client = utf8mb4 */;
CREATE TABLE `billing_queue` (
  `billing_queue_id` int(11) NOT NULL AUTO_INCREMENT,
  `order_type` enum('lab','radiology','service','prescription') NOT NULL,
  `order_id` int(11) NOT NULL,
  `patient_id` int(11) NOT NULL,
  `visit_id` int(11) DEFAULT NULL,
  `total_amount` decimal(10,2) DEFAULT 0.00,
  `status` enum('pending','billed','cancelled') DEFAULT 'pending',
  `created_at` timestamp NULL DEFAULT current_timestamp(),
  `billed_at` datetime DEFAULT NULL,
  `invoice_id` int(11) DEFAULT NULL,
  `created_by` int(11) DEFAULT NULL,
  PRIMARY KEY (`billing_queue_id`),
  UNIQUE KEY `unique_order` (`order_type`,`order_id`),
  KEY `patient_id` (`patient_id`),
  KEY `visit_id` (`visit_id`),
  KEY `invoice_id` (`invoice_id`),
  KEY `created_by` (`created_by`)
) ENGINE=InnoDB AUTO_INCREMENT=9 DEFAULT CHARSET=utf8mb4 COLLATE=utf8mb4_general_ci;
/*!40101 SET character_set_client = @saved_cs_client */;

--
-- Dumping data for table `billing_queue`
--

LOCK TABLES `billing_queue` WRITE;
/*!40000 ALTER TABLE `billing_queue` DISABLE KEYS */;
/*!40000 ALTER TABLE `billing_queue` ENABLE KEYS */;
UNLOCK TABLES;

--
-- Table structure for table `budget`
--

DROP TABLE IF EXISTS `budget`;
/*!40101 SET @saved_cs_client     = @@character_set_client */;
/*!40101 SET character_set_client = utf8mb4 */;
CREATE TABLE `budget` (
  `budget_id` int(11) NOT NULL AUTO_INCREMENT,
  `budget_month` tinyint(4) NOT NULL,
  `budget_year` int(11) NOT NULL,
  `budget_amount` decimal(15,2) NOT NULL DEFAULT 0.00,
  `budget_description` varchar(255) DEFAULT NULL,
  `budget_created_at` datetime NOT NULL DEFAULT current_timestamp(),
  `budget_updated_at` datetime DEFAULT NULL ON UPDATE current_timestamp(),
  `budget_category_id` int(11) NOT NULL,
  PRIMARY KEY (`budget_id`)
) ENGINE=InnoDB DEFAULT CHARSET=utf8mb4 COLLATE=utf8mb4_general_ci;
/*!40101 SET character_set_client = @saved_cs_client */;

--
-- Dumping data for table `budget`
--

LOCK TABLES `budget` WRITE;
/*!40000 ALTER TABLE `budget` DISABLE KEYS */;
/*!40000 ALTER TABLE `budget` ENABLE KEYS */;
UNLOCK TABLES;

--
-- Table structure for table `care_plan_notes`
--

DROP TABLE IF EXISTS `care_plan_notes`;
/*!40101 SET @saved_cs_client     = @@character_set_client */;
/*!40101 SET character_set_client = utf8mb4 */;
CREATE TABLE `care_plan_notes` (
  `id` int(11) NOT NULL AUTO_INCREMENT,
  `care_plan_id` int(11) NOT NULL,
  `visit_id` int(11) NOT NULL,
  `note` text NOT NULL,
  `created_by` int(11) DEFAULT NULL,
  `created_at` datetime DEFAULT current_timestamp(),
  PRIMARY KEY (`id`),
  KEY `idx_plan` (`care_plan_id`),
  KEY `idx_visit` (`visit_id`),
  KEY `idx_created` (`created_at`)
) ENGINE=InnoDB DEFAULT CHARSET=utf8mb4 COLLATE=utf8mb4_unicode_ci;
/*!40101 SET character_set_client = @saved_cs_client */;

--
-- Dumping data for table `care_plan_notes`
--

LOCK TABLES `care_plan_notes` WRITE;
/*!40000 ALTER TABLE `care_plan_notes` DISABLE KEYS */;
/*!40000 ALTER TABLE `care_plan_notes` ENABLE KEYS */;
UNLOCK TABLES;

--
-- Table structure for table `care_plans`
--

DROP TABLE IF EXISTS `care_plans`;
/*!40101 SET @saved_cs_client     = @@character_set_client */;
/*!40101 SET character_set_client = utf8mb4 */;
CREATE TABLE `care_plans` (
  `id` int(11) NOT NULL AUTO_INCREMENT,
  `visit_id` int(11) NOT NULL,
  `problem_statement` text NOT NULL,
  `nursing_diagnosis` varchar(500) DEFAULT NULL,
  `goal_statement` text DEFAULT NULL,
  `expected_outcome` text DEFAULT NULL,
  `target_date` date DEFAULT NULL,
  `interventions` text DEFAULT NULL,
  `evaluation` text DEFAULT NULL,
  `status` enum('Active','Resolved','Discontinued') DEFAULT 'Active',
  `created_by` int(11) NOT NULL,
  `reviewed_by` int(11) DEFAULT NULL,
  `created_at` timestamp NULL DEFAULT current_timestamp(),
  `updated_at` timestamp NULL DEFAULT current_timestamp() ON UPDATE current_timestamp(),
  PRIMARY KEY (`id`),
  KEY `created_by` (`created_by`),
  KEY `reviewed_by` (`reviewed_by`),
  KEY `idx_visit_id` (`visit_id`),
  KEY `idx_status` (`status`),
  KEY `idx_target_date` (`target_date`)
) ENGINE=InnoDB DEFAULT CHARSET=utf8mb4 COLLATE=utf8mb4_unicode_ci;
/*!40101 SET character_set_client = @saved_cs_client */;

--
-- Dumping data for table `care_plans`
--

LOCK TABLES `care_plans` WRITE;
/*!40000 ALTER TABLE `care_plans` DISABLE KEYS */;
/*!40000 ALTER TABLE `care_plans` ENABLE KEYS */;
UNLOCK TABLES;

--
-- Table structure for table `cash_register`
--

DROP TABLE IF EXISTS `cash_register`;
/*!40101 SET @saved_cs_client     = @@character_set_client */;
/*!40101 SET character_set_client = utf8mb4 */;
CREATE TABLE `cash_register` (
  `register_id` int(11) NOT NULL AUTO_INCREMENT,
  `register_name` varchar(100) NOT NULL,
  `cash_balance` decimal(10,2) DEFAULT 0.00,
  `is_active` tinyint(4) DEFAULT 1,
  `status` enum('open','closed') DEFAULT 'closed',
  `opened_by` int(11) DEFAULT NULL,
  `opened_at` timestamp NULL DEFAULT NULL,
  `closed_by` int(11) DEFAULT NULL,
  `closed_at` timestamp NULL DEFAULT NULL,
  `created_at` timestamp NULL DEFAULT current_timestamp(),
  `updated_at` datetime DEFAULT NULL,
  PRIMARY KEY (`register_id`)
) ENGINE=InnoDB AUTO_INCREMENT=3 DEFAULT CHARSET=utf8mb4 COLLATE=utf8mb4_unicode_ci;
/*!40101 SET character_set_client = @saved_cs_client */;

--
-- Dumping data for table `cash_register`
--

LOCK TABLES `cash_register` WRITE;
/*!40000 ALTER TABLE `cash_register` DISABLE KEYS */;
INSERT INTO `cash_register` VALUES
(2,'Register-20260117-085542-4442',8000.00,1,'open',1,'2026-01-17 05:55:42',NULL,NULL,'2026-01-17 05:55:42','2026-01-18 11:22:30');
/*!40000 ALTER TABLE `cash_register` ENABLE KEYS */;
UNLOCK TABLES;

--
-- Table structure for table `cash_register_transactions`
--

DROP TABLE IF EXISTS `cash_register_transactions`;
/*!40101 SET @saved_cs_client     = @@character_set_client */;
/*!40101 SET character_set_client = utf8mb4 */;
CREATE TABLE `cash_register_transactions` (
  `transaction_id` int(11) NOT NULL AUTO_INCREMENT,
  `register_id` int(11) NOT NULL,
  `transaction_type` enum('payment','refund','expense','deposit','withdrawal') DEFAULT NULL,
  `payment_method` enum('cash','card','insurance','bank_transfer','check') DEFAULT NULL,
  `amount` decimal(10,2) NOT NULL,
  `description` varchar(255) DEFAULT NULL,
  `reference_number` varchar(100) DEFAULT NULL,
  `invoice_id` int(11) DEFAULT NULL,
  `payment_id` int(11) DEFAULT NULL,
  `created_by` int(11) NOT NULL,
  `created_at` timestamp NULL DEFAULT current_timestamp(),
  PRIMARY KEY (`transaction_id`),
  KEY `register_id` (`register_id`),
  KEY `invoice_id` (`invoice_id`),
  KEY `payment_id` (`payment_id`),
  KEY `created_by` (`created_by`)
) ENGINE=InnoDB AUTO_INCREMENT=4 DEFAULT CHARSET=utf8mb4 COLLATE=utf8mb4_general_ci;
/*!40101 SET character_set_client = @saved_cs_client */;

--
-- Dumping data for table `cash_register_transactions`
--

LOCK TABLES `cash_register_transactions` WRITE;
/*!40000 ALTER TABLE `cash_register_transactions` DISABLE KEYS */;
INSERT INTO `cash_register_transactions` VALUES
(1,2,'payment',NULL,8000.00,'Payment for Invoice #INV-2026-00008 via Cash',NULL,NULL,7,1,'2026-01-18 08:22:30');
/*!40000 ALTER TABLE `cash_register_transactions` ENABLE KEYS */;
UNLOCK TABLES;

--
-- Table structure for table `claim_diagnosis_codes`
--

DROP TABLE IF EXISTS `claim_diagnosis_codes`;
/*!40101 SET @saved_cs_client     = @@character_set_client */;
/*!40101 SET character_set_client = utf8mb4 */;
CREATE TABLE `claim_diagnosis_codes` (
  `id` int(11) NOT NULL AUTO_INCREMENT,
  `claim_id` int(11) NOT NULL,
  `diagnosis_code` varchar(20) NOT NULL,
  `diagnosis_description` text DEFAULT NULL,
  PRIMARY KEY (`id`),
  KEY `claim_id` (`claim_id`)
) ENGINE=InnoDB DEFAULT CHARSET=utf8mb4 COLLATE=utf8mb4_general_ci;
/*!40101 SET character_set_client = @saved_cs_client */;

--
-- Dumping data for table `claim_diagnosis_codes`
--

LOCK TABLES `claim_diagnosis_codes` WRITE;
/*!40000 ALTER TABLE `claim_diagnosis_codes` DISABLE KEYS */;
/*!40000 ALTER TABLE `claim_diagnosis_codes` ENABLE KEYS */;
UNLOCK TABLES;

--
-- Table structure for table `claim_transactions`
--

DROP TABLE IF EXISTS `claim_transactions`;
/*!40101 SET @saved_cs_client     = @@character_set_client */;
/*!40101 SET character_set_client = utf8mb4 */;
CREATE TABLE `claim_transactions` (
  `transaction_id` int(11) NOT NULL AUTO_INCREMENT,
  `transaction_claim_id` int(11) NOT NULL,
  `transaction_type` enum('insurance_payment','patient_payment','adjustment','refund') DEFAULT NULL,
  `transaction_amount` decimal(10,2) NOT NULL,
  `transaction_date` date NOT NULL,
  `transaction_notes` text DEFAULT NULL,
  `transaction_status` enum('pending','completed','failed') DEFAULT 'pending',
  `created_at` timestamp NULL DEFAULT current_timestamp(),
  PRIMARY KEY (`transaction_id`),
  KEY `transaction_claim_id` (`transaction_claim_id`)
) ENGINE=InnoDB DEFAULT CHARSET=utf8mb4 COLLATE=utf8mb4_general_ci;
/*!40101 SET character_set_client = @saved_cs_client */;

--
-- Dumping data for table `claim_transactions`
--

LOCK TABLES `claim_transactions` WRITE;
/*!40000 ALTER TABLE `claim_transactions` DISABLE KEYS */;
/*!40000 ALTER TABLE `claim_transactions` ENABLE KEYS */;
UNLOCK TABLES;

--
-- Table structure for table `clients`
--

DROP TABLE IF EXISTS `clients`;
/*!40101 SET @saved_cs_client     = @@character_set_client */;
/*!40101 SET character_set_client = utf8mb4 */;
CREATE TABLE `clients` (
  `client_id` int(11) NOT NULL AUTO_INCREMENT,
  `client_lead` tinyint(1) NOT NULL DEFAULT 0,
  `client_name` varchar(200) NOT NULL,
  `client_type` varchar(200) DEFAULT NULL,
  `client_website` varchar(200) DEFAULT NULL,
  `client_referral` varchar(200) DEFAULT NULL,
  `client_rate` decimal(15,2) DEFAULT NULL,
  `client_currency_code` varchar(200) NOT NULL,
  `client_net_terms` int(10) NOT NULL,
  `client_tax_id_number` varchar(255) DEFAULT NULL,
  `client_abbreviation` varchar(10) DEFAULT NULL,
  `client_notes` text DEFAULT NULL,
  `client_created_at` datetime NOT NULL DEFAULT current_timestamp(),
  `client_updated_at` datetime DEFAULT NULL ON UPDATE current_timestamp(),
  `client_archived_at` datetime DEFAULT NULL,
  `client_accessed_at` datetime DEFAULT NULL,
  PRIMARY KEY (`client_id`)
) ENGINE=InnoDB AUTO_INCREMENT=3 DEFAULT CHARSET=utf8mb4 COLLATE=utf8mb4_general_ci;
/*!40101 SET character_set_client = @saved_cs_client */;

--
-- Dumping data for table `clients`
--

LOCK TABLES `clients` WRITE;
/*!40000 ALTER TABLE `clients` DISABLE KEYS */;
INSERT INTO `clients` VALUES
(1,0,'MWANAINCHI','IT','','',0.00,'USD',30,'','MWANA','A','2025-10-29 18:27:20','2025-11-05 06:21:53',NULL,'2025-11-05 06:21:53'),
(2,0,'mercy','','','',0.00,'USD',30,'','MCY','','2025-10-29 21:55:06','2025-10-30 16:23:51',NULL,'2025-10-30 16:23:51');
/*!40000 ALTER TABLE `clients` ENABLE KEYS */;
UNLOCK TABLES;

--
-- Table structure for table `clinical_diagnoses`
--

DROP TABLE IF EXISTS `clinical_diagnoses`;
/*!40101 SET @saved_cs_client     = @@character_set_client */;
/*!40101 SET character_set_client = utf8mb4 */;
CREATE TABLE `clinical_diagnoses` (
  `diagnosis_id` int(11) NOT NULL AUTO_INCREMENT,
  `visit_id` int(11) NOT NULL,
  `diagnosis_code` varchar(20) DEFAULT NULL,
  `diagnosis_name` varchar(255) NOT NULL,
  `diagnosis_type` enum('primary','secondary','differential','rule_out') DEFAULT 'primary',
  `onset_date` date DEFAULT NULL,
  `status` enum('active','resolved','chronic','improving','worsening') DEFAULT 'active',
  `notes` text DEFAULT NULL,
  `created_by` int(11) NOT NULL,
  `created_at` timestamp NULL DEFAULT current_timestamp(),
  `updated_at` timestamp NULL DEFAULT current_timestamp() ON UPDATE current_timestamp(),
  PRIMARY KEY (`diagnosis_id`),
  KEY `created_by` (`created_by`),
  KEY `idx_visit_diagnosis` (`visit_id`,`diagnosis_type`)
) ENGINE=InnoDB AUTO_INCREMENT=2 DEFAULT CHARSET=utf8mb4 COLLATE=utf8mb4_unicode_ci;
/*!40101 SET character_set_client = @saved_cs_client */;

--
-- Dumping data for table `clinical_diagnoses`
--

LOCK TABLES `clinical_diagnoses` WRITE;
/*!40000 ALTER TABLE `clinical_diagnoses` DISABLE KEYS */;
INSERT INTO `clinical_diagnoses` VALUES
(1,12,'A001','test','primary','2025-12-29','chronic','test',1,'2025-12-29 19:37:48','2025-12-29 19:38:21');
/*!40000 ALTER TABLE `clinical_diagnoses` ENABLE KEYS */;
UNLOCK TABLES;

--
-- Table structure for table `clinical_encounters`
--

DROP TABLE IF EXISTS `clinical_encounters`;
/*!40101 SET @saved_cs_client     = @@character_set_client */;
/*!40101 SET character_set_client = utf8mb4 */;
CREATE TABLE `clinical_encounters` (
  `encounter_id` int(11) NOT NULL AUTO_INCREMENT,
  `visit_id` int(11) NOT NULL,
  `section` varchar(50) NOT NULL,
  `status` enum('draft','completed','signed') DEFAULT 'draft',
  `content` text DEFAULT NULL,
  `created_by` int(11) NOT NULL,
  `created_at` timestamp NULL DEFAULT current_timestamp(),
  `updated_at` timestamp NULL DEFAULT current_timestamp() ON UPDATE current_timestamp(),
  `completed_at` timestamp NULL DEFAULT NULL,
  `signed_by` int(11) DEFAULT NULL,
  `signed_at` timestamp NULL DEFAULT NULL,
  PRIMARY KEY (`encounter_id`),
  KEY `created_by` (`created_by`),
  KEY `signed_by` (`signed_by`),
  KEY `idx_visit_section` (`visit_id`,`section`)
) ENGINE=InnoDB AUTO_INCREMENT=6 DEFAULT CHARSET=utf8mb4 COLLATE=utf8mb4_unicode_ci;
/*!40101 SET character_set_client = @saved_cs_client */;

--
-- Dumping data for table `clinical_encounters`
--

LOCK TABLES `clinical_encounters` WRITE;
/*!40000 ALTER TABLE `clinical_encounters` DISABLE KEYS */;
INSERT INTO `clinical_encounters` VALUES
(1,12,'history','completed',NULL,1,'2025-12-29 19:23:03','2025-12-29 19:23:03',NULL,NULL,NULL),
(2,12,'diagnosis','completed',NULL,1,'2025-12-29 19:37:48','2025-12-29 19:37:48',NULL,NULL,NULL),
(3,12,'treatment','completed',NULL,1,'2025-12-29 19:42:05','2025-12-29 19:42:05',NULL,NULL,NULL),
(4,37,'history','completed',NULL,2,'2026-01-11 06:07:01','2026-01-11 06:07:01',NULL,NULL,NULL),
(5,37,'history','completed',NULL,2,'2026-01-11 06:07:54','2026-01-11 06:07:54',NULL,NULL,NULL);
/*!40000 ALTER TABLE `clinical_encounters` ENABLE KEYS */;
UNLOCK TABLES;

--
-- Table structure for table `clinical_examinations`
--

DROP TABLE IF EXISTS `clinical_examinations`;
/*!40101 SET @saved_cs_client     = @@character_set_client */;
/*!40101 SET character_set_client = utf8mb4 */;
CREATE TABLE `clinical_examinations` (
  `exam_id` int(11) NOT NULL AUTO_INCREMENT,
  `visit_id` int(11) NOT NULL,
  `patient_id` int(11) NOT NULL,
  `exam_type` enum('general','cardiovascular','respiratory','abdominal','neurological','musculoskeletal','dermatological') DEFAULT NULL,
  `findings` text DEFAULT NULL,
  `normal` tinyint(1) DEFAULT 1,
  `notes` text DEFAULT NULL,
  `examined_by` int(11) NOT NULL,
  `examined_at` timestamp NULL DEFAULT current_timestamp(),
  PRIMARY KEY (`exam_id`),
  KEY `visit_id` (`visit_id`)
) ENGINE=InnoDB DEFAULT CHARSET=utf8mb4 COLLATE=utf8mb4_general_ci;
/*!40101 SET character_set_client = @saved_cs_client */;

--
-- Dumping data for table `clinical_examinations`
--

LOCK TABLES `clinical_examinations` WRITE;
/*!40000 ALTER TABLE `clinical_examinations` DISABLE KEYS */;
/*!40000 ALTER TABLE `clinical_examinations` ENABLE KEYS */;
UNLOCK TABLES;

--
-- Table structure for table `clinical_history`
--

DROP TABLE IF EXISTS `clinical_history`;
/*!40101 SET @saved_cs_client     = @@character_set_client */;
/*!40101 SET character_set_client = utf8mb4 */;
CREATE TABLE `clinical_history` (
  `history_id` int(11) NOT NULL AUTO_INCREMENT,
  `visit_id` int(11) NOT NULL,
  `history_type` enum('hpi','pmh','psh','family','social','allergies','medications') NOT NULL,
  `details` text DEFAULT NULL,
  `created_by` int(11) NOT NULL,
  `created_at` timestamp NULL DEFAULT current_timestamp(),
  `updated_at` timestamp NULL DEFAULT current_timestamp() ON UPDATE current_timestamp(),
  PRIMARY KEY (`history_id`),
  KEY `created_by` (`created_by`),
  KEY `idx_visit_type` (`visit_id`,`history_type`)
) ENGINE=InnoDB AUTO_INCREMENT=4 DEFAULT CHARSET=utf8mb4 COLLATE=utf8mb4_unicode_ci;
/*!40101 SET character_set_client = @saved_cs_client */;

--
-- Dumping data for table `clinical_history`
--

LOCK TABLES `clinical_history` WRITE;
/*!40000 ALTER TABLE `clinical_history` DISABLE KEYS */;
INSERT INTO `clinical_history` VALUES
(2,37,'hpi','test',2,'2026-01-11 06:07:01','2026-01-11 06:07:01'),
(3,37,'pmh','test',2,'2026-01-11 06:07:54','2026-01-11 06:07:54');
/*!40000 ALTER TABLE `clinical_history` ENABLE KEYS */;
UNLOCK TABLES;

--
-- Table structure for table `clinical_medications`
--

DROP TABLE IF EXISTS `clinical_medications`;
/*!40101 SET @saved_cs_client     = @@character_set_client */;
/*!40101 SET character_set_client = utf8mb4 */;
CREATE TABLE `clinical_medications` (
  `medication_id` int(11) NOT NULL AUTO_INCREMENT,
  `visit_id` int(11) NOT NULL,
  `medication_name` varchar(255) NOT NULL,
  `generic_name` varchar(255) DEFAULT NULL,
  `dosage` varchar(100) NOT NULL,
  `route` enum('oral','iv','im','sc','topical','inhalation','rectal','other') NOT NULL,
  `frequency` varchar(100) NOT NULL,
  `duration` varchar(100) DEFAULT NULL,
  `start_date` date DEFAULT NULL,
  `end_date` date DEFAULT NULL,
  `refills` int(11) DEFAULT 0,
  `status` enum('active','discontinued','completed','hold') DEFAULT 'active',
  `instructions` text DEFAULT NULL,
  `prescribed_by` int(11) NOT NULL,
  `prescribed_at` timestamp NULL DEFAULT current_timestamp(),
  `discontinued_by` int(11) DEFAULT NULL,
  `discontinued_at` timestamp NULL DEFAULT NULL,
  `discontinued_reason` text DEFAULT NULL,
  `next_admin_time` time DEFAULT NULL,
  PRIMARY KEY (`medication_id`),
  KEY `prescribed_by` (`prescribed_by`),
  KEY `discontinued_by` (`discontinued_by`),
  KEY `idx_visit_meds` (`visit_id`,`status`,`prescribed_at` DESC)
) ENGINE=InnoDB DEFAULT CHARSET=utf8mb4 COLLATE=utf8mb4_unicode_ci;
/*!40101 SET character_set_client = @saved_cs_client */;

--
-- Dumping data for table `clinical_medications`
--

LOCK TABLES `clinical_medications` WRITE;
/*!40000 ALTER TABLE `clinical_medications` DISABLE KEYS */;
/*!40000 ALTER TABLE `clinical_medications` ENABLE KEYS */;
UNLOCK TABLES;

--
-- Table structure for table `clinical_notes`
--

DROP TABLE IF EXISTS `clinical_notes`;
/*!40101 SET @saved_cs_client     = @@character_set_client */;
/*!40101 SET character_set_client = utf8mb4 */;
CREATE TABLE `clinical_notes` (
  `note_id` int(11) NOT NULL AUTO_INCREMENT,
  `visit_id` int(11) NOT NULL,
  `note_type` enum('soap','progress','consult','procedure','discharge','other') DEFAULT 'progress',
  `subjective` text DEFAULT NULL,
  `objective` text DEFAULT NULL,
  `assessment` text DEFAULT NULL,
  `plan` text DEFAULT NULL,
  `status` enum('draft','finalized','signed') DEFAULT 'draft',
  `created_by` int(11) NOT NULL,
  `created_at` timestamp NULL DEFAULT current_timestamp(),
  `updated_at` timestamp NULL DEFAULT current_timestamp() ON UPDATE current_timestamp(),
  `finalized_by` int(11) DEFAULT NULL,
  `finalized_at` timestamp NULL DEFAULT NULL,
  `signed_by` int(11) DEFAULT NULL,
  `signed_at` timestamp NULL DEFAULT NULL,
  PRIMARY KEY (`note_id`),
  KEY `created_by` (`created_by`),
  KEY `finalized_by` (`finalized_by`),
  KEY `signed_by` (`signed_by`),
  KEY `idx_visit_notes` (`visit_id`,`note_type`,`created_at` DESC)
) ENGINE=InnoDB AUTO_INCREMENT=2 DEFAULT CHARSET=utf8mb4 COLLATE=utf8mb4_unicode_ci;
/*!40101 SET character_set_client = @saved_cs_client */;

--
-- Dumping data for table `clinical_notes`
--

LOCK TABLES `clinical_notes` WRITE;
/*!40000 ALTER TABLE `clinical_notes` DISABLE KEYS */;
INSERT INTO `clinical_notes` VALUES
(1,12,'soap','test','test','test','test','draft',1,'2025-12-29 19:46:20','2025-12-29 19:46:22',NULL,NULL,NULL,NULL);
/*!40000 ALTER TABLE `clinical_notes` ENABLE KEYS */;
UNLOCK TABLES;

--
-- Table structure for table `clinical_orders`
--

DROP TABLE IF EXISTS `clinical_orders`;
/*!40101 SET @saved_cs_client     = @@character_set_client */;
/*!40101 SET character_set_client = utf8mb4 */;
CREATE TABLE `clinical_orders` (
  `order_id` int(11) NOT NULL AUTO_INCREMENT,
  `visit_id` int(11) NOT NULL,
  `order_type` enum('lab','imaging','procedure','consult','other') NOT NULL,
  `order_code` varchar(50) DEFAULT NULL,
  `order_description` varchar(255) NOT NULL,
  `priority` enum('routine','urgent','stat') DEFAULT 'routine',
  `instructions` text DEFAULT NULL,
  `status` enum('draft','ordered','collected','in_progress','completed','cancelled') DEFAULT 'draft',
  `ordered_by` int(11) NOT NULL,
  `ordered_at` timestamp NULL DEFAULT current_timestamp(),
  `completed_at` timestamp NULL DEFAULT NULL,
  `result` text DEFAULT NULL,
  `result_notes` text DEFAULT NULL,
  `result_reviewed_by` int(11) DEFAULT NULL,
  `result_reviewed_at` timestamp NULL DEFAULT NULL,
  PRIMARY KEY (`order_id`),
  KEY `ordered_by` (`ordered_by`),
  KEY `result_reviewed_by` (`result_reviewed_by`),
  KEY `idx_visit_order` (`visit_id`,`order_type`,`status`),
  KEY `idx_visit_priority` (`visit_id`,`priority`)
) ENGINE=InnoDB AUTO_INCREMENT=4 DEFAULT CHARSET=utf8mb4 COLLATE=utf8mb4_unicode_ci;
/*!40101 SET character_set_client = @saved_cs_client */;

--
-- Dumping data for table `clinical_orders`
--

LOCK TABLES `clinical_orders` WRITE;
/*!40000 ALTER TABLE `clinical_orders` DISABLE KEYS */;
INSERT INTO `clinical_orders` VALUES
(1,12,'lab','CBC','CBC - Complete Blood Count','routine','','ordered',1,'2025-12-29 19:44:19',NULL,NULL,NULL,NULL,NULL),
(2,12,'imaging','CT Head','CT Head - CT Head without contrast','routine','','ordered',1,'2025-12-29 19:44:47',NULL,NULL,NULL,NULL,NULL),
(3,12,'procedure','CT Head','Wound Dressing Change','routine','','ordered',1,'2025-12-29 19:44:51',NULL,NULL,NULL,NULL,NULL);
/*!40000 ALTER TABLE `clinical_orders` ENABLE KEYS */;
UNLOCK TABLES;

--
-- Table structure for table `clinical_referrals`
--

DROP TABLE IF EXISTS `clinical_referrals`;
/*!40101 SET @saved_cs_client     = @@character_set_client */;
/*!40101 SET character_set_client = utf8mb4 */;
CREATE TABLE `clinical_referrals` (
  `referral_id` int(11) NOT NULL AUTO_INCREMENT,
  `visit_id` int(11) NOT NULL,
  `referred_to_type` enum('specialist','facility','therapy','lab','imaging','other') NOT NULL,
  `referred_to_name` varchar(255) NOT NULL,
  `referred_to_id` int(11) DEFAULT NULL,
  `reason` text NOT NULL,
  `priority` enum('routine','urgent') DEFAULT 'routine',
  `status` enum('pending','sent','accepted','completed','cancelled') DEFAULT 'pending',
  `referral_notes` text DEFAULT NULL,
  `created_by` int(11) NOT NULL,
  `created_at` timestamp NULL DEFAULT current_timestamp(),
  `updated_at` timestamp NULL DEFAULT current_timestamp() ON UPDATE current_timestamp(),
  `completed_at` timestamp NULL DEFAULT NULL,
  PRIMARY KEY (`referral_id`),
  KEY `created_by` (`created_by`),
  KEY `referred_to_id` (`referred_to_id`),
  KEY `idx_visit_referral` (`visit_id`,`status`)
) ENGINE=InnoDB AUTO_INCREMENT=2 DEFAULT CHARSET=utf8mb4 COLLATE=utf8mb4_unicode_ci;
/*!40101 SET character_set_client = @saved_cs_client */;

--
-- Dumping data for table `clinical_referrals`
--

LOCK TABLES `clinical_referrals` WRITE;
/*!40000 ALTER TABLE `clinical_referrals` DISABLE KEYS */;
INSERT INTO `clinical_referrals` VALUES
(1,12,'facility','tesr',2,'0','routine','accepted','test',1,'2025-12-29 19:47:16','2025-12-29 19:47:42',NULL);
/*!40000 ALTER TABLE `clinical_referrals` ENABLE KEYS */;
UNLOCK TABLES;

--
-- Table structure for table `companies`
--

DROP TABLE IF EXISTS `companies`;
/*!40101 SET @saved_cs_client     = @@character_set_client */;
/*!40101 SET character_set_client = utf8mb4 */;
CREATE TABLE `companies` (
  `company_id` int(11) NOT NULL AUTO_INCREMENT,
  `facility_code` varchar(20) DEFAULT NULL,
  `mfl_code` varchar(20) DEFAULT NULL,
  `company_name` varchar(200) NOT NULL,
  `facility_type` enum('National','County','Sub-County','Health Center','Dispensary','Clinic') DEFAULT NULL,
  `company_address` varchar(200) DEFAULT NULL,
  `company_city` varchar(200) DEFAULT NULL,
  `company_state` varchar(200) DEFAULT NULL,
  `company_zip` varchar(200) DEFAULT NULL,
  `company_country` varchar(200) DEFAULT NULL,
  `county` varchar(100) DEFAULT NULL,
  `sub_county` varchar(100) DEFAULT NULL,
  `ward` varchar(100) DEFAULT NULL,
  `is_active` tinyint(1) DEFAULT 1,
  `company_phone_country_code` varchar(10) DEFAULT NULL,
  `company_phone` varchar(200) DEFAULT NULL,
  `company_email` varchar(200) DEFAULT NULL,
  `company_website` varchar(200) DEFAULT NULL,
  `company_logo` varchar(250) DEFAULT NULL,
  `company_locale` varchar(200) DEFAULT NULL,
  `company_currency` varchar(200) DEFAULT 'USD',
  `company_tax_id` varchar(200) DEFAULT NULL,
  `company_created_at` datetime NOT NULL DEFAULT current_timestamp(),
  `company_updated_at` datetime DEFAULT NULL ON UPDATE current_timestamp(),
  PRIMARY KEY (`company_id`),
  UNIQUE KEY `unique_facility_code` (`facility_code`),
  KEY `idx_facility_type` (`facility_type`),
  KEY `idx_county` (`county`),
  KEY `idx_is_active` (`is_active`)
) ENGINE=InnoDB AUTO_INCREMENT=2 DEFAULT CHARSET=utf8mb4 COLLATE=utf8mb4_general_ci;
/*!40101 SET character_set_client = @saved_cs_client */;

--
-- Dumping data for table `companies`
--

LOCK TABLES `companies` WRITE;
/*!40000 ALTER TABLE `companies` DISABLE KEYS */;
INSERT INTO `companies` VALUES
(1,'CLINICEMR12345','','ClinicEMR','Sub-County','Kaimosi','Vihiga','','50309','Kenya','Vihiga','','',1,'','0798530739','info@company.com','','company_logo.png','','','','2025-10-29 17:53:30','2026-01-17 12:33:36');
/*!40000 ALTER TABLE `companies` ENABLE KEYS */;
UNLOCK TABLES;

--
-- Table structure for table `complications`
--

DROP TABLE IF EXISTS `complications`;
/*!40101 SET @saved_cs_client     = @@character_set_client */;
/*!40101 SET character_set_client = utf8mb4 */;
CREATE TABLE `complications` (
  `id` int(10) unsigned NOT NULL AUTO_INCREMENT,
  `visit_id` int(10) unsigned NOT NULL,
  `patient_id` int(10) unsigned NOT NULL,
  `complication_date` date NOT NULL,
  `complication_type` varchar(100) DEFAULT NULL,
  `severity` varchar(50) DEFAULT NULL,
  `clavien_dindo` varchar(20) DEFAULT NULL,
  `description` text DEFAULT NULL,
  `clinical_manifestation` text DEFAULT NULL,
  `risk_factors` text DEFAULT NULL,
  `investigations` text DEFAULT NULL,
  `management` text DEFAULT NULL,
  `outcome` text DEFAULT NULL,
  `preventability` varchar(50) DEFAULT NULL,
  `root_cause` text DEFAULT NULL,
  `corrective_actions` text DEFAULT NULL,
  `morbidity` tinyint(1) DEFAULT NULL,
  `mortality` tinyint(1) DEFAULT NULL,
  `report_to` varchar(100) DEFAULT NULL,
  `reported_date` date DEFAULT NULL,
  `follow_up_needed` tinyint(1) DEFAULT NULL,
  `follow_up_plan` text DEFAULT NULL,
  `status` varchar(50) DEFAULT NULL,
  `reported_by` int(10) unsigned DEFAULT NULL,
  `reported_at` datetime NOT NULL DEFAULT current_timestamp(),
  PRIMARY KEY (`id`),
  KEY `idx_visit_id` (`visit_id`),
  KEY `idx_patient_id` (`patient_id`),
  KEY `idx_complication_date` (`complication_date`),
  KEY `idx_status` (`status`)
) ENGINE=InnoDB AUTO_INCREMENT=3 DEFAULT CHARSET=utf8mb4 COLLATE=utf8mb4_general_ci;
/*!40101 SET character_set_client = @saved_cs_client */;

--
-- Dumping data for table `complications`
--

LOCK TABLES `complications` WRITE;
/*!40000 ALTER TABLE `complications` DISABLE KEYS */;
INSERT INTO `complications` VALUES
(1,7,7,'2025-01-12','Postoperative Infection','Moderate','Grade II','Patient developed localized wound infection on postoperative day 3.','Redness, mild swelling, purulent discharge at incision site','Diabetes mellitus, prolonged surgery time','Wound swab culture, CBC','Started oral antibiotics and daily wound dressing','Improved with treatment, no further complications','Possibly preventable','Delayed antibiotic prophylaxis','Reinforcement of perioperative antibiotic timing protocol',1,0,'Surgical Quality Committee','2025-01-13',1,'Weekly wound review for 2 weeks','Closed',4,'2025-12-25 17:06:56'),
(2,7,7,'2025-01-14','Postoperative Bleeding','Severe','Grade IIIb','Significant intra-abdominal bleeding requiring re-operation.','Drop in hemoglobin, hypotension','Coagulopathy','CT abdomen, coagulation profile','Emergency re-exploration and hemostasis','Stabilized after surgery','Not preventable','Underlying bleeding disorder','Preoperative coagulation optimization',1,0,'Hospital Safety Board','2025-01-14',1,'Hematology follow-up','Under Review',2,'2025-12-25 17:10:11');
/*!40000 ALTER TABLE `complications` ENABLE KEYS */;
UNLOCK TABLES;

--
-- Table structure for table `currencies`
--

DROP TABLE IF EXISTS `currencies`;
/*!40101 SET @saved_cs_client     = @@character_set_client */;
/*!40101 SET character_set_client = utf8mb4 */;
CREATE TABLE `currencies` (
  `id` int(11) NOT NULL AUTO_INCREMENT,
  `currency_code` varchar(10) NOT NULL,
  `currency_name` varchar(100) NOT NULL,
  `is_active` tinyint(1) NOT NULL DEFAULT 1,
  `is_default` tinyint(1) NOT NULL DEFAULT 0,
  PRIMARY KEY (`id`),
  UNIQUE KEY `currency_code` (`currency_code`)
) ENGINE=InnoDB AUTO_INCREMENT=7 DEFAULT CHARSET=utf8mb4 COLLATE=utf8mb4_unicode_ci;
/*!40101 SET character_set_client = @saved_cs_client */;

--
-- Dumping data for table `currencies`
--

LOCK TABLES `currencies` WRITE;
/*!40000 ALTER TABLE `currencies` DISABLE KEYS */;
INSERT INTO `currencies` VALUES
(1,'KES','Kenyan Shilling',1,1),
(2,'USD','US Dollar',1,0),
(3,'EUR','Euro',1,0),
(4,'GBP','British Pound',1,0),
(5,'UGX','Ugandan Shilling',1,0),
(6,'TZS','Tanzanian Shilling',1,0);
/*!40000 ALTER TABLE `currencies` ENABLE KEYS */;
UNLOCK TABLES;

--
-- Table structure for table `cwc_visits`
--

DROP TABLE IF EXISTS `cwc_visits`;
/*!40101 SET @saved_cs_client     = @@character_set_client */;
/*!40101 SET character_set_client = utf8mb4 */;
CREATE TABLE `cwc_visits` (
  `cwc_id` int(11) NOT NULL AUTO_INCREMENT,
  `patient_id` int(11) NOT NULL,
  `visit_id` int(11) DEFAULT NULL,
  `weight` decimal(5,2) DEFAULT NULL,
  `height` decimal(5,2) DEFAULT NULL,
  `muac` decimal(4,1) DEFAULT NULL,
  `developmental_milestones` text DEFAULT NULL,
  `vitamin_a_given` enum('Yes','No') DEFAULT 'No',
  `deworming` enum('Yes','No') DEFAULT 'No',
  `created_by` int(11) DEFAULT NULL,
  `created_at` datetime DEFAULT current_timestamp(),
  PRIMARY KEY (`cwc_id`),
  KEY `patient_id` (`patient_id`),
  KEY `visit_id` (`visit_id`)
) ENGINE=InnoDB AUTO_INCREMENT=2 DEFAULT CHARSET=utf8mb4 COLLATE=utf8mb4_general_ci;
/*!40101 SET character_set_client = @saved_cs_client */;

--
-- Dumping data for table `cwc_visits`
--

LOCK TABLES `cwc_visits` WRITE;
/*!40000 ALTER TABLE `cwc_visits` DISABLE KEYS */;
INSERT INTO `cwc_visits` VALUES
(1,7,7,8.00,76.00,13.0,'lesss','Yes','Yes',1,'2025-12-20 09:10:09');
/*!40000 ALTER TABLE `cwc_visits` ENABLE KEYS */;
UNLOCK TABLES;

--
-- Table structure for table `deduction_types`
--

DROP TABLE IF EXISTS `deduction_types`;
/*!40101 SET @saved_cs_client     = @@character_set_client */;
/*!40101 SET character_set_client = utf8mb4 */;
CREATE TABLE `deduction_types` (
  `deduction_id` int(11) NOT NULL AUTO_INCREMENT,
  `name` varchar(100) NOT NULL,
  `description` text DEFAULT NULL,
  `is_percentage` tinyint(4) DEFAULT 0,
  `rate_or_amount` decimal(12,2) DEFAULT NULL,
  `is_statutory` tinyint(4) DEFAULT 0,
  `created_at` timestamp NULL DEFAULT current_timestamp(),
  PRIMARY KEY (`deduction_id`),
  UNIQUE KEY `unique_name` (`name`)
) ENGINE=InnoDB AUTO_INCREMENT=8 DEFAULT CHARSET=utf8mb4 COLLATE=utf8mb4_unicode_ci;
/*!40101 SET character_set_client = @saved_cs_client */;

--
-- Dumping data for table `deduction_types`
--

LOCK TABLES `deduction_types` WRITE;
/*!40000 ALTER TABLE `deduction_types` DISABLE KEYS */;
INSERT INTO `deduction_types` VALUES
(1,'Staff Loan','Employee loan repayment',0,0.00,0,'2025-11-25 16:48:15'),
(2,'Sacco Contribution','Savings and credit cooperative',0,0.00,0,'2025-11-25 16:48:15'),
(3,'Cooperative Shares','Cooperative society shares',0,0.00,0,'2025-11-25 16:48:15'),
(4,'Insurance Premium','Group life insurance',0,0.00,0,'2025-11-25 16:48:15'),
(5,'PAYE','Pay As You Earn Tax',0,0.00,1,'2025-11-25 16:48:15'),
(6,'NHIF','National Hospital Insurance Fund',0,0.00,1,'2025-11-25 16:48:15'),
(7,'NSSF','National Social Security Fund',0,0.00,1,'2025-11-25 16:48:15');
/*!40000 ALTER TABLE `deduction_types` ENABLE KEYS */;
UNLOCK TABLES;

--
-- Table structure for table `departments`
--

DROP TABLE IF EXISTS `departments`;
/*!40101 SET @saved_cs_client     = @@character_set_client */;
/*!40101 SET character_set_client = utf8mb4 */;
CREATE TABLE `departments` (
  `department_id` int(11) NOT NULL AUTO_INCREMENT,
  `department_name` varchar(100) NOT NULL,
  `department_is_active` tinyint(1) NOT NULL DEFAULT 1,
  `department_description` text DEFAULT NULL,
  `department_created_at` timestamp NULL DEFAULT current_timestamp(),
  `department_updated_at` timestamp NULL DEFAULT NULL,
  `department_archived_at` timestamp NULL DEFAULT NULL,
  PRIMARY KEY (`department_id`)
) ENGINE=InnoDB AUTO_INCREMENT=25 DEFAULT CHARSET=utf8mb4 COLLATE=utf8mb4_general_ci;
/*!40101 SET character_set_client = @saved_cs_client */;

--
-- Dumping data for table `departments`
--

LOCK TABLES `departments` WRITE;
/*!40000 ALTER TABLE `departments` DISABLE KEYS */;
INSERT INTO `departments` VALUES
(1,'Emergency Medicine',1,'Provides immediate medical care for acute illnesses and injuries','2025-10-31 21:03:21',NULL,NULL),
(2,'Internal Medicine',1,'General medical care for adult diseases and conditions','2025-10-31 21:03:21',NULL,NULL),
(3,'Pediatrics',1,'Medical care for infants, children, and adolescents','2025-10-31 21:03:21',NULL,NULL),
(4,'Surgery',1,'Surgical procedures and operations','2025-10-31 21:03:21',NULL,NULL),
(5,'Cardiology',1,'Heart and cardiovascular system care','2025-10-31 21:03:21',NULL,NULL),
(6,'Orthopedics',1,'Bone, joint, and muscle care','2025-10-31 21:03:21',NULL,NULL),
(7,'Obstetrics & Gynecology',1,'Women\'s health and childbirth','2025-10-31 21:03:21',NULL,NULL),
(8,'Neurology',1,'Brain and nervous system disorders','2025-10-31 21:03:21',NULL,NULL),
(9,'Oncology',1,'Cancer diagnosis and treatment','2025-10-31 21:03:21',NULL,NULL),
(10,'Psychiatry',1,'Mental health and behavioral disorders','2025-10-31 21:03:21',NULL,NULL),
(11,'Radiology',1,'Medical imaging and diagnostics','2025-10-31 21:03:21',NULL,NULL),
(12,'Intensive Care Unit',1,'Critical care for seriously ill patients','2025-10-31 21:03:21',NULL,NULL),
(13,'IT',1,'','2025-11-25 06:42:18',NULL,NULL),
(14,'Human Resource',1,'','2025-11-25 06:42:41',NULL,NULL),
(15,'Clinical Services',1,NULL,'2025-11-25 16:48:14',NULL,NULL),
(16,'Nursing',1,NULL,'2025-11-25 16:48:14',NULL,NULL),
(17,'Pharmacy',1,NULL,'2025-11-25 16:48:14',NULL,NULL),
(18,'Laboratory',1,NULL,'2025-11-25 16:48:14',NULL,NULL),
(19,'Radiology',1,NULL,'2025-11-25 16:48:14',NULL,NULL),
(20,'Administration',1,NULL,'2025-11-25 16:48:14',NULL,NULL),
(21,'Finance',1,NULL,'2025-11-25 16:48:14',NULL,NULL),
(22,'Human Resources',1,NULL,'2025-11-25 16:48:14',NULL,NULL),
(23,'IT',1,NULL,'2025-11-25 16:48:14',NULL,NULL),
(24,'Maintenance',1,NULL,'2025-11-25 16:48:14',NULL,NULL);
/*!40000 ALTER TABLE `departments` ENABLE KEYS */;
UNLOCK TABLES;

--
-- Table structure for table `diagnoses`
--

DROP TABLE IF EXISTS `diagnoses`;
/*!40101 SET @saved_cs_client     = @@character_set_client */;
/*!40101 SET character_set_client = utf8mb4 */;
CREATE TABLE `diagnoses` (
  `diagnosis_id` int(11) NOT NULL AUTO_INCREMENT,
  `visit_id` int(11) NOT NULL,
  `priority` int(11) NOT NULL DEFAULT 0,
  `patient_id` int(11) NOT NULL,
  `diagnosis_code` varchar(20) DEFAULT NULL,
  `diagnosis_name` varchar(255) NOT NULL,
  `diagnosis_type` enum('primary','secondary','differential') DEFAULT NULL,
  `description` text DEFAULT NULL,
  `diagnosed_by` int(11) NOT NULL,
  `diagnosed_at` timestamp NULL DEFAULT current_timestamp(),
  PRIMARY KEY (`diagnosis_id`),
  KEY `visit_id` (`visit_id`)
) ENGINE=InnoDB DEFAULT CHARSET=utf8mb4 COLLATE=utf8mb4_general_ci;
/*!40101 SET character_set_client = @saved_cs_client */;

--
-- Dumping data for table `diagnoses`
--

LOCK TABLES `diagnoses` WRITE;
/*!40000 ALTER TABLE `diagnoses` DISABLE KEYS */;
/*!40000 ALTER TABLE `diagnoses` ENABLE KEYS */;
UNLOCK TABLES;

--
-- Table structure for table `discharge_checklist_items`
--

DROP TABLE IF EXISTS `discharge_checklist_items`;
/*!40101 SET @saved_cs_client     = @@character_set_client */;
/*!40101 SET character_set_client = utf8mb4 */;
CREATE TABLE `discharge_checklist_items` (
  `checklist_item_id` int(11) NOT NULL AUTO_INCREMENT,
  `preparation_id` int(11) NOT NULL,
  `checklist_category` enum('medical','medications','documentation','financial','transportation','education','belongings','final') NOT NULL,
  `item_description` varchar(255) NOT NULL,
  `status` enum('Pending','Completed','Not Applicable') DEFAULT 'Pending',
  `completed_by` int(11) DEFAULT NULL,
  `completed_at` datetime DEFAULT NULL,
  `notes` text DEFAULT NULL,
  `created_at` timestamp NULL DEFAULT current_timestamp(),
  `updated_at` timestamp NULL DEFAULT current_timestamp() ON UPDATE current_timestamp(),
  `assigned_to` int(11) DEFAULT NULL,
  `item_id` int(11) DEFAULT NULL,
  `item_status` varchar(50) DEFAULT NULL,
  PRIMARY KEY (`checklist_item_id`),
  KEY `idx_prep` (`preparation_id`),
  KEY `idx_category` (`checklist_category`),
  KEY `idx_status` (`status`)
) ENGINE=InnoDB AUTO_INCREMENT=41 DEFAULT CHARSET=utf8mb4 COLLATE=utf8mb4_unicode_ci;
/*!40101 SET character_set_client = @saved_cs_client */;

--
-- Dumping data for table `discharge_checklist_items`
--

LOCK TABLES `discharge_checklist_items` WRITE;
/*!40000 ALTER TABLE `discharge_checklist_items` DISABLE KEYS */;
INSERT INTO `discharge_checklist_items` VALUES
(1,2,'medical','Obtain medical clearance from physician','Pending',NULL,NULL,NULL,'2026-01-18 18:11:05','2026-01-18 18:11:05',NULL,NULL,NULL),
(2,2,'medical','Review final lab results','Pending',NULL,NULL,NULL,'2026-01-18 18:11:05','2026-01-18 18:11:05',NULL,NULL,NULL),
(3,2,'medical','Complete discharge summary','Pending',NULL,NULL,NULL,'2026-01-18 18:11:05','2026-01-18 18:11:05',NULL,NULL,NULL),
(4,2,'medications','Prepare discharge medications','Pending',NULL,NULL,NULL,'2026-01-18 18:11:05','2026-01-18 18:11:05',NULL,NULL,NULL),
(5,2,'medications','Print prescriptions','Pending',NULL,NULL,NULL,'2026-01-18 18:11:05','2026-01-18 18:11:05',NULL,NULL,NULL),
(6,2,'medications','Provide medication education','Pending',NULL,NULL,NULL,'2026-01-18 18:11:05','2026-01-18 18:11:05',NULL,NULL,NULL),
(7,2,'documentation','Complete discharge instructions','Pending',NULL,NULL,NULL,'2026-01-18 18:11:05','2026-01-18 18:11:05',NULL,NULL,NULL),
(8,2,'documentation','Schedule follow-up appointment','Pending',NULL,NULL,NULL,'2026-01-18 18:11:05','2026-01-18 18:11:05',NULL,NULL,NULL),
(9,2,'documentation','Prepare referral letters if needed','Pending',NULL,NULL,NULL,'2026-01-18 18:11:05','2026-01-18 18:11:05',NULL,NULL,NULL),
(10,2,'financial','Clear hospital bills','Pending',NULL,NULL,NULL,'2026-01-18 18:11:05','2026-01-18 18:11:05',NULL,NULL,NULL),
(11,2,'financial','Provide billing summary','Pending',NULL,NULL,NULL,'2026-01-18 18:11:05','2026-01-18 18:11:05',NULL,NULL,NULL),
(12,2,'transportation','Arrange patient transportation','Pending',NULL,NULL,NULL,'2026-01-18 18:11:05','2026-01-18 18:11:05',NULL,NULL,NULL),
(13,2,'education','Provide wound care instructions','Pending',NULL,NULL,NULL,'2026-01-18 18:11:05','2026-01-18 18:11:05',NULL,NULL,NULL),
(14,2,'education','Discuss activity restrictions','Pending',NULL,NULL,NULL,'2026-01-18 18:11:05','2026-01-18 18:11:05',NULL,NULL,NULL),
(15,2,'education','Review warning signs','Pending',NULL,NULL,NULL,'2026-01-18 18:11:05','2026-01-18 18:11:05',NULL,NULL,NULL),
(16,2,'belongings','Return patient belongings','Pending',NULL,NULL,NULL,'2026-01-18 18:11:05','2026-01-18 18:11:05',NULL,NULL,NULL),
(17,2,'belongings','Collect hospital property','Pending',NULL,NULL,NULL,'2026-01-18 18:11:05','2026-01-18 18:11:05',NULL,NULL,NULL),
(18,2,'final','Record final vital signs','Pending',NULL,NULL,NULL,'2026-01-18 18:11:05','2026-01-18 18:11:05',NULL,NULL,NULL),
(19,2,'final','Complete final assessment','Pending',NULL,NULL,NULL,'2026-01-18 18:11:05','2026-01-18 18:11:05',NULL,NULL,NULL),
(20,2,'final','Verify patient readiness','Pending',NULL,NULL,NULL,'2026-01-18 18:11:05','2026-01-18 18:11:05',NULL,NULL,NULL),
(21,3,'medical','Obtain medical clearance from physician','Pending',NULL,NULL,'','2026-01-19 18:14:28','2026-01-19 18:43:14',NULL,NULL,NULL),
(22,3,'medical','Review final lab results','Pending',NULL,NULL,'','2026-01-19 18:14:28','2026-01-19 18:43:14',NULL,NULL,NULL),
(23,3,'medical','Complete discharge summary','Pending',NULL,NULL,'','2026-01-19 18:14:28','2026-01-19 18:43:14',NULL,NULL,NULL),
(24,3,'medications','Prepare discharge medications','Pending',NULL,NULL,'','2026-01-19 18:14:28','2026-01-19 18:43:14',NULL,NULL,NULL),
(25,3,'medications','Print prescriptions','Pending',NULL,NULL,'','2026-01-19 18:14:28','2026-01-19 18:43:14',NULL,NULL,NULL),
(26,3,'medications','Provide medication education','Pending',NULL,NULL,'','2026-01-19 18:14:28','2026-01-19 18:43:14',NULL,NULL,NULL),
(27,3,'documentation','Complete discharge instructions','Pending',NULL,NULL,'','2026-01-19 18:14:28','2026-01-19 18:43:14',NULL,NULL,NULL),
(28,3,'documentation','Schedule follow-up appointment','Pending',NULL,NULL,'','2026-01-19 18:14:28','2026-01-19 18:43:14',NULL,NULL,NULL),
(29,3,'documentation','Prepare referral letters if needed','Pending',NULL,NULL,'','2026-01-19 18:14:28','2026-01-19 18:43:14',NULL,NULL,NULL),
(30,3,'financial','Clear hospital bills','Pending',NULL,NULL,'','2026-01-19 18:14:28','2026-01-19 18:43:14',NULL,NULL,NULL),
(31,3,'financial','Provide billing summary','Pending',NULL,NULL,'','2026-01-19 18:14:28','2026-01-19 18:43:14',NULL,NULL,NULL),
(32,3,'transportation','Arrange patient transportation','Pending',NULL,NULL,'','2026-01-19 18:14:28','2026-01-19 18:43:14',NULL,NULL,NULL),
(33,3,'education','Provide wound care instructions','Pending',NULL,NULL,'','2026-01-19 18:14:28','2026-01-19 18:43:14',NULL,NULL,NULL),
(34,3,'education','Discuss activity restrictions','Pending',NULL,NULL,'','2026-01-19 18:14:28','2026-01-19 18:43:14',NULL,NULL,NULL),
(35,3,'education','Review warning signs','Pending',NULL,NULL,'','2026-01-19 18:14:28','2026-01-19 18:43:14',NULL,NULL,NULL),
(36,3,'belongings','Return patient belongings','Pending',NULL,NULL,'','2026-01-19 18:14:28','2026-01-19 18:43:14',NULL,NULL,NULL),
(37,3,'belongings','Collect hospital property','Pending',NULL,NULL,'','2026-01-19 18:14:28','2026-01-19 18:43:14',NULL,NULL,NULL),
(38,3,'final','Record final vital signs','Pending',NULL,NULL,'','2026-01-19 18:14:28','2026-01-19 18:43:14',NULL,NULL,NULL),
(39,3,'final','Complete final assessment','Pending',NULL,NULL,'','2026-01-19 18:14:28','2026-01-19 18:43:14',NULL,NULL,NULL),
(40,3,'final','Verify patient readiness','Pending',NULL,NULL,'','2026-01-19 18:14:28','2026-01-19 18:43:14',NULL,NULL,NULL);
/*!40000 ALTER TABLE `discharge_checklist_items` ENABLE KEYS */;
UNLOCK TABLES;

--
-- Table structure for table `discharge_preparations`
--

DROP TABLE IF EXISTS `discharge_preparations`;
/*!40101 SET @saved_cs_client     = @@character_set_client */;
/*!40101 SET character_set_client = utf8mb4 */;
CREATE TABLE `discharge_preparations` (
  `preparation_id` int(11) NOT NULL AUTO_INCREMENT,
  `visit_id` int(11) NOT NULL,
  `patient_id` int(11) NOT NULL,
  `discharge_date` date DEFAULT NULL,
  `discharge_time` time DEFAULT NULL,
  `discharge_type` varchar(50) DEFAULT NULL,
  `discharge_status` enum('pending','in_progress','completed','cancelled') DEFAULT 'pending',
  `medical_clearance_obtained` tinyint(1) DEFAULT 0,
  `clearance_physician_id` int(11) DEFAULT NULL,
  `clearance_date` date DEFAULT NULL,
  `clearance_notes` text DEFAULT NULL,
  `medications_ready` tinyint(1) DEFAULT 0,
  `medications_dispensed` tinyint(1) DEFAULT 0,
  `medication_instructions` text DEFAULT NULL,
  `prescriptions_printed` tinyint(1) DEFAULT 0,
  `discharge_summary_ready` tinyint(1) DEFAULT 0,
  `patient_instructions_ready` tinyint(1) DEFAULT 0,
  `followup_appointment_scheduled` tinyint(1) DEFAULT 0,
  `followup_date` date DEFAULT NULL,
  `followup_physician_id` int(11) DEFAULT NULL,
  `followup_notes` text DEFAULT NULL,
  `billing_cleared` tinyint(1) DEFAULT 0,
  `billing_amount` decimal(12,2) DEFAULT 0.00,
  `billing_paid` decimal(12,2) DEFAULT 0.00,
  `billing_balance` decimal(12,2) DEFAULT 0.00,
  `billing_notes` text DEFAULT NULL,
  `transportation_arranged` tinyint(1) DEFAULT 0,
  `transportation_type` varchar(50) DEFAULT NULL,
  `transportation_details` text DEFAULT NULL,
  `education_completed` tinyint(1) DEFAULT 0,
  `education_topics` text DEFAULT NULL,
  `education_notes` text DEFAULT NULL,
  `belongings_returned` tinyint(1) DEFAULT 0,
  `belongings_verified_by` int(11) DEFAULT NULL,
  `special_equipment_required` tinyint(1) DEFAULT 0,
  `equipment_details` text DEFAULT NULL,
  `home_care_arranged` tinyint(1) DEFAULT 0,
  `home_care_details` text DEFAULT NULL,
  `final_vitals_recorded` tinyint(1) DEFAULT 0,
  `final_assessment_done` tinyint(1) DEFAULT 0,
  `patient_ready_for_discharge` tinyint(1) DEFAULT 0,
  `notes` text DEFAULT NULL,
  `created_by` int(11) NOT NULL,
  `created_at` timestamp NULL DEFAULT current_timestamp(),
  `updated_at` timestamp NULL DEFAULT current_timestamp() ON UPDATE current_timestamp(),
  `discharged_by` int(11) DEFAULT NULL,
  `admission_id` int(11) DEFAULT NULL,
  PRIMARY KEY (`preparation_id`),
  KEY `idx_discharge_visit` (`visit_id`),
  KEY `idx_discharge_patient` (`patient_id`),
  KEY `idx_discharge_status` (`discharge_status`)
) ENGINE=InnoDB AUTO_INCREMENT=4 DEFAULT CHARSET=utf8mb4 COLLATE=utf8mb4_unicode_ci;
/*!40101 SET character_set_client = @saved_cs_client */;

--
-- Dumping data for table `discharge_preparations`
--

LOCK TABLES `discharge_preparations` WRITE;
/*!40000 ALTER TABLE `discharge_preparations` DISABLE KEYS */;
INSERT INTO `discharge_preparations` VALUES
(1,75,7,'2026-01-16','10:00:00','routine','pending',1,NULL,'2026-01-19','',1,1,'',1,1,1,1,'2026-01-26',NULL,'',1,NULL,NULL,NULL,'',0,'','',0,'','',0,NULL,0,'',0,'',0,0,0,'TEST',1,'2026-01-15 18:15:12','2026-01-15 18:43:41',NULL,NULL),
(2,3,1,'2026-01-19','10:00:00','routine','pending',0,NULL,NULL,'',0,0,'',0,0,0,0,NULL,NULL,'',0,NULL,NULL,NULL,'',0,'','',0,'','',0,NULL,0,'',0,'',0,0,0,'',1,'2026-01-18 18:11:05','2026-01-18 18:11:05',NULL,NULL),
(3,12,4,'2026-01-20','10:00:00','planned','pending',1,1,'2026-01-19','',0,0,'',0,0,0,0,NULL,NULL,'',0,NULL,NULL,NULL,'',0,'','',0,'','',0,NULL,0,'',0,'',0,0,0,'',1,'2026-01-19 18:14:28','2026-01-19 18:46:40',NULL,NULL);
/*!40000 ALTER TABLE `discharge_preparations` ENABLE KEYS */;
UNLOCK TABLES;

--
-- Table structure for table `discharge_summaries`
--

DROP TABLE IF EXISTS `discharge_summaries`;
/*!40101 SET @saved_cs_client     = @@character_set_client */;
/*!40101 SET character_set_client = utf8mb4 */;
CREATE TABLE `discharge_summaries` (
  `summary_id` int(11) NOT NULL AUTO_INCREMENT,
  `visit_id` int(11) NOT NULL,
  `patient_id` int(11) NOT NULL,
  `admission_date` date DEFAULT NULL,
  `discharge_date` date DEFAULT NULL,
  `admission_diagnosis` text DEFAULT NULL,
  `discharge_diagnosis` text DEFAULT NULL,
  `procedures_performed` text DEFAULT NULL,
  `treatment_summary` text DEFAULT NULL,
  `condition_on_discharge` enum('improved','resolved','stable','unchanged','worsened') DEFAULT NULL,
  `follow_up_instructions` text DEFAULT NULL,
  `medications_on_discharge` text DEFAULT NULL,
  `next_appointment_date` date DEFAULT NULL,
  `summary_by` int(11) NOT NULL,
  `created_at` timestamp NULL DEFAULT current_timestamp(),
  PRIMARY KEY (`summary_id`),
  KEY `visit_id` (`visit_id`)
) ENGINE=InnoDB AUTO_INCREMENT=4 DEFAULT CHARSET=utf8mb4 COLLATE=utf8mb4_general_ci;
/*!40101 SET character_set_client = @saved_cs_client */;

--
-- Dumping data for table `discharge_summaries`
--

LOCK TABLES `discharge_summaries` WRITE;
/*!40000 ALTER TABLE `discharge_summaries` DISABLE KEYS */;
INSERT INTO `discharge_summaries` VALUES
(2,19,12,'2025-11-12','2025-11-12','test','Final Diagnosis:\\r\\n\\r\\n- E11.9: test (Primary)\\r\\ntest','test','Treatment Summary:\\r\\ntest','improved','Follow-up Instructions:\\r\\n\\r\\n1. Continue prescribed medications as directed\\r\\n2. Monitor for any worsening symptoms\\r\\n3. Maintain follow-up appointments\\r\\n4. Follow recommended lifestyle modifications\\r\\n5. Contact healthcare provider if concerns arise','test','2025-11-26',1,'2025-11-12 09:58:18'),
(3,3,3,'2025-11-13','2025-11-13','test','Final Diagnosis:\\r\\ntest\\r\\n- I10: test (Primary)','','Treatment Summary:\\r\\ntest','improved','Follow-up Instructions:\\r\\n\\r\\n1. Continue prescribed medications as directed\\r\\n2. Monitor for any worsening symptoms\\r\\n3. Maintain follow-up appointments\\r\\n4. Follow recommended lifestyle modifications\\r\\n5. Contact healthcare provider if concerns arise','tet','2025-11-27',1,'2025-11-13 13:10:37');
/*!40000 ALTER TABLE `discharge_summaries` ENABLE KEYS */;
UNLOCK TABLES;

--
-- Table structure for table `disciplinary_actions`
--

DROP TABLE IF EXISTS `disciplinary_actions`;
/*!40101 SET @saved_cs_client     = @@character_set_client */;
/*!40101 SET character_set_client = utf8mb4 */;
CREATE TABLE `disciplinary_actions` (
  `action_id` int(11) NOT NULL AUTO_INCREMENT,
  `incident_id` int(11) NOT NULL,
  `action_type` enum('verbal_warning','written_warning','final_warning','suspension','demotion','salary_deduction','termination','no_action') NOT NULL,
  `effective_date` date NOT NULL,
  `expiry_date` date DEFAULT NULL,
  `notes` text DEFAULT NULL,
  `created_at` timestamp NULL DEFAULT current_timestamp(),
  PRIMARY KEY (`action_id`),
  KEY `incident_id` (`incident_id`)
) ENGINE=InnoDB AUTO_INCREMENT=2 DEFAULT CHARSET=utf8mb4 COLLATE=utf8mb4_unicode_ci;
/*!40101 SET character_set_client = @saved_cs_client */;

--
-- Dumping data for table `disciplinary_actions`
--

LOCK TABLES `disciplinary_actions` WRITE;
/*!40000 ALTER TABLE `disciplinary_actions` DISABLE KEYS */;
INSERT INTO `disciplinary_actions` VALUES
(1,1,'final_warning','2025-11-26','2027-12-10','test','2025-11-26 16:36:51');
/*!40000 ALTER TABLE `disciplinary_actions` ENABLE KEYS */;
UNLOCK TABLES;

--
-- Table structure for table `disciplinary_appeals`
--

DROP TABLE IF EXISTS `disciplinary_appeals`;
/*!40101 SET @saved_cs_client     = @@character_set_client */;
/*!40101 SET character_set_client = utf8mb4 */;
CREATE TABLE `disciplinary_appeals` (
  `appeal_id` int(11) NOT NULL AUTO_INCREMENT,
  `action_id` int(11) NOT NULL,
  `appeal_date` date NOT NULL,
  `appeal_reason` text DEFAULT NULL,
  `outcome` enum('upheld','overturned','modified','pending') DEFAULT 'pending',
  `outcome_notes` text DEFAULT NULL,
  `created_at` timestamp NULL DEFAULT current_timestamp(),
  PRIMARY KEY (`appeal_id`),
  KEY `action_id` (`action_id`)
) ENGINE=InnoDB AUTO_INCREMENT=2 DEFAULT CHARSET=utf8mb4 COLLATE=utf8mb4_unicode_ci;
/*!40101 SET character_set_client = @saved_cs_client */;

--
-- Dumping data for table `disciplinary_appeals`
--

LOCK TABLES `disciplinary_appeals` WRITE;
/*!40000 ALTER TABLE `disciplinary_appeals` DISABLE KEYS */;
INSERT INTO `disciplinary_appeals` VALUES
(1,1,'2025-11-26','test','overturned','test','2025-11-26 16:37:01');
/*!40000 ALTER TABLE `disciplinary_appeals` ENABLE KEYS */;
UNLOCK TABLES;

--
-- Table structure for table `disciplinary_hearings`
--

DROP TABLE IF EXISTS `disciplinary_hearings`;
/*!40101 SET @saved_cs_client     = @@character_set_client */;
/*!40101 SET character_set_client = utf8mb4 */;
CREATE TABLE `disciplinary_hearings` (
  `hearing_id` int(11) NOT NULL AUTO_INCREMENT,
  `incident_id` int(11) NOT NULL,
  `hearing_date` datetime NOT NULL,
  `chairperson_id` int(11) NOT NULL,
  `minutes` text DEFAULT NULL,
  `created_at` timestamp NULL DEFAULT current_timestamp(),
  PRIMARY KEY (`hearing_id`),
  KEY `incident_id` (`incident_id`),
  KEY `chairperson_id` (`chairperson_id`)
) ENGINE=InnoDB DEFAULT CHARSET=utf8mb4 COLLATE=utf8mb4_unicode_ci;
/*!40101 SET character_set_client = @saved_cs_client */;

--
-- Dumping data for table `disciplinary_hearings`
--

LOCK TABLES `disciplinary_hearings` WRITE;
/*!40000 ALTER TABLE `disciplinary_hearings` DISABLE KEYS */;
/*!40000 ALTER TABLE `disciplinary_hearings` ENABLE KEYS */;
UNLOCK TABLES;

--
-- Table structure for table `disciplinary_records`
--

DROP TABLE IF EXISTS `disciplinary_records`;
/*!40101 SET @saved_cs_client     = @@character_set_client */;
/*!40101 SET character_set_client = utf8mb4 */;
CREATE TABLE `disciplinary_records` (
  `record_id` int(11) NOT NULL AUTO_INCREMENT,
  `employee_id` int(11) NOT NULL,
  `offense` varchar(255) NOT NULL,
  `offense_date` date NOT NULL,
  `action_taken` text DEFAULT NULL,
  `severity` enum('Low','Medium','High','Critical') DEFAULT 'Medium',
  `status` enum('Open','Closed','Appealed') DEFAULT 'Open',
  `issued_by` int(11) NOT NULL,
  `issued_at` timestamp NULL DEFAULT current_timestamp(),
  `resolved_at` datetime DEFAULT NULL,
  `notes` text DEFAULT NULL,
  PRIMARY KEY (`record_id`),
  KEY `issued_by` (`issued_by`),
  KEY `idx_employee` (`employee_id`),
  KEY `idx_status` (`status`),
  KEY `idx_offense_date` (`offense_date`)
) ENGINE=InnoDB DEFAULT CHARSET=utf8mb4 COLLATE=utf8mb4_unicode_ci;
/*!40101 SET character_set_client = @saved_cs_client */;

--
-- Dumping data for table `disciplinary_records`
--

LOCK TABLES `disciplinary_records` WRITE;
/*!40000 ALTER TABLE `disciplinary_records` DISABLE KEYS */;
/*!40000 ALTER TABLE `disciplinary_records` ENABLE KEYS */;
UNLOCK TABLES;

--
-- Table structure for table `doctor_consultations`
--

DROP TABLE IF EXISTS `doctor_consultations`;
/*!40101 SET @saved_cs_client     = @@character_set_client */;
/*!40101 SET character_set_client = utf8mb4 */;
CREATE TABLE `doctor_consultations` (
  `consultation_id` int(11) NOT NULL AUTO_INCREMENT,
  `visit_id` bigint(20) NOT NULL,
  `patient_id` bigint(20) NOT NULL,
  `chief_complaint` text DEFAULT NULL,
  `history_present_illness` text DEFAULT NULL,
  `past_medical_history` text DEFAULT NULL,
  `allergies` text DEFAULT NULL,
  `medications` text DEFAULT NULL,
  `family_history` text DEFAULT NULL,
  `social_history` text DEFAULT NULL,
  `review_of_systems` text DEFAULT NULL,
  `general_appearance` text DEFAULT NULL,
  `vital_signs` text DEFAULT NULL,
  `head_neck` text DEFAULT NULL,
  `chest_lungs` text DEFAULT NULL,
  `cardiovascular` text DEFAULT NULL,
  `abdomen` text DEFAULT NULL,
  `neurological` text DEFAULT NULL,
  `musculoskeletal` text DEFAULT NULL,
  `skin` text DEFAULT NULL,
  `other_exam` text DEFAULT NULL,
  `primary_diagnosis` varchar(255) DEFAULT NULL,
  `secondary_diagnosis` varchar(255) DEFAULT NULL,
  `differential_diagnosis` varchar(255) DEFAULT NULL,
  `icd10_codes` varchar(255) DEFAULT NULL,
  `investigations` text DEFAULT NULL,
  `medication_plan` text DEFAULT NULL,
  `procedures` text DEFAULT NULL,
  `follow_up` text DEFAULT NULL,
  `patient_education` text DEFAULT NULL,
  `referrals` text DEFAULT NULL,
  `clinical_notes` text DEFAULT NULL,
  `consultation_date` date DEFAULT NULL,
  `consultation_time` time DEFAULT NULL,
  `consultation_status` varchar(50) DEFAULT NULL,
  `recorded_by` int(11) DEFAULT NULL,
  `created_at` datetime DEFAULT current_timestamp(),
  `updated_at` datetime DEFAULT current_timestamp(),
  PRIMARY KEY (`consultation_id`),
  KEY `doctor_consultations_ibfk_1` (`visit_id`),
  KEY `doctor_consultations_ibfk_2` (`patient_id`),
  CONSTRAINT `doctor_consultations_ibfk_1` FOREIGN KEY (`visit_id`) REFERENCES `visits` (`visit_id`),
  CONSTRAINT `doctor_consultations_ibfk_2` FOREIGN KEY (`patient_id`) REFERENCES `patients` (`patient_id`)
) ENGINE=InnoDB AUTO_INCREMENT=4 DEFAULT CHARSET=utf8mb4 COLLATE=utf8mb4_unicode_ci;
/*!40101 SET character_set_client = @saved_cs_client */;

--
-- Dumping data for table `doctor_consultations`
--

LOCK TABLES `doctor_consultations` WRITE;
/*!40000 ALTER TABLE `doctor_consultations` DISABLE KEYS */;
INSERT INTO `doctor_consultations` VALUES
(3,2,1,'test','zxvz','zxvzxv','zvzv','zvzv','zvvz','zvzz','[\"HEENT: Vision Changes\",\"Genitourinary: Hematuria\",\"Genitourinary: Discharge\"]','zzv','zvzv','vzv','zvzv','zvv','zvzvv','zvv','vzv','vzvz','zvvz','zvvz','zvvz','vzzv','zvvz','vzzv','vzv','zvv','zvvz','zvvz','vzvz','vzzv','2026-01-18','00:00:22','completed',1,'2026-01-18 22:17:08','2026-01-18 22:29:32');
/*!40000 ALTER TABLE `doctor_consultations` ENABLE KEYS */;
UNLOCK TABLES;

--
-- Table structure for table `doctor_notes`
--

DROP TABLE IF EXISTS `doctor_notes`;
/*!40101 SET @saved_cs_client     = @@character_set_client */;
/*!40101 SET character_set_client = utf8mb4 */;
CREATE TABLE `doctor_notes` (
  `note_id` int(11) NOT NULL AUTO_INCREMENT,
  `visit_id` int(11) NOT NULL,
  `patient_id` int(11) NOT NULL,
  `note_date` date NOT NULL,
  `note_type` enum('progress','consultation','procedure','follow_up','discharge') NOT NULL,
  `subjective` text DEFAULT NULL,
  `objective` text DEFAULT NULL,
  `assessment` text DEFAULT NULL,
  `plan` text DEFAULT NULL,
  `clinical_notes` text DEFAULT NULL,
  `recommendations` text DEFAULT NULL,
  `status` enum('draft','finalized') DEFAULT 'draft',
  `recorded_by` int(11) NOT NULL,
  `recorded_at` timestamp NULL DEFAULT current_timestamp(),
  `updated_at` timestamp NULL DEFAULT current_timestamp() ON UPDATE current_timestamp(),
  PRIMARY KEY (`note_id`),
  KEY `recorded_by` (`recorded_by`),
  KEY `idx_visit_id` (`visit_id`),
  KEY `idx_patient_id` (`patient_id`),
  KEY `idx_note_date` (`note_date`),
  KEY `idx_status` (`status`)
) ENGINE=InnoDB AUTO_INCREMENT=12 DEFAULT CHARSET=utf8mb4 COLLATE=utf8mb4_general_ci;
/*!40101 SET character_set_client = @saved_cs_client */;

--
-- Dumping data for table `doctor_notes`
--

LOCK TABLES `doctor_notes` WRITE;
/*!40000 ALTER TABLE `doctor_notes` DISABLE KEYS */;
INSERT INTO `doctor_notes` VALUES
(1,19,12,'2025-11-12','progress','test','test','test','test','test','test','draft',1,'2025-11-12 09:07:45','2025-11-12 09:07:45'),
(2,2,1,'2025-11-13','progress','test','test','test','test','test','test','draft',1,'2025-11-13 12:02:21','2025-11-13 12:02:21'),
(3,1,2,'2025-11-14','consultation','test','test','test','test','test','test','draft',1,'2025-11-14 08:31:41','2025-11-14 08:31:41'),
(4,4,4,'2025-11-21','progress','test','test','test','test','test','test','draft',1,'2025-11-21 18:28:01','2025-11-21 18:28:01'),
(5,7,7,'2025-12-18','discharge','Patient reports feeling much improved. Ready for discharge.','Vital signs stable. All discharge criteria met.','Medically stable for discharge.','Discharge home. Follow-up with PCP in 1 week.','','','finalized',1,'2025-12-18 11:48:37','2025-12-18 11:52:46'),
(6,7,7,'2025-12-20','follow_up','Wound healing well. Minimal pain reported. No signs of infection.','Wound clean and dry. No erythema or discharge.','Post-operative recovery progressing well.','Continue wound care. Schedule next follow-up in 2 weeks.','','','draft',1,'2025-12-20 18:42:20','2025-12-20 18:42:20'),
(7,75,7,'2026-01-16','discharge','Symptoms worsening, increased pain, difficulty breathing.','Clinical deterioration noted. Vital signs concerning.','Condition deteriorating, requires intervention.','Increase monitoring frequency. Consider treatment adjustment.','Discharge instructions provided.','Follow-up appointment scheduled.','finalized',1,'2026-01-16 09:08:31','2026-01-16 09:10:17'),
(8,12,4,'2026-01-19','discharge','Patient ready for discharge. Reports feeling well and able to continue recovery at home.','Vital signs stable: BP 120/80, HR 72, RR 16, Temp 36.8°C. Physical exam within normal limits.','Condition improved and stable for discharge. Treatment goals achieved.','Discharge home with follow-up care. Provide discharge instructions.','Patient understands discharge instructions and medications.','Follow-up appointment scheduled. Take medications as prescribed.','finalized',1,'2026-01-19 18:41:54','2026-01-19 18:41:54'),
(9,14,5,'2026-01-22','discharge','Patient ready for discharge.','Stable for discharge.','Meets discharge criteria.','Discharge with follow-up.','Discharge instructions provided.','Follow-up appointment scheduled.','finalized',1,'2026-01-22 11:51:55','2026-01-22 11:51:55'),
(10,4,4,'2026-01-27','discharge','Patient ready for discharge. Reports feeling well and able to continue recovery at home.','Vital signs stable: BP 120/80, HR 72, RR 16, Temp 36.8°C. Physical exam within normal limits.','Condition improved and stable for discharge. Treatment goals achieved.','Discharge home with follow-up care. Provide discharge instructions.','Patient understands discharge instructions and medications.','Follow-up appointment scheduled. Take medications as prescribed.','finalized',1,'2026-01-27 10:47:15','2026-01-27 10:47:15'),
(11,16,7,'2026-01-29','progress','Patient reports feeling well. No new complaints.','Vital signs stable. Physical exam within normal limits.','Patient condition stable. Treatment plan effective.','Continue current treatment. Follow-up as scheduled.','Patient comfortable and cooperative.','Maintain current medication regimen.','finalized',1,'2026-01-29 19:00:47','2026-01-29 19:00:47');
/*!40000 ALTER TABLE `doctor_notes` ENABLE KEYS */;
UNLOCK TABLES;

--
-- Table structure for table `doctor_rounds`
--

DROP TABLE IF EXISTS `doctor_rounds`;
/*!40101 SET @saved_cs_client     = @@character_set_client */;
/*!40101 SET character_set_client = utf8mb4 */;
CREATE TABLE `doctor_rounds` (
  `doctor_round_id` bigint(20) NOT NULL AUTO_INCREMENT,
  `ipd_admission_id` bigint(20) NOT NULL,
  `visit_id` bigint(20) NOT NULL,
  `doctor_id` bigint(20) NOT NULL,
  `round_time` time NOT NULL,
  `round_type` enum('MORNING','EVENING','SPECIAL','OTHER') DEFAULT 'MORNING',
  `subjective_note` text DEFAULT NULL,
  `objective_note` text DEFAULT NULL,
  `assessment_note` text DEFAULT NULL,
  `plan_note` text DEFAULT NULL,
  `vital_signs` longtext CHARACTER SET utf8mb4 COLLATE utf8mb4_bin DEFAULT NULL CHECK (json_valid(`vital_signs`)),
  `examination_findings` text DEFAULT NULL,
  `investigations_ordered` text DEFAULT NULL,
  `medications_prescribed` text DEFAULT NULL,
  `recommendations` text DEFAULT NULL,
  `next_round_date` date DEFAULT NULL,
  `round_status` enum('COMPLETED','PENDING','CANCELLED') DEFAULT 'COMPLETED',
  `created_by` bigint(20) NOT NULL,
  `updated_by` bigint(20) DEFAULT NULL,
  `created_at` datetime DEFAULT current_timestamp(),
  `updated_at` datetime DEFAULT current_timestamp() ON UPDATE current_timestamp(),
  `verified_by` int(11) DEFAULT NULL,
  `round_datetime` datetime DEFAULT NULL,
  PRIMARY KEY (`doctor_round_id`),
  KEY `idx_ipd_admission_id` (`ipd_admission_id`),
  KEY `idx_visit_id` (`visit_id`),
  KEY `idx_doctor_id` (`doctor_id`),
  KEY `idx_round_status` (`round_status`)
) ENGINE=InnoDB AUTO_INCREMENT=2 DEFAULT CHARSET=utf8mb4 COLLATE=utf8mb4_unicode_ci;
/*!40101 SET character_set_client = @saved_cs_client */;

--
-- Dumping data for table `doctor_rounds`
--

LOCK TABLES `doctor_rounds` WRITE;
/*!40000 ALTER TABLE `doctor_rounds` DISABLE KEYS */;
INSERT INTO `doctor_rounds` VALUES
(1,1,3,1,'13:38:00','MORNING','test','test','test','test','{\"temperature\":\"35\",\"pulse_rate\":\"72\",\"respiratory_rate\":\"16\",\"blood_pressure_systolic\":\"120\",\"blood_pressure_diastolic\":\"80\",\"oxygen_saturation\":\"98\",\"pain_score\":null}','test','test','tes','test','2026-01-19','COMPLETED',1,NULL,'2026-01-18 13:47:14','2026-01-18 13:47:14',NULL,'2026-01-18 13:38:00');
/*!40000 ALTER TABLE `doctor_rounds` ENABLE KEYS */;
UNLOCK TABLES;

--
-- Table structure for table `documents`
--

DROP TABLE IF EXISTS `documents`;
/*!40101 SET @saved_cs_client     = @@character_set_client */;
/*!40101 SET character_set_client = utf8mb4 */;
CREATE TABLE `documents` (
  `document_id` int(11) NOT NULL AUTO_INCREMENT,
  `document_name` varchar(200) NOT NULL,
  `document_description` text DEFAULT NULL,
  `document_content` longtext NOT NULL,
  `document_content_raw` longtext NOT NULL,
  `document_important` tinyint(1) NOT NULL DEFAULT 0,
  `document_client_visible` int(11) NOT NULL DEFAULT 1,
  `document_created_at` datetime NOT NULL DEFAULT current_timestamp(),
  `document_updated_at` datetime DEFAULT NULL ON UPDATE current_timestamp(),
  `document_archived_at` datetime DEFAULT NULL,
  `document_accessed_at` datetime DEFAULT NULL,
  `document_folder_id` int(11) NOT NULL DEFAULT 0,
  `document_created_by` int(11) NOT NULL DEFAULT 0,
  `document_updated_by` int(11) NOT NULL DEFAULT 0,
  `document_client_id` int(11) NOT NULL DEFAULT 0,
  PRIMARY KEY (`document_id`),
  FULLTEXT KEY `document_content_raw` (`document_content_raw`)
) ENGINE=InnoDB DEFAULT CHARSET=utf8mb4 COLLATE=utf8mb4_general_ci;
/*!40101 SET character_set_client = @saved_cs_client */;

--
-- Dumping data for table `documents`
--

LOCK TABLES `documents` WRITE;
/*!40000 ALTER TABLE `documents` DISABLE KEYS */;
/*!40000 ALTER TABLE `documents` ENABLE KEYS */;
UNLOCK TABLES;

--
-- Table structure for table `drug_administration`
--

DROP TABLE IF EXISTS `drug_administration`;
/*!40101 SET @saved_cs_client     = @@character_set_client */;
/*!40101 SET character_set_client = utf8mb4 */;
CREATE TABLE `drug_administration` (
  `administration_id` int(11) NOT NULL AUTO_INCREMENT,
  `visit_id` int(11) NOT NULL,
  `patient_id` int(11) NOT NULL,
  `scheduled_by` int(11) NOT NULL,
  `drug_name` varchar(255) NOT NULL,
  `dosage` varchar(100) DEFAULT NULL,
  `route` enum('oral','iv','im','sc','topical','inhalation','rectal','other') DEFAULT NULL,
  `frequency` varchar(100) DEFAULT NULL,
  `time_scheduled` time DEFAULT NULL,
  `time_administered` time DEFAULT NULL,
  `administered_by` int(11) DEFAULT NULL,
  `administer_notes` text DEFAULT NULL,
  `status` enum('scheduled','given','refused','held','cancelled') DEFAULT 'scheduled',
  `notes` text DEFAULT NULL,
  `recorded_by` int(11) NOT NULL,
  `recorded_at` timestamp NULL DEFAULT current_timestamp(),
  PRIMARY KEY (`administration_id`),
  KEY `visit_id` (`visit_id`),
  KEY `patient_id` (`patient_id`),
  KEY `administered_by` (`administered_by`),
  KEY `recorded_by` (`recorded_by`)
) ENGINE=InnoDB AUTO_INCREMENT=4 DEFAULT CHARSET=utf8mb4 COLLATE=utf8mb4_general_ci;
/*!40101 SET character_set_client = @saved_cs_client */;

--
-- Dumping data for table `drug_administration`
--

LOCK TABLES `drug_administration` WRITE;
/*!40000 ALTER TABLE `drug_administration` DISABLE KEYS */;
INSERT INTO `drug_administration` VALUES
(1,14,19,1,'test','200','oral','tiesw','12:02:00','16:45:00',1,'','given','test',1,'2025-11-12 05:33:10'),
(2,1,2,1,'Paracetamol','500mg','oral','6-8 hourly','11:00:00','19:59:00',1,'','given','',1,'2025-11-14 07:25:32'),
(3,1,2,1,'Amoxicillin','500mg','oral','8 hourly','21:00:00','20:01:00',1,'','given','',1,'2025-11-14 17:01:40');
/*!40000 ALTER TABLE `drug_administration` ENABLE KEYS */;
UNLOCK TABLES;

--
-- Table structure for table `drug_requisitions`
--

DROP TABLE IF EXISTS `drug_requisitions`;
/*!40101 SET @saved_cs_client     = @@character_set_client */;
/*!40101 SET character_set_client = utf8mb4 */;
CREATE TABLE `drug_requisitions` (
  `requisition_id` int(11) NOT NULL AUTO_INCREMENT,
  `requisition_number` varchar(100) NOT NULL,
  `requisition_from_location` varchar(100) DEFAULT NULL,
  `requisition_to_location` varchar(100) DEFAULT NULL,
  `requisition_date` date NOT NULL,
  `requisition_status` enum('pending','approved','rejected','issued','received') DEFAULT 'pending',
  `requisition_notes` text DEFAULT NULL,
  `requisition_created_by` int(11) NOT NULL,
  `requisition_approved_by` int(11) DEFAULT NULL,
  `requisition_approved_at` datetime DEFAULT NULL,
  `requisition_issued_at` datetime DEFAULT NULL,
  `requisition_archived_at` datetime DEFAULT NULL,
  `requisition_created_at` timestamp NULL DEFAULT current_timestamp(),
  PRIMARY KEY (`requisition_id`),
  UNIQUE KEY `requisition_number` (`requisition_number`),
  KEY `requisition_created_by` (`requisition_created_by`),
  KEY `requisition_approved_by` (`requisition_approved_by`),
  KEY `idx_requisition_status` (`requisition_status`),
  KEY `idx_requisition_date` (`requisition_date`)
) ENGINE=InnoDB AUTO_INCREMENT=16 DEFAULT CHARSET=utf8mb4 COLLATE=utf8mb4_general_ci;
/*!40101 SET character_set_client = @saved_cs_client */;

--
-- Dumping data for table `drug_requisitions`
--

LOCK TABLES `drug_requisitions` WRITE;
/*!40000 ALTER TABLE `drug_requisitions` DISABLE KEYS */;
INSERT INTO `drug_requisitions` VALUES
(1,'REQ-20251102-6631','Main Pharmacy','Ward Stock','2025-11-02','pending',NULL,1,NULL,NULL,NULL,NULL,'2025-11-02 04:02:48'),
(2,'REQ-20251102-6556','Main Pharmacy','Ward Stock','2025-11-02','pending',NULL,1,NULL,NULL,NULL,NULL,'2025-11-02 04:07:26'),
(3,'REQ-20251102-9668','Main Pharmacy','Ward Stock','2025-11-02','pending',NULL,1,NULL,NULL,NULL,NULL,'2025-11-02 04:07:39'),
(4,'REQ-20251102-9768','Main Pharmacy','Ward Stock','2025-11-02','pending',NULL,1,NULL,NULL,NULL,NULL,'2025-11-02 04:12:44'),
(5,'REQ-20251102-3431','Main Pharmacy','Ward Stock','2025-11-02','pending',NULL,1,NULL,NULL,NULL,NULL,'2025-11-02 04:13:01'),
(6,'REQ-20251102-6824','Main Pharmacy','Ward Stock','2025-11-02','pending',NULL,1,NULL,NULL,NULL,NULL,'2025-11-02 04:13:07'),
(7,'REQ-20251104-4775','Main Pharmacy','Ward Stock','2025-11-04','pending',NULL,1,NULL,NULL,NULL,NULL,'2025-11-04 14:03:28'),
(8,'REQ-20251105-8000','Main Pharmacy','Ward Stock','2025-11-05','pending',NULL,1,NULL,NULL,NULL,NULL,'2025-11-05 00:38:02'),
(9,'REQ-20251105-2485','Main Pharmacy','Ward Stock','2025-11-05','pending',NULL,1,NULL,NULL,NULL,NULL,'2025-11-05 00:38:10'),
(10,'REQ-20251105-1387','Main Pharmacy','Ward Stock','2025-11-05','pending',NULL,1,NULL,NULL,NULL,NULL,'2025-11-05 00:38:20'),
(11,'REQ-20251105-1125','Main Pharmacy','Ward Stock','2025-11-05','pending',NULL,1,NULL,NULL,NULL,NULL,'2025-11-05 00:38:23'),
(12,'REQ-20251105-1102','Main Pharmacy','Ward Stock','2025-11-05','pending',NULL,1,NULL,NULL,NULL,NULL,'2025-11-05 00:38:25'),
(13,'REQ-20251105-6281','Main Pharmacy','Ward Stock','2025-11-05','pending',NULL,1,NULL,NULL,NULL,NULL,'2025-11-05 00:38:31'),
(14,'REQ-20251106-1400','Main Pharmacy','Ward Stock','2025-11-06','pending',NULL,1,NULL,NULL,NULL,NULL,'2025-11-05 22:46:04'),
(15,'REQ-20251106-1575','Main Pharmacy','Ward Stock','2025-11-06','pending',NULL,1,NULL,NULL,NULL,NULL,'2025-11-05 22:51:07');
/*!40000 ALTER TABLE `drug_requisitions` ENABLE KEYS */;
UNLOCK TABLES;

--
-- Table structure for table `drug_transfers`
--

DROP TABLE IF EXISTS `drug_transfers`;
/*!40101 SET @saved_cs_client     = @@character_set_client */;
/*!40101 SET character_set_client = utf8mb4 */;
CREATE TABLE `drug_transfers` (
  `transfer_id` int(11) NOT NULL AUTO_INCREMENT,
  `transfer_number` varchar(100) NOT NULL,
  `transfer_from_location` varchar(100) DEFAULT NULL,
  `transfer_to_location` varchar(100) DEFAULT NULL,
  `transfer_date` date NOT NULL,
  `transfer_status` enum('pending','in_transit','completed','cancelled') DEFAULT 'pending',
  `transfer_notes` text DEFAULT NULL,
  `transfer_created_by` int(11) NOT NULL,
  `transfer_archived_at` datetime DEFAULT NULL,
  `transfer_created_at` timestamp NULL DEFAULT current_timestamp(),
  PRIMARY KEY (`transfer_id`),
  UNIQUE KEY `transfer_number` (`transfer_number`),
  KEY `transfer_created_by` (`transfer_created_by`),
  KEY `idx_transfer_status` (`transfer_status`)
) ENGINE=InnoDB AUTO_INCREMENT=8 DEFAULT CHARSET=utf8mb4 COLLATE=utf8mb4_general_ci;
/*!40101 SET character_set_client = @saved_cs_client */;

--
-- Dumping data for table `drug_transfers`
--

LOCK TABLES `drug_transfers` WRITE;
/*!40000 ALTER TABLE `drug_transfers` DISABLE KEYS */;
INSERT INTO `drug_transfers` VALUES
(1,'TRF-20251102-2088','Main Pharmacy','Ward Stock','2025-11-02','pending',NULL,1,NULL,'2025-11-02 04:13:59'),
(2,'TRF-20251102-6869','Main Pharmacy','Ward Stock','2025-11-02','pending',NULL,1,NULL,'2025-11-02 04:18:37'),
(3,'TRF-20251102-2089','Main Pharmacy','Ward Stock','2025-11-02','pending',NULL,1,NULL,'2025-11-02 04:33:34'),
(4,'TRF-20251102-8110','Main Pharmacy','Ward Stock','2025-11-02','pending',NULL,1,NULL,'2025-11-02 04:34:29'),
(5,'TRF-20251102-8555','Main Pharmacy','Ward Stock','2025-11-02','pending',NULL,1,NULL,'2025-11-02 04:34:37'),
(6,'TRF-20251106-3599','Main Pharmacy','Ward Stock','2025-11-06','pending',NULL,1,NULL,'2025-11-05 22:23:04'),
(7,'TRF-20251107-8505','Main Pharmacy','Ward Stock','2025-11-07','pending',NULL,1,NULL,'2025-11-07 16:46:05');
/*!40000 ALTER TABLE `drug_transfers` ENABLE KEYS */;
UNLOCK TABLES;

--
-- Table structure for table `drugs`
--

DROP TABLE IF EXISTS `drugs`;
/*!40101 SET @saved_cs_client     = @@character_set_client */;
/*!40101 SET character_set_client = utf8mb4 */;
CREATE TABLE `drugs` (
  `drug_id` int(11) NOT NULL AUTO_INCREMENT,
  `drug_name` varchar(255) NOT NULL,
  `drug_generic_name` varchar(255) DEFAULT NULL,
  `drug_form` varchar(100) DEFAULT NULL,
  `drug_strength` varchar(100) DEFAULT NULL,
  `drug_manufacturer` varchar(255) DEFAULT NULL,
  `drug_category` varchar(100) DEFAULT NULL,
  `drug_description` text DEFAULT NULL,
  `drug_is_active` tinyint(1) DEFAULT 1,
  `drug_archived_at` datetime DEFAULT NULL,
  `drug_created_at` timestamp NULL DEFAULT current_timestamp(),
  `drug_updated_at` timestamp NULL DEFAULT current_timestamp() ON UPDATE current_timestamp(),
  `drug_created_by` int(11) DEFAULT NULL,
  `drug_updated_by` int(11) DEFAULT NULL,
  PRIMARY KEY (`drug_id`),
  KEY `idx_drug_category` (`drug_category`),
  KEY `idx_drug_active` (`drug_is_active`),
  KEY `idx_drug_name` (`drug_name`)
) ENGINE=InnoDB AUTO_INCREMENT=13 DEFAULT CHARSET=utf8mb4 COLLATE=utf8mb4_general_ci;
/*!40101 SET character_set_client = @saved_cs_client */;

--
-- Dumping data for table `drugs`
--

LOCK TABLES `drugs` WRITE;
/*!40000 ALTER TABLE `drugs` DISABLE KEYS */;
INSERT INTO `drugs` VALUES
(1,'amoxicilin','','Syrup','500mg','Eli Lilly','Antifungal','',1,NULL,'2025-11-23 11:37:59','2025-11-23 11:37:59',NULL,NULL),
(2,'amocilin','','Syrup','500mg','GSK','Antiviral','',1,NULL,'2025-11-23 11:38:31','2025-11-23 11:38:31',NULL,NULL),
(3,'Paracetamol 500mg','Paracetamol','Tablet','600mg','','Antibiotic','',1,NULL,'2025-11-28 16:27:57','2025-11-28 16:27:57',NULL,NULL),
(4,'Ibuprofen 400mg','','Tablet','400mg','Roche','Antibiotic','',1,NULL,'2025-11-29 04:08:37','2025-11-29 04:08:37',NULL,NULL),
(5,'MAR MOJA','','Tablet','250mg','Novartis','Antibiotic','',1,NULL,'2025-12-03 10:59:04','2025-12-03 10:59:04',NULL,NULL),
(12,'test','test','Tablet','250','GSK','Analgesic','test',1,NULL,'2026-01-16 12:04:05','2026-01-16 12:04:05',1,NULL);
/*!40000 ALTER TABLE `drugs` ENABLE KEYS */;
UNLOCK TABLES;

--
-- Table structure for table `emergency_activities`
--

DROP TABLE IF EXISTS `emergency_activities`;
/*!40101 SET @saved_cs_client     = @@character_set_client */;
/*!40101 SET character_set_client = utf8mb4 */;
CREATE TABLE `emergency_activities` (
  `activity_id` int(11) NOT NULL AUTO_INCREMENT,
  `case_id` int(11) NOT NULL,
  `activity_type` varchar(50) DEFAULT NULL,
  `activity_description` text DEFAULT NULL,
  `created_by` int(11) DEFAULT NULL,
  `created_at` datetime DEFAULT current_timestamp(),
  PRIMARY KEY (`activity_id`),
  KEY `case_id` (`case_id`),
  KEY `created_by` (`created_by`)
) ENGINE=InnoDB DEFAULT CHARSET=utf8mb4 COLLATE=utf8mb4_unicode_ci;
/*!40101 SET character_set_client = @saved_cs_client */;

--
-- Dumping data for table `emergency_activities`
--

LOCK TABLES `emergency_activities` WRITE;
/*!40000 ALTER TABLE `emergency_activities` DISABLE KEYS */;
/*!40000 ALTER TABLE `emergency_activities` ENABLE KEYS */;
UNLOCK TABLES;

--
-- Table structure for table `emergency_alerts`
--

DROP TABLE IF EXISTS `emergency_alerts`;
/*!40101 SET @saved_cs_client     = @@character_set_client */;
/*!40101 SET character_set_client = utf8mb4 */;
CREATE TABLE `emergency_alerts` (
  `alert_id` int(11) NOT NULL AUTO_INCREMENT,
  `visit_id` int(11) NOT NULL,
  `alert_type` enum('critical','urgent','routine') NOT NULL,
  `alert_message` text DEFAULT NULL,
  `sent_by` int(11) DEFAULT NULL,
  `sent_at` timestamp NULL DEFAULT current_timestamp(),
  `acknowledged_by` int(11) DEFAULT NULL,
  `acknowledged_at` timestamp NULL DEFAULT NULL,
  `response_time` int(11) DEFAULT NULL,
  PRIMARY KEY (`alert_id`),
  KEY `sent_by` (`sent_by`),
  KEY `acknowledged_by` (`acknowledged_by`),
  KEY `idx_visit_alert` (`visit_id`,`sent_at` DESC)
) ENGINE=InnoDB DEFAULT CHARSET=utf8mb4 COLLATE=utf8mb4_unicode_ci;
/*!40101 SET character_set_client = @saved_cs_client */;

--
-- Dumping data for table `emergency_alerts`
--

LOCK TABLES `emergency_alerts` WRITE;
/*!40000 ALTER TABLE `emergency_alerts` DISABLE KEYS */;
/*!40000 ALTER TABLE `emergency_alerts` ENABLE KEYS */;
UNLOCK TABLES;

--
-- Table structure for table `emergency_cases`
--

DROP TABLE IF EXISTS `emergency_cases`;
/*!40101 SET @saved_cs_client     = @@character_set_client */;
/*!40101 SET character_set_client = utf8mb4 */;
CREATE TABLE `emergency_cases` (
  `case_id` int(11) NOT NULL AUTO_INCREMENT,
  `case_number` varchar(20) NOT NULL,
  `visit_id` int(11) DEFAULT NULL,
  `patient_id` int(11) NOT NULL,
  `triage_category` enum('1','2','3','4','5') NOT NULL,
  `mechanism_of_injury` varchar(50) DEFAULT NULL,
  `is_trauma` tinyint(1) DEFAULT 0,
  `requires_surgery` tinyint(1) DEFAULT 0,
  `vitals` longtext CHARACTER SET utf8mb4 COLLATE utf8mb4_bin DEFAULT NULL CHECK (json_valid(`vitals`)),
  `presenting_complaint` text DEFAULT NULL,
  `allergies` text DEFAULT NULL,
  `medications` text DEFAULT NULL,
  `notes` text DEFAULT NULL,
  `case_status` enum('triage','active','admitted','discharged','transferred','death') DEFAULT 'triage',
  `disposition` varchar(50) DEFAULT NULL,
  `disposition_time` datetime DEFAULT NULL,
  `created_by` int(11) NOT NULL,
  `created_at` datetime DEFAULT current_timestamp(),
  `updated_at` datetime DEFAULT current_timestamp() ON UPDATE current_timestamp(),
  PRIMARY KEY (`case_id`),
  UNIQUE KEY `case_number` (`case_number`),
  KEY `patient_id` (`patient_id`),
  KEY `visit_id` (`visit_id`),
  KEY `created_by` (`created_by`)
) ENGINE=InnoDB AUTO_INCREMENT=5 DEFAULT CHARSET=utf8mb4 COLLATE=utf8mb4_unicode_ci;
/*!40101 SET character_set_client = @saved_cs_client */;

--
-- Dumping data for table `emergency_cases`
--

LOCK TABLES `emergency_cases` WRITE;
/*!40000 ALTER TABLE `emergency_cases` DISABLE KEYS */;
/*!40000 ALTER TABLE `emergency_cases` ENABLE KEYS */;
UNLOCK TABLES;

--
-- Table structure for table `emergency_visits`
--

DROP TABLE IF EXISTS `emergency_visits`;
/*!40101 SET @saved_cs_client     = @@character_set_client */;
/*!40101 SET character_set_client = utf8mb4 */;
CREATE TABLE `emergency_visits` (
  `emergency_visit_id` bigint(20) NOT NULL AUTO_INCREMENT,
  `visit_id` bigint(20) NOT NULL,
  `emergency_number` varchar(30) NOT NULL,
  `arrival_datetime` datetime NOT NULL,
  `arrival_mode` enum('WALK_IN','AMBULANCE','POLICE','REFERRAL') NOT NULL,
  `referred_from` varchar(150) DEFAULT NULL,
  `triage_category` enum('RED','YELLOW','GREEN','BLACK') NOT NULL,
  `triaged_by` bigint(20) DEFAULT NULL,
  `emergency_outcome` enum('DISCHARGED','ADMITTED_IPD','REFERRED','DIED') DEFAULT NULL,
  `ward_id` int(11) DEFAULT NULL,
  `bed_id` int(11) DEFAULT NULL,
  `ipd_admission_id` bigint(20) DEFAULT NULL,
  `payment_mode` enum('CASH','NHIF','INSURANCE','WAIVER') NOT NULL,
  `insurance_id` bigint(20) DEFAULT NULL,
  `invoice_id` bigint(20) DEFAULT NULL,
  `bill_generated` tinyint(1) DEFAULT 0,
  `nurse_id` bigint(20) DEFAULT NULL,
  `treated_by` bigint(20) DEFAULT NULL,
  `created_at` datetime DEFAULT current_timestamp(),
  `updated_at` datetime DEFAULT current_timestamp() ON UPDATE current_timestamp(),
  PRIMARY KEY (`emergency_visit_id`),
  UNIQUE KEY `visit_id` (`visit_id`),
  UNIQUE KEY `emergency_number` (`emergency_number`),
  CONSTRAINT `emergency_visits_ibfk_1` FOREIGN KEY (`visit_id`) REFERENCES `visits` (`visit_id`) ON DELETE CASCADE
) ENGINE=InnoDB AUTO_INCREMENT=2 DEFAULT CHARSET=utf8mb4 COLLATE=utf8mb4_unicode_ci;
/*!40101 SET character_set_client = @saved_cs_client */;

--
-- Dumping data for table `emergency_visits`
--

LOCK TABLES `emergency_visits` WRITE;
/*!40000 ALTER TABLE `emergency_visits` DISABLE KEYS */;
INSERT INTO `emergency_visits` VALUES
(1,2,'ER-000301','2026-01-18 22:05:00','AMBULANCE',NULL,'RED',202,'ADMITTED_IPD',NULL,NULL,NULL,'NHIF',NULL,NULL,0,202,102,'2026-01-17 11:17:34','2026-01-17 11:17:34');
/*!40000 ALTER TABLE `emergency_visits` ENABLE KEYS */;
UNLOCK TABLES;

--
-- Table structure for table `employee_allowances`
--

DROP TABLE IF EXISTS `employee_allowances`;
/*!40101 SET @saved_cs_client     = @@character_set_client */;
/*!40101 SET character_set_client = utf8mb4 */;
CREATE TABLE `employee_allowances` (
  `id` int(11) NOT NULL AUTO_INCREMENT,
  `employee_id` int(11) NOT NULL,
  `allowance_id` int(11) NOT NULL,
  `amount` decimal(12,2) NOT NULL,
  `start_date` date DEFAULT NULL,
  `end_date` date DEFAULT NULL,
  `is_active` tinyint(4) DEFAULT 1,
  `created_at` timestamp NULL DEFAULT current_timestamp(),
  PRIMARY KEY (`id`),
  KEY `idx_employee` (`employee_id`),
  KEY `idx_allowance` (`allowance_id`),
  KEY `idx_active` (`is_active`)
) ENGINE=InnoDB DEFAULT CHARSET=utf8mb4 COLLATE=utf8mb4_unicode_ci;
/*!40101 SET character_set_client = @saved_cs_client */;

--
-- Dumping data for table `employee_allowances`
--

LOCK TABLES `employee_allowances` WRITE;
/*!40000 ALTER TABLE `employee_allowances` DISABLE KEYS */;
/*!40000 ALTER TABLE `employee_allowances` ENABLE KEYS */;
UNLOCK TABLES;

--
-- Table structure for table `employee_contracts`
--

DROP TABLE IF EXISTS `employee_contracts`;
/*!40101 SET @saved_cs_client     = @@character_set_client */;
/*!40101 SET character_set_client = utf8mb4 */;
CREATE TABLE `employee_contracts` (
  `contract_id` int(11) NOT NULL AUTO_INCREMENT,
  `employee_id` int(11) NOT NULL,
  `start_date` date NOT NULL,
  `end_date` date DEFAULT NULL,
  `terms` text DEFAULT NULL,
  `contract_file` varchar(255) DEFAULT NULL,
  `created_at` timestamp NULL DEFAULT current_timestamp(),
  PRIMARY KEY (`contract_id`),
  KEY `idx_employee` (`employee_id`),
  KEY `idx_dates` (`start_date`,`end_date`)
) ENGINE=InnoDB AUTO_INCREMENT=4 DEFAULT CHARSET=utf8mb4 COLLATE=utf8mb4_unicode_ci;
/*!40101 SET character_set_client = @saved_cs_client */;

--
-- Dumping data for table `employee_contracts`
--

LOCK TABLES `employee_contracts` WRITE;
/*!40000 ALTER TABLE `employee_contracts` DISABLE KEYS */;
INSERT INTO `employee_contracts` VALUES
(1,1,'2025-11-25','2025-11-28','',NULL,'2025-11-25 17:26:20'),
(2,2,'2025-11-25','2025-11-25','',NULL,'2025-11-25 19:50:28'),
(3,1,'2025-12-20','2027-12-31','',NULL,'2025-12-20 19:06:48');
/*!40000 ALTER TABLE `employee_contracts` ENABLE KEYS */;
UNLOCK TABLES;

--
-- Table structure for table `employee_deductions`
--

DROP TABLE IF EXISTS `employee_deductions`;
/*!40101 SET @saved_cs_client     = @@character_set_client */;
/*!40101 SET character_set_client = utf8mb4 */;
CREATE TABLE `employee_deductions` (
  `emp_ded_id` int(11) NOT NULL AUTO_INCREMENT,
  `employee_id` int(11) NOT NULL,
  `deduction_id` int(11) NOT NULL,
  `start_date` date DEFAULT NULL,
  `end_date` date DEFAULT NULL,
  `balance` decimal(12,2) DEFAULT NULL,
  `monthly_amount` decimal(12,2) DEFAULT NULL,
  `is_active` tinyint(4) DEFAULT 1,
  `created_at` timestamp NULL DEFAULT current_timestamp(),
  PRIMARY KEY (`emp_ded_id`),
  KEY `idx_employee` (`employee_id`),
  KEY `idx_deduction` (`deduction_id`),
  KEY `idx_active` (`is_active`)
) ENGINE=InnoDB DEFAULT CHARSET=utf8mb4 COLLATE=utf8mb4_unicode_ci;
/*!40101 SET character_set_client = @saved_cs_client */;

--
-- Dumping data for table `employee_deductions`
--

LOCK TABLES `employee_deductions` WRITE;
/*!40000 ALTER TABLE `employee_deductions` DISABLE KEYS */;
/*!40000 ALTER TABLE `employee_deductions` ENABLE KEYS */;
UNLOCK TABLES;

--
-- Table structure for table `employee_documents`
--

DROP TABLE IF EXISTS `employee_documents`;
/*!40101 SET @saved_cs_client     = @@character_set_client */;
/*!40101 SET character_set_client = utf8mb4 */;
CREATE TABLE `employee_documents` (
  `document_id` int(11) NOT NULL AUTO_INCREMENT,
  `employee_id` int(11) NOT NULL,
  `document_type` enum('CV','Contract','Certificate','ID','Academic','Other') NOT NULL,
  `document_name` varchar(255) NOT NULL,
  `file_path` varchar(500) NOT NULL,
  `file_size` int(11) DEFAULT NULL,
  `uploaded_by` int(11) NOT NULL,
  `uploaded_at` timestamp NULL DEFAULT current_timestamp(),
  PRIMARY KEY (`document_id`),
  KEY `uploaded_by` (`uploaded_by`),
  KEY `idx_employee` (`employee_id`),
  KEY `idx_document_type` (`document_type`)
) ENGINE=InnoDB DEFAULT CHARSET=utf8mb4 COLLATE=utf8mb4_unicode_ci;
/*!40101 SET character_set_client = @saved_cs_client */;

--
-- Dumping data for table `employee_documents`
--

LOCK TABLES `employee_documents` WRITE;
/*!40000 ALTER TABLE `employee_documents` DISABLE KEYS */;
/*!40000 ALTER TABLE `employee_documents` ENABLE KEYS */;
UNLOCK TABLES;

--
-- Table structure for table `employee_responses`
--

DROP TABLE IF EXISTS `employee_responses`;
/*!40101 SET @saved_cs_client     = @@character_set_client */;
/*!40101 SET character_set_client = utf8mb4 */;
CREATE TABLE `employee_responses` (
  `response_id` int(11) NOT NULL AUTO_INCREMENT,
  `show_cause_id` int(11) NOT NULL,
  `response_date` date NOT NULL,
  `response_text` text DEFAULT NULL,
  `created_at` timestamp NULL DEFAULT current_timestamp(),
  PRIMARY KEY (`response_id`),
  KEY `show_cause_id` (`show_cause_id`)
) ENGINE=InnoDB DEFAULT CHARSET=utf8mb4 COLLATE=utf8mb4_unicode_ci;
/*!40101 SET character_set_client = @saved_cs_client */;

--
-- Dumping data for table `employee_responses`
--

LOCK TABLES `employee_responses` WRITE;
/*!40000 ALTER TABLE `employee_responses` DISABLE KEYS */;
/*!40000 ALTER TABLE `employee_responses` ENABLE KEYS */;
UNLOCK TABLES;

--
-- Table structure for table `employees`
--

DROP TABLE IF EXISTS `employees`;
/*!40101 SET @saved_cs_client     = @@character_set_client */;
/*!40101 SET character_set_client = utf8mb4 */;
CREATE TABLE `employees` (
  `employee_id` int(11) NOT NULL AUTO_INCREMENT,
  `employee_number` varchar(50) NOT NULL,
  `first_name` varchar(100) NOT NULL,
  `last_name` varchar(100) NOT NULL,
  `gender` enum('Male','Female','Other') NOT NULL,
  `national_id` varchar(20) NOT NULL,
  `kra_pin` varchar(20) NOT NULL,
  `nssf_number` varchar(30) DEFAULT NULL,
  `nhif_number` varchar(30) DEFAULT NULL,
  `date_of_birth` date NOT NULL,
  `phone` varchar(20) DEFAULT NULL,
  `email` varchar(100) DEFAULT NULL,
  `address` text DEFAULT NULL,
  `department_id` int(11) DEFAULT NULL,
  `job_title_id` int(11) DEFAULT NULL,
  `hire_date` date NOT NULL,
  `contract_type` enum('Permanent','Contract','Locum','Casual') NOT NULL,
  `employment_status` enum('Active','Inactive','Terminated','Suspended') DEFAULT 'Active',
  `basic_salary` decimal(12,2) DEFAULT 0.00,
  `bank_name` varchar(100) DEFAULT NULL,
  `bank_branch` varchar(100) DEFAULT NULL,
  `bank_account` varchar(50) DEFAULT NULL,
  `created_by` int(11) DEFAULT NULL,
  `created_at` timestamp NULL DEFAULT current_timestamp(),
  `updated_at` timestamp NULL DEFAULT current_timestamp() ON UPDATE current_timestamp(),
  PRIMARY KEY (`employee_id`),
  UNIQUE KEY `employee_number` (`employee_number`),
  UNIQUE KEY `national_id` (`national_id`),
  UNIQUE KEY `kra_pin` (`kra_pin`),
  KEY `idx_department` (`department_id`),
  KEY `idx_job_title` (`job_title_id`),
  KEY `idx_employment_status` (`employment_status`),
  KEY `idx_employee_number` (`employee_number`)
) ENGINE=InnoDB AUTO_INCREMENT=3 DEFAULT CHARSET=utf8mb4 COLLATE=utf8mb4_unicode_ci;
/*!40101 SET character_set_client = @saved_cs_client */;

--
-- Dumping data for table `employees`
--

LOCK TABLES `employees` WRITE;
/*!40000 ALTER TABLE `employees` DISABLE KEYS */;
INSERT INTO `employees` VALUES
(1,'SYS001','Humphrey','Lidwaji','Male','35738324','A000000000A','2428482488','24642774762','1990-01-01','+254700000000','lidwaji7@gmail.com','KISUMU',20,10,'2025-11-25','Contract','Active',800000.00,'KCB','SIAYA','263638383',1,'2025-11-25 16:48:17','2025-12-20 19:06:22'),
(2,'EMP20251125565','JACKSON ','IRAUSA','Male','626262626','A123456789H','','','2007-10-28','','','',21,8,'2025-11-25','Permanent','Active',20000.00,'KCB','NAIROBI','345678909876',1,'2025-11-25 19:49:09','2025-11-26 05:29:00');
/*!40000 ALTER TABLE `employees` ENABLE KEYS */;
UNLOCK TABLES;

--
-- Table structure for table `equipment_maintenance_log`
--

DROP TABLE IF EXISTS `equipment_maintenance_log`;
/*!40101 SET @saved_cs_client     = @@character_set_client */;
/*!40101 SET character_set_client = utf8mb4 */;
CREATE TABLE `equipment_maintenance_log` (
  `log_id` int(11) NOT NULL AUTO_INCREMENT,
  `equipment_id` int(11) NOT NULL,
  `maintenance_type` enum('routine','repair','calibration','inspection') DEFAULT 'routine',
  `maintenance_date` date NOT NULL,
  `performed_by` varchar(100) DEFAULT NULL,
  `cost` decimal(10,2) DEFAULT NULL,
  `description` text DEFAULT NULL,
  `parts_replaced` text DEFAULT NULL,
  `next_maintenance_date` date DEFAULT NULL,
  `technician_notes` text DEFAULT NULL,
  `status` enum('completed','scheduled','in_progress','cancelled') DEFAULT 'completed',
  `created_at` timestamp NULL DEFAULT current_timestamp(),
  `created_by` int(11) DEFAULT NULL,
  PRIMARY KEY (`log_id`),
  KEY `idx_equipment_id` (`equipment_id`),
  KEY `idx_maintenance_date` (`maintenance_date`),
  KEY `idx_maintenance_type` (`maintenance_type`)
) ENGINE=InnoDB DEFAULT CHARSET=utf8mb4 COLLATE=utf8mb4_general_ci;
/*!40101 SET character_set_client = @saved_cs_client */;

--
-- Dumping data for table `equipment_maintenance_log`
--

LOCK TABLES `equipment_maintenance_log` WRITE;
/*!40000 ALTER TABLE `equipment_maintenance_log` DISABLE KEYS */;
/*!40000 ALTER TABLE `equipment_maintenance_log` ENABLE KEYS */;
UNLOCK TABLES;

--
-- Table structure for table `equipment_usage`
--

DROP TABLE IF EXISTS `equipment_usage`;
/*!40101 SET @saved_cs_client     = @@character_set_client */;
/*!40101 SET character_set_client = utf8mb4 */;
CREATE TABLE `equipment_usage` (
  `usage_id` int(11) NOT NULL AUTO_INCREMENT,
  `case_id` int(11) NOT NULL,
  `equipment_name` varchar(255) NOT NULL,
  `equipment_type` varchar(100) DEFAULT NULL,
  `serial_number` varchar(100) DEFAULT NULL,
  `manufacturer` varchar(255) DEFAULT NULL,
  `model` varchar(100) DEFAULT NULL,
  `quantity` int(11) DEFAULT 1,
  `usage_start_time` datetime DEFAULT NULL,
  `usage_end_time` datetime DEFAULT NULL,
  `duration_minutes` int(11) DEFAULT NULL,
  `condition_before` varchar(50) DEFAULT NULL,
  `condition_after` varchar(50) DEFAULT NULL,
  `notes` text DEFAULT NULL,
  `created_by` int(11) DEFAULT NULL,
  `created_at` timestamp NULL DEFAULT current_timestamp(),
  `updated_by` int(11) DEFAULT NULL,
  `updated_at` timestamp NULL DEFAULT current_timestamp() ON UPDATE current_timestamp(),
  PRIMARY KEY (`usage_id`),
  KEY `created_by` (`created_by`),
  KEY `updated_by` (`updated_by`),
  KEY `idx_equipment_usage_case_id` (`case_id`)
) ENGINE=InnoDB DEFAULT CHARSET=utf8mb4 COLLATE=utf8mb4_unicode_ci;
/*!40101 SET character_set_client = @saved_cs_client */;

--
-- Dumping data for table `equipment_usage`
--

LOCK TABLES `equipment_usage` WRITE;
/*!40000 ALTER TABLE `equipment_usage` DISABLE KEYS */;
/*!40000 ALTER TABLE `equipment_usage` ENABLE KEYS */;
UNLOCK TABLES;

--
-- Table structure for table `examinations`
--

DROP TABLE IF EXISTS `examinations`;
/*!40101 SET @saved_cs_client     = @@character_set_client */;
/*!40101 SET character_set_client = utf8mb4 */;
CREATE TABLE `examinations` (
  `exam_id` int(11) NOT NULL AUTO_INCREMENT,
  `visit_id` int(11) NOT NULL,
  `patient_id` int(11) NOT NULL,
  `examination_date` date NOT NULL,
  `examination_type` enum('general','cardiovascular','respiratory','abdominal','neurological','musculoskeletal','dermatological','ent','ophthalmic','comprehensive') NOT NULL,
  `examination_findings` text DEFAULT NULL,
  `clinical_notes` text DEFAULT NULL,
  `assessment` text DEFAULT NULL,
  `vital_signs` text DEFAULT NULL,
  `systems_review` text DEFAULT NULL,
  `status` enum('draft','finalized') DEFAULT 'draft',
  `examined_by` int(11) NOT NULL,
  `examined_at` timestamp NULL DEFAULT current_timestamp(),
  `updated_at` timestamp NULL DEFAULT current_timestamp() ON UPDATE current_timestamp(),
  PRIMARY KEY (`exam_id`),
  KEY `examined_by` (`examined_by`),
  KEY `idx_visit_id` (`visit_id`),
  KEY `idx_patient_id` (`patient_id`),
  KEY `idx_examination_date` (`examination_date`),
  KEY `idx_examination_type` (`examination_type`),
  KEY `idx_status` (`status`)
) ENGINE=InnoDB AUTO_INCREMENT=8 DEFAULT CHARSET=utf8mb4 COLLATE=utf8mb4_general_ci;
/*!40101 SET character_set_client = @saved_cs_client */;

--
-- Dumping data for table `examinations`
--

LOCK TABLES `examinations` WRITE;
/*!40000 ALTER TABLE `examinations` DISABLE KEYS */;
INSERT INTO `examinations` VALUES
(1,19,12,'2025-11-12','general','TEST','TEST','TEST','TEST','TEST','draft',1,'2025-11-12 09:37:27','2025-11-12 09:37:27'),
(2,2,1,'2025-11-13','general','test','test','test','test','test','draft',1,'2025-11-13 10:29:10','2025-11-13 10:29:10'),
(3,2,1,'2025-11-13','general','test','test','test','test','test','draft',1,'2025-11-13 11:32:45','2025-11-13 11:32:45'),
(4,1,2,'2025-11-16','dermatological','test','test','test','test','test','draft',1,'2025-11-16 09:19:13','2025-11-16 09:19:13'),
(5,4,4,'2025-11-21','abdominal','test','test','test','','test','draft',1,'2025-11-21 18:27:10','2025-11-21 18:27:10'),
(6,6,6,'2025-12-18','cardiovascular','Regular rate and rhythm, no murmurs, gallops, or rubs. Peripheral pulses 2+ and equal bilaterally.','Cardiac exam unremarkable','','','','draft',1,'2025-12-18 08:51:24','2025-12-18 08:51:24'),
(7,7,7,'2025-12-20','cardiovascular','Regular rate and rhythm, no murmurs, gallops, or rubs. Peripheral pulses 2+ and equal bilaterally.','Cardiac exam unremarkable','','','','draft',1,'2025-12-20 19:02:39','2025-12-20 19:02:39');
/*!40000 ALTER TABLE `examinations` ENABLE KEYS */;
UNLOCK TABLES;

--
-- Table structure for table `facilities`
--

DROP TABLE IF EXISTS `facilities`;
/*!40101 SET @saved_cs_client     = @@character_set_client */;
/*!40101 SET character_set_client = utf8mb4 */;
CREATE TABLE `facilities` (
  `facility_id` int(11) NOT NULL AUTO_INCREMENT,
  `facility_internal_code` varchar(20) NOT NULL,
  `mfl_code` varchar(20) NOT NULL,
  `facility_name` varchar(200) NOT NULL,
  `facility_level` enum('LEVEL_2','LEVEL_3','LEVEL_4','LEVEL_5','LEVEL_6') NOT NULL,
  `facility_type` enum('DISPENSARY','HEALTH_CENTER','SUB_COUNTY_HOSPITAL','COUNTY_REFERRAL','NATIONAL_REFERRAL','CLINIC') NOT NULL,
  `ownership` enum('MOH','COUNTY','PRIVATE','FAITH_BASED','NGO','ARMED_FORCES') NOT NULL,
  `county` varchar(100) NOT NULL,
  `sub_county` varchar(100) NOT NULL,
  `ward` varchar(100) NOT NULL,
  `physical_address` varchar(200) DEFAULT NULL,
  `phone` varchar(30) DEFAULT NULL,
  `email` varchar(100) DEFAULT NULL,
  `sha_facility_code` varchar(30) DEFAULT NULL,
  `nhif_accreditation_status` enum('ACCREDITED','PENDING','SUSPENDED') DEFAULT 'PENDING',
  `kra_pin` varchar(30) DEFAULT NULL,
  `is_active` tinyint(1) DEFAULT 1,
  `created_at` datetime DEFAULT current_timestamp(),
  `updated_at` datetime DEFAULT current_timestamp() ON UPDATE current_timestamp(),
  `created_by` int(11) DEFAULT NULL,
  `update_by` int(11) DEFAULT NULL,
  `updated_by` int(11) DEFAULT NULL,
  PRIMARY KEY (`facility_id`),
  UNIQUE KEY `facility_internal_code` (`facility_internal_code`),
  UNIQUE KEY `mfl_code` (`mfl_code`)
) ENGINE=InnoDB AUTO_INCREMENT=3 DEFAULT CHARSET=utf8mb4 COLLATE=utf8mb4_unicode_ci;
/*!40101 SET character_set_client = @saved_cs_client */;

--
-- Dumping data for table `facilities`
--

LOCK TABLES `facilities` WRITE;
/*!40000 ALTER TABLE `facilities` DISABLE KEYS */;
INSERT INTO `facilities` VALUES
(1,'CLINICEMR001','123456','CLINICEMR Health Centre','LEVEL_3','HEALTH_CENTER','PRIVATE','Nairobi','Westlands','Kangemi','123 Clinic Road, Nairobi','0712345678','info@clinicemr.co.ke','SHA-123456','ACCREDITED','P123456789K',1,'2026-01-17 12:51:26','2026-01-17 12:51:26',NULL,NULL,NULL),
(2,'KAV3688','KSC12345678','KAVULUDI SURGICAL CENTRE','LEVEL_2','CLINIC','PRIVATE','Vihiga','HAMISI','SHAMAKOHO','','0798530739','kavuludi@gmail.com','712713183081bnnc','ACCREDITED','A121313131A',0,'2026-01-17 13:13:09','2026-01-17 13:13:09',1,NULL,1);
/*!40000 ALTER TABLE `facilities` ENABLE KEYS */;
UNLOCK TABLES;

--
-- Table structure for table `facility_master`
--

DROP TABLE IF EXISTS `facility_master`;
/*!40101 SET @saved_cs_client     = @@character_set_client */;
/*!40101 SET character_set_client = utf8mb4 */;
CREATE TABLE `facility_master` (
  `facility_id` int(11) NOT NULL AUTO_INCREMENT,
  `facility_code` varchar(20) NOT NULL,
  `facility_name` varchar(255) NOT NULL,
  `facility_type` enum('National','County','Sub-County','Health Center','Dispensary','Clinic') NOT NULL,
  `county` varchar(100) NOT NULL,
  `sub_county` varchar(100) DEFAULT NULL,
  `ward` varchar(100) DEFAULT NULL,
  `is_active` tinyint(1) DEFAULT 1,
  `created_at` datetime DEFAULT current_timestamp(),
  PRIMARY KEY (`facility_id`),
  UNIQUE KEY `facility_code` (`facility_code`)
) ENGINE=InnoDB DEFAULT CHARSET=utf8mb4 COLLATE=utf8mb4_general_ci;
/*!40101 SET character_set_client = @saved_cs_client */;

--
-- Dumping data for table `facility_master`
--

LOCK TABLES `facility_master` WRITE;
/*!40000 ALTER TABLE `facility_master` DISABLE KEYS */;
/*!40000 ALTER TABLE `facility_master` ENABLE KEYS */;
UNLOCK TABLES;

--
-- Table structure for table `file_download_history`
--

DROP TABLE IF EXISTS `file_download_history`;
/*!40101 SET @saved_cs_client     = @@character_set_client */;
/*!40101 SET character_set_client = utf8mb4 */;
CREATE TABLE `file_download_history` (
  `download_id` int(11) NOT NULL AUTO_INCREMENT,
  `file_id` int(11) NOT NULL,
  `downloaded_by` int(11) NOT NULL,
  `downloaded_at` datetime NOT NULL DEFAULT current_timestamp(),
  `user_ip` varchar(45) DEFAULT NULL,
  `user_agent` text DEFAULT NULL,
  PRIMARY KEY (`download_id`),
  KEY `idx_file_id` (`file_id`),
  KEY `idx_downloaded_by` (`downloaded_by`),
  KEY `idx_downloaded_at` (`downloaded_at`)
) ENGINE=InnoDB AUTO_INCREMENT=4 DEFAULT CHARSET=utf8mb4 COLLATE=utf8mb4_unicode_ci;
/*!40101 SET character_set_client = @saved_cs_client */;

--
-- Dumping data for table `file_download_history`
--

LOCK TABLES `file_download_history` WRITE;
/*!40000 ALTER TABLE `file_download_history` DISABLE KEYS */;
INSERT INTO `file_download_history` VALUES
(1,5,1,'2025-11-22 10:03:53','127.0.0.1','Mozilla/5.0 (X11; Linux x86_64; rv:140.0) Gecko/20100101 Firefox/140.0'),
(2,7,1,'2025-11-23 07:52:32','127.0.0.1','Mozilla/5.0 (X11; Linux x86_64; rv:140.0) Gecko/20100101 Firefox/140.0'),
(3,11,1,'2025-12-07 17:45:41','127.0.0.1','Mozilla/5.0 (X11; Linux x86_64; rv:140.0) Gecko/20100101 Firefox/140.0');
/*!40000 ALTER TABLE `file_download_history` ENABLE KEYS */;
UNLOCK TABLES;

--
-- Table structure for table `files`
--

DROP TABLE IF EXISTS `files`;
/*!40101 SET @saved_cs_client     = @@character_set_client */;
/*!40101 SET character_set_client = utf8mb4 */;
CREATE TABLE `files` (
  `file_id` int(11) NOT NULL AUTO_INCREMENT,
  `file_reference_name` varchar(200) DEFAULT NULL,
  `file_name` varchar(200) NOT NULL,
  `file_description` varchar(250) DEFAULT NULL,
  `file_ext` varchar(10) DEFAULT NULL,
  `file_size` bigint(20) unsigned NOT NULL DEFAULT 0,
  `file_mime_type` varchar(100) DEFAULT NULL,
  `file_important` tinyint(1) NOT NULL DEFAULT 0,
  `file_created_at` datetime NOT NULL DEFAULT current_timestamp(),
  `file_updated_at` datetime DEFAULT NULL ON UPDATE current_timestamp(),
  `file_archived_at` datetime DEFAULT NULL,
  `file_accessed_at` datetime DEFAULT NULL,
  `file_created_by` int(11) NOT NULL DEFAULT 0,
  `file_folder_id` int(11) NOT NULL DEFAULT 0,
  `file_client_id` int(11) NOT NULL DEFAULT 0,
  PRIMARY KEY (`file_id`)
) ENGINE=InnoDB DEFAULT CHARSET=utf8mb4 COLLATE=utf8mb4_general_ci;
/*!40101 SET character_set_client = @saved_cs_client */;

--
-- Dumping data for table `files`
--

LOCK TABLES `files` WRITE;
/*!40000 ALTER TABLE `files` DISABLE KEYS */;
/*!40000 ALTER TABLE `files` ENABLE KEYS */;
UNLOCK TABLES;

--
-- Table structure for table `fluid_balance`
--

DROP TABLE IF EXISTS `fluid_balance`;
/*!40101 SET @saved_cs_client     = @@character_set_client */;
/*!40101 SET character_set_client = utf8mb4 */;
CREATE TABLE `fluid_balance` (
  `id` int(11) NOT NULL AUTO_INCREMENT,
  `visit_id` int(11) NOT NULL,
  `iv_id` int(11) DEFAULT NULL,
  `type` enum('intake','output') NOT NULL,
  `subtype` varchar(100) NOT NULL COMMENT 'IV Fluids, Urine, Oral, Drainage, etc',
  `amount` decimal(8,2) NOT NULL COMMENT 'ml',
  `notes` varchar(255) DEFAULT NULL,
  `recorded_at` datetime NOT NULL,
  `recorded_by` int(11) DEFAULT NULL,
  `created_at` datetime DEFAULT current_timestamp(),
  PRIMARY KEY (`id`),
  KEY `idx_visit_date` (`visit_id`,`recorded_at`),
  KEY `idx_type` (`type`),
  KEY `idx_iv` (`iv_id`)
) ENGINE=InnoDB DEFAULT CHARSET=utf8mb4 COLLATE=utf8mb4_unicode_ci;
/*!40101 SET character_set_client = @saved_cs_client */;

--
-- Dumping data for table `fluid_balance`
--

LOCK TABLES `fluid_balance` WRITE;
/*!40000 ALTER TABLE `fluid_balance` DISABLE KEYS */;
/*!40000 ALTER TABLE `fluid_balance` ENABLE KEYS */;
UNLOCK TABLES;

--
-- Table structure for table `goods_received_notes`
--

DROP TABLE IF EXISTS `goods_received_notes`;
/*!40101 SET @saved_cs_client     = @@character_set_client */;
/*!40101 SET character_set_client = utf8mb4 */;
CREATE TABLE `goods_received_notes` (
  `grn_id` int(11) NOT NULL AUTO_INCREMENT,
  `grn_number` varchar(50) NOT NULL,
  `order_id` int(11) NOT NULL,
  `receipt_date` date NOT NULL,
  `received_by` varchar(100) NOT NULL,
  `notes` text DEFAULT NULL,
  `created_by` int(11) NOT NULL,
  `created_at` datetime NOT NULL,
  PRIMARY KEY (`grn_id`),
  UNIQUE KEY `grn_number` (`grn_number`),
  KEY `created_by` (`created_by`),
  KEY `idx_grn_order_id` (`order_id`)
) ENGINE=InnoDB AUTO_INCREMENT=6 DEFAULT CHARSET=utf8mb4 COLLATE=utf8mb4_general_ci;
/*!40101 SET character_set_client = @saved_cs_client */;

--
-- Dumping data for table `goods_received_notes`
--

LOCK TABLES `goods_received_notes` WRITE;
/*!40000 ALTER TABLE `goods_received_notes` DISABLE KEYS */;
INSERT INTO `goods_received_notes` VALUES
(2,'GRN-20251112-022729',1,'2025-11-12','1','0',1,'2025-11-12 02:27:29'),
(3,'GRN-20251116-184554',2,'2025-11-16','1','0',1,'2025-11-16 18:45:54'),
(4,'GRN-20251129-065959',3,'2025-11-29','1','0',1,'2025-11-29 06:59:59'),
(5,'GRN-20260110-231126',4,'2026-01-10','1','0',1,'2026-01-10 23:11:26');
/*!40000 ALTER TABLE `goods_received_notes` ENABLE KEYS */;
UNLOCK TABLES;

--
-- Table structure for table `grn_items`
--

DROP TABLE IF EXISTS `grn_items`;
/*!40101 SET @saved_cs_client     = @@character_set_client */;
/*!40101 SET character_set_client = utf8mb4 */;
CREATE TABLE `grn_items` (
  `grn_item_id` int(11) NOT NULL AUTO_INCREMENT,
  `grn_id` int(11) NOT NULL,
  `item_id` int(11) NOT NULL,
  `quantity_received` int(11) NOT NULL,
  PRIMARY KEY (`grn_item_id`),
  KEY `item_id` (`item_id`),
  KEY `idx_grn_items_grn_id` (`grn_id`)
) ENGINE=InnoDB AUTO_INCREMENT=9 DEFAULT CHARSET=utf8mb4 COLLATE=utf8mb4_general_ci;
/*!40101 SET character_set_client = @saved_cs_client */;

--
-- Dumping data for table `grn_items`
--

LOCK TABLES `grn_items` WRITE;
/*!40000 ALTER TABLE `grn_items` DISABLE KEYS */;
INSERT INTO `grn_items` VALUES
(1,2,6,1),
(2,2,6,1),
(3,2,4,1),
(4,3,6,340),
(5,3,1,450),
(6,3,3,340),
(7,4,2,3000),
(8,5,4,1000);
/*!40000 ALTER TABLE `grn_items` ENABLE KEYS */;
UNLOCK TABLES;

--
-- Table structure for table `handover_patient_details`
--

DROP TABLE IF EXISTS `handover_patient_details`;
/*!40101 SET @saved_cs_client     = @@character_set_client */;
/*!40101 SET character_set_client = utf8mb4 */;
CREATE TABLE `handover_patient_details` (
  `detail_id` int(11) NOT NULL AUTO_INCREMENT,
  `handover_id` int(11) NOT NULL,
  `visit_id` int(11) NOT NULL,
  `patient_id` int(11) NOT NULL,
  `patient_summary` text DEFAULT NULL,
  `recent_vitals` text DEFAULT NULL,
  `pending_tasks` text DEFAULT NULL,
  `medications_summary` text DEFAULT NULL,
  `special_concerns` text DEFAULT NULL,
  PRIMARY KEY (`detail_id`),
  KEY `handover_id` (`handover_id`),
  KEY `visit_id` (`visit_id`),
  KEY `patient_id` (`patient_id`)
) ENGINE=InnoDB DEFAULT CHARSET=utf8mb4 COLLATE=utf8mb4_general_ci;
/*!40101 SET character_set_client = @saved_cs_client */;

--
-- Dumping data for table `handover_patient_details`
--

LOCK TABLES `handover_patient_details` WRITE;
/*!40000 ALTER TABLE `handover_patient_details` DISABLE KEYS */;
/*!40000 ALTER TABLE `handover_patient_details` ENABLE KEYS */;
UNLOCK TABLES;

--
-- Table structure for table `hearing_participants`
--

DROP TABLE IF EXISTS `hearing_participants`;
/*!40101 SET @saved_cs_client     = @@character_set_client */;
/*!40101 SET character_set_client = utf8mb4 */;
CREATE TABLE `hearing_participants` (
  `participant_id` int(11) NOT NULL AUTO_INCREMENT,
  `hearing_id` int(11) NOT NULL,
  `employee_id` int(11) NOT NULL,
  `role` enum('employee','witness','union_rep','observer','hr','manager') DEFAULT NULL,
  `created_at` timestamp NULL DEFAULT current_timestamp(),
  PRIMARY KEY (`participant_id`),
  KEY `hearing_id` (`hearing_id`),
  KEY `employee_id` (`employee_id`)
) ENGINE=InnoDB DEFAULT CHARSET=utf8mb4 COLLATE=utf8mb4_unicode_ci;
/*!40101 SET character_set_client = @saved_cs_client */;

--
-- Dumping data for table `hearing_participants`
--

LOCK TABLES `hearing_participants` WRITE;
/*!40000 ALTER TABLE `hearing_participants` DISABLE KEYS */;
/*!40000 ALTER TABLE `hearing_participants` ENABLE KEYS */;
UNLOCK TABLES;

--
-- Table structure for table `history`
--

DROP TABLE IF EXISTS `history`;
/*!40101 SET @saved_cs_client     = @@character_set_client */;
/*!40101 SET character_set_client = utf8mb4 */;
CREATE TABLE `history` (
  `history_id` int(11) NOT NULL AUTO_INCREMENT,
  `history_status` varchar(200) NOT NULL,
  `history_description` varchar(200) NOT NULL,
  `history_created_at` datetime NOT NULL DEFAULT current_timestamp(),
  `history_invoice_id` int(11) NOT NULL DEFAULT 0,
  `history_recurring_invoice_id` int(11) NOT NULL DEFAULT 0,
  `history_quote_id` int(11) NOT NULL DEFAULT 0,
  `history_date` datetime DEFAULT current_timestamp(),
  PRIMARY KEY (`history_id`)
) ENGINE=InnoDB AUTO_INCREMENT=7 DEFAULT CHARSET=utf8mb4 COLLATE=utf8mb4_general_ci;
/*!40101 SET character_set_client = @saved_cs_client */;

--
-- Dumping data for table `history`
--

LOCK TABLES `history` WRITE;
/*!40000 ALTER TABLE `history` DISABLE KEYS */;
INSERT INTO `history` VALUES
(1,'Draft','Invoice created','2025-10-29 18:41:36',1,0,0,'2025-11-15 14:41:59'),
(2,'Sent','Invoice marked sent','2025-10-30 07:50:57',1,0,0,'2025-11-15 14:41:59'),
(3,'Paid','Payment added','2025-10-30 07:51:25',1,0,0,'2025-11-15 14:41:59'),
(4,'Draft','Invoice created','2025-10-30 16:18:36',2,0,0,'2025-11-15 14:41:59'),
(5,'Created','Invoice created - Type: insurance','2025-11-15 14:42:20',11,0,0,'2025-11-15 14:42:20'),
(6,'Created','Invoice created - Type: patient_self_pay','2025-11-15 22:12:24',12,0,0,'2025-11-15 22:12:24');
/*!40000 ALTER TABLE `history` ENABLE KEYS */;
UNLOCK TABLES;

--
-- Table structure for table `hiv_art_followup`
--

DROP TABLE IF EXISTS `hiv_art_followup`;
/*!40101 SET @saved_cs_client     = @@character_set_client */;
/*!40101 SET character_set_client = utf8mb4 */;
CREATE TABLE `hiv_art_followup` (
  `art_id` int(11) NOT NULL AUTO_INCREMENT,
  `patient_id` int(11) NOT NULL,
  `visit_id` int(11) DEFAULT NULL,
  `regimen` varchar(100) DEFAULT NULL,
  `adherence` enum('Good','Fair','Poor') DEFAULT 'Good',
  `viral_load` int(11) DEFAULT NULL,
  `viral_load_date` date DEFAULT NULL,
  `cd4_count` int(11) DEFAULT NULL,
  `side_effects` text DEFAULT NULL,
  `next_appointment` date DEFAULT NULL,
  `created_at` datetime DEFAULT current_timestamp(),
  PRIMARY KEY (`art_id`),
  KEY `patient_id` (`patient_id`),
  KEY `visit_id` (`visit_id`)
) ENGINE=InnoDB AUTO_INCREMENT=2 DEFAULT CHARSET=utf8mb4 COLLATE=utf8mb4_general_ci;
/*!40101 SET character_set_client = @saved_cs_client */;

--
-- Dumping data for table `hiv_art_followup`
--

LOCK TABLES `hiv_art_followup` WRITE;
/*!40000 ALTER TABLE `hiv_art_followup` DISABLE KEYS */;
INSERT INTO `hiv_art_followup` VALUES
(1,1,12,'TLD','Good',3535,'2025-12-21',3553,'0','2025-12-31','2025-12-21 19:26:36');
/*!40000 ALTER TABLE `hiv_art_followup` ENABLE KEYS */;
UNLOCK TABLES;

--
-- Table structure for table `hiv_tests`
--

DROP TABLE IF EXISTS `hiv_tests`;
/*!40101 SET @saved_cs_client     = @@character_set_client */;
/*!40101 SET character_set_client = utf8mb4 */;
CREATE TABLE `hiv_tests` (
  `hiv_test_id` int(11) NOT NULL AUTO_INCREMENT,
  `patient_id` int(11) NOT NULL,
  `visit_id` int(11) DEFAULT NULL,
  `test_type` enum('Initial','Repeat','Confirmatory') DEFAULT 'Initial',
  `test_kit` varchar(100) DEFAULT NULL,
  `result` enum('Positive','Negative','Inconclusive') DEFAULT 'Negative',
  `testing_point` enum('OPD','MCH','IPD','VCT','Lab') DEFAULT 'OPD',
  `counselor_id` int(11) DEFAULT NULL,
  `test_date` datetime DEFAULT current_timestamp(),
  `created_by` int(11) DEFAULT NULL,
  PRIMARY KEY (`hiv_test_id`),
  KEY `patient_id` (`patient_id`),
  KEY `visit_id` (`visit_id`)
) ENGINE=InnoDB AUTO_INCREMENT=3 DEFAULT CHARSET=utf8mb4 COLLATE=utf8mb4_general_ci;
/*!40101 SET character_set_client = @saved_cs_client */;

--
-- Dumping data for table `hiv_tests`
--

LOCK TABLES `hiv_tests` WRITE;
/*!40000 ALTER TABLE `hiv_tests` DISABLE KEYS */;
INSERT INTO `hiv_tests` VALUES
(1,7,7,'Initial','ddgdg','Positive','OPD',1,'2025-12-20 17:47:53',1),
(2,7,7,'Repeat','test','Positive','OPD',1,'2025-12-20 22:00:25',1);
/*!40000 ALTER TABLE `hiv_tests` ENABLE KEYS */;
UNLOCK TABLES;

--
-- Table structure for table `hmis_indicators`
--

DROP TABLE IF EXISTS `hmis_indicators`;
/*!40101 SET @saved_cs_client     = @@character_set_client */;
/*!40101 SET character_set_client = utf8mb4 */;
CREATE TABLE `hmis_indicators` (
  `indicator_id` int(11) NOT NULL AUTO_INCREMENT,
  `indicator_code` varchar(20) NOT NULL,
  `indicator_name` varchar(255) NOT NULL,
  `category` enum('OPD','IPD','Maternity','Child Health','HIV','TB','Surgery') NOT NULL,
  `description` text DEFAULT NULL,
  `calculation_logic` text DEFAULT NULL,
  `is_active` tinyint(1) DEFAULT 1,
  `created_at` datetime DEFAULT current_timestamp(),
  PRIMARY KEY (`indicator_id`),
  UNIQUE KEY `indicator_code` (`indicator_code`)
) ENGINE=InnoDB AUTO_INCREMENT=26 DEFAULT CHARSET=utf8mb4 COLLATE=utf8mb4_general_ci;
/*!40101 SET character_set_client = @saved_cs_client */;

--
-- Dumping data for table `hmis_indicators`
--

LOCK TABLES `hmis_indicators` WRITE;
/*!40000 ALTER TABLE `hmis_indicators` DISABLE KEYS */;
INSERT INTO `hmis_indicators` VALUES
(1,'HMIS_001','Total OPD Attendance','OPD','Total number of outpatient visits',NULL,1,'2025-11-22 19:20:50'),
(2,'HMIS_002','New OPD Attendance','OPD','New outpatient visits',NULL,1,'2025-11-22 19:20:50'),
(3,'HMIS_003','Revisit OPD Attendance','OPD','OPD revisits',NULL,1,'2025-11-22 19:20:50'),
(4,'HMIS_004','OPD Attendance Under 5 Years','OPD','OPD visits for children under 5',NULL,1,'2025-11-22 19:20:50'),
(5,'HMIS_005','Total IPD Admissions','IPD','Total inpatient admissions',NULL,1,'2025-11-22 19:20:50'),
(6,'HMIS_006','IPD Discharges','IPD','Total inpatient discharges',NULL,1,'2025-11-22 19:20:50'),
(7,'HMIS_007','IPD Deaths','IPD','Total inpatient deaths',NULL,1,'2025-11-22 19:20:50'),
(8,'HMIS_008','Average Length of Stay','IPD','Average days spent in hospital',NULL,1,'2025-11-22 19:20:50'),
(9,'HMIS_009','Total Deliveries','Maternity','Total number of deliveries',NULL,1,'2025-11-22 19:20:50'),
(10,'HMIS_010','Normal Deliveries','Maternity','Normal vaginal deliveries',NULL,1,'2025-11-22 19:20:50'),
(11,'HMIS_011','Caesarean Sections','Maternity','C-section deliveries',NULL,1,'2025-11-22 19:20:50'),
(12,'HMIS_012','ANC First Visits','Maternity','First ANC visits',NULL,1,'2025-11-22 19:20:50'),
(13,'HMIS_013','ANC Fourth Visits','Maternity','Fourth ANC visits',NULL,1,'2025-11-22 19:20:50'),
(14,'HMIS_014','PNC Within 48 Hours','Maternity','Postnatal care within 48 hours',NULL,1,'2025-11-22 19:20:50'),
(15,'HMIS_015','Fully Immunized Children','Child Health','Children fully immunized',NULL,1,'2025-11-22 19:20:50'),
(16,'HMIS_016','Vitamin A Supplementation','Child Health','Children receiving Vitamin A',NULL,1,'2025-11-22 19:20:50'),
(17,'HMIS_017','Deworming','Child Health','Children dewormed',NULL,1,'2025-11-22 19:20:50'),
(18,'HMIS_018','HIV Tests Done','HIV','Total HIV tests conducted',NULL,1,'2025-11-22 19:20:50'),
(19,'HMIS_019','HIV Positive','HIV','New HIV positive cases',NULL,1,'2025-11-22 19:20:50'),
(20,'HMIS_020','ART Enrollment','HIV','Patients started on ART',NULL,1,'2025-11-22 19:20:50'),
(21,'HMIS_021','Current on ART','HIV','Patients currently on ART',NULL,1,'2025-11-22 19:20:50'),
(22,'HMIS_022','TB Cases Diagnosed','TB','New TB cases diagnosed',NULL,1,'2025-11-22 19:20:50'),
(23,'HMIS_023','TB Treatment Success','TB','TB treatment success rate',NULL,1,'2025-11-22 19:20:50'),
(24,'HMIS_024','Major Surgeries','Surgery','Major surgical procedures',NULL,1,'2025-11-22 19:20:50'),
(25,'HMIS_025','Minor Surgeries','Surgery','Minor surgical procedures',NULL,1,'2025-11-22 19:20:50');
/*!40000 ALTER TABLE `hmis_indicators` ENABLE KEYS */;
UNLOCK TABLES;

--
-- Table structure for table `hr_audit_log`
--

DROP TABLE IF EXISTS `hr_audit_log`;
/*!40101 SET @saved_cs_client     = @@character_set_client */;
/*!40101 SET character_set_client = utf8mb4 */;
CREATE TABLE `hr_audit_log` (
  `audit_id` int(11) NOT NULL AUTO_INCREMENT,
  `user_id` int(11) NOT NULL,
  `action` varchar(100) NOT NULL,
  `description` text DEFAULT NULL,
  `table_name` varchar(100) DEFAULT NULL,
  `record_id` int(11) DEFAULT NULL,
  `old_values` longtext CHARACTER SET utf8mb4 COLLATE utf8mb4_bin DEFAULT NULL CHECK (json_valid(`old_values`)),
  `new_values` longtext CHARACTER SET utf8mb4 COLLATE utf8mb4_bin DEFAULT NULL CHECK (json_valid(`new_values`)),
  `ip_address` varchar(45) DEFAULT NULL,
  `user_agent` text DEFAULT NULL,
  `timestamp` timestamp NULL DEFAULT current_timestamp(),
  PRIMARY KEY (`audit_id`),
  KEY `idx_user` (`user_id`),
  KEY `idx_action` (`action`),
  KEY `idx_table` (`table_name`),
  KEY `idx_timestamp` (`timestamp`)
) ENGINE=InnoDB AUTO_INCREMENT=43 DEFAULT CHARSET=utf8mb4 COLLATE=utf8mb4_unicode_ci;
/*!40101 SET character_set_client = @saved_cs_client */;

--
-- Dumping data for table `hr_audit_log`
--

LOCK TABLES `hr_audit_log` WRITE;
/*!40000 ALTER TABLE `hr_audit_log` DISABLE KEYS */;
INSERT INTO `hr_audit_log` VALUES
(1,1,'employee_updated','Updated employee: Humphrey Lidwaji (SYS001)','employees',1,NULL,NULL,NULL,NULL,'2025-11-25 17:10:59'),
(2,1,'employee_updated','Updated employee: Humphrey Lidwaji (SYS001)','employees',1,NULL,NULL,NULL,NULL,'2025-11-25 17:13:16'),
(3,1,'payroll_processed','Processed payroll for period: Payroll November 2025 (0 employees)','payroll_periods',1,NULL,NULL,NULL,NULL,'2025-11-25 17:19:18'),
(4,1,'payroll_processed','Processed payroll for period: Payroll November 2025 (1 employees)','payroll_periods',1,NULL,NULL,NULL,NULL,'2025-11-25 17:30:00'),
(5,1,'payroll_processed','Processed payroll for period: Payroll November 2025 (1 employees)','payroll_periods',1,NULL,NULL,NULL,NULL,'2025-11-25 18:20:51'),
(6,1,'payroll_processed','Processed payroll for period: Payroll November 2025 (1 employees)','payroll_periods',1,NULL,NULL,NULL,NULL,'2025-11-25 18:21:15'),
(7,1,'payroll_processed','Processed payroll for period: Payroll November 2025 (1 employees)','payroll_periods',1,NULL,NULL,NULL,NULL,'2025-11-25 18:30:23'),
(8,1,'payroll_processed','Processed payroll for period: Payroll November 2025 (1 employees)','payroll_periods',1,NULL,NULL,NULL,NULL,'2025-11-25 18:30:53'),
(9,1,'payroll_processed','Processed payroll for period: November 2025 Payroll (1 employees)','payroll_periods',2,NULL,NULL,NULL,NULL,'2025-11-25 18:32:36'),
(10,1,'payroll_approved','Approved payroll for period: Payroll November 2025','payroll_periods',1,NULL,NULL,NULL,NULL,'2025-11-25 19:06:44'),
(11,1,'payroll_processed','Processed payroll for period: Payroll November 2025 (1 employees)','payroll_periods',1,NULL,NULL,NULL,NULL,'2025-11-25 19:07:28'),
(12,1,'payroll_approved','Approved payroll for period: Payroll November 2025','payroll_periods',1,NULL,NULL,NULL,NULL,'2025-11-25 19:07:34'),
(13,1,'payroll_approved','Approved payroll for period: November 2025 Payroll','payroll_periods',2,NULL,NULL,NULL,NULL,'2025-11-25 19:08:33'),
(14,1,'employee_added','Added new employee: SGSGS HSSHS (EMP20251125565)','employees',2,NULL,NULL,NULL,NULL,'2025-11-25 19:49:09'),
(15,1,'employee_updated','Updated employee: JACKSON  IRAUSA (EMP20251125565)','employees',2,NULL,NULL,NULL,NULL,'2025-11-25 19:50:18'),
(16,1,'payroll_processed','Processed payroll for period: November 2025 Payroll (2 employees)','payroll_periods',2,NULL,NULL,NULL,NULL,'2025-11-25 19:51:09'),
(17,1,'payroll_approved','Approved payroll for period: November 2025 Payroll','payroll_periods',2,NULL,NULL,NULL,NULL,'2025-11-25 19:51:17'),
(18,1,'employee_terminated','Terminated employee ID: 2','employees',2,NULL,NULL,NULL,NULL,'2025-11-25 20:15:01'),
(19,1,'employee_updated','Updated employee: JACKSON  IRAUSA (EMP20251125565)','employees',2,NULL,NULL,NULL,NULL,'2025-11-25 20:15:15'),
(20,1,'employee_updated','Updated employee: JACKSON  IRAUSA (EMP20251125565)','employees',2,NULL,NULL,NULL,NULL,'2025-11-26 05:29:00'),
(21,1,'payroll_processed','Processed payroll for period: Payroll November 2025 (2 employees)','payroll_periods',1,NULL,NULL,NULL,NULL,'2025-11-26 06:15:07'),
(22,1,'payroll_processed','Processed payroll for period: Payroll November 2025 (2 employees)','payroll_periods',1,NULL,NULL,NULL,NULL,'2025-11-26 14:37:57'),
(23,1,'training_provider_created','Created training provider: LINUX ADMINS SOLUTIONS','training_providers',1,NULL,NULL,NULL,NULL,'2025-11-26 15:06:09'),
(24,1,'training_provider_updated','deactivated training provider ID: 1','training_providers',1,NULL,NULL,NULL,NULL,'2025-11-26 15:06:19'),
(25,1,'training_provider_updated','activated training provider ID: 1','training_providers',1,NULL,NULL,NULL,NULL,'2025-11-26 15:06:22'),
(26,1,'training_course_created','Created training course: LINUX BASICS (TRG_LINUXB)','training_courses',1,NULL,NULL,NULL,NULL,'2025-11-26 15:08:21'),
(27,1,'training_session_created','Created training session for: LINUX BASICS on Nov 27, 2025','training_sessions',1,NULL,NULL,NULL,NULL,'2025-11-26 15:10:18'),
(28,1,'training_enrollments_added','Added 1 employees to session: LINUX BASICS','training_sessions',1,NULL,NULL,NULL,NULL,'2025-11-26 15:27:47'),
(29,1,'training_enrollments_added','Added 1 employees to session: LINUX BASICS','training_sessions',1,NULL,NULL,NULL,NULL,'2025-11-26 15:29:19'),
(30,1,'training_enrollment_removed','Removed enrollment from session: LINUX BASICS','training_enrollments',1,NULL,NULL,NULL,NULL,'2025-11-26 15:29:24'),
(31,1,'training_enrollments_added','Added 1 employees to session: LINUX BASICS','training_sessions',1,NULL,NULL,NULL,NULL,'2025-11-26 15:29:27'),
(32,1,'training_attendance_taken','Took attendance for session: LINUX BASICS (2 participants)','training_sessions',1,NULL,NULL,NULL,NULL,'2025-11-26 15:31:38'),
(33,1,'misconduct_category_created','created misconduct category: test','misconduct_categories',1,NULL,NULL,NULL,NULL,'2025-11-26 15:58:35'),
(34,1,'misconduct_incident_created','Created misconduct incident ID: 1 for employee ID: 2','misconduct_incidents',1,NULL,NULL,NULL,NULL,'2025-11-26 15:59:10'),
(35,1,'disciplinary_action_added','Added disciplinary action for incident ID: 1 - Action: final_warning','disciplinary_actions',1,NULL,NULL,NULL,NULL,'2025-11-26 16:36:51'),
(36,1,'disciplinary_appeal_added','Added appeal for disciplinary action ID: 1','disciplinary_appeals',1,NULL,NULL,NULL,NULL,'2025-11-26 16:37:01'),
(37,1,'disciplinary_appeal_updated','Updated appeal outcome for appeal ID: 1 - Outcome: overturned','disciplinary_appeals',1,NULL,NULL,NULL,NULL,'2025-11-26 16:37:14'),
(38,1,'training_evaluations_updated','Updated evaluations for session: LINUX BASICS (2 participants)','training_sessions',1,NULL,NULL,NULL,NULL,'2025-11-26 18:09:59'),
(39,1,'training_evaluations_updated','Updated evaluations for session: LINUX BASICS (2 participants)','training_sessions',1,NULL,NULL,NULL,NULL,'2025-11-26 18:10:11'),
(40,1,'disciplinary_action_updated','Updated disciplinary action ID: 1 - Action: final_warning','disciplinary_actions',1,NULL,NULL,NULL,NULL,'2025-11-26 18:23:30'),
(41,1,'payroll_processed','Processed payroll for period: Payroll November 2025 (2 employees)','payroll_periods',1,NULL,NULL,NULL,NULL,'2025-11-26 18:52:12'),
(42,1,'employee_updated','Updated employee: Humphrey Lidwaji (SYS001)','employees',1,NULL,NULL,NULL,NULL,'2025-12-20 19:06:22');
/*!40000 ALTER TABLE `hr_audit_log` ENABLE KEYS */;
UNLOCK TABLES;

--
-- Table structure for table `hr_notifications`
--

DROP TABLE IF EXISTS `hr_notifications`;
/*!40101 SET @saved_cs_client     = @@character_set_client */;
/*!40101 SET character_set_client = utf8mb4 */;
CREATE TABLE `hr_notifications` (
  `notification_id` int(11) NOT NULL AUTO_INCREMENT,
  `recipient_id` int(11) NOT NULL,
  `title` varchar(255) NOT NULL,
  `message` text NOT NULL,
  `type` enum('info','warning','success','error') DEFAULT 'info',
  `is_read` tinyint(4) DEFAULT 0,
  `related_table` varchar(100) DEFAULT NULL,
  `related_id` int(11) DEFAULT NULL,
  `created_at` timestamp NULL DEFAULT current_timestamp(),
  PRIMARY KEY (`notification_id`),
  KEY `idx_recipient` (`recipient_id`),
  KEY `idx_is_read` (`is_read`),
  KEY `idx_created_at` (`created_at`)
) ENGINE=InnoDB DEFAULT CHARSET=utf8mb4 COLLATE=utf8mb4_unicode_ci;
/*!40101 SET character_set_client = @saved_cs_client */;

--
-- Dumping data for table `hr_notifications`
--

LOCK TABLES `hr_notifications` WRITE;
/*!40000 ALTER TABLE `hr_notifications` DISABLE KEYS */;
/*!40000 ALTER TABLE `hr_notifications` ENABLE KEYS */;
UNLOCK TABLES;

--
-- Table structure for table `icd11_codes`
--

DROP TABLE IF EXISTS `icd11_codes`;
/*!40101 SET @saved_cs_client     = @@character_set_client */;
/*!40101 SET character_set_client = utf8mb4 */;
CREATE TABLE `icd11_codes` (
  `icd_code` varchar(20) NOT NULL,
  `title` varchar(255) DEFAULT NULL,
  `description` text DEFAULT NULL,
  `created_at` datetime DEFAULT NULL,
  PRIMARY KEY (`icd_code`)
) ENGINE=InnoDB DEFAULT CHARSET=utf8mb4 COLLATE=utf8mb4_general_ci;
/*!40101 SET character_set_client = @saved_cs_client */;

--
-- Dumping data for table `icd11_codes`
--

LOCK TABLES `icd11_codes` WRITE;
/*!40000 ALTER TABLE `icd11_codes` DISABLE KEYS */;
INSERT INTO `icd11_codes` VALUES
('1A00.0','Cholera due to Vibrio cholerae 01, biovar cholerae','Acute intestinal infection caused by ingestion of food or water contaminated with Vibrio cholerae',NULL),
('1B10','Typhoid fever','Systemic infection caused by Salmonella enterica serotype Typhi',NULL),
('1B71','Influenza','Viral infection that attacks respiratory system',NULL),
('1C10','HIV disease','Human immunodeficiency virus disease leading to acquired immunodeficiency syndrome',NULL),
('1D46','COVID-19','Coronavirus disease 2019 caused by SARS-CoV-2 virus',NULL),
('1F00','Tuberculosis','Infectious disease caused by Mycobacterium tuberculosis',NULL),
('1F28','Herpes zoster','Viral infection causing painful rash (shingles)',NULL),
('5A00','Impaired glucose tolerance','Pre-diabetic state of hyperglycemia',NULL),
('5A10','Type 1 diabetes mellitus','Autoimmune condition where pancreas produces little or no insulin',NULL),
('5A11','Type 2 diabetes mellitus','Metabolic disorder characterized by high blood sugar and insulin resistance',NULL),
('5A12','Childhood type 1 diabetes mellitus','Autoimmune diabetes in children',NULL),
('5A70','Metabolic syndrome','Cluster of conditions increasing heart disease and diabetes risk',NULL),
('5B81.0','Hypothyroidism','Underactive thyroid gland',NULL),
('6A01','Attention deficit hyperactivity disorder','Neurodevelopmental disorder in children',NULL),
('6A02','Schizophrenia','Chronic mental disorder affecting thinking, feelings, and behavior',NULL),
('6A40','Generalized anxiety disorder','Excessive, uncontrollable worry about everyday things',NULL),
('6A70','Major depressive disorder','Mood disorder characterized by persistent sadness and loss of interest',NULL),
('6C40','Alcohol dependence','Addiction to alcohol characterized by craving and loss of control',NULL),
('7A20','Autism spectrum disorder','Developmental disorder affecting communication and behavior',NULL),
('8A00.0','Alzheimer disease','Progressive neurodegenerative disease causing memory loss',NULL),
('8A40','Epilepsy','Neurological disorder characterized by recurrent seizures',NULL),
('8A45','Dementia','Chronic disorder of mental processes caused by brain disease or injury',NULL),
('8A45.0','Vascular dementia','Dementia caused by problems in blood supply to brain',NULL),
('8B00','Migraine','Neurological condition causing severe headaches',NULL),
('8D87','Parkinson disease','Progressive nervous system disorder affecting movement',NULL),
('9A45','Age-related macular degeneration','Eye condition causing central vision loss',NULL),
('9A91','Cataract','Clouding of the eye lens affecting vision',NULL),
('9B71','Conjunctivitis','Inflammation or infection of the conjunctiva',NULL),
('9C44','Glaucoma','Group of eye conditions damaging optic nerve',NULL),
('9D00','Refractive errors','Vision problems like myopia, hyperopia, astigmatism',NULL),
('BA00','Essential hypertension','High blood pressure with no identifiable cause',NULL),
('BA41','Acute myocardial infarction','Heart attack due to blockage of coronary arteries',NULL),
('BC43.0','Atrial fibrillation','Irregular and often rapid heart rhythm',NULL),
('BD11','Heart failure','Condition where heart cannot pump enough blood to meet body needs',NULL),
('BD50','Atherosclerosis','Hardening and narrowing of the arteries due to plaque buildup',NULL),
('CA20','Chronic obstructive pulmonary disease','Progressive lung disease causing breathing difficulties',NULL),
('CA23','Asthma','Chronic inflammatory disease of the airways',NULL),
('CA40','Pneumonia','Infection that inflames air sacs in one or both lungs',NULL),
('CA60','Acute bronchitis','Inflammation of the bronchial tubes in the lungs',NULL),
('DA20','Gastro-esophageal reflux disease','Chronic condition where stomach acid flows back into esophagus',NULL),
('DA25','Peptic ulcer','Sore that develops on the lining of stomach or duodenum',NULL),
('DA90','Irritable bowel syndrome','Common disorder affecting large intestine',NULL),
('DB90.4','Crohn disease','Chronic inflammatory bowel disease affecting digestive tract',NULL),
('DB95','Ulcerative colitis','Inflammatory bowel disease causing inflammation and ulcers in colon',NULL),
('EA10','Acne vulgaris','Common skin condition with pimples and blackheads',NULL),
('EA80','Atopic dermatitis','Chronic inflammatory skin condition (eczema)',NULL),
('EA90','Psoriasis','Autoimmune condition causing rapid skin cell buildup',NULL),
('EK00','Dermatophytosis','Fungal infection of the skin (ringworm)',NULL),
('FA00','Rheumatoid arthritis','Chronic inflammatory disorder affecting joints',NULL),
('FA20','Osteoarthritis','Degenerative joint disease causing cartilage breakdown',NULL),
('FB33.3','Low back pain','Pain in the lumbar region of the spine',NULL),
('FB56.0','Carpal tunnel syndrome','Compression of median nerve in the wrist',NULL),
('JA00','Supervision of normal pregnancy','Routine prenatal care for uncomplicated pregnancy',NULL),
('JA05','Gestational diabetes mellitus','Diabetes diagnosed during pregnancy',NULL),
('JA24','Pre-eclampsia','Pregnancy complication with high blood pressure and organ damage',NULL),
('JA98','Postpartum care','Medical care after childbirth',NULL),
('JB06','Single spontaneous delivery','Normal vaginal delivery without complications',NULL),
('KA14','Acute upper respiratory infection','Common cold or URI in children',NULL),
('KA21','Acute gastroenteritis','Inflammation of stomach and intestines in children',NULL),
('MD12','Fever','Elevated body temperature often due to infection',NULL),
('MD81','Abdominal pain','Pain occurring between chest and pelvic regions',NULL),
('MD90.0','Headache','Pain in any region of the head',NULL),
('ME05.1','Chest pain','Pain or discomfort in the chest area',NULL),
('MG13','Fatigue','Feeling of tiredness or exhaustion',NULL),
('NA02.1','Concussion','Mild traumatic brain injury from blow to head',NULL),
('NC72.0','Sprain of ankle','Ligament injury in the ankle joint',NULL),
('ND55.0','Fracture of radius','Break in the forearm bone near the wrist',NULL),
('ND56','Osteoporosis','Bone disease that occurs when bone mineral density and mass decrease',NULL),
('ND56.2','Fracture of femur','Break in the thigh bone',NULL),
('NE41','Burn of wrist or hand','Tissue damage from heat, chemicals, or electricity',NULL),
('QA10','Encounter for general medical examination','Routine health check-up without complaints',NULL),
('QA11','Encounter for immunization','Administration of vaccine for disease prevention',NULL),
('QA20','Encounter for health counseling','Consultation for health education and advice',NULL),
('QA21','Encounter for screening for malignant neoplasms','Cancer screening examination',NULL),
('QA22','Encounter for screening for cardiovascular disorders','Heart disease risk assessment',NULL),
('QB60','Elevated blood glucose level','High blood sugar reading',NULL),
('QB61','Elevated cholesterol level','High blood cholesterol measurement',NULL),
('QB63','Elevated blood pressure reading','High BP measurement without diagnosis',NULL),
('QB80','Abnormal liver function test','Liver enzyme elevation',NULL),
('QB81','Abnormal kidney function test','Elevated creatinine or BUN levels',NULL);
/*!40000 ALTER TABLE `icd11_codes` ENABLE KEYS */;
UNLOCK TABLES;

--
-- Table structure for table `immunizations`
--

DROP TABLE IF EXISTS `immunizations`;
/*!40101 SET @saved_cs_client     = @@character_set_client */;
/*!40101 SET character_set_client = utf8mb4 */;
CREATE TABLE `immunizations` (
  `immunization_id` int(11) NOT NULL AUTO_INCREMENT,
  `patient_id` int(11) NOT NULL,
  `visit_id` int(11) DEFAULT NULL,
  `vaccine_name` varchar(100) NOT NULL,
  `dose` varchar(50) DEFAULT NULL,
  `vaccination_date` date NOT NULL,
  `batch_number` varchar(50) DEFAULT NULL,
  `administered_by` int(11) DEFAULT NULL,
  `adverse_effects` text DEFAULT NULL,
  `created_at` datetime DEFAULT current_timestamp(),
  PRIMARY KEY (`immunization_id`),
  KEY `patient_id` (`patient_id`),
  KEY `visit_id` (`visit_id`)
) ENGINE=InnoDB AUTO_INCREMENT=3 DEFAULT CHARSET=utf8mb4 COLLATE=utf8mb4_general_ci;
/*!40101 SET character_set_client = @saved_cs_client */;

--
-- Dumping data for table `immunizations`
--

LOCK TABLES `immunizations` WRITE;
/*!40000 ALTER TABLE `immunizations` DISABLE KEYS */;
INSERT INTO `immunizations` VALUES
(1,2,1,'BCG','booster','2025-11-26','43424',1,'none','2025-11-26 21:01:17'),
(2,7,7,'BCG','test','2025-12-20','test',1,'test','2025-12-20 09:10:53');
/*!40000 ALTER TABLE `immunizations` ENABLE KEYS */;
UNLOCK TABLES;

--
-- Table structure for table `implants_devices`
--

DROP TABLE IF EXISTS `implants_devices`;
/*!40101 SET @saved_cs_client     = @@character_set_client */;
/*!40101 SET character_set_client = utf8mb4 */;
CREATE TABLE `implants_devices` (
  `implant_id` int(11) NOT NULL AUTO_INCREMENT,
  `visit_id` int(11) NOT NULL,
  `implant_type` varchar(255) NOT NULL,
  `implant_name` varchar(255) NOT NULL,
  `manufacturer` varchar(255) DEFAULT NULL,
  `catalog_number` varchar(100) DEFAULT NULL,
  `lot_number` varchar(100) DEFAULT NULL,
  `serial_number` varchar(100) DEFAULT NULL,
  `expiration_date` date DEFAULT NULL,
  `size` varchar(100) DEFAULT NULL,
  `length` decimal(8,2) DEFAULT NULL,
  `diameter` decimal(8,2) DEFAULT NULL,
  `other_specifications` text DEFAULT NULL,
  `placement_location` text DEFAULT NULL,
  `side` enum('Left','Right','Bilateral','NA') DEFAULT NULL,
  `placement_notes` text DEFAULT NULL,
  `package_integrity` tinyint(1) DEFAULT 1,
  `sterilization_indicator` tinyint(1) DEFAULT 1,
  `documentation_complete` tinyint(1) DEFAULT 0,
  `scanned_by` int(11) DEFAULT NULL,
  `scan_time` datetime DEFAULT NULL,
  `barcode_data` varchar(500) DEFAULT NULL,
  PRIMARY KEY (`implant_id`),
  KEY `scanned_by` (`scanned_by`),
  KEY `idx_visit` (`visit_id`),
  KEY `idx_implant_type` (`implant_type`),
  KEY `idx_serial` (`serial_number`)
) ENGINE=InnoDB DEFAULT CHARSET=utf8mb4 COLLATE=utf8mb4_unicode_ci;
/*!40101 SET character_set_client = @saved_cs_client */;

--
-- Dumping data for table `implants_devices`
--

LOCK TABLES `implants_devices` WRITE;
/*!40000 ALTER TABLE `implants_devices` DISABLE KEYS */;
/*!40000 ALTER TABLE `implants_devices` ENABLE KEYS */;
UNLOCK TABLES;

--
-- Table structure for table `insurance_claims`
--

DROP TABLE IF EXISTS `insurance_claims`;
/*!40101 SET @saved_cs_client     = @@character_set_client */;
/*!40101 SET character_set_client = utf8mb4 */;
CREATE TABLE `insurance_claims` (
  `claim_id` int(11) NOT NULL AUTO_INCREMENT,
  `claim_number` varchar(50) NOT NULL,
  `patient_id` int(11) NOT NULL,
  `insurance_company` varchar(255) DEFAULT NULL,
  `policy_number` varchar(100) DEFAULT NULL,
  `invoice_id` int(11) DEFAULT NULL,
  `claim_date` date DEFAULT NULL,
  `submitted_date` date DEFAULT NULL,
  `processed_date` date DEFAULT NULL,
  `claim_amount` decimal(10,2) DEFAULT NULL,
  `approved_amount` decimal(10,2) DEFAULT NULL,
  `status` enum('draft','submitted','processing','approved','rejected','paid') DEFAULT 'draft',
  `rejection_reason` text DEFAULT NULL,
  `notes` text DEFAULT NULL,
  `created_by` int(11) DEFAULT NULL,
  `created_at` timestamp NULL DEFAULT current_timestamp(),
  PRIMARY KEY (`claim_id`),
  UNIQUE KEY `claim_number` (`claim_number`),
  KEY `patient_id` (`patient_id`),
  KEY `invoice_id` (`invoice_id`)
) ENGINE=InnoDB DEFAULT CHARSET=utf8mb4 COLLATE=utf8mb4_general_ci;
/*!40101 SET character_set_client = @saved_cs_client */;

--
-- Dumping data for table `insurance_claims`
--

LOCK TABLES `insurance_claims` WRITE;
/*!40000 ALTER TABLE `insurance_claims` DISABLE KEYS */;
/*!40000 ALTER TABLE `insurance_claims` ENABLE KEYS */;
UNLOCK TABLES;

--
-- Table structure for table `insurance_companies`
--

DROP TABLE IF EXISTS `insurance_companies`;
/*!40101 SET @saved_cs_client     = @@character_set_client */;
/*!40101 SET character_set_client = utf8mb4 */;
CREATE TABLE `insurance_companies` (
  `insurance_company_id` int(11) NOT NULL AUTO_INCREMENT,
  `company_name` varchar(255) NOT NULL,
  `company_code` varchar(50) DEFAULT NULL,
  `contact_person` varchar(255) DEFAULT NULL,
  `phone` varchar(20) DEFAULT NULL,
  `email` varchar(255) DEFAULT NULL,
  `address` text DEFAULT NULL,
  `is_active` tinyint(4) DEFAULT 1,
  `created_at` timestamp NULL DEFAULT current_timestamp(),
  `created_by` int(11) DEFAULT NULL,
  PRIMARY KEY (`insurance_company_id`)
) ENGINE=InnoDB AUTO_INCREMENT=8 DEFAULT CHARSET=utf8mb4 COLLATE=utf8mb4_general_ci;
/*!40101 SET character_set_client = @saved_cs_client */;

--
-- Dumping data for table `insurance_companies`
--

LOCK TABLES `insurance_companies` WRITE;
/*!40000 ALTER TABLE `insurance_companies` DISABLE KEYS */;
INSERT INTO `insurance_companies` VALUES
(1,'Social Health Authority','SHA','Customer Care','0800720677','info@sha.go.ke','SHA Towers, Nairobi',1,'2026-01-14 07:01:00',NULL),
(2,'NHIF Kenya','NHIF','Customer Care','0800720677','info@nhif.or.ke','NHIF Building, Nairobi',1,'2026-01-14 07:01:00',NULL),
(3,'Jubilee Health Insurance','JUB','Customer Care','+254703555555','health@jubileeinsurance.com','Jubilee Towers, Nairobi',1,'2026-01-14 07:01:00',NULL),
(4,'AAR Health Services','AAR','Customer Care','+254709933000','info@aar-healthcare.com','Westlands, Nairobi',1,'2026-01-14 07:01:00',NULL),
(5,'Britam Insurance','BRITAM','Customer Care','+254703094000','info@britam.com','Britam Towers, Nairobi',1,'2026-01-14 07:01:00',NULL),
(6,'CIC Insurance Group','CIC','Customer Care','+254703099000','info@cic.co.ke','Upper Hill, Nairobi',1,'2026-01-14 07:01:00',NULL),
(7,'Madison Insurance','MAD','Customer Care','+254711073000','info@madison.co.ke','Westlands, Nairobi',1,'2026-01-14 07:01:00',NULL);
/*!40000 ALTER TABLE `insurance_companies` ENABLE KEYS */;
UNLOCK TABLES;

--
-- Table structure for table `insurance_schemes`
--

DROP TABLE IF EXISTS `insurance_schemes`;
/*!40101 SET @saved_cs_client     = @@character_set_client */;
/*!40101 SET character_set_client = utf8mb4 */;
CREATE TABLE `insurance_schemes` (
  `scheme_id` int(11) NOT NULL AUTO_INCREMENT,
  `insurance_company_id` int(11) NOT NULL,
  `scheme_code` varchar(50) NOT NULL,
  `scheme_name` varchar(255) NOT NULL,
  `scheme_type` enum('NHIF','SHA','PRIVATE','CORPORATE','INDIVIDUAL') NOT NULL,
  `coverage_description` text DEFAULT NULL,
  `requires_preauthorization` tinyint(1) DEFAULT 0,
  `outpatient_cover` tinyint(1) DEFAULT 1,
  `inpatient_cover` tinyint(1) DEFAULT 1,
  `maternity_cover` tinyint(1) DEFAULT 0,
  `dental_cover` tinyint(1) DEFAULT 0,
  `optical_cover` tinyint(1) DEFAULT 0,
  `annual_limit` decimal(12,2) DEFAULT NULL,
  `is_active` tinyint(1) DEFAULT 1,
  `created_at` timestamp NULL DEFAULT current_timestamp(),
  `created_by` int(11) DEFAULT NULL,
  PRIMARY KEY (`scheme_id`),
  UNIQUE KEY `uk_company_scheme` (`insurance_company_id`,`scheme_code`)
) ENGINE=InnoDB AUTO_INCREMENT=9 DEFAULT CHARSET=utf8mb4 COLLATE=utf8mb4_unicode_ci;
/*!40101 SET character_set_client = @saved_cs_client */;

--
-- Dumping data for table `insurance_schemes`
--

LOCK TABLES `insurance_schemes` WRITE;
/*!40000 ALTER TABLE `insurance_schemes` DISABLE KEYS */;
INSERT INTO `insurance_schemes` VALUES
(1,1,'SHA-GEN','SHA General Cover','SHA','Government universal health cover',0,1,1,1,1,1,NULL,1,'2026-01-14 07:01:42',NULL),
(2,2,'NHIF-OPD','NHIF Outpatient Cover','NHIF','NHIF outpatient services',0,1,0,0,0,0,NULL,1,'2026-01-14 07:01:42',NULL),
(3,2,'NHIF-IP','NHIF Inpatient Cover','NHIF','NHIF inpatient services',1,0,1,1,0,0,NULL,1,'2026-01-14 07:01:42',NULL),
(4,3,'JUB-IND','Jubilee Individual Plan','INDIVIDUAL','Individual private medical cover',1,1,1,1,1,1,5000000.00,1,'2026-01-14 07:01:53',NULL),
(5,3,'JUB-CORP','Jubilee Corporate Plan','CORPORATE','Corporate medical insurance',1,1,1,1,1,1,10000000.00,1,'2026-01-14 07:01:53',NULL),
(6,4,'AAR-SMART','AAR Smart Plan','INDIVIDUAL','Affordable outpatient and inpatient cover',1,1,1,0,1,1,2000000.00,1,'2026-01-14 07:01:53',NULL),
(7,5,'BRITAM-FAM','Britam Family Cover','INDIVIDUAL','Family medical insurance cover',1,1,1,1,1,1,8000000.00,1,'2026-01-14 07:01:53',NULL),
(8,6,'CIC-CORP','CIC Corporate Cover','CORPORATE','Corporate health insurance scheme',1,1,1,1,1,1,12000000.00,1,'2026-01-14 07:01:53',NULL);
/*!40000 ALTER TABLE `insurance_schemes` ENABLE KEYS */;
UNLOCK TABLES;

--
-- Table structure for table `intake_output`
--

DROP TABLE IF EXISTS `intake_output`;
/*!40101 SET @saved_cs_client     = @@character_set_client */;
/*!40101 SET character_set_client = utf8mb4 */;
CREATE TABLE `intake_output` (
  `intake_output_id` int(11) NOT NULL AUTO_INCREMENT,
  `visit_id` int(11) NOT NULL,
  `patient_id` int(11) NOT NULL,
  `record_date` date NOT NULL,
  `record_time` time NOT NULL,
  `oral_intake` decimal(10,2) NOT NULL DEFAULT 0.00,
  `iv_intake` decimal(10,2) NOT NULL DEFAULT 0.00,
  `tube_intake` decimal(10,2) NOT NULL DEFAULT 0.00,
  `urine_output` decimal(10,2) NOT NULL DEFAULT 0.00,
  `vomit_output` decimal(10,2) NOT NULL DEFAULT 0.00,
  `drain_output` decimal(10,2) NOT NULL DEFAULT 0.00,
  `other_output` decimal(10,2) NOT NULL DEFAULT 0.00,
  `total_intake` decimal(10,2) NOT NULL DEFAULT 0.00,
  `total_output` decimal(10,2) NOT NULL DEFAULT 0.00,
  `fluid_balance` decimal(10,2) NOT NULL DEFAULT 0.00,
  `notes` text DEFAULT NULL,
  `recorded_by` int(11) NOT NULL,
  `created_at` timestamp NULL DEFAULT current_timestamp(),
  `updated_at` timestamp NULL DEFAULT current_timestamp() ON UPDATE current_timestamp(),
  PRIMARY KEY (`intake_output_id`)
) ENGINE=InnoDB AUTO_INCREMENT=2 DEFAULT CHARSET=utf8mb4 COLLATE=utf8mb4_unicode_ci;
/*!40101 SET character_set_client = @saved_cs_client */;

--
-- Dumping data for table `intake_output`
--

LOCK TABLES `intake_output` WRITE;
/*!40000 ALTER TABLE `intake_output` DISABLE KEYS */;
INSERT INTO `intake_output` VALUES
(1,75,7,'2026-01-16','15:59:00',20.00,30.00,0.00,40.00,0.00,0.00,0.00,50.00,40.00,10.00,'',1,'2026-01-16 13:00:17','2026-01-16 13:00:17');
/*!40000 ALTER TABLE `intake_output` ENABLE KEYS */;
UNLOCK TABLES;

--
-- Table structure for table `inventory_audits`
--

DROP TABLE IF EXISTS `inventory_audits`;
/*!40101 SET @saved_cs_client     = @@character_set_client */;
/*!40101 SET character_set_client = utf8mb4 */;
CREATE TABLE `inventory_audits` (
  `audit_id` int(11) NOT NULL AUTO_INCREMENT,
  `audit_date` date NOT NULL,
  `audit_type` enum('full','partial','cycle') DEFAULT 'partial',
  `auditor_id` int(11) DEFAULT NULL,
  `status` enum('in_progress','completed','cancelled') DEFAULT 'in_progress',
  `total_items_count` int(11) DEFAULT 0,
  `items_audited` int(11) DEFAULT 0,
  `discrepancies_found` int(11) DEFAULT 0,
  `notes` text DEFAULT NULL,
  `created_at` timestamp NULL DEFAULT current_timestamp(),
  `completed_at` timestamp NULL DEFAULT NULL,
  PRIMARY KEY (`audit_id`),
  KEY `auditor_id` (`auditor_id`),
  KEY `idx_audit_date` (`audit_date`),
  KEY `idx_audit_status` (`status`),
  KEY `idx_audit_type` (`audit_type`)
) ENGINE=InnoDB AUTO_INCREMENT=7 DEFAULT CHARSET=utf8mb4 COLLATE=utf8mb4_general_ci;
/*!40101 SET character_set_client = @saved_cs_client */;

--
-- Dumping data for table `inventory_audits`
--

LOCK TABLES `inventory_audits` WRITE;
/*!40000 ALTER TABLE `inventory_audits` DISABLE KEYS */;
INSERT INTO `inventory_audits` VALUES
(1,'2025-11-08','full',1,'in_progress',7,0,0,'test','2025-11-08 03:36:01',NULL),
(2,'2025-11-08','full',1,'in_progress',7,0,0,'','2025-11-08 03:37:07',NULL),
(3,'2025-11-12','full',1,'in_progress',7,0,0,'','2025-11-11 23:58:02',NULL),
(4,'2025-11-23','full',1,'in_progress',7,0,0,'','2025-11-23 03:57:58',NULL),
(5,'2025-12-11','full',1,'in_progress',8,0,0,'Quarterly full inventory audit. Verify all stock levels and identify discrepancies.','2025-12-11 05:31:34',NULL),
(6,'2026-01-10','full',1,'in_progress',8,0,0,'','2026-01-10 19:56:41',NULL);
/*!40000 ALTER TABLE `inventory_audits` ENABLE KEYS */;
UNLOCK TABLES;

--
-- Table structure for table `inventory_batches`
--

DROP TABLE IF EXISTS `inventory_batches`;
/*!40101 SET @saved_cs_client     = @@character_set_client */;
/*!40101 SET character_set_client = utf8mb4 */;
CREATE TABLE `inventory_batches` (
  `batch_id` int(11) NOT NULL AUTO_INCREMENT,
  `item_id` int(11) NOT NULL,
  `batch_number` varchar(100) NOT NULL,
  `expiry_date` date NOT NULL,
  `manufacturer` varchar(100) DEFAULT NULL,
  `supplier_id` int(11) DEFAULT NULL,
  `received_date` date NOT NULL,
  `notes` text DEFAULT NULL,
  `is_active` tinyint(1) DEFAULT 1,
  `created_by` int(11) DEFAULT NULL,
  `created_at` timestamp NULL DEFAULT current_timestamp(),
  `updated_by` int(11) DEFAULT NULL,
  `updated_at` timestamp NULL DEFAULT current_timestamp() ON UPDATE current_timestamp(),
  PRIMARY KEY (`batch_id`),
  UNIQUE KEY `uniq_item_batch` (`item_id`,`batch_number`)
) ENGINE=InnoDB AUTO_INCREMENT=11 DEFAULT CHARSET=utf8mb4 COLLATE=utf8mb4_unicode_ci;
/*!40101 SET character_set_client = @saved_cs_client */;

--
-- Dumping data for table `inventory_batches`
--

LOCK TABLES `inventory_batches` WRITE;
/*!40000 ALTER TABLE `inventory_batches` DISABLE KEYS */;
INSERT INTO `inventory_batches` VALUES
(5,2,'BATCH--2026-001','2027-01-21','',21,'2026-01-20','',1,1,'2026-01-21 09:46:52',NULL,'2026-01-21 09:46:52'),
(6,1,'BATCH--2026-001','2027-01-21','',21,'2026-01-20','',1,1,'2026-01-21 10:40:45',NULL,'2026-01-21 10:40:45'),
(7,3,'BATCH--2026-003','2027-01-21','',21,'2026-01-20','',1,1,'2026-01-21 15:50:28',NULL,'2026-01-21 15:50:28'),
(8,4,'BATCH-636362','2027-01-24','',24,'2026-01-23','',1,1,'2026-01-24 07:33:51',NULL,'2026-01-24 07:33:51'),
(9,1,'BATCH--2026-004','2027-01-30','',21,'2026-01-29','',1,1,'2026-01-30 04:52:13',NULL,'2026-01-30 04:52:13'),
(10,4,'BATCH--2026-005','2027-01-30','',21,'2026-01-29','',1,1,'2026-01-30 04:53:41',NULL,'2026-01-30 04:53:41');
/*!40000 ALTER TABLE `inventory_batches` ENABLE KEYS */;
UNLOCK TABLES;

--
-- Table structure for table `inventory_categories`
--

DROP TABLE IF EXISTS `inventory_categories`;
/*!40101 SET @saved_cs_client     = @@character_set_client */;
/*!40101 SET character_set_client = utf8mb4 */;
CREATE TABLE `inventory_categories` (
  `category_id` int(11) NOT NULL AUTO_INCREMENT,
  `category_name` varchar(100) NOT NULL,
  `category_type` enum('Medical Supplies','Pharmacy','Equipment','Laboratory','General') NOT NULL,
  `description` text DEFAULT NULL,
  `is_active` tinyint(1) DEFAULT 1,
  `created_by` int(11) DEFAULT NULL,
  `created_at` timestamp NULL DEFAULT current_timestamp(),
  `updated_by` int(11) DEFAULT NULL,
  `updated_at` timestamp NULL DEFAULT current_timestamp() ON UPDATE current_timestamp(),
  PRIMARY KEY (`category_id`)
) ENGINE=InnoDB AUTO_INCREMENT=4 DEFAULT CHARSET=utf8mb4 COLLATE=utf8mb4_unicode_ci;
/*!40101 SET character_set_client = @saved_cs_client */;

--
-- Dumping data for table `inventory_categories`
--

LOCK TABLES `inventory_categories` WRITE;
/*!40000 ALTER TABLE `inventory_categories` DISABLE KEYS */;
INSERT INTO `inventory_categories` VALUES
(1,'Drug','Pharmacy','medicine',1,1,'2026-01-21 07:43:03',1,'2026-01-21 07:43:03'),
(2,'General','General','',1,1,'2026-01-21 07:43:31',1,'2026-01-21 07:43:31'),
(3,'Equipment','Equipment','',1,1,'2026-01-21 07:44:30',1,'2026-01-21 07:44:30');
/*!40000 ALTER TABLE `inventory_categories` ENABLE KEYS */;
UNLOCK TABLES;

--
-- Table structure for table `inventory_count_items`
--

DROP TABLE IF EXISTS `inventory_count_items`;
/*!40101 SET @saved_cs_client     = @@character_set_client */;
/*!40101 SET character_set_client = utf8mb4 */;
CREATE TABLE `inventory_count_items` (
  `count_item_id` int(11) NOT NULL AUTO_INCREMENT,
  `count_id` int(11) NOT NULL,
  `item_id` int(11) NOT NULL,
  `batch_id` int(11) DEFAULT NULL,
  `system_quantity` decimal(10,3) DEFAULT 0.000,
  `counted_quantity` decimal(10,3) DEFAULT 0.000,
  `variance_quantity` decimal(10,3) DEFAULT 0.000,
  `unit_cost` decimal(15,4) DEFAULT 0.0000,
  `variance_value` decimal(15,4) DEFAULT 0.0000,
  `notes` text DEFAULT NULL,
  `is_active` tinyint(1) DEFAULT 1,
  `created_by` int(11) DEFAULT NULL,
  `created_at` timestamp NULL DEFAULT current_timestamp(),
  `updated_by` int(11) DEFAULT NULL,
  `updated_at` timestamp NULL DEFAULT current_timestamp() ON UPDATE current_timestamp(),
  PRIMARY KEY (`count_item_id`)
) ENGINE=InnoDB DEFAULT CHARSET=utf8mb4 COLLATE=utf8mb4_unicode_ci;
/*!40101 SET character_set_client = @saved_cs_client */;

--
-- Dumping data for table `inventory_count_items`
--

LOCK TABLES `inventory_count_items` WRITE;
/*!40000 ALTER TABLE `inventory_count_items` DISABLE KEYS */;
/*!40000 ALTER TABLE `inventory_count_items` ENABLE KEYS */;
UNLOCK TABLES;

--
-- Table structure for table `inventory_counts`
--

DROP TABLE IF EXISTS `inventory_counts`;
/*!40101 SET @saved_cs_client     = @@character_set_client */;
/*!40101 SET character_set_client = utf8mb4 */;
CREATE TABLE `inventory_counts` (
  `count_id` int(11) NOT NULL AUTO_INCREMENT,
  `count_date` date NOT NULL,
  `count_time` time NOT NULL,
  `location_id` int(11) NOT NULL,
  `counted_by` int(11) NOT NULL,
  `status` enum('pending','in_progress','completed','reviewed','approved','rejected') DEFAULT 'pending',
  `reference_number` varchar(50) NOT NULL,
  `notes` text DEFAULT NULL,
  `total_items_counted` int(11) DEFAULT 0,
  `total_items_matched` int(11) DEFAULT 0,
  `total_items_discrepancy` int(11) DEFAULT 0,
  `total_value_discrepancy` decimal(15,4) DEFAULT 0.0000,
  `reviewed_by` int(11) DEFAULT NULL,
  `reviewed_at` datetime DEFAULT NULL,
  `approved_by` int(11) DEFAULT NULL,
  `approved_at` datetime DEFAULT NULL,
  `is_active` tinyint(1) DEFAULT 1,
  `created_by` int(11) DEFAULT NULL,
  `created_at` timestamp NULL DEFAULT current_timestamp(),
  `updated_by` int(11) DEFAULT NULL,
  `updated_at` timestamp NULL DEFAULT current_timestamp() ON UPDATE current_timestamp(),
  PRIMARY KEY (`count_id`),
  UNIQUE KEY `reference_number` (`reference_number`)
) ENGINE=InnoDB DEFAULT CHARSET=utf8mb4 COLLATE=utf8mb4_unicode_ci;
/*!40101 SET character_set_client = @saved_cs_client */;

--
-- Dumping data for table `inventory_counts`
--

LOCK TABLES `inventory_counts` WRITE;
/*!40000 ALTER TABLE `inventory_counts` DISABLE KEYS */;
/*!40000 ALTER TABLE `inventory_counts` ENABLE KEYS */;
UNLOCK TABLES;

--
-- Table structure for table `inventory_grn_items`
--

DROP TABLE IF EXISTS `inventory_grn_items`;
/*!40101 SET @saved_cs_client     = @@character_set_client */;
/*!40101 SET character_set_client = utf8mb4 */;
CREATE TABLE `inventory_grn_items` (
  `grn_item_id` int(11) NOT NULL AUTO_INCREMENT,
  `grn_id` int(11) NOT NULL,
  `purchase_order_item_id` int(11) NOT NULL,
  `item_id` int(11) NOT NULL,
  `batch_number` varchar(100) NOT NULL,
  `expiry_date` date NOT NULL,
  `quantity_received` decimal(10,3) NOT NULL,
  `unit_cost` decimal(15,4) NOT NULL,
  `notes` text DEFAULT NULL,
  `is_active` tinyint(1) DEFAULT 1,
  `created_by` int(11) DEFAULT NULL,
  `created_at` timestamp NULL DEFAULT current_timestamp(),
  PRIMARY KEY (`grn_item_id`)
) ENGINE=InnoDB DEFAULT CHARSET=utf8mb4 COLLATE=utf8mb4_unicode_ci;
/*!40101 SET character_set_client = @saved_cs_client */;

--
-- Dumping data for table `inventory_grn_items`
--

LOCK TABLES `inventory_grn_items` WRITE;
/*!40000 ALTER TABLE `inventory_grn_items` DISABLE KEYS */;
/*!40000 ALTER TABLE `inventory_grn_items` ENABLE KEYS */;
UNLOCK TABLES;

--
-- Table structure for table `inventory_grns`
--

DROP TABLE IF EXISTS `inventory_grns`;
/*!40101 SET @saved_cs_client     = @@character_set_client */;
/*!40101 SET character_set_client = utf8mb4 */;
CREATE TABLE `inventory_grns` (
  `grn_id` int(11) NOT NULL AUTO_INCREMENT,
  `grn_number` varchar(50) NOT NULL,
  `grn_date` date NOT NULL,
  `purchase_order_id` int(11) NOT NULL,
  `supplier_id` int(11) NOT NULL,
  `received_location_id` int(11) NOT NULL,
  `invoice_number` varchar(100) DEFAULT NULL,
  `delivery_note_number` varchar(100) DEFAULT NULL,
  `received_by` int(11) NOT NULL,
  `verified_by` int(11) DEFAULT NULL,
  `verified_at` datetime DEFAULT NULL,
  `notes` text DEFAULT NULL,
  `is_active` tinyint(1) DEFAULT 1,
  `created_by` int(11) DEFAULT NULL,
  `created_at` timestamp NULL DEFAULT current_timestamp(),
  PRIMARY KEY (`grn_id`),
  UNIQUE KEY `grn_number` (`grn_number`)
) ENGINE=InnoDB DEFAULT CHARSET=utf8mb4 COLLATE=utf8mb4_unicode_ci;
/*!40101 SET character_set_client = @saved_cs_client */;

--
-- Dumping data for table `inventory_grns`
--

LOCK TABLES `inventory_grns` WRITE;
/*!40000 ALTER TABLE `inventory_grns` DISABLE KEYS */;
/*!40000 ALTER TABLE `inventory_grns` ENABLE KEYS */;
UNLOCK TABLES;

--
-- Table structure for table `inventory_items`
--

DROP TABLE IF EXISTS `inventory_items`;
/*!40101 SET @saved_cs_client     = @@character_set_client */;
/*!40101 SET character_set_client = utf8mb4 */;
CREATE TABLE `inventory_items` (
  `item_id` int(11) NOT NULL AUTO_INCREMENT,
  `item_name` varchar(200) NOT NULL,
  `item_code` varchar(50) NOT NULL,
  `category_id` int(11) NOT NULL,
  `unit_of_measure` varchar(20) NOT NULL,
  `is_drug` tinyint(1) DEFAULT 0,
  `requires_batch` tinyint(1) DEFAULT 1,
  `reorder_level` decimal(10,3) DEFAULT 0.000,
  `status` varchar(50) DEFAULT NULL,
  `is_active` tinyint(1) DEFAULT 1,
  `created_by` int(11) DEFAULT NULL,
  `created_at` timestamp NULL DEFAULT current_timestamp(),
  `updated_by` int(11) DEFAULT NULL,
  `updated_at` timestamp NULL DEFAULT current_timestamp() ON UPDATE current_timestamp(),
  `notes` text DEFAULT NULL,
  PRIMARY KEY (`item_id`),
  UNIQUE KEY `item_code` (`item_code`)
) ENGINE=InnoDB AUTO_INCREMENT=5 DEFAULT CHARSET=utf8mb4 COLLATE=utf8mb4_unicode_ci;
/*!40101 SET character_set_client = @saved_cs_client */;

--
-- Dumping data for table `inventory_items`
--

LOCK TABLES `inventory_items` WRITE;
/*!40000 ALTER TABLE `inventory_items` DISABLE KEYS */;
INSERT INTO `inventory_items` VALUES
(1,'Paracetamol 500mg Tablets','PARA-101',1,'tablet',1,1,1000.000,'active',1,1,'2026-01-21 07:50:27',1,'2026-01-21 09:25:05',''),
(2,'MARA MOJA','MARA-023',1,'pack',1,1,2000.000,'active',1,1,'2026-01-21 08:42:36',1,'2026-01-21 09:25:22',''),
(3,'test med','test0383',1,'pack',1,1,1000.000,'active',1,1,'2026-01-21 08:46:00',1,'2026-01-21 09:24:30',''),
(4,'test4','test4444',1,'pack',1,1,2000.000,'active',1,1,'2026-01-21 09:15:22',NULL,'2026-01-21 09:15:22','test');
/*!40000 ALTER TABLE `inventory_items` ENABLE KEYS */;
UNLOCK TABLES;

--
-- Table structure for table `inventory_location_items`
--

DROP TABLE IF EXISTS `inventory_location_items`;
/*!40101 SET @saved_cs_client     = @@character_set_client */;
/*!40101 SET character_set_client = utf8mb4 */;
CREATE TABLE `inventory_location_items` (
  `location_item_id` int(11) NOT NULL AUTO_INCREMENT,
  `item_id` int(11) DEFAULT NULL,
  `location_id` int(11) DEFAULT NULL,
  `quantity` int(11) DEFAULT 0,
  `low_stock_alert` int(11) DEFAULT 0,
  `created_at` timestamp NULL DEFAULT current_timestamp(),
  `updated_at` timestamp NULL DEFAULT current_timestamp() ON UPDATE current_timestamp(),
  `batch_number` int(11) DEFAULT NULL,
  `expiry_date` datetime DEFAULT NULL,
  `unit_cost` decimal(10,2) NOT NULL DEFAULT 0.00,
  `selling_price` decimal(10,2) NOT NULL DEFAULT 0.00,
  PRIMARY KEY (`location_item_id`),
  UNIQUE KEY `unique_item_location` (`item_id`,`location_id`),
  KEY `location_id` (`location_id`)
) ENGINE=InnoDB AUTO_INCREMENT=87 DEFAULT CHARSET=utf8mb4 COLLATE=utf8mb4_unicode_ci;
/*!40101 SET character_set_client = @saved_cs_client */;

--
-- Dumping data for table `inventory_location_items`
--

LOCK TABLES `inventory_location_items` WRITE;
/*!40000 ALTER TABLE `inventory_location_items` DISABLE KEYS */;
INSERT INTO `inventory_location_items` VALUES
(1,2,3,0,30,'2025-11-29 20:24:08','2025-11-30 10:59:13',NULL,NULL,0.00,0.00),
(2,2,7,0,30,'2025-11-29 20:24:08','2025-11-30 11:00:06',NULL,NULL,0.00,0.00),
(3,2,8,550,0,'2025-11-30 10:59:13','2025-11-30 11:00:06',NULL,NULL,0.00,0.00),
(6,8,8,0,50,'2025-12-03 04:58:42','2025-12-10 09:49:30',NULL,NULL,0.00,0.00),
(15,8,6,0,0,'2025-12-10 05:43:08','2025-12-10 07:10:47',NULL,NULL,0.00,0.00),
(18,8,11,0,0,'2025-12-10 09:50:59','2025-12-10 10:54:11',NULL,NULL,0.00,0.00),
(72,8,5,50,50,'2025-12-11 05:15:58','2025-12-11 06:21:25',NULL,NULL,0.00,0.00),
(75,8,7,100,50,'2025-12-11 05:40:58','2025-12-11 05:40:58',NULL,NULL,0.00,0.00),
(76,8,4,50,0,'2025-12-11 06:21:25','2025-12-11 06:21:25',NULL,NULL,0.00,0.00),
(77,5,11,60,25,'2025-12-12 05:43:42','2025-12-12 05:43:42',NULL,NULL,0.00,0.00),
(78,5,4,60,25,'2025-12-12 05:43:42','2025-12-12 05:43:42',NULL,NULL,0.00,0.00),
(79,6,8,100,100,'2025-12-21 04:46:51','2025-12-21 04:46:51',NULL,NULL,0.00,0.00),
(86,20,8,1000,0,'2026-01-16 12:04:05','2026-01-16 12:04:05',NULL,NULL,5.00,10.00);
/*!40000 ALTER TABLE `inventory_location_items` ENABLE KEYS */;
UNLOCK TABLES;

--
-- Table structure for table `inventory_location_stock`
--

DROP TABLE IF EXISTS `inventory_location_stock`;
/*!40101 SET @saved_cs_client     = @@character_set_client */;
/*!40101 SET character_set_client = utf8mb4 */;
CREATE TABLE `inventory_location_stock` (
  `stock_id` int(11) NOT NULL AUTO_INCREMENT,
  `batch_id` int(11) NOT NULL,
  `location_id` int(11) NOT NULL,
  `quantity` decimal(10,3) NOT NULL DEFAULT 0.000,
  `unit_cost` decimal(15,4) NOT NULL,
  `selling_price` decimal(15,4) DEFAULT NULL,
  `last_movement_at` datetime DEFAULT NULL,
  `is_active` tinyint(1) DEFAULT 1,
  `created_by` int(11) DEFAULT NULL,
  `created_at` timestamp NULL DEFAULT current_timestamp(),
  `updated_by` int(11) DEFAULT NULL,
  `updated_at` timestamp NULL DEFAULT current_timestamp() ON UPDATE current_timestamp(),
  `item_id` int(11) NOT NULL,
  PRIMARY KEY (`stock_id`),
  UNIQUE KEY `uniq_batch_location` (`batch_id`,`location_id`)
) ENGINE=InnoDB AUTO_INCREMENT=7 DEFAULT CHARSET=utf8mb4 COLLATE=utf8mb4_unicode_ci;
/*!40101 SET character_set_client = @saved_cs_client */;

--
-- Dumping data for table `inventory_location_stock`
--

LOCK TABLES `inventory_location_stock` WRITE;
/*!40000 ALTER TABLE `inventory_location_stock` DISABLE KEYS */;
INSERT INTO `inventory_location_stock` VALUES
(1,5,1,5000.000,15.0000,30.0000,'2026-01-21 22:00:52',1,1,'2026-01-21 09:46:52',1,'2026-01-21 19:00:52',2),
(2,6,1,1000.000,10.0000,20.0000,NULL,1,1,'2026-01-21 10:40:45',NULL,'2026-01-21 10:40:45',1),
(3,7,1,13341.000,31.0000,62.0000,NULL,1,1,'2026-01-21 15:50:28',NULL,'2026-01-21 15:50:28',3),
(4,8,1,2000.000,20.0000,40.0000,NULL,1,1,'2026-01-24 07:33:51',NULL,'2026-01-24 07:33:51',4),
(5,9,2,20000.000,5.0000,10.0000,NULL,1,1,'2026-01-30 04:52:13',NULL,'2026-01-30 04:52:13',1),
(6,10,1,20000.000,10.0000,20.0000,NULL,1,1,'2026-01-30 04:53:41',NULL,'2026-01-30 04:53:41',4);
/*!40000 ALTER TABLE `inventory_location_stock` ENABLE KEYS */;
UNLOCK TABLES;

--
-- Table structure for table `inventory_locations`
--

DROP TABLE IF EXISTS `inventory_locations`;
/*!40101 SET @saved_cs_client     = @@character_set_client */;
/*!40101 SET character_set_client = utf8mb4 */;
CREATE TABLE `inventory_locations` (
  `location_id` int(11) NOT NULL AUTO_INCREMENT,
  `location_name` varchar(100) NOT NULL,
  `location_type` enum('Store','Pharmacy','Ward','Theatre','Lab','Other') NOT NULL,
  `is_active` tinyint(1) DEFAULT 1,
  `created_by` int(11) DEFAULT NULL,
  `created_at` timestamp NULL DEFAULT current_timestamp(),
  `updated_by` int(11) DEFAULT NULL,
  `updated_at` timestamp NULL DEFAULT current_timestamp() ON UPDATE current_timestamp(),
  `location_description` text DEFAULT NULL,
  PRIMARY KEY (`location_id`)
) ENGINE=InnoDB AUTO_INCREMENT=3 DEFAULT CHARSET=utf8mb4 COLLATE=utf8mb4_unicode_ci;
/*!40101 SET character_set_client = @saved_cs_client */;

--
-- Dumping data for table `inventory_locations`
--

LOCK TABLES `inventory_locations` WRITE;
/*!40000 ALTER TABLE `inventory_locations` DISABLE KEYS */;
INSERT INTO `inventory_locations` VALUES
(1,'Main Store','Store',1,1,'2026-01-21 08:02:53',NULL,'2026-01-21 08:02:53',''),
(2,'Pharmacy Store','Store',1,1,'2026-01-21 10:44:25',NULL,'2026-01-21 10:44:25','');
/*!40000 ALTER TABLE `inventory_locations` ENABLE KEYS */;
UNLOCK TABLES;

--
-- Table structure for table `inventory_logs`
--

DROP TABLE IF EXISTS `inventory_logs`;
/*!40101 SET @saved_cs_client     = @@character_set_client */;
/*!40101 SET character_set_client = utf8mb4 */;
CREATE TABLE `inventory_logs` (
  `log_id` int(11) NOT NULL AUTO_INCREMENT,
  `item_id` int(11) NOT NULL,
  `adjustment_type` varchar(100) DEFAULT NULL,
  `quantity_change` int(11) NOT NULL,
  `new_quantity` int(11) NOT NULL,
  `reason` varchar(255) NOT NULL,
  `created_by` int(11) NOT NULL,
  `created_at` datetime DEFAULT current_timestamp(),
  PRIMARY KEY (`log_id`),
  KEY `created_by` (`created_by`),
  KEY `idx_inventory_logs_item_id` (`item_id`),
  KEY `idx_inventory_logs_created_at` (`created_at`)
) ENGINE=InnoDB AUTO_INCREMENT=37 DEFAULT CHARSET=utf8mb4 COLLATE=utf8mb4_general_ci;
/*!40101 SET character_set_client = @saved_cs_client */;

--
-- Dumping data for table `inventory_logs`
--

LOCK TABLES `inventory_logs` WRITE;
/*!40000 ALTER TABLE `inventory_logs` DISABLE KEYS */;
INSERT INTO `inventory_logs` VALUES
(1,6,'goods_received',1,451,'Goods Received Note #GRN-20251112-022729 for PO PO-20251111-215951',1,'2025-11-12 02:27:29'),
(2,6,'goods_received',1,452,'Goods Received Note #GRN-20251112-022729 for PO PO-20251111-215951',1,'2025-11-12 02:27:29'),
(3,4,'goods_received',1,501,'Goods Received Note #GRN-20251112-022729 for PO PO-20251111-215951',1,'2025-11-12 02:27:29'),
(6,6,'purchase_return',-1,451,'Purchase Return #RET-20251112-043811 for PO PO-20251111-215951',1,'2025-11-12 04:38:11'),
(7,6,'purchase_return',-1,450,'Purchase Return #RET-20251112-043811 for PO PO-20251111-215951',1,'2025-11-12 04:38:11'),
(8,4,'purchase_return',-1,500,'Purchase Return #RET-20251112-043811 for PO PO-20251111-215951',1,'2025-11-12 04:38:11'),
(9,6,'goods_received',340,789,'Goods Received Note #GRN-20251116-184554 for PO PO-20251116-180910',1,'2025-11-16 18:45:54'),
(10,1,'goods_received',450,600,'Goods Received Note #GRN-20251116-184554 for PO PO-20251116-180910',1,'2025-11-16 18:45:54'),
(11,3,'goods_received',340,539,'Goods Received Note #GRN-20251116-184554 for PO PO-20251116-180910',1,'2025-11-16 18:45:54'),
(12,2,'goods_received',3000,3030,'Goods Received Note #GRN-20251129-065959 for PO PO-20251129-065806',1,'2025-11-29 06:59:59'),
(13,8,'adjustment',0,200,'Stock transfer: 50 units of MARA MOJA from General Storage to Operating Room 1 - test',1,'2025-12-10 09:09:56'),
(14,8,'adjustment',0,200,'Stock transfer: 50 units of MARA MOJA from General Storage to Main Pharmacy - test',1,'2025-12-10 10:11:52'),
(15,8,'adjustment',-50,150,'Reversal of transaction #11 for item MARA MOJA (Qty: -50) - Reason: waaaaaaaaaaa',1,'2025-12-10 12:05:40'),
(16,8,'adjustment',0,200,'Stock transfer: 50 units of MARA MOJA from General Storage to Main Pharmacy',1,'2025-12-10 12:07:50'),
(17,8,'adjustment',-50,150,'Reversal of transaction #14 for item MARA MOJA (Qty: -50) - Reason: general store to have 150',1,'2025-12-10 12:08:38'),
(18,8,'adjustment',0,200,'Stock transfer: 50 units of MARA MOJA from Main Pharmacy to General Storage',1,'2025-12-10 12:28:18'),
(19,8,'adjustment',-50,150,'Reversal of transaction #17 for item MARA MOJA (Qty: -50) - Reason: tessttttttttt',1,'2025-12-10 12:31:33'),
(20,8,'adjustment',0,200,'Stock transfer: 50 units of MARA MOJA from Main Pharmacy to General Storage',1,'2025-12-10 12:49:30'),
(21,8,'adjustment',-50,150,'Reversal of transaction #20 for item MARA MOJA (Qty: -50) - Reason: dddddddddd',1,'2025-12-10 12:50:11'),
(22,8,'adjustment',0,200,'Stock transfer: 100 units of MARA MOJA from General Storage to Operating Room 1',1,'2025-12-10 12:50:59'),
(23,8,'adjustment',-100,100,'Reversal of transaction #23 for item MARA MOJA (Qty: -100) - Reason: 444444444444444',1,'2025-12-10 12:51:34'),
(24,8,'adjustment',0,200,'Stock transfer: 100 units of MARA MOJA from General Storage to Operating Room 1',1,'2025-12-10 13:04:02'),
(25,8,'reversal',-100,300,'Reversal of transaction #28 for item MARA MOJA (Qty: -100) - Reason: 22222222222',1,'2025-12-10 13:48:06'),
(26,8,'adjustment',0,200,'Stock transfer: 100 units of MARA MOJA from General Storage to Laboratory A',1,'2025-12-10 14:01:27'),
(27,8,'reversal',-100,300,'Reversal of transaction #47 for item MARA MOJA (Qty: -100) - Reason: ttttttttttttttttttttttttttttttttttt',1,'2025-12-10 14:10:15'),
(28,8,'adjustment',0,200,'Stock transfer: 100 units of MARA MOJA from General Storage to Laboratory A',1,'2025-12-10 14:19:42'),
(29,8,'reversal',-100,300,'Reversal of transaction #51 for item MARA MOJA (Qty: -100) - Reason: testfffffffff',1,'2025-12-10 14:20:48'),
(30,8,'adjustment',0,200,'Stock transfer: 100 units of MARA MOJA from General Storage to Laboratory A - test',1,'2025-12-10 14:29:58'),
(31,8,'adjustment',0,200,'Stock transfer: 100 units of MARA MOJA from Laboratory A to General Storage',1,'2025-12-10 14:39:04'),
(32,8,'reversal',100,200,'Reversal of transaction #59 for item MARA MOJA (Qty: 100) - Reason: ttttttttttttt',1,'2025-12-10 14:54:42'),
(33,8,'reversal',100,300,'Reversal of transaction #61 for item MARA MOJA (Qty: 100) - Reason: JJJJJJJJJJJ',1,'2025-12-10 15:35:57'),
(34,8,'reversal',-100,200,'Reversal of transaction #62 for item MARA MOJA (Qty: -100) - Reason: KKKKKKKKKKK',1,'2025-12-10 15:36:33'),
(35,8,'adjustment',0,200,'Stock transfer: 100 units of MARA MOJA from Laboratory A to General Storage',1,'2025-12-10 19:29:55'),
(36,4,'goods_received',1000,1000,'Goods Received Note #GRN-20260110-231126 for PO PO-20260110-230552',1,'2026-01-10 23:11:26');
/*!40000 ALTER TABLE `inventory_logs` ENABLE KEYS */;
UNLOCK TABLES;

--
-- Table structure for table `inventory_purchase_order_items`
--

DROP TABLE IF EXISTS `inventory_purchase_order_items`;
/*!40101 SET @saved_cs_client     = @@character_set_client */;
/*!40101 SET character_set_client = utf8mb4 */;
CREATE TABLE `inventory_purchase_order_items` (
  `purchase_order_item_id` int(11) NOT NULL AUTO_INCREMENT,
  `purchase_order_id` int(11) NOT NULL,
  `item_id` int(11) NOT NULL,
  `quantity_ordered` decimal(10,3) NOT NULL,
  `quantity_received` decimal(10,3) DEFAULT 0.000,
  `unit_cost` decimal(15,4) NOT NULL,
  `estimated_total` decimal(15,4) NOT NULL,
  `notes` text DEFAULT NULL,
  `is_active` tinyint(1) DEFAULT 1,
  `created_by` int(11) DEFAULT NULL,
  `created_at` timestamp NULL DEFAULT current_timestamp(),
  `updated_by` int(11) DEFAULT NULL,
  `updated_at` timestamp NULL DEFAULT current_timestamp() ON UPDATE current_timestamp(),
  PRIMARY KEY (`purchase_order_item_id`)
) ENGINE=InnoDB AUTO_INCREMENT=3 DEFAULT CHARSET=utf8mb4 COLLATE=utf8mb4_unicode_ci;
/*!40101 SET character_set_client = @saved_cs_client */;

--
-- Dumping data for table `inventory_purchase_order_items`
--

LOCK TABLES `inventory_purchase_order_items` WRITE;
/*!40000 ALTER TABLE `inventory_purchase_order_items` DISABLE KEYS */;
INSERT INTO `inventory_purchase_order_items` VALUES
(1,1,2,10000.000,0.000,0.0000,0.0000,'',1,1,'2026-01-21 11:34:44',NULL,'2026-01-21 11:34:44'),
(2,2,1,20000.000,0.000,0.0000,0.0000,'',1,1,'2026-01-21 12:02:47',1,'2026-01-21 15:38:18');
/*!40000 ALTER TABLE `inventory_purchase_order_items` ENABLE KEYS */;
UNLOCK TABLES;

--
-- Table structure for table `inventory_purchase_orders`
--

DROP TABLE IF EXISTS `inventory_purchase_orders`;
/*!40101 SET @saved_cs_client     = @@character_set_client */;
/*!40101 SET character_set_client = utf8mb4 */;
CREATE TABLE `inventory_purchase_orders` (
  `purchase_order_id` int(11) NOT NULL AUTO_INCREMENT,
  `po_number` varchar(50) NOT NULL,
  `po_date` date NOT NULL,
  `supplier_id` int(11) NOT NULL,
  `delivery_location_id` int(11) NOT NULL,
  `status` enum('draft','submitted','approved','partially_received','received','cancelled') DEFAULT 'draft',
  `total_estimated_amount` decimal(15,2) DEFAULT 0.00,
  `requested_by` int(11) NOT NULL,
  `approved_by` int(11) DEFAULT NULL,
  `approved_at` datetime DEFAULT NULL,
  `expected_delivery_date` date DEFAULT NULL,
  `notes` text DEFAULT NULL,
  `is_active` tinyint(1) DEFAULT 1,
  `created_by` int(11) DEFAULT NULL,
  `created_at` timestamp NULL DEFAULT current_timestamp(),
  `updated_by` int(11) DEFAULT NULL,
  `updated_at` timestamp NULL DEFAULT current_timestamp() ON UPDATE current_timestamp(),
  PRIMARY KEY (`purchase_order_id`),
  UNIQUE KEY `po_number` (`po_number`)
) ENGINE=InnoDB AUTO_INCREMENT=3 DEFAULT CHARSET=utf8mb4 COLLATE=utf8mb4_unicode_ci;
/*!40101 SET character_set_client = @saved_cs_client */;

--
-- Dumping data for table `inventory_purchase_orders`
--

LOCK TABLES `inventory_purchase_orders` WRITE;
/*!40000 ALTER TABLE `inventory_purchase_orders` DISABLE KEYS */;
INSERT INTO `inventory_purchase_orders` VALUES
(1,'PO-20260121-3001','2026-01-21',21,1,'draft',0.00,1,NULL,NULL,'2026-01-28','',1,1,'2026-01-21 11:34:44',NULL,'2026-01-21 11:34:44'),
(2,'PO-20260121-4070','2026-01-21',29,1,'draft',0.00,1,NULL,NULL,'2026-01-28','',1,1,'2026-01-21 12:02:47',1,'2026-01-21 15:38:18');
/*!40000 ALTER TABLE `inventory_purchase_orders` ENABLE KEYS */;
UNLOCK TABLES;

--
-- Table structure for table `inventory_requisition_items`
--

DROP TABLE IF EXISTS `inventory_requisition_items`;
/*!40101 SET @saved_cs_client     = @@character_set_client */;
/*!40101 SET character_set_client = utf8mb4 */;
CREATE TABLE `inventory_requisition_items` (
  `requisition_item_id` int(11) NOT NULL AUTO_INCREMENT,
  `requisition_id` int(11) NOT NULL,
  `item_id` int(11) NOT NULL,
  `quantity_requested` decimal(10,3) NOT NULL,
  `quantity_approved` decimal(10,3) DEFAULT 0.000,
  `quantity_issued` decimal(10,3) DEFAULT 0.000,
  `notes` text DEFAULT NULL,
  `is_active` tinyint(1) DEFAULT 1,
  `created_by` int(11) DEFAULT NULL,
  `created_at` timestamp NULL DEFAULT current_timestamp(),
  `updated_by` int(11) DEFAULT NULL,
  `updated_at` timestamp NULL DEFAULT current_timestamp() ON UPDATE current_timestamp(),
  PRIMARY KEY (`requisition_item_id`)
) ENGINE=InnoDB AUTO_INCREMENT=2 DEFAULT CHARSET=utf8mb4 COLLATE=utf8mb4_unicode_ci;
/*!40101 SET character_set_client = @saved_cs_client */;

--
-- Dumping data for table `inventory_requisition_items`
--

LOCK TABLES `inventory_requisition_items` WRITE;
/*!40000 ALTER TABLE `inventory_requisition_items` DISABLE KEYS */;
INSERT INTO `inventory_requisition_items` VALUES
(1,1,3,1000.000,1000.000,1000.000,'',1,NULL,'2026-01-21 15:52:06',1,'2026-01-21 18:08:54');
/*!40000 ALTER TABLE `inventory_requisition_items` ENABLE KEYS */;
UNLOCK TABLES;

--
-- Table structure for table `inventory_requisitions`
--

DROP TABLE IF EXISTS `inventory_requisitions`;
/*!40101 SET @saved_cs_client     = @@character_set_client */;
/*!40101 SET character_set_client = utf8mb4 */;
CREATE TABLE `inventory_requisitions` (
  `requisition_id` int(11) NOT NULL AUTO_INCREMENT,
  `requisition_number` varchar(50) NOT NULL,
  `requisition_date` date NOT NULL,
  `requested_by` int(11) NOT NULL,
  `department_id` int(11) DEFAULT NULL,
  `from_location_id` int(11) NOT NULL,
  `delivery_location_id` int(11) NOT NULL,
  `status` enum('pending','approved','rejected','fulfilled','partial') DEFAULT 'pending',
  `priority` enum('low','normal','high','urgent') DEFAULT 'normal',
  `approved_by` int(11) DEFAULT NULL,
  `approved_at` datetime DEFAULT NULL,
  `fulfilled_by` int(11) DEFAULT NULL,
  `fulfilled_at` datetime DEFAULT NULL,
  `notes` text DEFAULT NULL,
  `is_active` tinyint(1) DEFAULT 1,
  `created_by` int(11) DEFAULT NULL,
  `created_at` timestamp NULL DEFAULT current_timestamp(),
  `updated_by` int(11) DEFAULT NULL,
  `updated_at` timestamp NULL DEFAULT current_timestamp() ON UPDATE current_timestamp(),
  PRIMARY KEY (`requisition_id`),
  UNIQUE KEY `requisition_number` (`requisition_number`)
) ENGINE=InnoDB AUTO_INCREMENT=2 DEFAULT CHARSET=utf8mb4 COLLATE=utf8mb4_unicode_ci;
/*!40101 SET character_set_client = @saved_cs_client */;

--
-- Dumping data for table `inventory_requisitions`
--

LOCK TABLES `inventory_requisitions` WRITE;
/*!40000 ALTER TABLE `inventory_requisitions` DISABLE KEYS */;
INSERT INTO `inventory_requisitions` VALUES
(1,'REQ-20260121-5292','2026-01-21',1,17,1,1,'fulfilled','normal',1,'2026-01-21 21:08:10',NULL,NULL,'',1,NULL,'2026-01-21 15:52:06',1,'2026-01-21 18:08:54');
/*!40000 ALTER TABLE `inventory_requisitions` ENABLE KEYS */;
UNLOCK TABLES;

--
-- Table structure for table `inventory_transactions`
--

DROP TABLE IF EXISTS `inventory_transactions`;
/*!40101 SET @saved_cs_client     = @@character_set_client */;
/*!40101 SET character_set_client = utf8mb4 */;
CREATE TABLE `inventory_transactions` (
  `transaction_id` int(11) NOT NULL AUTO_INCREMENT,
  `transaction_type` enum('GRN','ISSUE','TRANSFER_OUT','TRANSFER_IN','ADJUSTMENT','WASTAGE','RETURN') NOT NULL,
  `item_id` int(11) NOT NULL,
  `batch_id` int(11) NOT NULL,
  `from_location_id` int(11) DEFAULT NULL,
  `to_location_id` int(11) DEFAULT NULL,
  `quantity` decimal(10,3) NOT NULL,
  `unit_cost` decimal(15,4) NOT NULL,
  `reference_type` varchar(50) DEFAULT NULL,
  `reference_id` int(11) DEFAULT NULL,
  `reason` text DEFAULT NULL,
  `is_active` tinyint(1) DEFAULT 1,
  `created_by` int(11) NOT NULL,
  `created_at` timestamp NULL DEFAULT current_timestamp(),
  PRIMARY KEY (`transaction_id`)
) ENGINE=InnoDB AUTO_INCREMENT=8 DEFAULT CHARSET=utf8mb4 COLLATE=utf8mb4_unicode_ci;
/*!40101 SET character_set_client = @saved_cs_client */;

--
-- Dumping data for table `inventory_transactions`
--

LOCK TABLES `inventory_transactions` WRITE;
/*!40000 ALTER TABLE `inventory_transactions` DISABLE KEYS */;
INSERT INTO `inventory_transactions` VALUES
(1,'GRN',2,5,NULL,1,10000.000,15.0000,NULL,NULL,'GRN for batch BATCH--2026-001 - Initial stock receipt',1,1,'2026-01-21 09:46:52'),
(2,'GRN',1,6,NULL,1,1000.000,10.0000,NULL,NULL,'GRN for batch BATCH--2026-001 - Initial stock receipt',1,1,'2026-01-21 10:40:45'),
(3,'GRN',3,7,NULL,1,13341.000,31.0000,NULL,NULL,'GRN for batch BATCH--2026-003 - Initial stock receipt',1,1,'2026-01-21 15:50:28'),
(4,'ISSUE',2,5,1,NULL,5000.000,15.0000,'ISSUE',NULL,'Issued to: Patient: . ',1,1,'2026-01-21 19:00:52'),
(5,'GRN',4,8,NULL,1,2000.000,20.0000,NULL,NULL,'GRN for batch BATCH-636362 - Initial stock receipt',1,1,'2026-01-24 07:33:51'),
(6,'GRN',1,9,NULL,2,20000.000,5.0000,NULL,NULL,'GRN for batch BATCH--2026-004 - Initial stock receipt',1,1,'2026-01-30 04:52:13'),
(7,'GRN',4,10,NULL,1,20000.000,10.0000,NULL,NULL,'GRN for batch BATCH--2026-005 - Initial stock receipt',1,1,'2026-01-30 04:53:41');
/*!40000 ALTER TABLE `inventory_transactions` ENABLE KEYS */;
UNLOCK TABLES;

--
-- Table structure for table `inventory_transfer_items`
--

DROP TABLE IF EXISTS `inventory_transfer_items`;
/*!40101 SET @saved_cs_client     = @@character_set_client */;
/*!40101 SET character_set_client = utf8mb4 */;
CREATE TABLE `inventory_transfer_items` (
  `transfer_item_id` int(11) NOT NULL AUTO_INCREMENT,
  `transfer_id` int(11) NOT NULL,
  `batch_id` int(11) NOT NULL,
  `quantity` decimal(10,3) NOT NULL,
  `notes` text DEFAULT NULL,
  `is_active` tinyint(1) DEFAULT 1,
  `created_by` int(11) DEFAULT NULL,
  `created_at` timestamp NULL DEFAULT current_timestamp(),
  `updated_by` int(11) DEFAULT NULL,
  `updated_at` timestamp NULL DEFAULT current_timestamp() ON UPDATE current_timestamp(),
  PRIMARY KEY (`transfer_item_id`)
) ENGINE=InnoDB AUTO_INCREMENT=3 DEFAULT CHARSET=utf8mb4 COLLATE=utf8mb4_unicode_ci;
/*!40101 SET character_set_client = @saved_cs_client */;

--
-- Dumping data for table `inventory_transfer_items`
--

LOCK TABLES `inventory_transfer_items` WRITE;
/*!40000 ALTER TABLE `inventory_transfer_items` DISABLE KEYS */;
INSERT INTO `inventory_transfer_items` VALUES
(1,1,5,4000.000,'',1,NULL,'2026-01-21 18:39:40',NULL,'2026-01-21 18:39:40'),
(2,2,7,3677.000,'',1,NULL,'2026-01-21 18:44:18',NULL,'2026-01-21 18:44:18');
/*!40000 ALTER TABLE `inventory_transfer_items` ENABLE KEYS */;
UNLOCK TABLES;

--
-- Table structure for table `inventory_transfers`
--

DROP TABLE IF EXISTS `inventory_transfers`;
/*!40101 SET @saved_cs_client     = @@character_set_client */;
/*!40101 SET character_set_client = utf8mb4 */;
CREATE TABLE `inventory_transfers` (
  `transfer_id` int(11) NOT NULL AUTO_INCREMENT,
  `transfer_number` varchar(50) NOT NULL,
  `from_location_id` int(11) NOT NULL,
  `to_location_id` int(11) NOT NULL,
  `status` enum('pending','approved','in_transit','completed','cancelled') DEFAULT 'pending',
  `requested_by` int(11) NOT NULL,
  `approved_by` int(11) DEFAULT NULL,
  `transfer_started_at` datetime DEFAULT NULL,
  `transfer_completed_at` datetime DEFAULT NULL,
  `notes` text DEFAULT NULL,
  `is_active` tinyint(1) DEFAULT 1,
  `created_by` int(11) DEFAULT NULL,
  `created_at` timestamp NULL DEFAULT current_timestamp(),
  `updated_by` int(11) DEFAULT NULL,
  `updated_at` timestamp NULL DEFAULT current_timestamp() ON UPDATE current_timestamp(),
  PRIMARY KEY (`transfer_id`),
  UNIQUE KEY `transfer_number` (`transfer_number`)
) ENGINE=InnoDB AUTO_INCREMENT=3 DEFAULT CHARSET=utf8mb4 COLLATE=utf8mb4_unicode_ci;
/*!40101 SET character_set_client = @saved_cs_client */;

--
-- Dumping data for table `inventory_transfers`
--

LOCK TABLES `inventory_transfers` WRITE;
/*!40000 ALTER TABLE `inventory_transfers` DISABLE KEYS */;
INSERT INTO `inventory_transfers` VALUES
(1,'TRF-20260121-1006',1,2,'pending',1,NULL,NULL,NULL,'',1,NULL,'2026-01-21 18:39:40',NULL,'2026-01-21 18:39:40'),
(2,'TRF-20260121-8796',1,2,'pending',1,NULL,NULL,NULL,'',1,NULL,'2026-01-21 18:44:18',NULL,'2026-01-21 18:44:18');
/*!40000 ALTER TABLE `inventory_transfers` ENABLE KEYS */;
UNLOCK TABLES;

--
-- Table structure for table `invoice_categories`
--

DROP TABLE IF EXISTS `invoice_categories`;
/*!40101 SET @saved_cs_client     = @@character_set_client */;
/*!40101 SET character_set_client = utf8mb4 */;
CREATE TABLE `invoice_categories` (
  `category_id` int(11) NOT NULL AUTO_INCREMENT,
  `category_name` varchar(100) NOT NULL,
  `category_description` text DEFAULT NULL,
  `category_color` varchar(7) DEFAULT '#007bff',
  `category_created_at` timestamp NULL DEFAULT current_timestamp(),
  `category_updated_at` timestamp NULL DEFAULT NULL ON UPDATE current_timestamp(),
  `category_archived_at` timestamp NULL DEFAULT NULL,
  `is_active` tinyint(1) DEFAULT 1,
  PRIMARY KEY (`category_id`),
  KEY `idx_category_name` (`category_name`),
  KEY `idx_category_archived` (`category_archived_at`)
) ENGINE=InnoDB AUTO_INCREMENT=30 DEFAULT CHARSET=utf8mb4 COLLATE=utf8mb4_general_ci;
/*!40101 SET character_set_client = @saved_cs_client */;

--
-- Dumping data for table `invoice_categories`
--

LOCK TABLES `invoice_categories` WRITE;
/*!40000 ALTER TABLE `invoice_categories` DISABLE KEYS */;
INSERT INTO `invoice_categories` VALUES
(1,'General','General invoices and billing','#007bff','2025-11-12 03:59:36',NULL,NULL,1),
(2,'Consultation','Professional consultation services','#28a745','2025-11-12 03:59:36',NULL,NULL,1),
(3,'Medical Services','Medical treatments and procedures','#dc3545','2025-11-12 03:59:36',NULL,NULL,1),
(4,'Laboratory','Lab tests and diagnostics','#ffc107','2025-11-12 03:59:36',NULL,NULL,1),
(5,'Pharmacy','Medications and prescriptions','#6f42c1','2025-11-12 03:59:36',NULL,NULL,1),
(6,'Surgery','Surgical procedures','#e83e8c','2025-11-12 03:59:36',NULL,NULL,1),
(7,'Emergency','Emergency services','#fd7e14','2025-11-12 03:59:36',NULL,NULL,1),
(8,'Follow-up','Follow-up visits and checkups','#20c997','2025-11-12 03:59:36',NULL,NULL,1),
(9,'Medications','Pharmaceutical drugs and medicines','#dc3545','2025-11-17 08:03:57',NULL,NULL,1),
(10,'Medical Supplies','Medical equipment and supplies','#007bff','2025-11-17 08:03:57',NULL,NULL,1),
(11,'Laboratory','Lab testing materials and equipment','#28a745','2025-11-17 08:03:57',NULL,NULL,1),
(12,'Surgical','Surgical instruments and equipment','#6f42c1','2025-11-17 08:03:57',NULL,NULL,1),
(13,'Consumables','Disposable medical consumables','#fd7e14','2025-11-17 08:03:57',NULL,NULL,1),
(14,'Medications','Pharmaceutical drugs and medicines','#dc3545','2025-11-17 08:04:02',NULL,NULL,1),
(15,'Medical Supplies','Medical equipment and supplies','#007bff','2025-11-17 08:04:02',NULL,NULL,1),
(16,'Laboratory','Lab testing materials and equipment','#28a745','2025-11-17 08:04:02',NULL,NULL,1),
(17,'Surgical','Surgical instruments and equipment','#6f42c1','2025-11-17 08:04:02',NULL,NULL,1),
(18,'Consumables','Disposable medical consumables','#fd7e14','2025-11-17 08:04:02',NULL,NULL,1),
(19,'Medical Services','Doctor consultations, procedures, and medical treatments','#007bff','2026-01-11 08:03:25',NULL,NULL,1),
(20,'Laboratory Services','Blood tests, urine tests, and other lab diagnostics','#007bff','2026-01-11 08:03:25',NULL,NULL,1),
(21,'Radiology Services','X-rays, Ultrasounds, CT Scans, MRI','#007bff','2026-01-11 08:03:25',NULL,NULL,1),
(22,'Pharmacy','Medications and drugs','#007bff','2026-01-11 08:03:25',NULL,NULL,1),
(23,'Hospital Stay','Ward charges and accommodation','#007bff','2026-01-11 08:03:25',NULL,NULL,1),
(24,'Emergency Services','Emergency department services','#007bff','2026-01-11 08:03:25',NULL,NULL,1),
(25,'Surgery','Surgical operations','#007bff','2026-01-11 08:03:25',NULL,NULL,1),
(26,'Maternity Services','Prenatal, delivery, and postnatal services','#007bff','2026-01-11 08:03:25',NULL,NULL,1),
(27,'Dental Services','Dental procedures and treatments','#007bff','2026-01-11 08:03:25',NULL,NULL,1),
(28,'Optical Services','Eye care and vision services','#007bff','2026-01-11 08:03:25',NULL,NULL,1),
(29,'Medical Services','Doctor consultations, procedures, and medical treatments','#007bff','2026-01-11 08:03:26',NULL,NULL,1);
/*!40000 ALTER TABLE `invoice_categories` ENABLE KEYS */;
UNLOCK TABLES;

--
-- Table structure for table `invoice_items`
--

DROP TABLE IF EXISTS `invoice_items`;
/*!40101 SET @saved_cs_client     = @@character_set_client */;
/*!40101 SET character_set_client = utf8mb4 */;
CREATE TABLE `invoice_items` (
  `invoice_item_id` int(11) NOT NULL AUTO_INCREMENT,
  `invoice_id` int(11) NOT NULL,
  `billable_item_id` int(11) NOT NULL,
  `item_code` varchar(100) NOT NULL,
  `item_name` varchar(255) NOT NULL,
  `item_description` text DEFAULT NULL,
  `price_list_item_id` int(11) DEFAULT NULL,
  `unit_price` decimal(15,4) NOT NULL DEFAULT 0.0000,
  `item_quantity` decimal(10,3) NOT NULL DEFAULT 1.000,
  `discount_percentage` decimal(5,2) NOT NULL DEFAULT 0.00,
  `discount_amount` decimal(15,4) NOT NULL DEFAULT 0.0000,
  `tax_percentage` decimal(5,2) NOT NULL DEFAULT 0.00,
  `subtotal` decimal(15,4) NOT NULL DEFAULT 0.0000,
  `tax_amount` decimal(15,4) NOT NULL DEFAULT 0.0000,
  `total_amount` decimal(15,4) NOT NULL DEFAULT 0.0000,
  `source_type` varchar(50) DEFAULT NULL,
  `source_id` int(11) DEFAULT NULL,
  `created_at` timestamp NULL DEFAULT current_timestamp(),
  `amount_paid` decimal(15,2) DEFAULT NULL,
  PRIMARY KEY (`invoice_item_id`)
) ENGINE=InnoDB AUTO_INCREMENT=12 DEFAULT CHARSET=utf8mb4 COLLATE=utf8mb4_general_ci;
/*!40101 SET character_set_client = @saved_cs_client */;

--
-- Dumping data for table `invoice_items`
--

LOCK TABLES `invoice_items` WRITE;
/*!40000 ALTER TABLE `invoice_items` DISABLE KEYS */;
INSERT INTO `invoice_items` VALUES
(2,6,4,'ADM FEE','ADMISSION FEE','',0,2000.0000,1.000,0.00,0.0000,0.00,2000.0000,0.0000,2000.0000,'visit_registration',54,'2026-01-14 11:29:11',NULL),
(3,6,5,'BED_MALE_WARD_MALE BED 03','Male Ward - Bed MALE BED 03 (Regular)','Regular bed in Male Ward ward. Daily rate: $1,500.00',0,1500.0000,1.000,0.00,0.0000,0.00,1500.0000,0.0000,1500.0000,'visit_registration',54,'2026-01-14 11:29:11',NULL),
(4,7,4,'ADM FEE','ADMISSION FEE','',0,2000.0000,1.000,0.00,0.0000,0.00,2000.0000,0.0000,2000.0000,'visit_registration',59,'2026-01-14 14:12:57',NULL),
(5,8,4,'ADM FEE','ADMISSION FEE','',0,2000.0000,1.000,0.00,0.0000,0.00,2000.0000,0.0000,2000.0000,'visit_registration',62,'2026-01-14 15:20:08',NULL),
(6,9,6,'CONSULT FEE','CONSULTATION FEE','',0,1000.0000,1.000,0.00,0.0000,0.00,1000.0000,0.0000,1000.0000,'opd_registration',69,'2026-01-14 19:28:36',NULL),
(7,10,6,'CONSULT FEE','CONSULTATION FEE','',0,1000.0000,1.000,0.00,0.0000,0.00,1000.0000,0.0000,1000.0000,'emergency_registration',71,'2026-01-14 19:48:24',NULL),
(8,11,6,'CONSULT FEE','CONSULTATION FEE','',0,1000.0000,1.000,0.00,0.0000,0.00,1000.0000,0.0000,1000.0000,'emergency_registration',72,'2026-01-14 20:35:51',NULL),
(9,12,6,'CONSULT FEE','CONSULTATION FEE','',0,1000.0000,1.000,0.00,0.0000,0.00,1000.0000,0.0000,1000.0000,'ipd_admission',75,'2026-01-15 08:20:40',NULL),
(10,12,7,'BED-00027','Bed P-01 - Regular','Regular bed in Children Ward. ',0,1200.0000,1.000,0.00,0.0000,0.00,1200.0000,0.0000,1200.0000,'ipd_admission',75,'2026-01-15 08:20:40',NULL),
(11,13,53,'POCEDURE MINOR','POCEDURE MINOR','POCEDURE MINOR',0,8000.0000,1.000,0.00,0.0000,0.00,8000.0000,0.0000,8000.0000,'emergency_registration',76,'2026-01-17 06:33:25',NULL);
/*!40000 ALTER TABLE `invoice_items` ENABLE KEYS */;
UNLOCK TABLES;

--
-- Table structure for table `invoices`
--

DROP TABLE IF EXISTS `invoices`;
/*!40101 SET @saved_cs_client     = @@character_set_client */;
/*!40101 SET character_set_client = utf8mb4 */;
CREATE TABLE `invoices` (
  `invoice_id` int(11) NOT NULL AUTO_INCREMENT,
  `invoice_number` varchar(50) NOT NULL,
  `pending_bill_id` int(11) NOT NULL,
  `visit_id` int(11) NOT NULL,
  `patient_id` int(11) NOT NULL,
  `patient_name` varchar(255) NOT NULL,
  `patient_identifier` varchar(100) DEFAULT NULL,
  `price_list_id` int(11) NOT NULL,
  `price_list_name` varchar(100) DEFAULT NULL,
  `price_list_type` varchar(20) DEFAULT NULL,
  `subtotal_amount` decimal(15,4) NOT NULL DEFAULT 0.0000,
  `discount_amount` decimal(15,4) NOT NULL DEFAULT 0.0000,
  `tax_amount` decimal(15,4) NOT NULL DEFAULT 0.0000,
  `total_amount` decimal(15,4) NOT NULL DEFAULT 0.0000,
  `amount_paid` decimal(15,4) NOT NULL DEFAULT 0.0000,
  `amount_due` decimal(15,4) NOT NULL DEFAULT 0.0000,
  `journal_entry_id` int(11) DEFAULT NULL,
  `accounts_receivable_account_id` int(11) DEFAULT NULL,
  `revenue_account_id` int(11) DEFAULT NULL,
  `tax_payable_account_id` int(11) DEFAULT NULL,
  `invoice_status` enum('issued','partially_paid','paid','cancelled','refunded') NOT NULL DEFAULT 'issued',
  `invoice_date` date NOT NULL DEFAULT curdate(),
  `due_date` date DEFAULT NULL,
  `payment_terms` varchar(100) DEFAULT NULL,
  `payment_method` varchar(50) DEFAULT NULL,
  `transaction_reference` varchar(100) DEFAULT NULL,
  `notes` text DEFAULT NULL,
  `created_by` int(11) DEFAULT NULL,
  `created_at` timestamp NULL DEFAULT current_timestamp(),
  `updated_at` timestamp NULL DEFAULT current_timestamp() ON UPDATE current_timestamp(),
  `finalized_at` datetime NOT NULL DEFAULT current_timestamp(),
  `finalized_by` int(11) DEFAULT NULL,
  `invoice_type` varchar(50) DEFAULT NULL,
  `invoice_prefix` varchar(20) DEFAULT NULL,
  PRIMARY KEY (`invoice_id`)
) ENGINE=InnoDB AUTO_INCREMENT=23 DEFAULT CHARSET=utf8mb4 COLLATE=utf8mb4_general_ci;
/*!40101 SET character_set_client = @saved_cs_client */;

--
-- Dumping data for table `invoices`
--

LOCK TABLES `invoices` WRITE;
/*!40000 ALTER TABLE `invoices` DISABLE KEYS */;
INSERT INTO `invoices` VALUES
(6,'INV-2026-00001',22,54,1,'Humphrey Irausa','100000',1,'Default','standard',3500.0000,0.0000,0.0000,3500.0000,3500.0000,3500.0000,NULL,NULL,NULL,NULL,'paid','2026-01-14','2026-02-13',NULL,NULL,NULL,'Invoice for visit #VIS2026011414291140 - IPD\nIncludes: ADMISSION FEE (KES 2,000.00), Male Ward - Bed MALE BED 03 (Regular) - Bed MALE BED 03 (KES 1,500.00)',1,'2026-01-14 11:29:11','2026-01-17 05:55:42','2026-01-14 14:29:11',1,'patient_self_pay',NULL),
(7,'INV-2026-00002',27,59,8,'BELINNA JOKES','100007',1,'Default','standard',2000.0000,0.0000,0.0000,2000.0000,0.0000,2000.0000,NULL,NULL,NULL,NULL,'issued','2026-01-14','2026-02-13',NULL,NULL,NULL,'Invoice for visit #VIS2026011417125727 - OPD\nIncludes: ADMISSION FEE (KES 2,000.00)',1,'2026-01-14 14:12:57','2026-01-14 14:12:57','2026-01-14 17:12:57',1,'patient_self_pay',NULL),
(8,'INV-2026-00003',30,62,2,'Florence Amiani','100001',1,'Default','standard',2000.0000,0.0000,0.0000,2000.0000,0.0000,2000.0000,NULL,NULL,NULL,NULL,'issued','2026-01-14','2026-02-13',NULL,NULL,NULL,'Invoice for visit #VIS2026011418200882 - OPD\nIncludes: ADMISSION FEE (KES 2,000.00)',1,'2026-01-14 15:20:08','2026-01-14 15:20:08','2026-01-14 18:20:08',1,'patient_self_pay',NULL),
(9,'INV-2026-00004',37,69,2,'Florence Amiani','100001',1,'Default','standard',1000.0000,0.0000,0.0000,1000.0000,0.0000,1000.0000,NULL,NULL,NULL,NULL,'issued','2026-01-14','2026-02-13',NULL,NULL,NULL,'Invoice for OPD visit #OPD-KSC-2026-001\nIncludes: CONSULTATION FEE (KES 1,000.00)',1,'2026-01-14 19:28:36','2026-01-14 19:28:36','2026-01-14 22:28:36',1,'patient_self_pay',NULL),
(10,'INV-2026-00005',39,71,2,'Florence Amiani','100001',1,'Default','standard',1000.0000,0.0000,0.0000,1000.0000,0.0000,1000.0000,NULL,NULL,NULL,NULL,'issued','2026-01-14','2026-02-13',NULL,NULL,NULL,'Invoice for emergency visit #ER-2026-001\nIncludes: CONSULTATION FEE (KES 1,000.00)',1,'2026-01-14 19:48:24','2026-01-14 19:48:24','2026-01-14 22:48:24',1,'patient_self_pay',NULL),
(11,'INV-2026-00006',40,72,4,'JOY BABY','100003',1,'Default','standard',1000.0000,0.0000,0.0000,1000.0000,0.0000,0.0000,NULL,NULL,NULL,NULL,'issued','2026-01-14','2026-02-13',NULL,NULL,NULL,'Invoice for emergency visit #ER-KSC-2026-001\nIncludes: CONSULTATION FEE (KES 1,000.00)',1,'2026-01-14 20:35:51','2026-01-14 20:35:51','2026-01-14 23:35:51',1,'insurance',NULL),
(12,'INV-2026-00007',42,75,7,'SHADRON MIKE','100006',1,'Default','standard',2200.0000,0.0000,0.0000,2200.0000,2200.0000,2200.0000,NULL,NULL,NULL,NULL,'paid','2026-01-15','2026-02-14',NULL,NULL,NULL,'Invoice for IPD admission #IPD-KSC-2026-001\nIncludes: CONSULTATION FEE (KES 1,000.00), Bed P-01 - Regular - Bed P-01 (KES 1,200.00)',1,'2026-01-15 08:20:40','2026-01-16 20:18:39','2026-01-15 11:20:40',1,'patient_self_pay',NULL),
(13,'INV-2026-00008',43,76,3,'OLIVER SHAYUGA','100002',1,'CASH','cash',8000.0000,0.0000,0.0000,8000.0000,8000.0000,8000.0000,NULL,NULL,NULL,NULL,'paid','2026-01-17','2026-02-16',NULL,NULL,NULL,'Invoice for emergency visit #ER-KSC-2026-002\nIncludes: POCEDURE MINOR (KES 8,000.00)',1,'2026-01-17 06:33:25','2026-01-18 08:22:30','2026-01-17 09:33:25',1,'patient_self_pay',NULL),
(14,'INV-2026-01-0001',50,3,1,'JOHN KAMAU',NULL,1,NULL,NULL,1000.0000,0.0000,0.0000,1000.0000,0.0000,1000.0000,NULL,NULL,NULL,NULL,'issued','2026-01-17',NULL,NULL,NULL,NULL,'Invoice created for visit IPD-2026-0001',1,'2026-01-17 19:07:41','2026-01-17 20:07:05','2026-01-17 22:07:41',1,NULL,NULL),
(15,'INV-2026-01-0002',52,2,1,'JOHN KAMAU',NULL,2,NULL,NULL,1000.0000,0.0000,0.0000,1000.0000,0.0000,1000.0000,NULL,NULL,NULL,NULL,'issued','2026-01-17',NULL,NULL,NULL,NULL,'Invoice created for visit ER-2026-0001',1,'2026-01-17 19:11:29','2026-01-29 18:49:25','2026-01-17 22:11:29',1,NULL,NULL),
(16,'INV-2026-01-0003',53,4,4,'HUMPHREY LIDWAJI',NULL,1,NULL,NULL,1000.0000,0.0000,0.0000,1000.0000,0.0000,1000.0000,NULL,NULL,NULL,NULL,'issued','2026-01-17',NULL,NULL,NULL,NULL,'Invoice created for visit OPD-CLINICEMR001-2026-001',1,'2026-01-17 19:48:47','2026-01-17 19:48:52','2026-01-17 22:48:47',1,NULL,NULL),
(17,'INV-2026-01-0004',54,11,5,'FLORENCE KAGEHA',NULL,1,NULL,NULL,350.0000,0.0000,0.0000,350.0000,0.0000,350.0000,NULL,NULL,NULL,NULL,'issued','2026-01-17',NULL,NULL,NULL,NULL,'Invoice created for visit VISIT-CLINICEMR001-2026-001',1,'2026-01-17 19:49:09','2026-01-17 21:05:32','2026-01-17 22:49:09',1,NULL,NULL),
(18,'INV-2026-01-0005',55,12,4,'HUMPHREY LIDWAJI',NULL,1,NULL,NULL,3000.0000,0.0000,0.0000,3000.0000,0.0000,3000.0000,NULL,NULL,NULL,NULL,'issued','2026-01-17',NULL,NULL,NULL,NULL,'Invoice created for visit VISIT-CLINICEMR001-2026-002',1,'2026-01-17 19:49:31','2026-01-17 19:49:49','2026-01-17 22:49:31',1,NULL,NULL),
(19,'INV-2026-01-0006',56,1,1,'JOHN KAMAU',NULL,1,NULL,NULL,1000.0000,0.0000,0.0000,1000.0000,0.0000,1000.0000,NULL,NULL,NULL,NULL,'issued','2026-01-17',NULL,NULL,NULL,NULL,'Invoice created for visit OPD-2026-0001',1,'2026-01-17 19:50:03','2026-01-17 19:50:11','2026-01-17 22:50:03',1,NULL,NULL),
(20,'INV-2026-01-0007',67,14,5,'FLORENCE KAGEHA',NULL,1,NULL,NULL,1000.0000,0.0000,0.0000,1000.0000,0.0000,1000.0000,NULL,NULL,NULL,NULL,'issued','2026-01-22',NULL,NULL,NULL,NULL,'Invoice created for visit VISIT-CLINICEMR001-2026-003',1,'2026-01-22 11:37:03','2026-01-22 11:37:41','2026-01-22 14:37:03',1,NULL,NULL),
(21,'INV-2026-01-0008',68,15,6,'Joyce Anindo',NULL,1,NULL,NULL,3000.0000,0.0000,0.0000,3000.0000,0.0000,3000.0000,NULL,NULL,NULL,NULL,'issued','2026-01-22',NULL,NULL,NULL,NULL,'Invoice created for visit VISIT-CLINICEMR001-2026-004',1,'2026-01-22 13:35:34','2026-01-22 13:45:50','2026-01-22 16:35:34',1,NULL,NULL),
(22,'INV-2026-01-0009',70,16,7,'FREDDY WETU',NULL,2,NULL,NULL,2000.0000,0.0000,0.0000,2000.0000,0.0000,2000.0000,NULL,NULL,NULL,NULL,'issued','2026-01-29',NULL,NULL,NULL,NULL,'Invoice created for visit VISIT-CLINICEMR001-2026-005',1,'2026-01-29 13:49:38','2026-01-29 13:49:48','2026-01-29 16:49:38',1,NULL,NULL);
/*!40000 ALTER TABLE `invoices` ENABLE KEYS */;
UNLOCK TABLES;

--
-- Table structure for table `ipd_admissions`
--

DROP TABLE IF EXISTS `ipd_admissions`;
/*!40101 SET @saved_cs_client     = @@character_set_client */;
/*!40101 SET character_set_client = utf8mb4 */;
CREATE TABLE `ipd_admissions` (
  `ipd_admission_id` bigint(20) NOT NULL AUTO_INCREMENT,
  `visit_id` bigint(20) NOT NULL,
  `admission_number` varchar(30) NOT NULL,
  `ward_id` int(11) NOT NULL,
  `bed_id` int(11) DEFAULT NULL,
  `admission_datetime` datetime NOT NULL,
  `admission_type` enum('EMERGENCY','ELECTIVE','REFERRAL') NOT NULL,
  `referred_from` varchar(150) DEFAULT NULL,
  `discharge_datetime` datetime DEFAULT NULL,
  `discharge_status` enum('DISCHARGED','REFERRED','DIED','LAMA') DEFAULT NULL,
  `total_days_admitted` int(11) DEFAULT 0,
  `admitting_provider_id` bigint(20) NOT NULL,
  `attending_provider_id` bigint(20) DEFAULT NULL,
  `nurse_incharge_id` bigint(20) DEFAULT NULL,
  `admission_status` enum('ACTIVE','DISCHARGED') DEFAULT 'ACTIVE',
  `created_at` datetime DEFAULT current_timestamp(),
  `updated_at` datetime DEFAULT current_timestamp() ON UPDATE current_timestamp(),
  `department_id` int(11) DEFAULT NULL,
  `created_by` int(11) DEFAULT NULL,
  `updated_by` int(11) DEFAULT NULL,
  PRIMARY KEY (`ipd_admission_id`),
  UNIQUE KEY `visit_id` (`visit_id`),
  UNIQUE KEY `admission_number` (`admission_number`),
  CONSTRAINT `ipd_admissions_ibfk_1` FOREIGN KEY (`visit_id`) REFERENCES `visits` (`visit_id`) ON DELETE CASCADE
) ENGINE=InnoDB AUTO_INCREMENT=3 DEFAULT CHARSET=utf8mb4 COLLATE=utf8mb4_unicode_ci;
/*!40101 SET character_set_client = @saved_cs_client */;

--
-- Dumping data for table `ipd_admissions`
--

LOCK TABLES `ipd_admissions` WRITE;
/*!40000 ALTER TABLE `ipd_admissions` DISABLE KEYS */;
INSERT INTO `ipd_admissions` VALUES
(1,3,'ADM-2026-0001',4,29,'2026-01-18 22:40:00','EMERGENCY',NULL,NULL,NULL,0,1,1,2,'ACTIVE','2026-01-17 11:17:49','2026-01-17 21:07:36',16,NULL,NULL),
(2,12,'IPD-KSC-2026-001',4,28,'2026-01-17 16:32:00','ELECTIVE',NULL,NULL,NULL,0,1,8,2,'ACTIVE','2026-01-17 19:35:38','2026-01-17 19:35:38',NULL,NULL,NULL);
/*!40000 ALTER TABLE `ipd_admissions` ENABLE KEYS */;
UNLOCK TABLES;

--
-- Table structure for table `ipd_medication_administration`
--

DROP TABLE IF EXISTS `ipd_medication_administration`;
/*!40101 SET @saved_cs_client     = @@character_set_client */;
/*!40101 SET character_set_client = utf8mb4 */;
CREATE TABLE `ipd_medication_administration` (
  `administration_id` int(11) NOT NULL AUTO_INCREMENT,
  `order_id` int(11) NOT NULL,
  `visit_id` int(11) NOT NULL,
  `patient_id` int(11) NOT NULL,
  `administered_at` datetime NOT NULL,
  `quantity` decimal(10,3) NOT NULL,
  `batch_id` int(11) DEFAULT NULL,
  `location_id` int(11) DEFAULT NULL,
  `administered_by` int(11) NOT NULL,
  `inventory_consumption_id` int(11) DEFAULT NULL,
  `notes` text DEFAULT NULL,
  `status` enum('given','missed','refused','held') DEFAULT 'given',
  `created_at` timestamp NULL DEFAULT current_timestamp(),
  `updated_at` timestamp NULL DEFAULT current_timestamp() ON UPDATE current_timestamp(),
  PRIMARY KEY (`administration_id`)
) ENGINE=InnoDB DEFAULT CHARSET=utf8mb4 COLLATE=utf8mb4_unicode_ci;
/*!40101 SET character_set_client = @saved_cs_client */;

--
-- Dumping data for table `ipd_medication_administration`
--

LOCK TABLES `ipd_medication_administration` WRITE;
/*!40000 ALTER TABLE `ipd_medication_administration` DISABLE KEYS */;
/*!40000 ALTER TABLE `ipd_medication_administration` ENABLE KEYS */;
UNLOCK TABLES;

--
-- Table structure for table `ipd_medication_changes`
--

DROP TABLE IF EXISTS `ipd_medication_changes`;
/*!40101 SET @saved_cs_client     = @@character_set_client */;
/*!40101 SET character_set_client = utf8mb4 */;
CREATE TABLE `ipd_medication_changes` (
  `change_id` int(11) NOT NULL AUTO_INCREMENT,
  `order_id` int(11) NOT NULL,
  `action` enum('created','changed','stopped','held','resumed') NOT NULL,
  `old_status` varchar(50) DEFAULT NULL,
  `new_status` varchar(50) DEFAULT NULL,
  `old_item_id` int(11) DEFAULT NULL,
  `new_item_id` int(11) DEFAULT NULL,
  `old_dose` varchar(50) DEFAULT NULL,
  `new_dose` varchar(50) DEFAULT NULL,
  `old_frequency` varchar(50) DEFAULT NULL,
  `new_frequency` varchar(50) DEFAULT NULL,
  `changed_by` int(11) NOT NULL,
  `reason` text DEFAULT NULL,
  `changed_at` timestamp NULL DEFAULT current_timestamp(),
  PRIMARY KEY (`change_id`)
) ENGINE=InnoDB DEFAULT CHARSET=utf8mb4 COLLATE=utf8mb4_unicode_ci;
/*!40101 SET character_set_client = @saved_cs_client */;

--
-- Dumping data for table `ipd_medication_changes`
--

LOCK TABLES `ipd_medication_changes` WRITE;
/*!40000 ALTER TABLE `ipd_medication_changes` DISABLE KEYS */;
/*!40000 ALTER TABLE `ipd_medication_changes` ENABLE KEYS */;
UNLOCK TABLES;

--
-- Table structure for table `ipd_medication_orders`
--

DROP TABLE IF EXISTS `ipd_medication_orders`;
/*!40101 SET @saved_cs_client     = @@character_set_client */;
/*!40101 SET character_set_client = utf8mb4 */;
CREATE TABLE `ipd_medication_orders` (
  `order_id` int(11) NOT NULL AUTO_INCREMENT,
  `visit_id` int(11) NOT NULL,
  `patient_id` int(11) NOT NULL,
  `item_id` int(11) NOT NULL,
  `dose` varchar(50) NOT NULL,
  `frequency` varchar(50) NOT NULL,
  `route` varchar(50) NOT NULL,
  `duration_days` int(11) DEFAULT NULL,
  `instructions` text DEFAULT NULL,
  `start_datetime` datetime NOT NULL,
  `end_datetime` datetime DEFAULT NULL,
  `status` enum('active','changed','stopped','completed','held') DEFAULT 'active',
  `changed_from_order_id` int(11) DEFAULT NULL,
  `ordered_by` int(11) NOT NULL,
  `stopped_by` int(11) DEFAULT NULL,
  `stop_reason` text DEFAULT NULL,
  `created_at` timestamp NULL DEFAULT current_timestamp(),
  `updated_at` timestamp NULL DEFAULT current_timestamp() ON UPDATE current_timestamp(),
  `item_name` varchar(100) DEFAULT NULL,
  `initial_quantity` int(11) DEFAULT NULL,
  PRIMARY KEY (`order_id`)
) ENGINE=InnoDB AUTO_INCREMENT=9 DEFAULT CHARSET=utf8mb4 COLLATE=utf8mb4_unicode_ci;
/*!40101 SET character_set_client = @saved_cs_client */;

--
-- Dumping data for table `ipd_medication_orders`
--

LOCK TABLES `ipd_medication_orders` WRITE;
/*!40000 ALTER TABLE `ipd_medication_orders` DISABLE KEYS */;
INSERT INTO `ipd_medication_orders` VALUES
(1,12,4,1,'5mg','Once daily','PO',6,'test','2026-01-29 16:05:54','2026-01-29 16:08:00','stopped',NULL,1,1,'Drug interaction','2026-01-29 13:05:54','2026-01-29 13:08:00',NULL,NULL),
(2,12,4,3,'5mg','As needed','PO',6,'','2026-01-29 16:39:02','2026-01-29 16:44:23','changed',NULL,1,1,'testr','2026-01-29 13:39:02','2026-01-29 13:44:23',NULL,NULL),
(3,12,4,2,'5mg','As needed','PO',6,'','2026-01-29 16:44:23',NULL,'active',2,1,NULL,NULL,'2026-01-29 13:44:23','2026-01-29 13:44:23',NULL,NULL),
(4,16,7,1,'5mg','Once daily','PO',5,'','2026-01-29 16:53:11','2026-01-30 07:56:10','changed',NULL,1,1,'test','2026-01-29 13:53:11','2026-01-30 04:56:10',NULL,NULL),
(5,16,7,4,'10ML','Twice daily','PO',7,'','2026-01-29 16:53:43',NULL,'active',NULL,1,NULL,NULL,'2026-01-29 13:53:43','2026-01-29 13:53:43',NULL,NULL),
(6,16,7,3,'5mg','Once daily','PO',5,'','2026-01-30 07:56:10',NULL,'active',4,1,NULL,NULL,'2026-01-30 04:56:10','2026-01-30 04:56:10',NULL,NULL),
(7,16,7,2,'5mg','Once daily','PO',8,'','2026-01-31 21:35:03',NULL,'active',NULL,1,NULL,NULL,'2026-01-31 18:35:03','2026-01-31 18:35:03',NULL,10),
(8,16,7,2,'5mg','Once daily','PO',8,'','2026-01-31 21:35:48',NULL,'active',NULL,1,NULL,NULL,'2026-01-31 18:35:48','2026-01-31 18:35:48',NULL,10);
/*!40000 ALTER TABLE `ipd_medication_orders` ENABLE KEYS */;
UNLOCK TABLES;

--
-- Table structure for table `item_prices`
--

DROP TABLE IF EXISTS `item_prices`;
/*!40101 SET @saved_cs_client     = @@character_set_client */;
/*!40101 SET character_set_client = utf8mb4 */;
CREATE TABLE `item_prices` (
  `item_price_id` int(11) NOT NULL AUTO_INCREMENT,
  `item_id` int(11) NOT NULL,
  `price_list_id` int(11) NOT NULL,
  `price` decimal(10,2) NOT NULL,
  `covered_percentage` decimal(5,2) DEFAULT 100.00,
  `is_active` tinyint(1) DEFAULT 1,
  `created_at` timestamp NULL DEFAULT current_timestamp(),
  `created_by` int(11) DEFAULT NULL,
  `updated_by` int(11) DEFAULT NULL,
  `notes` text DEFAULT NULL,
  PRIMARY KEY (`item_price_id`),
  UNIQUE KEY `uniq_item_price` (`item_id`,`price_list_id`),
  KEY `idx_item_prices_active` (`price_list_id`,`item_id`,`is_active`)
) ENGINE=InnoDB DEFAULT CHARSET=utf8mb4 COLLATE=utf8mb4_unicode_ci;
/*!40101 SET character_set_client = @saved_cs_client */;

--
-- Dumping data for table `item_prices`
--

LOCK TABLES `item_prices` WRITE;
/*!40000 ALTER TABLE `item_prices` DISABLE KEYS */;
/*!40000 ALTER TABLE `item_prices` ENABLE KEYS */;
UNLOCK TABLES;

--
-- Table structure for table `iv_therapy`
--

DROP TABLE IF EXISTS `iv_therapy`;
/*!40101 SET @saved_cs_client     = @@character_set_client */;
/*!40101 SET character_set_client = utf8mb4 */;
CREATE TABLE `iv_therapy` (
  `id` int(11) NOT NULL AUTO_INCREMENT,
  `visit_id` int(11) NOT NULL,
  `site_location` varchar(50) NOT NULL,
  `catheter_gauge` varchar(10) NOT NULL,
  `catheter_size` enum('Small','Medium','Large') DEFAULT 'Medium',
  `site_status` enum('normal','inflamed','infiltrated') DEFAULT 'normal',
  `solution_type` varchar(100) NOT NULL,
  `additives` varchar(255) DEFAULT NULL,
  `total_volume` decimal(8,2) NOT NULL COMMENT 'Total volume in ml',
  `infusion_rate` decimal(6,2) NOT NULL COMMENT 'ml per hour',
  `start_time` datetime NOT NULL,
  `end_time` datetime DEFAULT NULL,
  `status` enum('pending','active','completed','discontinued') DEFAULT 'pending',
  `ordered_by` varchar(100) DEFAULT NULL,
  `instructions` text DEFAULT NULL,
  `discontinued_reason` text DEFAULT NULL,
  `created_at` datetime DEFAULT current_timestamp(),
  `updated_at` datetime DEFAULT current_timestamp() ON UPDATE current_timestamp(),
  PRIMARY KEY (`id`),
  KEY `idx_visit_status` (`visit_id`,`status`),
  KEY `idx_start_time` (`start_time`)
) ENGINE=InnoDB DEFAULT CHARSET=utf8mb4 COLLATE=utf8mb4_unicode_ci;
/*!40101 SET character_set_client = @saved_cs_client */;

--
-- Dumping data for table `iv_therapy`
--

LOCK TABLES `iv_therapy` WRITE;
/*!40000 ALTER TABLE `iv_therapy` DISABLE KEYS */;
/*!40000 ALTER TABLE `iv_therapy` ENABLE KEYS */;
UNLOCK TABLES;

--
-- Table structure for table `job_titles`
--

DROP TABLE IF EXISTS `job_titles`;
/*!40101 SET @saved_cs_client     = @@character_set_client */;
/*!40101 SET character_set_client = utf8mb4 */;
CREATE TABLE `job_titles` (
  `job_title_id` int(11) NOT NULL AUTO_INCREMENT,
  `title` varchar(150) NOT NULL,
  `description` text DEFAULT NULL,
  `created_at` timestamp NULL DEFAULT current_timestamp(),
  PRIMARY KEY (`job_title_id`)
) ENGINE=InnoDB AUTO_INCREMENT=11 DEFAULT CHARSET=utf8mb4 COLLATE=utf8mb4_unicode_ci;
/*!40101 SET character_set_client = @saved_cs_client */;

--
-- Dumping data for table `job_titles`
--

LOCK TABLES `job_titles` WRITE;
/*!40000 ALTER TABLE `job_titles` DISABLE KEYS */;
INSERT INTO `job_titles` VALUES
(1,'Medical Doctor','Licensed medical practitioner','2025-11-25 16:48:15'),
(2,'Registered Nurse','Qualified nursing professional','2025-11-25 16:48:15'),
(3,'Clinical Officer','Clinical services provider','2025-11-25 16:48:15'),
(4,'Pharmacist','Pharmacy department head','2025-11-25 16:48:15'),
(5,'Lab Technician','Laboratory testing specialist','2025-11-25 16:48:15'),
(6,'Radiologist','Medical imaging specialist','2025-11-25 16:48:15'),
(7,'HR Manager','Human resources department head','2025-11-25 16:48:15'),
(8,'Finance Officer','Financial management specialist','2025-11-25 16:48:15'),
(9,'IT Support','Information technology support','2025-11-25 16:48:15'),
(10,'Administrator','Administrative services','2025-11-25 16:48:15');
/*!40000 ALTER TABLE `job_titles` ENABLE KEYS */;
UNLOCK TABLES;

--
-- Table structure for table `journal_entries`
--

DROP TABLE IF EXISTS `journal_entries`;
/*!40101 SET @saved_cs_client     = @@character_set_client */;
/*!40101 SET character_set_client = utf8mb4 */;
CREATE TABLE `journal_entries` (
  `journal_entry_id` int(11) NOT NULL AUTO_INCREMENT,
  `journal_entry_number` varchar(50) NOT NULL,
  `transaction_date` date NOT NULL DEFAULT curdate(),
  `posting_date` date NOT NULL DEFAULT curdate(),
  `description` varchar(500) NOT NULL,
  `transaction_type` enum('invoice','payment','adjustment','refund','inventory_issue','inventory_receipt','other') NOT NULL,
  `source_type` varchar(50) DEFAULT NULL,
  `source_id` int(11) DEFAULT NULL,
  `total_debit` decimal(15,4) NOT NULL DEFAULT 0.0000,
  `total_credit` decimal(15,4) NOT NULL DEFAULT 0.0000,
  `status` enum('draft','posted','void','reversed') NOT NULL DEFAULT 'draft',
  `posted_at` datetime DEFAULT NULL,
  `posted_by` int(11) DEFAULT NULL,
  `reversed_at` datetime DEFAULT NULL,
  `reversed_by` int(11) DEFAULT NULL,
  `reversal_journal_entry_id` int(11) DEFAULT NULL,
  `notes` text DEFAULT NULL,
  `created_by` int(11) DEFAULT NULL,
  `created_at` timestamp NULL DEFAULT current_timestamp(),
  `updated_at` timestamp NULL DEFAULT current_timestamp() ON UPDATE current_timestamp(),
  PRIMARY KEY (`journal_entry_id`)
) ENGINE=InnoDB AUTO_INCREMENT=6 DEFAULT CHARSET=utf8mb4 COLLATE=utf8mb4_general_ci;
/*!40101 SET character_set_client = @saved_cs_client */;

--
-- Dumping data for table `journal_entries`
--

LOCK TABLES `journal_entries` WRITE;
/*!40000 ALTER TABLE `journal_entries` DISABLE KEYS */;
INSERT INTO `journal_entries` VALUES
(1,'JE-20260116-5334','2026-01-16','2026-01-16','Payment for Invoice #INV-2026-00007 via Cash','payment','payment',1,2200.0000,2200.0000,'posted','2026-01-16 23:18:39',1,NULL,NULL,NULL,'',1,'2026-01-16 20:18:39','2026-01-16 20:18:39'),
(2,'JE-20260117-1886','2026-01-17','2026-01-17','Payment for Invoice #INV-2026-00001 via Insurance','payment','payment',3,3500.0000,3500.0000,'posted','2026-01-17 08:55:42',1,NULL,NULL,NULL,'',1,'2026-01-17 05:55:42','2026-01-17 05:55:42'),
(3,'JE-20260118-6598','2026-01-18','2026-01-18','Payment for Invoice #INV-2026-00008 via Cash','payment','payment',7,8000.0000,8000.0000,'posted','2026-01-18 11:22:30',1,NULL,NULL,NULL,'',1,'2026-01-18 08:22:30','2026-01-18 08:22:30');
/*!40000 ALTER TABLE `journal_entries` ENABLE KEYS */;
UNLOCK TABLES;

--
-- Table structure for table `journal_entry_lines`
--

DROP TABLE IF EXISTS `journal_entry_lines`;
/*!40101 SET @saved_cs_client     = @@character_set_client */;
/*!40101 SET character_set_client = utf8mb4 */;
CREATE TABLE `journal_entry_lines` (
  `journal_entry_line_id` int(11) NOT NULL AUTO_INCREMENT,
  `journal_entry_id` int(11) NOT NULL,
  `line_number` int(11) NOT NULL DEFAULT 1,
  `account_id` int(11) NOT NULL,
  `debit_amount` decimal(15,4) NOT NULL DEFAULT 0.0000,
  `credit_amount` decimal(15,4) NOT NULL DEFAULT 0.0000,
  `description` varchar(500) DEFAULT NULL,
  `reference_type` varchar(50) DEFAULT NULL,
  `reference_id` int(11) DEFAULT NULL,
  `department_id` int(11) DEFAULT NULL,
  `cost_center_id` int(11) DEFAULT NULL,
  `project_id` int(11) DEFAULT NULL,
  `created_at` timestamp NULL DEFAULT current_timestamp(),
  PRIMARY KEY (`journal_entry_line_id`)
) ENGINE=InnoDB DEFAULT CHARSET=utf8mb4 COLLATE=utf8mb4_general_ci;
/*!40101 SET character_set_client = @saved_cs_client */;

--
-- Dumping data for table `journal_entry_lines`
--

LOCK TABLES `journal_entry_lines` WRITE;
/*!40000 ALTER TABLE `journal_entry_lines` DISABLE KEYS */;
/*!40000 ALTER TABLE `journal_entry_lines` ENABLE KEYS */;
UNLOCK TABLES;

--
-- Table structure for table `lab_activities`
--

DROP TABLE IF EXISTS `lab_activities`;
/*!40101 SET @saved_cs_client     = @@character_set_client */;
/*!40101 SET character_set_client = utf8mb4 */;
CREATE TABLE `lab_activities` (
  `activity_id` int(11) NOT NULL AUTO_INCREMENT,
  `test_id` int(11) NOT NULL,
  `activity_type` varchar(100) NOT NULL,
  `activity_description` text DEFAULT NULL,
  `performed_by` int(11) NOT NULL,
  `activity_date` datetime DEFAULT current_timestamp(),
  PRIMARY KEY (`activity_id`),
  KEY `test_id` (`test_id`)
) ENGINE=InnoDB AUTO_INCREMENT=13 DEFAULT CHARSET=utf8mb4 COLLATE=utf8mb4_general_ci;
/*!40101 SET character_set_client = @saved_cs_client */;

--
-- Dumping data for table `lab_activities`
--

LOCK TABLES `lab_activities` WRITE;
/*!40000 ALTER TABLE `lab_activities` DISABLE KEYS */;
INSERT INTO `lab_activities` VALUES
(1,8,'test_updated','Test updated: Blood Glucose (GLUC002)',1,'2025-11-08 19:07:06'),
(2,7,'test_updated','Test updated: Complete Blood Count (CBC001)',1,'2025-11-08 19:07:25'),
(3,1,'sample_collected','Sample collected for test: Complete Blood Count (CBC001) - Sample: SAMP-1762623518-707',1,'2025-11-08 20:40:32'),
(4,10,'test_created','New test created: Liver Function Test (LFT)',1,'2025-11-11 20:47:55'),
(5,11,'test_created','New test created: Lipid Profile (LIPID)',1,'2025-11-11 20:48:45'),
(6,5,'sample_collected','Sample collected for test: Complete Blood Count (CBC) - Sample: SAMP-1763295107-298',1,'2025-11-16 15:12:13'),
(7,5,'result_entered','Result entered for test: Complete Blood Count (CBC) - Result: 23 gh',1,'2025-11-28 23:06:35'),
(8,15,'test_created','New test created: BRS (BRS 01) and added to billable items (ID: 1)',1,'2026-01-13 22:24:58'),
(9,2,'sample_collected','Sample collected for test: BRS (BRS 01) - Sample: SAMP-1768581778-526',1,'2026-01-16 19:43:21'),
(10,2,'result_entered','Result entered for test: BRS (BRS 01) - Result: 23 mg/dl',1,'2026-01-16 21:48:46'),
(11,4,'sample_collected','Sample collected for test: BRS (BRS 01) - Sample: SAMP-1768891910-434',1,'2026-01-20 09:52:17'),
(12,4,'result_entered','Result entered for test: BRS (BRS 01) - Result: 34 ',1,'2026-01-20 10:01:13');
/*!40000 ALTER TABLE `lab_activities` ENABLE KEYS */;
UNLOCK TABLES;

--
-- Table structure for table `lab_billing`
--

DROP TABLE IF EXISTS `lab_billing`;
/*!40101 SET @saved_cs_client     = @@character_set_client */;
/*!40101 SET character_set_client = utf8mb4 */;
CREATE TABLE `lab_billing` (
  `billing_id` int(11) NOT NULL AUTO_INCREMENT,
  `lab_order_id` int(11) NOT NULL,
  `patient_id` int(11) NOT NULL,
  `final_amount` decimal(10,2) NOT NULL DEFAULT 0.00,
  `billing_date` date NOT NULL,
  `created_at` timestamp NULL DEFAULT current_timestamp(),
  `updated_at` timestamp NULL DEFAULT current_timestamp() ON UPDATE current_timestamp(),
  PRIMARY KEY (`billing_id`),
  KEY `lab_order_id` (`lab_order_id`),
  KEY `idx_patient_id` (`patient_id`),
  KEY `idx_billing_date` (`billing_date`)
) ENGINE=InnoDB DEFAULT CHARSET=utf8mb4 COLLATE=utf8mb4_general_ci;
/*!40101 SET character_set_client = @saved_cs_client */;

--
-- Dumping data for table `lab_billing`
--

LOCK TABLES `lab_billing` WRITE;
/*!40000 ALTER TABLE `lab_billing` DISABLE KEYS */;
/*!40000 ALTER TABLE `lab_billing` ENABLE KEYS */;
UNLOCK TABLES;

--
-- Table structure for table `lab_order_tests`
--

DROP TABLE IF EXISTS `lab_order_tests`;
/*!40101 SET @saved_cs_client     = @@character_set_client */;
/*!40101 SET character_set_client = utf8mb4 */;
CREATE TABLE `lab_order_tests` (
  `lab_order_test_id` int(11) NOT NULL AUTO_INCREMENT,
  `lab_order_id` int(11) NOT NULL,
  `test_id` int(11) NOT NULL,
  `is_active` tinyint(1) NOT NULL DEFAULT 1,
  `result_value` text DEFAULT NULL,
  `required_volume` varchar(50) DEFAULT NULL,
  `result_unit` varchar(50) DEFAULT NULL,
  `abnormal_flag` varchar(10) DEFAULT NULL,
  `created_at` timestamp NULL DEFAULT current_timestamp(),
  `updated_at` timestamp NULL DEFAULT current_timestamp() ON UPDATE current_timestamp(),
  `performed_by` int(11) DEFAULT NULL,
  `status` varchar(20) NOT NULL DEFAULT 'pending',
  `result_date` datetime DEFAULT NULL,
  `result_status` enum('preliminary','final','corrected','amended') NOT NULL DEFAULT 'final',
  PRIMARY KEY (`lab_order_test_id`),
  KEY `idx_lab_order_id` (`lab_order_id`),
  KEY `idx_test_id` (`test_id`),
  KEY `performed_by` (`performed_by`)
) ENGINE=InnoDB AUTO_INCREMENT=5 DEFAULT CHARSET=utf8mb4 COLLATE=utf8mb4_general_ci;
/*!40101 SET character_set_client = @saved_cs_client */;

--
-- Dumping data for table `lab_order_tests`
--

LOCK TABLES `lab_order_tests` WRITE;
/*!40000 ALTER TABLE `lab_order_tests` DISABLE KEYS */;
INSERT INTO `lab_order_tests` VALUES
(1,1,15,1,NULL,NULL,NULL,NULL,'2026-01-16 15:58:32','2026-01-16 15:58:32',NULL,'pending',NULL,'final'),
(2,2,15,1,NULL,NULL,NULL,NULL,'2026-01-16 16:00:38','2026-01-16 18:48:46',NULL,'completed',NULL,'final'),
(3,3,15,1,NULL,NULL,NULL,NULL,'2026-01-16 16:49:32','2026-01-16 16:49:32',NULL,'pending',NULL,'final'),
(4,4,15,1,NULL,NULL,NULL,NULL,'2026-01-19 16:10:57','2026-01-20 07:01:13',NULL,'completed',NULL,'final');
/*!40000 ALTER TABLE `lab_order_tests` ENABLE KEYS */;
UNLOCK TABLES;

--
-- Table structure for table `lab_orders`
--

DROP TABLE IF EXISTS `lab_orders`;
/*!40101 SET @saved_cs_client     = @@character_set_client */;
/*!40101 SET character_set_client = utf8mb4 */;
CREATE TABLE `lab_orders` (
  `lab_order_id` int(11) NOT NULL AUTO_INCREMENT,
  `lab_order_patient_id` int(11) NOT NULL,
  `visit_id` int(11) DEFAULT NULL,
  `ordered_by` int(11) DEFAULT NULL,
  `created_by` int(11) DEFAULT NULL,
  `created_at` timestamp NOT NULL DEFAULT current_timestamp(),
  `updated_at` timestamp NOT NULL DEFAULT current_timestamp() ON UPDATE current_timestamp(),
  `lab_order_doctor_id` int(11) DEFAULT NULL,
  `lab_order_department_id` int(11) DEFAULT NULL,
  `order_date` datetime NOT NULL DEFAULT current_timestamp(),
  `lab_order_notes` mediumtext DEFAULT NULL,
  `lab_order_status` varchar(50) DEFAULT 'Pending',
  `lab_order_created_at` datetime NOT NULL DEFAULT current_timestamp(),
  `lab_order_updated_at` datetime DEFAULT NULL ON UPDATE current_timestamp(),
  `lab_order_archived_at` datetime DEFAULT NULL,
  `ordering_doctor_id` int(11) DEFAULT NULL,
  `ordering_nurse_id` int(11) DEFAULT NULL,
  `order_number` varchar(50) DEFAULT NULL,
  `order_priority` enum('routine','urgent','stat') NOT NULL DEFAULT 'routine',
  `lab_order_created_by` int(11) DEFAULT NULL,
  `lab_order_type` enum('Routine','Emergency','Follow-up') DEFAULT 'Routine',
  `clinical_notes` mediumtext DEFAULT NULL,
  `specimen_type` varchar(100) DEFAULT NULL,
  `instructions` mediumtext DEFAULT NULL,
  `is_billed` tinyint(1) DEFAULT 0,
  `invoice_id` int(11) DEFAULT NULL,
  `billed_at` datetime DEFAULT NULL,
  `billed_by` int(11) DEFAULT NULL,
  `total_price` decimal(10,2) DEFAULT NULL,
  PRIMARY KEY (`lab_order_id`),
  UNIQUE KEY `order_number` (`order_number`),
  KEY `index_lab_order_patient_id` (`lab_order_patient_id`),
  KEY `ordering_doctor_id` (`ordering_doctor_id`),
  KEY `fk_lab_orders_department` (`lab_order_department_id`),
  KEY `fk_lab_orders_doctor` (`lab_order_doctor_id`),
  KEY `fk_lab_order_user` (`ordered_by`),
  KEY `created_by` (`created_by`)
) ENGINE=InnoDB AUTO_INCREMENT=5 DEFAULT CHARSET=utf8mb4 COLLATE=utf8mb4_unicode_ci;
/*!40101 SET character_set_client = @saved_cs_client */;

--
-- Dumping data for table `lab_orders`
--

LOCK TABLES `lab_orders` WRITE;
/*!40000 ALTER TABLE `lab_orders` DISABLE KEYS */;
INSERT INTO `lab_orders` VALUES
(1,7,75,1,1,'2026-01-16 15:58:32','2026-01-16 19:33:35',NULL,NULL,'2026-01-16 18:58:32',NULL,'Cancelled','2026-01-16 18:58:32','2026-01-16 22:33:35','2026-01-16 22:33:35',1,NULL,'LAB-2026010001','routine',NULL,'Routine','','Blood','',1,42,NULL,NULL,NULL),
(2,7,75,1,1,'2026-01-16 16:00:38','2026-01-16 18:48:46',NULL,NULL,'2026-01-16 19:00:38',NULL,'completed','2026-01-16 19:00:38','2026-01-16 21:48:46',NULL,1,NULL,'LAB-2026010002','routine',NULL,'Routine','','Blood','',1,42,NULL,NULL,NULL),
(3,2,69,1,1,'2026-01-16 16:49:32','2026-01-16 16:49:32',NULL,NULL,'2026-01-16 19:49:32',NULL,'Pending','2026-01-16 19:49:32','2026-01-16 19:49:32',NULL,1,NULL,'LAB-2026010003','routine',NULL,'Routine','','Blood','',1,37,NULL,NULL,NULL),
(4,4,12,1,1,'2026-01-19 16:10:57','2026-01-20 07:01:13',NULL,NULL,'2026-01-19 19:10:57',NULL,'completed','2026-01-19 19:10:57','2026-01-20 10:01:13',NULL,1,NULL,'LAB-2026010004','routine',NULL,'Routine','','Blood','',1,63,NULL,NULL,NULL);
/*!40000 ALTER TABLE `lab_orders` ENABLE KEYS */;
UNLOCK TABLES;

--
-- Table structure for table `lab_result_history`
--

DROP TABLE IF EXISTS `lab_result_history`;
/*!40101 SET @saved_cs_client     = @@character_set_client */;
/*!40101 SET character_set_client = utf8mb4 */;
CREATE TABLE `lab_result_history` (
  `history_id` int(11) NOT NULL AUTO_INCREMENT,
  `result_id` int(11) DEFAULT NULL,
  `old_result_value` varchar(100) DEFAULT NULL,
  `new_result_value` varchar(100) DEFAULT NULL,
  `change_reason` text DEFAULT NULL,
  `changed_by` int(11) DEFAULT NULL,
  `changed_at` datetime DEFAULT NULL,
  PRIMARY KEY (`history_id`),
  KEY `result_id` (`result_id`),
  KEY `changed_by` (`changed_by`)
) ENGINE=InnoDB DEFAULT CHARSET=utf8mb4 COLLATE=utf8mb4_general_ci;
/*!40101 SET character_set_client = @saved_cs_client */;

--
-- Dumping data for table `lab_result_history`
--

LOCK TABLES `lab_result_history` WRITE;
/*!40000 ALTER TABLE `lab_result_history` DISABLE KEYS */;
/*!40000 ALTER TABLE `lab_result_history` ENABLE KEYS */;
UNLOCK TABLES;

--
-- Table structure for table `lab_result_templates`
--

DROP TABLE IF EXISTS `lab_result_templates`;
/*!40101 SET @saved_cs_client     = @@character_set_client */;
/*!40101 SET character_set_client = utf8mb4 */;
CREATE TABLE `lab_result_templates` (
  `template_id` int(11) NOT NULL AUTO_INCREMENT,
  `template_name` varchar(100) NOT NULL,
  `test_id` int(11) DEFAULT NULL,
  `category_id` int(11) DEFAULT NULL,
  `is_common` tinyint(1) NOT NULL DEFAULT 0,
  `result_value` varchar(100) DEFAULT NULL,
  `result_unit` varchar(20) DEFAULT NULL,
  `abnormal_flag` enum('normal','low','high','critical_low','critical_high','abnormal') DEFAULT NULL,
  `result_notes` text DEFAULT NULL,
  `instrument_used` varchar(100) DEFAULT NULL,
  `reagent_lot` varchar(50) DEFAULT NULL,
  `is_active` tinyint(1) DEFAULT 1,
  `created_by` int(11) DEFAULT NULL,
  `created_at` datetime DEFAULT current_timestamp(),
  PRIMARY KEY (`template_id`),
  KEY `test_id` (`test_id`),
  KEY `category_id` (`category_id`),
  KEY `created_by` (`created_by`)
) ENGINE=InnoDB AUTO_INCREMENT=68 DEFAULT CHARSET=utf8mb4 COLLATE=utf8mb4_general_ci;
/*!40101 SET character_set_client = @saved_cs_client */;

--
-- Dumping data for table `lab_result_templates`
--

LOCK TABLES `lab_result_templates` WRITE;
/*!40000 ALTER TABLE `lab_result_templates` DISABLE KEYS */;
INSERT INTO `lab_result_templates` VALUES
(1,'Normal CBC',NULL,1,0,'Within normal limits',NULL,'normal','All parameters within established reference ranges.','Hematology Analyzer',NULL,1,1,'2025-11-08 22:46:20'),
(2,'Mild Anemia',NULL,1,0,'',NULL,'low','Mild microcytic anemia present. Suggest iron studies.','Hematology Analyzer',NULL,1,1,'2025-11-08 22:46:20'),
(3,'Moderate Anemia',NULL,1,0,'',NULL,'low','Moderate anemia. Clinical correlation recommended.','Hematology Analyzer',NULL,1,1,'2025-11-08 22:46:20'),
(4,'Leukocytosis',NULL,1,0,'',NULL,'high','Elevated white cell count. Possible infection or inflammation.','Hematology Analyzer',NULL,1,1,'2025-11-08 22:46:20'),
(5,'Leukopenia',NULL,1,0,'',NULL,'low','Low white cell count. Monitor for infection risk.','Hematology Analyzer',NULL,1,1,'2025-11-08 22:46:20'),
(6,'Thrombocytosis',NULL,1,0,'',NULL,'high','Elevated platelet count. Monitor for thrombotic risk.','Hematology Analyzer',NULL,1,1,'2025-11-08 22:46:20'),
(7,'Thrombocytopenia',NULL,1,0,'',NULL,'low','Low platelet count. Monitor for bleeding risk.','Hematology Analyzer',NULL,1,1,'2025-11-08 22:46:20'),
(8,'Normal BMP',NULL,2,0,'Within normal limits',NULL,'normal','All electrolytes and renal function parameters normal.','Chemistry Analyzer',NULL,1,1,'2025-11-08 22:46:20'),
(9,'Mild Hyponatremia',NULL,2,0,'','mmol/L','low','Mild hyponatremia. Evaluate fluid status.','Chemistry Analyzer',NULL,1,1,'2025-11-08 22:46:20'),
(10,'Severe Hyponatremia',NULL,2,0,'','mmol/L','critical_low','CRITICAL: Severe hyponatremia. Requires immediate attention.','Chemistry Analyzer',NULL,1,1,'2025-11-08 22:46:20'),
(11,'Hypernatremia',NULL,2,0,'','mmol/L','high','Hypernatremia present. Evaluate dehydration.','Chemistry Analyzer',NULL,1,1,'2025-11-08 22:46:20'),
(12,'Hypokalemia',NULL,2,0,'','mmol/L','low','Hypokalemia. Consider supplementation.','Chemistry Analyzer',NULL,1,1,'2025-11-08 22:46:20'),
(13,'Hyperkalemia',NULL,2,0,'','mmol/L','critical_high','CRITICAL: Hyperkalemia. Requires immediate intervention.','Chemistry Analyzer',NULL,1,1,'2025-11-08 22:46:20'),
(14,'Renal Impairment',NULL,2,0,'',NULL,'high','Elevated creatinine suggesting renal impairment.','Chemistry Analyzer',NULL,1,1,'2025-11-08 22:46:20'),
(15,'Normal LFT',NULL,2,0,'Within normal limits',NULL,'normal','Liver enzymes and function tests within normal range.','Chemistry Analyzer',NULL,1,1,'2025-11-08 22:46:20'),
(16,'Mild Transaminitis',NULL,2,0,'',NULL,'high','Mild elevation in liver enzymes. Monitor and repeat.','Chemistry Analyzer',NULL,1,1,'2025-11-08 22:46:20'),
(17,'Hepatitis Pattern',NULL,2,0,'',NULL,'high','Marked transaminase elevation. Suggest hepatitis workup.','Chemistry Analyzer',NULL,1,1,'2025-11-08 22:46:20'),
(18,'Cholestatic Pattern',NULL,2,0,'',NULL,'high','Elevated alkaline phosphatase and GGT. Cholestatic pattern.','Chemistry Analyzer',NULL,1,1,'2025-11-08 22:46:20'),
(19,'Liver Synthetic Dysfunction',NULL,2,0,'',NULL,'low','Low albumin suggesting impaired synthetic function.','Chemistry Analyzer',NULL,1,1,'2025-11-08 22:46:20'),
(20,'Normal Lipid Panel',NULL,2,0,'Within normal limits',NULL,'normal','Lipid profile within optimal ranges.','Chemistry Analyzer',NULL,1,1,'2025-11-08 22:46:20'),
(21,'Borderline Cholesterol',NULL,2,0,'','mg/dL','high','Borderline high cholesterol. Recommend lifestyle modification.','Chemistry Analyzer',NULL,1,1,'2025-11-08 22:46:20'),
(22,'High Cholesterol',NULL,2,0,'','mg/dL','high','High cholesterol. Consider lipid-lowering therapy.','Chemistry Analyzer',NULL,1,1,'2025-11-08 22:46:20'),
(23,'Low HDL',NULL,2,0,'','mg/dL','low','Low HDL cholesterol. Increased cardiovascular risk.','Chemistry Analyzer',NULL,1,1,'2025-11-08 22:46:20'),
(24,'High Triglycerides',NULL,2,0,'','mg/dL','high','Elevated triglycerides. Recommend dietary modification.','Chemistry Analyzer',NULL,1,1,'2025-11-08 22:46:20'),
(25,'Normal Thyroid',NULL,2,0,'Within normal limits',NULL,'normal','Thyroid function tests within reference range.','Immunoassay Analyzer',NULL,1,1,'2025-11-08 22:46:20'),
(26,'Primary Hypothyroidism',NULL,2,0,'','mIU/L','high','Elevated TSH with normal/low T4. Primary hypothyroidism.','Immunoassay Analyzer',NULL,1,1,'2025-11-08 22:46:20'),
(27,'Hyperthyroidism',NULL,2,0,'','mIU/L','low','Suppressed TSH with elevated T4. Hyperthyroidism.','Immunoassay Analyzer',NULL,1,1,'2025-11-08 22:46:20'),
(28,'Subclinical Hypothyroidism',NULL,2,0,'','mIU/L','high','Mild TSH elevation with normal T4. Subclinical hypothyroidism.','Immunoassay Analyzer',NULL,1,1,'2025-11-08 22:46:20'),
(29,'Normal Glucose',NULL,2,0,'','mg/dL','normal','Glucose within normal range.','Chemistry Analyzer',NULL,1,1,'2025-11-08 22:46:20'),
(30,'Hypoglycemia',NULL,2,0,'','mg/dL','critical_low','CRITICAL: Hypoglycemia. Requires immediate treatment.','Chemistry Analyzer',NULL,1,1,'2025-11-08 22:46:20'),
(31,'Hyperglycemia',NULL,2,0,'','mg/dL','high','Elevated glucose. Suggest diabetes evaluation.','Chemistry Analyzer',NULL,1,1,'2025-11-08 22:46:20'),
(32,'Diabetic Range',NULL,2,0,'','mg/dL','critical_high','CRITICAL: Severely elevated glucose. Diabetic emergency possible.','Chemistry Analyzer',NULL,1,1,'2025-11-08 22:46:20'),
(33,'Normal Urinalysis',NULL,3,0,'Within normal limits',NULL,'normal','Normal physical, chemical, and microscopic examination.','Urine Analyzer',NULL,1,1,'2025-11-08 22:46:20'),
(34,'UTI Pattern',NULL,3,0,'Positive',NULL,'abnormal','Positive leukocytes and nitrites. Consistent with UTI.','Urine Analyzer',NULL,1,1,'2025-11-08 22:46:20'),
(35,'Hematuria',NULL,3,0,'Positive',NULL,'abnormal','Gross/Microscopic hematuria. Requires urological evaluation.','Urine Analyzer',NULL,1,1,'2025-11-08 22:46:20'),
(36,'Proteinuria',NULL,3,0,'Positive',NULL,'abnormal','Significant proteinuria. Evaluate renal function.','Urine Analyzer',NULL,1,1,'2025-11-08 22:46:20'),
(37,'Diabetes Insipidus Pattern',NULL,3,0,'Low',NULL,'abnormal','Low specific gravity. Consistent with diabetes insipidus.','Urine Analyzer',NULL,1,1,'2025-11-08 22:46:20'),
(38,'Normal Coagulation',NULL,4,0,'Within normal limits',NULL,'normal','Coagulation parameters within therapeutic range.','Coagulation Analyzer',NULL,1,1,'2025-11-08 22:46:20'),
(39,'Prolonged PT/INR',NULL,4,0,'',NULL,'high','Prolonged PT/INR. Increased bleeding risk.','Coagulation Analyzer',NULL,1,1,'2025-11-08 22:46:20'),
(40,'Prolonged PTT',NULL,4,0,'',NULL,'high','Prolonged PTT. Possible coagulation factor deficiency.','Coagulation Analyzer',NULL,1,1,'2025-11-08 22:46:20'),
(41,'Therapeutic Warfarin',NULL,4,0,'',NULL,'normal','INR within therapeutic range for warfarin therapy.','Coagulation Analyzer',NULL,1,1,'2025-11-08 22:46:20'),
(42,'Subtherapeutic Anticoagulation',NULL,4,0,'',NULL,'low','Subtherapeutic INR. Adjust anticoagulation dose.','Coagulation Analyzer',NULL,1,1,'2025-11-08 22:46:20'),
(43,'Normal Troponin',NULL,5,0,'Negative',NULL,'normal','Cardiac troponin within normal range.','Immunoassay Analyzer',NULL,1,1,'2025-11-08 22:46:20'),
(44,'Elevated Troponin',NULL,5,0,'','ng/L','critical_high','CRITICAL: Elevated troponin. Rule out myocardial injury.','Immunoassay Analyzer',NULL,1,1,'2025-11-08 22:46:20'),
(45,'Rising Troponin',NULL,5,0,'','ng/L','critical_high','CRITICAL: Rising troponin pattern. Acute coronary syndrome likely.','Immunoassay Analyzer',NULL,1,1,'2025-11-08 22:46:20'),
(46,'Normal CRP',NULL,2,0,'','mg/L','normal','C-reactive protein within normal range.','Immunoassay Analyzer',NULL,1,1,'2025-11-08 22:46:20'),
(47,'Elevated CRP',NULL,2,0,'','mg/L','high','Elevated CRP. Suggest inflammatory process.','Immunoassay Analyzer',NULL,1,1,'2025-11-08 22:46:20'),
(48,'Normal ESR',NULL,2,0,'','mm/hr','normal','Erythrocyte sedimentation rate normal.','Manual Method',NULL,1,1,'2025-11-08 22:46:20'),
(49,'Elevated ESR',NULL,2,0,'','mm/hr','high','Elevated ESR. Consistent with inflammation.','Manual Method',NULL,1,1,'2025-11-08 22:46:20'),
(50,'Critical High Value',NULL,NULL,0,'',NULL,'critical_high','CRITICAL VALUE - Physician notified as per protocol. Requires immediate attention.','Various',NULL,1,1,'2025-11-08 22:46:20'),
(51,'Critical Low Value',NULL,NULL,0,'',NULL,'critical_low','CRITICAL VALUE - Physician notified as per protocol. Requires immediate attention.','Various',NULL,1,1,'2025-11-08 22:46:20'),
(52,'Normal Result',NULL,NULL,0,'Within normal limits',NULL,'normal','Result falls within established reference range.','Various',NULL,1,1,'2025-11-08 22:46:20'),
(53,'Slightly Elevated',NULL,NULL,0,'',NULL,'high','Slightly elevated from reference range. Clinical correlation recommended.','Various',NULL,1,1,'2025-11-08 22:46:20'),
(54,'Slightly Low',NULL,NULL,0,'',NULL,'low','Slightly below reference range. Clinical correlation recommended.','Various',NULL,1,1,'2025-11-08 22:46:20'),
(55,'Significantly Elevated',NULL,NULL,0,'',NULL,'high','Significantly elevated. Requires clinical evaluation.','Various',NULL,1,1,'2025-11-08 22:46:20'),
(56,'Significantly Low',NULL,NULL,0,'',NULL,'low','Significantly low. Requires clinical evaluation.','Various',NULL,1,1,'2025-11-08 22:46:20'),
(57,'Interference Suspected',NULL,NULL,0,'',NULL,'abnormal','Possible interference. Suggest repeat testing.','Various',NULL,1,1,'2025-11-08 22:46:20'),
(58,'Hemolyzed Sample',NULL,NULL,0,'Unable to analyze',NULL,'abnormal','Sample hemolyzed. Results may be inaccurate. New sample required.','Various',NULL,1,1,'2025-11-08 22:46:20'),
(59,'Insufficient Sample',NULL,NULL,0,'QNS',NULL,'abnormal','Quantity not sufficient for analysis. New sample required.','Various',NULL,1,1,'2025-11-08 22:46:20'),
(60,'No Growth',NULL,6,0,'No growth',NULL,'normal','No significant growth after 48 hours incubation.','Culture Incubator',NULL,1,1,'2025-11-08 22:46:20'),
(61,'Mixed Flora',NULL,6,0,'Mixed respiratory flora',NULL,'normal','Mixed respiratory flora. No pathogens isolated.','Culture Incubator',NULL,1,1,'2025-11-08 22:46:20'),
(62,'Normal Flora',NULL,6,0,'Normal skin flora',NULL,'normal','Normal skin flora present.','Culture Incubator',NULL,1,1,'2025-11-08 22:46:20'),
(63,'Gram Positive Cocci',NULL,6,0,'Gram positive cocci in clusters',NULL,'abnormal','Gram positive cocci in clusters. Suggest Staphylococcus species.','Microscope',NULL,1,1,'2025-11-08 22:46:20'),
(64,'Gram Negative Rods',NULL,6,0,'Gram negative rods',NULL,'abnormal','Gram negative rods present. Further identification pending.','Microscope',NULL,1,1,'2025-11-08 22:46:20'),
(65,'Negative Pregnancy Test',NULL,7,0,'Negative',NULL,'normal','Beta-hCG negative. Not consistent with pregnancy.','Immunoassay Analyzer',NULL,1,1,'2025-11-08 22:46:20'),
(66,'Positive Pregnancy Test',NULL,7,0,'Positive',NULL,'abnormal','Beta-hCG positive. Consistent with pregnancy.','Immunoassay Analyzer',NULL,1,1,'2025-11-08 22:46:20');
/*!40000 ALTER TABLE `lab_result_templates` ENABLE KEYS */;
UNLOCK TABLES;

--
-- Table structure for table `lab_results`
--

DROP TABLE IF EXISTS `lab_results`;
/*!40101 SET @saved_cs_client     = @@character_set_client */;
/*!40101 SET character_set_client = utf8mb4 */;
CREATE TABLE `lab_results` (
  `result_id` int(11) NOT NULL AUTO_INCREMENT,
  `lab_order_test_id` int(11) DEFAULT NULL,
  `result_value` varchar(100) DEFAULT NULL,
  `result_unit` varchar(20) DEFAULT NULL,
  `abnormal_flag` varchar(20) NOT NULL DEFAULT 'normal',
  `result_status` varchar(50) NOT NULL DEFAULT 'preliminary',
  `result_date` datetime DEFAULT NULL,
  `performed_by` int(11) DEFAULT NULL,
  `result_notes` text DEFAULT NULL,
  `instrument_used` varchar(100) DEFAULT NULL,
  `reagent_lot` varchar(100) DEFAULT NULL,
  `qc_passed` tinyint(1) DEFAULT NULL,
  `verified_by` int(11) DEFAULT NULL,
  `verified_at` datetime DEFAULT NULL,
  `verification_notes` text DEFAULT NULL,
  `created_at` datetime DEFAULT NULL,
  `updated_at` datetime DEFAULT NULL,
  `reference_ranges` longtext CHARACTER SET utf8mb4 COLLATE utf8mb4_bin DEFAULT NULL CHECK (json_valid(`reference_ranges`)),
  PRIMARY KEY (`result_id`),
  KEY `lab_order_test_id` (`lab_order_test_id`),
  KEY `performed_by` (`performed_by`),
  KEY `verified_by` (`verified_by`)
) ENGINE=InnoDB AUTO_INCREMENT=3 DEFAULT CHARSET=utf8mb4 COLLATE=utf8mb4_general_ci;
/*!40101 SET character_set_client = @saved_cs_client */;

--
-- Dumping data for table `lab_results`
--

LOCK TABLES `lab_results` WRITE;
/*!40000 ALTER TABLE `lab_results` DISABLE KEYS */;
INSERT INTO `lab_results` VALUES
(1,2,'23','mg/dl','normal','final','2026-01-16 21:47:00',1,'test','324235','0',1,NULL,NULL,NULL,'2026-01-16 21:48:46','2026-01-16 21:48:46','[{\"min\":\"10\",\"max\":\"50\",\"unit\":\"mg\\/dl\",\"condition\":\"good\"}]'),
(2,4,'34','','normal','final','2026-01-20 10:00:00',1,'','','0',1,NULL,NULL,NULL,'2026-01-20 10:01:13','2026-01-20 10:01:13','[]');
/*!40000 ALTER TABLE `lab_results` ENABLE KEYS */;
UNLOCK TABLES;

--
-- Table structure for table `lab_samples`
--

DROP TABLE IF EXISTS `lab_samples`;
/*!40101 SET @saved_cs_client     = @@character_set_client */;
/*!40101 SET character_set_client = utf8mb4 */;
CREATE TABLE `lab_samples` (
  `sample_id` int(11) NOT NULL AUTO_INCREMENT,
  `lab_order_id` int(11) NOT NULL,
  `test_id` int(11) NOT NULL,
  `sample_code` varchar(50) DEFAULT NULL,
  `sample_number` varchar(50) DEFAULT NULL,
  `collection_date` datetime DEFAULT NULL,
  `received_date` datetime DEFAULT NULL,
  `sample_status` enum('Pending','Collected','In Transit','Received','Rejected','Completed') NOT NULL DEFAULT 'Pending',
  `is_active` tinyint(1) DEFAULT 1,
  `created_at` timestamp NULL DEFAULT current_timestamp(),
  `updated_at` timestamp NULL DEFAULT current_timestamp() ON UPDATE current_timestamp(),
  `collected_by` int(11) DEFAULT NULL,
  `quality_check` tinyint(1) NOT NULL DEFAULT 0,
  `volume_unit` varchar(10) DEFAULT NULL,
  `specimen_type` varchar(100) DEFAULT NULL,
  `collection_site` varchar(100) DEFAULT NULL,
  `sample_condition` varchar(100) DEFAULT NULL,
  `collection_tube` varchar(100) DEFAULT NULL,
  `collected_volume` varchar(50) DEFAULT NULL,
  `storage_temperature` varchar(50) DEFAULT NULL,
  `collection_notes` text DEFAULT NULL,
  `received_by` int(11) DEFAULT NULL,
  PRIMARY KEY (`sample_id`),
  UNIQUE KEY `sample_code` (`sample_code`),
  KEY `idx_lab_order_id` (`lab_order_id`),
  KEY `idx_test_id` (`test_id`),
  KEY `idx_sample_status` (`sample_status`)
) ENGINE=InnoDB AUTO_INCREMENT=10 DEFAULT CHARSET=utf8mb4 COLLATE=utf8mb4_general_ci;
/*!40101 SET character_set_client = @saved_cs_client */;

--
-- Dumping data for table `lab_samples`
--

LOCK TABLES `lab_samples` WRITE;
/*!40000 ALTER TABLE `lab_samples` DISABLE KEYS */;
INSERT INTO `lab_samples` VALUES
(1,1,7,'SMP-20251104-001','10001','2025-11-05 01:59:42',NULL,'Collected',1,'2025-11-04 22:59:42','2025-11-04 22:59:42',NULL,0,NULL,NULL,NULL,NULL,NULL,NULL,NULL,NULL,NULL),
(2,1,8,'SMP-20251104-002','10002','2025-11-05 01:59:42',NULL,'Collected',1,'2025-11-04 22:59:42','2025-11-04 22:59:42',NULL,0,NULL,NULL,NULL,NULL,NULL,NULL,NULL,NULL,NULL),
(3,1,1,NULL,'SAMP-1762623518-707','2025-11-08 20:38:00',NULL,'Pending',1,'2025-11-08 17:40:32','2025-11-08 17:40:32',1,1,NULL,'Blood','left arm','good','tube','23','room_temp','test',NULL),
(7,4,5,NULL,'SAMP-1763295107-298','2025-11-16 15:11:00',NULL,'Pending',1,'2025-11-16 12:12:13','2025-11-16 12:12:13',1,1,NULL,'Blood','left arm','hemolyzed','tube','34','refrigerated','test',NULL),
(8,2,2,NULL,'SAMP-1768581778-526','2026-01-16 19:42:00',NULL,'Pending',1,'2026-01-16 16:43:21','2026-01-16 16:43:21',1,1,NULL,'Blood','fsf','good','sfs','2424','room_temp','',NULL),
(9,4,4,NULL,'SAMP-1768891910-434','2026-01-20 09:51:00',NULL,'Pending',1,'2026-01-20 06:52:17','2026-01-20 06:52:17',1,1,NULL,'Blood','hand','good','dgd','34','room_temp','3434',NULL);
/*!40000 ALTER TABLE `lab_samples` ENABLE KEYS */;
UNLOCK TABLES;

--
-- Table structure for table `lab_test_categories`
--

DROP TABLE IF EXISTS `lab_test_categories`;
/*!40101 SET @saved_cs_client     = @@character_set_client */;
/*!40101 SET character_set_client = utf8mb4 */;
CREATE TABLE `lab_test_categories` (
  `category_id` int(11) NOT NULL AUTO_INCREMENT,
  `category_name` varchar(100) NOT NULL,
  `category_description` text DEFAULT NULL,
  `created_by` int(11) DEFAULT NULL,
  `is_active` tinyint(1) DEFAULT 1,
  `created_at` timestamp NULL DEFAULT current_timestamp(),
  PRIMARY KEY (`category_id`)
) ENGINE=InnoDB AUTO_INCREMENT=8 DEFAULT CHARSET=utf8mb4 COLLATE=utf8mb4_general_ci;
/*!40101 SET character_set_client = @saved_cs_client */;

--
-- Dumping data for table `lab_test_categories`
--

LOCK TABLES `lab_test_categories` WRITE;
/*!40000 ALTER TABLE `lab_test_categories` DISABLE KEYS */;
INSERT INTO `lab_test_categories` VALUES
(1,'Hematology','Blood cell counts and related tests',NULL,1,'2025-11-03 01:20:12'),
(2,'Biochemistry','Chemical components of blood and body fluids',NULL,1,'2025-11-03 01:20:12'),
(3,'Microbiology','Microorganism identification and culture',NULL,1,'2025-11-03 01:20:12'),
(4,'Immunology','Immune system function tests',NULL,1,'2025-11-03 01:20:12'),
(5,'Urinalysis','Urine examination',NULL,1,'2025-11-03 01:20:12'),
(6,'Molecular Diagnostics','DNA and RNA based tests',NULL,1,'2025-11-03 01:20:12'),
(7,'Clinical Chemistry','Biochemical analysis of bodily fluids including liver function tests, renal function tests, electrolyte panels, and metabolic profiles.',1,1,'2025-11-08 05:30:17');
/*!40000 ALTER TABLE `lab_test_categories` ENABLE KEYS */;
UNLOCK TABLES;

--
-- Table structure for table `lab_test_defaults`
--

DROP TABLE IF EXISTS `lab_test_defaults`;
/*!40101 SET @saved_cs_client     = @@character_set_client */;
/*!40101 SET character_set_client = utf8mb4 */;
CREATE TABLE `lab_test_defaults` (
  `id` int(11) NOT NULL AUTO_INCREMENT,
  `test_id` int(11) NOT NULL,
  `default_value` text DEFAULT NULL,
  `default_unit` varchar(50) DEFAULT NULL,
  `reference_range` varchar(100) DEFAULT NULL,
  `created_at` timestamp NULL DEFAULT current_timestamp(),
  `updated_at` timestamp NULL DEFAULT current_timestamp() ON UPDATE current_timestamp(),
  PRIMARY KEY (`id`),
  KEY `test_id` (`test_id`)
) ENGINE=InnoDB AUTO_INCREMENT=4 DEFAULT CHARSET=utf8mb4 COLLATE=utf8mb4_general_ci;
/*!40101 SET character_set_client = @saved_cs_client */;

--
-- Dumping data for table `lab_test_defaults`
--

LOCK TABLES `lab_test_defaults` WRITE;
/*!40000 ALTER TABLE `lab_test_defaults` DISABLE KEYS */;
INSERT INTO `lab_test_defaults` VALUES
(1,1,'5.5','mmol/L','4.0 - 6.0','2025-11-08 20:02:39','2025-11-08 20:02:39'),
(2,2,'120','mg/dL','70 - 130','2025-11-08 20:02:39','2025-11-08 20:02:39'),
(3,3,'7.4','','7.35 - 7.45','2025-11-08 20:02:39','2025-11-08 20:02:39');
/*!40000 ALTER TABLE `lab_test_defaults` ENABLE KEYS */;
UNLOCK TABLES;

--
-- Table structure for table `lab_tests`
--

DROP TABLE IF EXISTS `lab_tests`;
/*!40101 SET @saved_cs_client     = @@character_set_client */;
/*!40101 SET character_set_client = utf8mb4 */;
CREATE TABLE `lab_tests` (
  `test_id` int(11) NOT NULL AUTO_INCREMENT,
  `test_code` varchar(50) NOT NULL,
  `method` varchar(255) DEFAULT NULL,
  `test_name` varchar(255) NOT NULL,
  `required_volume` varchar(50) DEFAULT NULL,
  `test_description` text DEFAULT NULL,
  `category_id` int(11) DEFAULT NULL,
  `price` decimal(10,2) NOT NULL DEFAULT 0.00,
  `turnaround_time` int(11) DEFAULT 24,
  `specimen_type` varchar(100) DEFAULT NULL,
  `container_type` varchar(100) DEFAULT NULL,
  `instructions` text DEFAULT NULL,
  `reference_range` text DEFAULT NULL,
  `result_unit` varchar(50) DEFAULT NULL,
  `is_active` tinyint(1) DEFAULT 1,
  `created_by` int(11) DEFAULT NULL,
  `updated_by` int(11) DEFAULT NULL,
  `created_at` timestamp NULL DEFAULT current_timestamp(),
  `updated_at` timestamp NULL DEFAULT current_timestamp() ON UPDATE current_timestamp(),
  PRIMARY KEY (`test_id`),
  UNIQUE KEY `test_code` (`test_code`),
  KEY `idx_lab_tests_category_id` (`category_id`),
  KEY `idx_lab_tests_active` (`is_active`)
) ENGINE=InnoDB AUTO_INCREMENT=16 DEFAULT CHARSET=utf8mb4 COLLATE=utf8mb4_general_ci;
/*!40101 SET character_set_client = @saved_cs_client */;

--
-- Dumping data for table `lab_tests`
--

LOCK TABLES `lab_tests` WRITE;
/*!40000 ALTER TABLE `lab_tests` DISABLE KEYS */;
INSERT INTO `lab_tests` VALUES
(1,'CBC',NULL,'Complete Blood Count',NULL,NULL,1,25.00,2,'Whole Blood',NULL,NULL,NULL,NULL,1,NULL,NULL,'2025-11-03 01:20:12','2025-11-03 01:20:12'),
(2,'GLUC',NULL,'Glucose',NULL,NULL,2,8.00,4,'Serum',NULL,NULL,NULL,NULL,1,NULL,NULL,'2025-11-03 01:20:12','2025-11-03 01:20:12'),
(3,'CREAT',NULL,'Creatinine',NULL,NULL,2,10.00,4,'Serum',NULL,NULL,NULL,NULL,1,NULL,NULL,'2025-11-03 01:20:12','2025-11-03 01:20:12'),
(4,'URINAL',NULL,'Urinalysis',NULL,NULL,5,15.00,6,'Urine',NULL,NULL,NULL,NULL,1,NULL,NULL,'2025-11-03 01:20:12','2025-11-03 01:20:12'),
(5,'CULT',NULL,'Culture and Sensitivity',NULL,NULL,3,45.00,48,'Various',NULL,NULL,NULL,NULL,1,NULL,NULL,'2025-11-03 01:20:12','2025-11-03 01:20:12'),
(6,'HIV',NULL,'HIV Antibody Test',NULL,NULL,4,35.00,24,'Serum',NULL,NULL,NULL,NULL,1,NULL,NULL,'2025-11-03 01:20:12','2025-11-03 01:20:12'),
(7,'CBC001',NULL,'Complete Blood Count',NULL,'Full blood count test',7,1200.00,24,'Blood','EDTA Tube','Fast for 8 hours before test','Normal ranges apply',NULL,1,1,1,'2025-11-04 22:59:15','2025-11-08 16:07:25'),
(8,'GLUC002',NULL,'Blood Glucose',NULL,'Measure blood sugar level',2,800.00,12,'Blood','Fluoride Tube','Fasting required','70-110 mg/dL',NULL,1,1,1,'2025-11-04 22:59:15','2025-11-08 16:07:06'),
(9,'UA',NULL,'Urinalysis',NULL,'Physical, chemical, and microscopic examination of urine',3,25.00,2,'Urine',NULL,'First morning urine sample preferred','Negative for abnormal findings',NULL,1,1,NULL,'2025-11-08 05:12:16','2025-11-08 05:12:16'),
(10,'LFT',NULL,'Liver Function Test',NULL,'Group of blood tests that detect inflammation and damage to the liver',2,1400.00,24,'Blood',NULL,'Fasting for 8-12 hours recommended','See individual enzymes',NULL,1,1,NULL,'2025-11-11 17:47:55','2025-11-11 17:47:55'),
(11,'LIPID',NULL,'Lipid Profile',NULL,'Measures cholesterol and triglyceride levels in the blood',2,2500.00,24,'Blood',NULL,'Fasting for 9-12 hours required','Total Cholesterol:',NULL,1,1,NULL,'2025-11-11 17:48:45','2025-11-11 17:48:45'),
(15,'BRS 01',NULL,'BRS',NULL,'BRS',2,250.00,24,'Blood',NULL,'','34ml',NULL,1,1,NULL,'2026-01-13 19:24:58','2026-01-13 19:24:58');
/*!40000 ALTER TABLE `lab_tests` ENABLE KEYS */;
UNLOCK TABLES;

--
-- Table structure for table `laundry_categories`
--

DROP TABLE IF EXISTS `laundry_categories`;
/*!40101 SET @saved_cs_client     = @@character_set_client */;
/*!40101 SET character_set_client = utf8mb4 */;
CREATE TABLE `laundry_categories` (
  `category_id` int(11) NOT NULL AUTO_INCREMENT,
  `category_name` varchar(100) NOT NULL,
  `description` text DEFAULT NULL,
  `min_quantity` int(11) DEFAULT 0,
  `reorder_point` int(11) DEFAULT 5,
  `created_at` timestamp NULL DEFAULT current_timestamp(),
  `updated_at` timestamp NULL DEFAULT current_timestamp() ON UPDATE current_timestamp(),
  `is_active` int(11) DEFAULT NULL,
  PRIMARY KEY (`category_id`)
) ENGINE=InnoDB AUTO_INCREMENT=6 DEFAULT CHARSET=utf8mb4 COLLATE=utf8mb4_unicode_ci;
/*!40101 SET character_set_client = @saved_cs_client */;

--
-- Dumping data for table `laundry_categories`
--

LOCK TABLES `laundry_categories` WRITE;
/*!40000 ALTER TABLE `laundry_categories` DISABLE KEYS */;
INSERT INTO `laundry_categories` VALUES
(1,'Bed Sheets','Patient bed sheets and covers',50,20,'2025-12-14 16:51:25','2025-12-14 16:51:25',NULL),
(2,'Pillow Covers','Standard pillow cases',40,15,'2025-12-14 16:51:25','2025-12-14 16:51:25',NULL),
(3,'Staff Uniforms','Doctor and nurse uniforms',30,10,'2025-12-14 16:51:25','2025-12-14 16:51:25',NULL),
(4,'Patient Gowns','Hospital patient gowns',60,25,'2025-12-14 16:51:25','2025-12-14 16:51:25',NULL),
(5,'Towels','Bath and hand towels',80,30,'2025-12-14 16:51:25','2025-12-14 16:51:25',NULL);
/*!40000 ALTER TABLE `laundry_categories` ENABLE KEYS */;
UNLOCK TABLES;

--
-- Table structure for table `laundry_items`
--

DROP TABLE IF EXISTS `laundry_items`;
/*!40101 SET @saved_cs_client     = @@character_set_client */;
/*!40101 SET character_set_client = utf8mb4 */;
CREATE TABLE `laundry_items` (
  `laundry_id` int(11) NOT NULL AUTO_INCREMENT,
  `asset_id` int(11) NOT NULL,
  `category_id` int(11) DEFAULT NULL,
  `quantity` int(11) DEFAULT 1,
  `current_location` enum('clinic','laundry','storage','in_transit') DEFAULT 'clinic',
  `last_washed_date` date DEFAULT NULL,
  `next_wash_date` date DEFAULT NULL,
  `wash_count` int(11) DEFAULT 0,
  `status` enum('clean','dirty','in_wash','damaged','lost') DEFAULT 'clean',
  `item_condition` enum('excellent','good','fair','poor','critical') DEFAULT 'good',
  `notes` text DEFAULT NULL,
  `created_at` timestamp NULL DEFAULT current_timestamp(),
  `updated_at` timestamp NULL DEFAULT current_timestamp() ON UPDATE current_timestamp(),
  `is_critical` int(11) DEFAULT NULL,
  `created_by` int(11) DEFAULT NULL,
  `updated_by` int(11) DEFAULT NULL,
  PRIMARY KEY (`laundry_id`),
  KEY `fk_laundry_asset` (`asset_id`),
  KEY `fk_laundry_category` (`category_id`)
) ENGINE=InnoDB AUTO_INCREMENT=14 DEFAULT CHARSET=utf8mb4 COLLATE=utf8mb4_unicode_ci;
/*!40101 SET character_set_client = @saved_cs_client */;

--
-- Dumping data for table `laundry_items`
--

LOCK TABLES `laundry_items` WRITE;
/*!40000 ALTER TABLE `laundry_items` DISABLE KEYS */;
INSERT INTO `laundry_items` VALUES
(11,16,1,100,'storage',NULL,'2025-12-25',0,'clean','good','','2025-12-14 18:41:37','2025-12-14 18:41:37',0,1,NULL),
(12,20,5,98,'storage',NULL,'2025-12-23',0,'clean','good','','2025-12-14 18:44:08','2025-12-14 18:44:08',0,1,NULL),
(13,19,4,10,'clinic','2025-12-14','2025-12-14',1,'clean','good','','2025-12-14 18:53:12','2025-12-14 19:13:01',0,1,1);
/*!40000 ALTER TABLE `laundry_items` ENABLE KEYS */;
UNLOCK TABLES;

--
-- Table structure for table `laundry_transactions`
--

DROP TABLE IF EXISTS `laundry_transactions`;
/*!40101 SET @saved_cs_client     = @@character_set_client */;
/*!40101 SET character_set_client = utf8mb4 */;
CREATE TABLE `laundry_transactions` (
  `transaction_id` int(11) NOT NULL AUTO_INCREMENT,
  `laundry_id` int(11) NOT NULL,
  `transaction_type` enum('checkout','checkin','wash','damage','lost','found') NOT NULL,
  `quantity` int(11) DEFAULT 1,
  `from_location` varchar(50) DEFAULT NULL,
  `to_location` varchar(50) DEFAULT NULL,
  `performed_by` int(11) DEFAULT NULL,
  `performed_for` int(11) DEFAULT NULL,
  `department` varchar(100) DEFAULT NULL,
  `notes` text DEFAULT NULL,
  `transaction_date` timestamp NULL DEFAULT current_timestamp(),
  `wash_id` int(11) DEFAULT NULL,
  PRIMARY KEY (`transaction_id`),
  KEY `fk_transaction_laundry` (`laundry_id`),
  KEY `fk_transaction_user` (`performed_by`),
  KEY `fk_transaction_client` (`performed_for`)
) ENGINE=InnoDB AUTO_INCREMENT=15 DEFAULT CHARSET=utf8mb4 COLLATE=utf8mb4_unicode_ci;
/*!40101 SET character_set_client = @saved_cs_client */;

--
-- Dumping data for table `laundry_transactions`
--

LOCK TABLES `laundry_transactions` WRITE;
/*!40000 ALTER TABLE `laundry_transactions` DISABLE KEYS */;
INSERT INTO `laundry_transactions` VALUES
(9,12,'checkin',1,'new','storage',1,NULL,NULL,'Initial inventory entry','2025-12-14 18:44:08',NULL),
(10,13,'checkin',1,'new','storage',1,NULL,NULL,'Initial inventory entry','2025-12-14 18:53:12',NULL),
(11,13,'wash',1,'laundry','storage',1,NULL,NULL,'Wash cycle completed','2025-12-14 18:59:33',NULL);
/*!40000 ALTER TABLE `laundry_transactions` ENABLE KEYS */;
UNLOCK TABLES;

--
-- Table structure for table `laundry_wash_cycles`
--

DROP TABLE IF EXISTS `laundry_wash_cycles`;
/*!40101 SET @saved_cs_client     = @@character_set_client */;
/*!40101 SET character_set_client = utf8mb4 */;
CREATE TABLE `laundry_wash_cycles` (
  `wash_id` int(11) NOT NULL AUTO_INCREMENT,
  `wash_date` date NOT NULL,
  `wash_time` time DEFAULT NULL,
  `completed_by` int(11) DEFAULT NULL,
  `temperature` enum('hot','warm','cold') DEFAULT NULL,
  `detergent_type` varchar(50) DEFAULT NULL,
  `bleach_used` tinyint(1) DEFAULT 0,
  `fabric_softener_used` tinyint(1) DEFAULT 0,
  `items_washed` int(11) DEFAULT 0,
  `total_weight` decimal(5,2) DEFAULT NULL,
  `notes` text DEFAULT NULL,
  `created_at` timestamp NULL DEFAULT current_timestamp(),
  PRIMARY KEY (`wash_id`),
  KEY `fk_wash_user` (`completed_by`)
) ENGINE=InnoDB AUTO_INCREMENT=7 DEFAULT CHARSET=utf8mb4 COLLATE=utf8mb4_unicode_ci;
/*!40101 SET character_set_client = @saved_cs_client */;

--
-- Dumping data for table `laundry_wash_cycles`
--

LOCK TABLES `laundry_wash_cycles` WRITE;
/*!40000 ALTER TABLE `laundry_wash_cycles` DISABLE KEYS */;
INSERT INTO `laundry_wash_cycles` VALUES
(1,'2025-01-06','10:30:00',1,'hot','Hospital Grade',1,1,50,75.50,'Morning wash cycle','2025-12-14 16:52:27'),
(2,'2025-01-07','15:00:00',1,'warm','Standard',0,1,30,42.20,'Afternoon wash','2025-12-14 16:52:27'),
(6,'2025-12-14','21:59:00',1,'warm','bleach',1,0,1,0.00,'','2025-12-14 18:59:33');
/*!40000 ALTER TABLE `laundry_wash_cycles` ENABLE KEYS */;
UNLOCK TABLES;

--
-- Table structure for table `leave_balances`
--

DROP TABLE IF EXISTS `leave_balances`;
/*!40101 SET @saved_cs_client     = @@character_set_client */;
/*!40101 SET character_set_client = utf8mb4 */;
CREATE TABLE `leave_balances` (
  `balance_id` int(11) NOT NULL AUTO_INCREMENT,
  `employee_id` int(11) NOT NULL,
  `leave_type_id` int(11) NOT NULL,
  `year` year(4) NOT NULL,
  `total_entitled_days` int(11) DEFAULT 0,
  `days_used` int(11) DEFAULT 0,
  `days_remaining` int(11) DEFAULT 0,
  `created_at` timestamp NULL DEFAULT current_timestamp(),
  `updated_at` timestamp NULL DEFAULT current_timestamp() ON UPDATE current_timestamp(),
  PRIMARY KEY (`balance_id`),
  UNIQUE KEY `unique_employee_leave_year` (`employee_id`,`leave_type_id`,`year`),
  KEY `leave_type_id` (`leave_type_id`),
  KEY `idx_employee_year` (`employee_id`,`year`)
) ENGINE=InnoDB DEFAULT CHARSET=utf8mb4 COLLATE=utf8mb4_unicode_ci;
/*!40101 SET character_set_client = @saved_cs_client */;

--
-- Dumping data for table `leave_balances`
--

LOCK TABLES `leave_balances` WRITE;
/*!40000 ALTER TABLE `leave_balances` DISABLE KEYS */;
/*!40000 ALTER TABLE `leave_balances` ENABLE KEYS */;
UNLOCK TABLES;

--
-- Table structure for table `leave_policies`
--

DROP TABLE IF EXISTS `leave_policies`;
/*!40101 SET @saved_cs_client     = @@character_set_client */;
/*!40101 SET character_set_client = utf8mb4 */;
CREATE TABLE `leave_policies` (
  `policy_id` int(11) NOT NULL AUTO_INCREMENT,
  `policy_name` varchar(100) NOT NULL,
  `policy_type` enum('annual','sick','personal','maternity','paternity','bereavement','jury_duty','compensatory','unpaid','other') NOT NULL,
  `description` text DEFAULT NULL,
  `eligibility_criteria` text DEFAULT NULL,
  `accrual_rate` decimal(5,2) NOT NULL DEFAULT 1.50,
  `accrual_frequency` enum('monthly','quarterly','yearly','weekly','bi_weekly') NOT NULL DEFAULT 'monthly',
  `max_balance` decimal(5,2) NOT NULL DEFAULT 30.00,
  `carry_over_limit` decimal(5,2) NOT NULL DEFAULT 5.00,
  `min_service_days` int(11) NOT NULL DEFAULT 90,
  `notice_period_days` int(11) NOT NULL DEFAULT 7,
  `max_consecutive_days` int(11) NOT NULL DEFAULT 14,
  `requires_approval` tinyint(1) NOT NULL DEFAULT 1,
  `is_active` tinyint(1) NOT NULL DEFAULT 1,
  `created_by` int(11) NOT NULL,
  `created_at` timestamp NOT NULL DEFAULT current_timestamp(),
  `updated_by` int(11) DEFAULT NULL,
  `updated_at` timestamp NOT NULL DEFAULT current_timestamp() ON UPDATE current_timestamp(),
  PRIMARY KEY (`policy_id`),
  KEY `policy_type` (`policy_type`),
  KEY `is_active` (`is_active`),
  KEY `created_by` (`created_by`),
  KEY `updated_by` (`updated_by`)
) ENGINE=InnoDB AUTO_INCREMENT=5 DEFAULT CHARSET=utf8mb4 COLLATE=utf8mb4_general_ci;
/*!40101 SET character_set_client = @saved_cs_client */;

--
-- Dumping data for table `leave_policies`
--

LOCK TABLES `leave_policies` WRITE;
/*!40000 ALTER TABLE `leave_policies` DISABLE KEYS */;
INSERT INTO `leave_policies` VALUES
(1,'Annual Leave','annual','Paid time off for vacation and personal matters','All full-time employees after probation period',1.50,'monthly',30.00,10.00,90,7,21,1,1,1,'2025-11-07 01:02:59',NULL,'2025-11-07 01:02:59'),
(2,'Sick Leave','sick','Paid time off for illness and medical appointments','All employees',1.00,'monthly',15.00,5.00,0,0,5,0,1,1,'2025-11-07 01:02:59',NULL,'2025-11-07 01:02:59'),
(3,'Maternity Leave','maternity','Paid leave for childbirth and recovery','Female employees with 1+ year of service',0.00,'yearly',90.00,0.00,365,30,90,1,1,1,'2025-11-07 01:02:59',NULL,'2025-11-07 01:02:59'),
(4,'Personal Leave','personal','Unpaid leave for personal reasons','All employees with manager approval',0.00,'yearly',10.00,0.00,180,14,10,1,1,1,'2025-11-07 01:02:59',NULL,'2025-11-07 01:02:59');
/*!40000 ALTER TABLE `leave_policies` ENABLE KEYS */;
UNLOCK TABLES;

--
-- Table structure for table `leave_requests`
--

DROP TABLE IF EXISTS `leave_requests`;
/*!40101 SET @saved_cs_client     = @@character_set_client */;
/*!40101 SET character_set_client = utf8mb4 */;
CREATE TABLE `leave_requests` (
  `leave_id` int(11) NOT NULL AUTO_INCREMENT,
  `employee_id` int(11) NOT NULL,
  `leave_type_id` int(11) NOT NULL,
  `start_date` date NOT NULL,
  `end_date` date NOT NULL,
  `days_requested` int(11) NOT NULL,
  `status` enum('pending','approved','rejected','cancelled') DEFAULT 'pending',
  `approved_by` int(11) DEFAULT NULL,
  `approved_at` datetime DEFAULT NULL,
  `reason` text DEFAULT NULL,
  `notes` text DEFAULT NULL,
  `created_at` timestamp NULL DEFAULT current_timestamp(),
  `updated_at` timestamp NULL DEFAULT current_timestamp() ON UPDATE current_timestamp(),
  PRIMARY KEY (`leave_id`),
  KEY `approved_by` (`approved_by`),
  KEY `idx_employee` (`employee_id`),
  KEY `idx_status` (`status`),
  KEY `idx_dates` (`start_date`,`end_date`),
  KEY `idx_leave_type` (`leave_type_id`)
) ENGINE=InnoDB AUTO_INCREMENT=3 DEFAULT CHARSET=utf8mb4 COLLATE=utf8mb4_unicode_ci;
/*!40101 SET character_set_client = @saved_cs_client */;

--
-- Dumping data for table `leave_requests`
--

LOCK TABLES `leave_requests` WRITE;
/*!40000 ALTER TABLE `leave_requests` DISABLE KEYS */;
INSERT INTO `leave_requests` VALUES
(1,1,1,'2025-11-25','2025-12-23',21,'approved',1,'2025-11-25 20:27:11','test',NULL,'2025-11-25 17:14:59','2025-11-25 17:27:11'),
(2,1,1,'2025-12-06','2026-01-06',22,'rejected',1,'2025-12-20 22:07:39','sfs',NULL,'2025-12-06 06:41:14','2025-12-20 19:07:39');
/*!40000 ALTER TABLE `leave_requests` ENABLE KEYS */;
UNLOCK TABLES;

--
-- Table structure for table `leave_types`
--

DROP TABLE IF EXISTS `leave_types`;
/*!40101 SET @saved_cs_client     = @@character_set_client */;
/*!40101 SET character_set_client = utf8mb4 */;
CREATE TABLE `leave_types` (
  `leave_type_id` int(11) NOT NULL AUTO_INCREMENT,
  `name` varchar(50) NOT NULL,
  `description` text DEFAULT NULL,
  `default_days` int(11) DEFAULT 0,
  `is_paid` tinyint(4) DEFAULT 1,
  `accrual_type` enum('annual','monthly','none') DEFAULT 'annual',
  `created_at` timestamp NULL DEFAULT current_timestamp(),
  PRIMARY KEY (`leave_type_id`),
  UNIQUE KEY `unique_name` (`name`)
) ENGINE=InnoDB AUTO_INCREMENT=8 DEFAULT CHARSET=utf8mb4 COLLATE=utf8mb4_unicode_ci;
/*!40101 SET character_set_client = @saved_cs_client */;

--
-- Dumping data for table `leave_types`
--

LOCK TABLES `leave_types` WRITE;
/*!40000 ALTER TABLE `leave_types` DISABLE KEYS */;
INSERT INTO `leave_types` VALUES
(1,'Annual Leave','Regular annual vacation leave',21,1,'annual','2025-11-25 16:48:15'),
(2,'Sick Leave','Leave for medical reasons',14,1,'annual','2025-11-25 16:48:15'),
(3,'Maternity Leave','Leave for childbirth',90,1,'annual','2025-11-25 16:48:15'),
(4,'Paternity Leave','Leave for new fathers',14,1,'annual','2025-11-25 16:48:15'),
(5,'Compassionate Leave','Bereavement or family emergency',7,1,'annual','2025-11-25 16:48:15'),
(6,'Study Leave','Leave for educational purposes',30,1,'annual','2025-11-25 16:48:15'),
(7,'Unpaid Leave','Leave without pay',0,0,'annual','2025-11-25 16:48:15');
/*!40000 ALTER TABLE `leave_types` ENABLE KEYS */;
UNLOCK TABLES;

--
-- Table structure for table `location_tags`
--

DROP TABLE IF EXISTS `location_tags`;
/*!40101 SET @saved_cs_client     = @@character_set_client */;
/*!40101 SET character_set_client = utf8mb4 */;
CREATE TABLE `location_tags` (
  `location_id` int(11) NOT NULL,
  `tag_id` int(11) NOT NULL,
  PRIMARY KEY (`location_id`,`tag_id`),
  KEY `tag_id` (`tag_id`)
) ENGINE=InnoDB DEFAULT CHARSET=utf8mb4 COLLATE=utf8mb4_general_ci;
/*!40101 SET character_set_client = @saved_cs_client */;

--
-- Dumping data for table `location_tags`
--

LOCK TABLES `location_tags` WRITE;
/*!40000 ALTER TABLE `location_tags` DISABLE KEYS */;
/*!40000 ALTER TABLE `location_tags` ENABLE KEYS */;
UNLOCK TABLES;

--
-- Table structure for table `locations`
--

DROP TABLE IF EXISTS `locations`;
/*!40101 SET @saved_cs_client     = @@character_set_client */;
/*!40101 SET character_set_client = utf8mb4 */;
CREATE TABLE `locations` (
  `location_id` int(11) NOT NULL AUTO_INCREMENT,
  `location_name` varchar(200) NOT NULL,
  `location_description` text DEFAULT NULL,
  `location_country` varchar(200) DEFAULT NULL,
  `location_address` varchar(200) DEFAULT NULL,
  `location_city` varchar(200) DEFAULT NULL,
  `location_state` varchar(200) DEFAULT NULL,
  `location_zip` varchar(200) DEFAULT NULL,
  `location_phone_country_code` varchar(10) DEFAULT NULL,
  `location_phone` varchar(200) DEFAULT NULL,
  `location_phone_extension` varchar(10) DEFAULT NULL,
  `location_fax_country_code` varchar(10) DEFAULT NULL,
  `location_fax` varchar(200) DEFAULT NULL,
  `location_hours` varchar(200) DEFAULT NULL,
  `location_photo` varchar(200) DEFAULT NULL,
  `location_primary` tinyint(1) NOT NULL DEFAULT 0,
  `location_notes` text DEFAULT NULL,
  `location_created_at` datetime NOT NULL DEFAULT current_timestamp(),
  `location_updated_at` datetime DEFAULT NULL ON UPDATE current_timestamp(),
  `location_archived_at` datetime DEFAULT NULL,
  `location_accessed_at` datetime DEFAULT NULL,
  `location_contact_id` int(11) NOT NULL DEFAULT 0,
  `location_client_id` int(11) NOT NULL DEFAULT 0,
  PRIMARY KEY (`location_id`)
) ENGINE=InnoDB AUTO_INCREMENT=13 DEFAULT CHARSET=utf8mb4 COLLATE=utf8mb4_general_ci;
/*!40101 SET character_set_client = @saved_cs_client */;

--
-- Dumping data for table `locations`
--

LOCK TABLES `locations` WRITE;
/*!40000 ALTER TABLE `locations` DISABLE KEYS */;
INSERT INTO `locations` VALUES
(1,'Primary',NULL,'Kenya','shiru','NAIROBI','KAIMOSI','9483','254','7985307389','','','',NULL,NULL,1,NULL,'2025-10-29 18:27:20',NULL,NULL,NULL,0,1),
(2,'Primary',NULL,'Kenya','NAIROBI','SHIRU','KAKAMEGA','49854','','','','','',NULL,NULL,1,NULL,'2025-10-29 22:30:52',NULL,NULL,NULL,0,6),
(3,'Primary',NULL,'Kenya','KAIMOSI','SHAMA','KISII','474377','','','','','',NULL,NULL,1,NULL,'2025-10-30 00:46:08',NULL,NULL,NULL,0,12),
(4,'Primary',NULL,'Kenya','SHIRU','MOSORIOT','NAIROBI','37484','','','','','',NULL,NULL,1,NULL,'2025-10-30 01:13:12',NULL,NULL,NULL,0,13),
(5,'Primary',NULL,'Kenya','KISII','KISS','KIUUU','398338',NULL,NULL,NULL,NULL,NULL,NULL,NULL,1,NULL,'2025-10-30 05:11:49',NULL,NULL,NULL,0,10),
(6,'Primary',NULL,'Kenya','KISUMU','AWELO','KUSINI','88387',NULL,NULL,NULL,NULL,NULL,NULL,NULL,1,NULL,'2025-10-30 05:21:55',NULL,NULL,NULL,0,11),
(7,'Primary',NULL,'Kenya','CHEPTULU','KAIMOSI','SHIRU','3647','','','','','',NULL,NULL,1,NULL,'2025-10-30 05:42:34',NULL,NULL,NULL,0,14),
(8,'Primary',NULL,'Kenya','Shiru','Vihiga','kaimosi','50309','','','','','',NULL,NULL,1,NULL,'2025-10-30 16:27:47',NULL,NULL,NULL,0,15),
(9,'Primary',NULL,'Kenya','KABUJOI','kisii','shiru','46575','','','','','',NULL,NULL,1,NULL,'2025-10-30 16:45:16',NULL,NULL,NULL,0,16),
(10,'Primary',NULL,'Kenya','h','h','h','h','','','','','',NULL,NULL,1,NULL,'2025-11-02 00:07:33',NULL,NULL,NULL,0,17),
(11,'Primary',NULL,'Kenya','VIHIGA','HAMISI','KAIMOSI','50309','','','','','',NULL,NULL,1,NULL,'2025-11-05 20:06:23',NULL,NULL,NULL,0,18),
(12,'Primary',NULL,'Kenya','TEST','TEST','TEST','TEST','','','','','',NULL,NULL,1,NULL,'2025-11-08 06:52:55',NULL,NULL,NULL,0,19);
/*!40000 ALTER TABLE `locations` ENABLE KEYS */;
UNLOCK TABLES;

--
-- Table structure for table `logs`
--

DROP TABLE IF EXISTS `logs`;
/*!40101 SET @saved_cs_client     = @@character_set_client */;
/*!40101 SET character_set_client = utf8mb4 */;
CREATE TABLE `logs` (
  `log_id` int(11) NOT NULL AUTO_INCREMENT,
  `log_type` varchar(200) NOT NULL,
  `log_action` varchar(255) NOT NULL,
  `log_description` varchar(1000) NOT NULL,
  `log_ip` varchar(200) DEFAULT NULL,
  `log_user_agent` varchar(250) DEFAULT NULL,
  `log_created_at` datetime NOT NULL DEFAULT current_timestamp(),
  `log_client_id` int(11) NOT NULL DEFAULT 0,
  `log_user_id` int(11) NOT NULL DEFAULT 0,
  `log_entity_id` int(11) NOT NULL DEFAULT 0,
  PRIMARY KEY (`log_id`)
) ENGINE=InnoDB AUTO_INCREMENT=613 DEFAULT CHARSET=utf8mb4 COLLATE=utf8mb4_general_ci;
/*!40101 SET character_set_client = @saved_cs_client */;

--
-- Dumping data for table `logs`
--

LOCK TABLES `logs` WRITE;
/*!40000 ALTER TABLE `logs` DISABLE KEYS */;
INSERT INTO `logs` VALUES
(1,'Login','Success','Humphrey Lidwaji successfully logged in ','127.0.0.1','Mozilla/5.0 (X11; Linux x86_64; rv:140.0) Gecko/20100101 Firefox/140.0','2025-10-29 17:59:23',0,1,1),
(2,'System','Backup Download','Humphrey Lidwaji downloaded full backup.','127.0.0.1','Mozilla/5.0 (X11; Linux x86_64; rv:140.0) Gecko/20100101 Firefox/140.0','2025-10-29 18:03:35',0,1,0),
(3,'Settings','Edit','Humphrey Lidwaji edited theme settings ','127.0.0.1','Mozilla/5.0 (X11; Linux x86_64; rv:140.0) Gecko/20100101 Firefox/140.0','2025-10-29 18:04:55',0,1,0),
(4,'Category','Create','Humphrey Lidwaji created referral category ','127.0.0.1','Mozilla/5.0 (X11; Linux x86_64; rv:140.0) Gecko/20100101 Firefox/140.0','2025-10-29 18:27:20',0,1,0),
(5,'Client','Create','Humphrey Lidwaji created client MWANAINCHI, primary location shiru added, primary contact KIBA added','127.0.0.1','Mozilla/5.0 (X11; Linux x86_64; rv:140.0) Gecko/20100101 Firefox/140.0','2025-10-29 18:27:20',1,1,1),
(6,'Client','Edit','Humphrey Lidwaji edited client notes','127.0.0.1','Mozilla/5.0 (X11; Linux x86_64; rv:140.0) Gecko/20100101 Firefox/140.0','2025-10-29 18:38:01',1,1,0),
(7,'Invoice','Create','Humphrey Lidwaji created Invoice INV-1 - ','127.0.0.1','Mozilla/5.0 (X11; Linux x86_64; rv:140.0) Gecko/20100101 Firefox/140.0','2025-10-29 18:41:36',1,1,1),
(8,'Product','Create','Humphrey Lidwaji created product Consultation','127.0.0.1','Mozilla/5.0 (X11; Linux x86_64; rv:140.0) Gecko/20100101 Firefox/140.0','2025-10-29 18:42:35',0,1,1),
(9,'Invoice','Edit','Humphrey Lidwaji added item Consultation to invoice INV-1','127.0.0.1','Mozilla/5.0 (X11; Linux x86_64; rv:140.0) Gecko/20100101 Firefox/140.0','2025-10-29 18:43:12',1,1,1),
(10,'Credential','View','Humphrey Lidwaji viewed the All Credentials page','127.0.0.1','Mozilla/5.0 (X11; Linux x86_64; rv:140.0) Gecko/20100101 Firefox/140.0','2025-10-29 18:52:22',0,1,0),
(11,'Credential','View','Humphrey Lidwaji viewed the All Credentials page','127.0.0.1','Mozilla/5.0 (X11; Linux x86_64; rv:140.0) Gecko/20100101 Firefox/140.0','2025-10-29 18:53:09',0,1,0),
(12,'Patient','Archive','Humphrey Lidwaji archived patient MWANAINCHI','127.0.0.1','Mozilla/5.0 (X11; Linux x86_64; rv:140.0) Gecko/20100101 Firefox/140.0','2025-10-29 21:22:20',1,1,1),
(13,'Client','Create','Humphrey Lidwaji created client mercy, primary contact man added','127.0.0.1','Mozilla/5.0 (X11; Linux x86_64; rv:140.0) Gecko/20100101 Firefox/140.0','2025-10-29 21:55:06',2,1,2),
(14,'Patient','Create','Humphrey Lidwaji created patient zxfghj, primary contact ghj added','127.0.0.1','Mozilla/5.0 (X11; Linux x86_64; rv:140.0) Gecko/20100101 Firefox/140.0','2025-10-29 22:23:48',3,1,3),
(15,'Patient','Archive','Humphrey Lidwaji archived patient zxfghj','127.0.0.1','Mozilla/5.0 (X11; Linux x86_64; rv:140.0) Gecko/20100101 Firefox/140.0','2025-10-29 22:24:14',3,1,3),
(16,'Tag','Create','Humphrey Lidwaji created tag TEST','127.0.0.1','Mozilla/5.0 (X11; Linux x86_64; rv:140.0) Gecko/20100101 Firefox/140.0','2025-10-29 22:26:05',0,1,1),
(17,'Patient','Create','Humphrey Lidwaji created patient HUMPHREY LIDWAJI IRAUSA, primary location NAIROBI added, primary contact MERCY MANONI added','127.0.0.1','Mozilla/5.0 (X11; Linux x86_64; rv:140.0) Gecko/20100101 Firefox/140.0','2025-10-29 22:30:52',6,1,6),
(18,'Patient','Create','Humphrey Lidwaji created patient mercy, primary contact humphrey added','127.0.0.1','Mozilla/5.0 (X11; Linux x86_64; rv:140.0) Gecko/20100101 Firefox/140.0','2025-10-29 22:36:08',7,1,7),
(19,'Patient','Edit','Humphrey Lidwaji edited patient mercy mrembo','127.0.0.1','Mozilla/5.0 (X11; Linux x86_64; rv:140.0) Gecko/20100101 Firefox/140.0','2025-10-29 22:49:42',7,1,7),
(20,'Patient','Edit','Humphrey Lidwaji edited patient HUMPHREY LIDWAJI','127.0.0.1','Mozilla/5.0 (X11; Linux x86_64; rv:140.0) Gecko/20100101 Firefox/140.0','2025-10-29 22:49:59',6,1,6),
(21,'Patient','Create','Humphrey Lidwaji created patient JACKSON IRASA, primary contact HUMPHREY added','127.0.0.1','Mozilla/5.0 (X11; Linux x86_64; rv:140.0) Gecko/20100101 Firefox/140.0','2025-10-29 22:51:08',8,1,8),
(22,'Patient','Create','Humphrey Lidwaji created patient FLORENCE KAGEHA AMIANI, primary contact HUMPHREY LIDWAJI added','127.0.0.1','Mozilla/5.0 (X11; Linux x86_64; rv:140.0) Gecko/20100101 Firefox/140.0','2025-10-29 22:58:38',9,1,9),
(23,'Login','Success','Humphrey Lidwaji successfully logged in ','127.0.0.1','Mozilla/5.0 (X11; Linux x86_64; rv:140.0) Gecko/20100101 Firefox/140.0','2025-10-30 00:21:25',0,1,1),
(24,'Login','Success','Humphrey Lidwaji successfully logged in ','127.0.0.1','Mozilla/5.0 (X11; Linux x86_64; rv:140.0) Gecko/20100101 Firefox/140.0','2025-10-30 00:21:32',0,1,1),
(25,'Patient','Create','Humphrey Lidwaji created patient HUMPHREY LIDWAJI IRAUSA, primary contact MERCY MAINGI added','127.0.0.1','Mozilla/5.0 (X11; Linux x86_64; rv:140.0) Gecko/20100101 Firefox/140.0','2025-10-30 00:30:39',10,1,10),
(26,'Patient','Create','Humphrey Lidwaji created patient NELSON MWANGI, primary contact HUMPHREY LIDWAJI added','127.0.0.1','Mozilla/5.0 (X11; Linux x86_64; rv:140.0) Gecko/20100101 Firefox/140.0','2025-10-30 00:34:00',11,1,11),
(27,'Patient','Create','Humphrey Lidwaji created patient MWANGI JUNIOR, primary location KAIMOSI added, primary contact HUMPHREY added','127.0.0.1','Mozilla/5.0 (X11; Linux x86_64; rv:140.0) Gecko/20100101 Firefox/140.0','2025-10-30 00:46:08',12,1,12),
(28,'Patient','Create','Humphrey Lidwaji created patient FLORENCE AMIANI KAGEHA, primary location SHIRU added, primary contact HUMPHREY added','127.0.0.1','Mozilla/5.0 (X11; Linux x86_64; rv:140.0) Gecko/20100101 Firefox/140.0','2025-10-30 01:13:12',13,1,13),
(29,'Patient','Edit','Humphrey Lidwaji edited patient FLORENCE AMIANI','127.0.0.1','Mozilla/5.0 (X11; Linux x86_64; rv:140.0) Gecko/20100101 Firefox/140.0','2025-10-30 01:29:24',13,1,13),
(30,'Login','Success','Humphrey Lidwaji successfully logged in ','127.0.0.1','Mozilla/5.0 (X11; Linux x86_64; rv:140.0) Gecko/20100101 Firefox/140.0','2025-10-30 04:13:28',0,1,1),
(31,'Login','Success','Humphrey Lidwaji successfully logged in ','127.0.0.1','Mozilla/5.0 (X11; Linux x86_64; rv:140.0) Gecko/20100101 Firefox/140.0','2025-10-30 04:13:33',0,1,1),
(32,'Logout','Success','Humphrey Lidwaji logged out','127.0.0.1','Mozilla/5.0 (X11; Linux x86_64; rv:140.0) Gecko/20100101 Firefox/140.0','2025-10-30 04:13:42',0,1,0),
(33,'Login','Success','Humphrey Lidwaji successfully logged in ','127.0.0.1','Mozilla/5.0 (X11; Linux x86_64; rv:140.0) Gecko/20100101 Firefox/140.0','2025-10-30 04:13:48',0,1,1),
(34,'Login','Success','Humphrey Lidwaji successfully logged in ','127.0.0.1','Mozilla/5.0 (X11; Linux x86_64; rv:140.0) Gecko/20100101 Firefox/140.0','2025-10-30 04:52:43',0,1,1),
(35,'Login','Success','Humphrey Lidwaji successfully logged in ','127.0.0.1','Mozilla/5.0 (X11; Linux x86_64; rv:140.0) Gecko/20100101 Firefox/140.0','2025-10-30 04:52:52',0,1,1),
(36,'Patient','Edit','Humphrey Lidwaji edited patient HUMPHREY LIDWAJI IRAUSA','127.0.0.1','Mozilla/5.0 (X11; Linux x86_64; rv:140.0) Gecko/20100101 Firefox/140.0','2025-10-30 05:11:49',10,1,10),
(37,'Patient','Edit','Humphrey Lidwaji edited patient HUMPHREY LIDWAJI IRAUSA','127.0.0.1','Mozilla/5.0 (X11; Linux x86_64; rv:140.0) Gecko/20100101 Firefox/140.0','2025-10-30 05:13:07',10,1,10),
(38,'Patient','Edit','Humphrey Lidwaji edited patient FLORENCE AMIANI','127.0.0.1','Mozilla/5.0 (X11; Linux x86_64; rv:140.0) Gecko/20100101 Firefox/140.0','2025-10-30 05:14:42',13,1,13),
(39,'Patient','Edit','Humphrey Lidwaji edited patient FLORENCE AMIANI','127.0.0.1','Mozilla/5.0 (X11; Linux x86_64; rv:140.0) Gecko/20100101 Firefox/140.0','2025-10-30 05:19:20',13,1,13),
(40,'Patient','Edit','Humphrey Lidwaji edited patient HUMPHREY LIDWAJI IRAUSA','127.0.0.1','Mozilla/5.0 (X11; Linux x86_64; rv:140.0) Gecko/20100101 Firefox/140.0','2025-10-30 05:20:22',10,1,10),
(41,'Patient','Edit','Humphrey Lidwaji edited patient NELSON MWANGI','127.0.0.1','Mozilla/5.0 (X11; Linux x86_64; rv:140.0) Gecko/20100101 Firefox/140.0','2025-10-30 05:21:21',11,1,11),
(42,'Patient','Edit','Humphrey Lidwaji edited patient NELSON MWANGI','127.0.0.1','Mozilla/5.0 (X11; Linux x86_64; rv:140.0) Gecko/20100101 Firefox/140.0','2025-10-30 05:21:55',11,1,11),
(43,'Patient','Edit','Humphrey Lidwaji edited patient MWANGI JUNIOR','127.0.0.1','Mozilla/5.0 (X11; Linux x86_64; rv:140.0) Gecko/20100101 Firefox/140.0','2025-10-30 05:23:06',12,1,12),
(44,'Patient','Create','Humphrey Lidwaji created patient OLIVER SHAYUGA, primary location CHEPTULU added, primary contact HUMPHREY LIDWAJI added','127.0.0.1','Mozilla/5.0 (X11; Linux x86_64; rv:140.0) Gecko/20100101 Firefox/140.0','2025-10-30 05:42:34',14,1,14),
(45,'Patient','Edit','Humphrey Lidwaji edited patient FLORENCE AMIANI','127.0.0.1','Mozilla/5.0 (X11; Linux x86_64; rv:140.0) Gecko/20100101 Firefox/140.0','2025-10-30 06:03:14',13,1,13),
(46,'Patient','Export','Humphrey Lidwaji exported patient data to a PDF file','127.0.0.1','Mozilla/5.0 (X11; Linux x86_64; rv:140.0) Gecko/20100101 Firefox/140.0','2025-10-30 06:34:23',14,1,14),
(47,'Patient','Export','Humphrey Lidwaji exported patient data to a PDF file','127.0.0.1','Mozilla/5.0 (X11; Linux x86_64; rv:140.0) Gecko/20100101 Firefox/140.0','2025-10-30 06:37:04',14,1,14),
(48,'Patient','Export','Humphrey Lidwaji exported patient data to a PDF file','127.0.0.1','Mozilla/5.0 (X11; Linux x86_64; rv:140.0) Gecko/20100101 Firefox/140.0','2025-10-30 06:37:34',14,1,14),
(49,'Patient','Export','Humphrey Lidwaji exported patient data to a PDF file','127.0.0.1','Mozilla/5.0 (X11; Linux x86_64; rv:140.0) Gecko/20100101 Firefox/140.0','2025-10-30 06:37:50',14,1,14),
(50,'Patient','Export','Humphrey Lidwaji exported patient data to a PDF file','127.0.0.1','Mozilla/5.0 (X11; Linux x86_64; rv:140.0) Gecko/20100101 Firefox/140.0','2025-10-30 06:38:26',14,1,14),
(51,'Patient','Export','Humphrey Lidwaji exported patient data to a PDF file','127.0.0.1','Mozilla/5.0 (X11; Linux x86_64; rv:140.0) Gecko/20100101 Firefox/140.0','2025-10-30 06:39:22',14,1,14),
(52,'Patient','Export','Humphrey Lidwaji exported patient data to a PDF file','127.0.0.1','Mozilla/5.0 (X11; Linux x86_64; rv:140.0) Gecko/20100101 Firefox/140.0','2025-10-30 06:40:10',14,1,14),
(53,'Patient','Export','Humphrey Lidwaji exported patient data to a PDF file','127.0.0.1','Mozilla/5.0 (X11; Linux x86_64; rv:140.0) Gecko/20100101 Firefox/140.0','2025-10-30 06:40:30',14,1,14),
(54,'Patient','Export','Humphrey Lidwaji exported patient data to a PDF file','127.0.0.1','Mozilla/5.0 (X11; Linux x86_64; rv:140.0) Gecko/20100101 Firefox/140.0','2025-10-30 06:40:50',14,1,14),
(55,'Patient','Export','Humphrey Lidwaji exported patient data to a PDF file','127.0.0.1','Mozilla/5.0 (X11; Linux x86_64; rv:140.0) Gecko/20100101 Firefox/140.0','2025-10-30 06:42:21',14,1,14),
(56,'Patient','Export','Humphrey Lidwaji exported patient data to a PDF file','127.0.0.1','Mozilla/5.0 (X11; Linux x86_64; rv:140.0) Gecko/20100101 Firefox/140.0','2025-10-30 06:42:51',14,1,14),
(57,'Patient','Export','Humphrey Lidwaji exported patient data to a PDF file','127.0.0.1','Mozilla/5.0 (X11; Linux x86_64; rv:140.0) Gecko/20100101 Firefox/140.0','2025-10-30 06:43:06',14,1,14),
(58,'Patient','Export','Humphrey Lidwaji exported patient data to a PDF file','127.0.0.1','Mozilla/5.0 (X11; Linux x86_64; rv:140.0) Gecko/20100101 Firefox/140.0','2025-10-30 06:43:31',14,1,14),
(59,'Patient','Export','Humphrey Lidwaji exported patient data to a PDF file','127.0.0.1','Mozilla/5.0 (X11; Linux x86_64; rv:140.0) Gecko/20100101 Firefox/140.0','2025-10-30 06:45:35',14,1,14),
(60,'Credential','View','Humphrey Lidwaji viewed the All Credentials page','127.0.0.1','Mozilla/5.0 (X11; Linux x86_64; rv:140.0) Gecko/20100101 Firefox/140.0','2025-10-30 06:47:46',0,1,0),
(61,'Patient','Archive','Humphrey Lidwaji archived patient FLORENCE AMIANI','127.0.0.1','Mozilla/5.0 (X11; Linux x86_64; rv:140.0) Gecko/20100101 Firefox/140.0','2025-10-30 06:48:57',13,1,13),
(62,'Patient','Archive','Humphrey Lidwaji archived patient OLIVER SHAYUGA','127.0.0.1','Mozilla/5.0 (X11; Linux x86_64; rv:140.0) Gecko/20100101 Firefox/140.0','2025-10-30 07:02:16',14,1,14),
(63,'Patient','Archive','Humphrey Lidwaji archived patient MWANGI JUNIOR','127.0.0.1','Mozilla/5.0 (X11; Linux x86_64; rv:140.0) Gecko/20100101 Firefox/140.0','2025-10-30 07:39:42',12,1,12),
(64,'Patient','Archive','Humphrey Lidwaji archived patient HUMPHREY LIDWAJI IRAUSA','127.0.0.1','Mozilla/5.0 (X11; Linux x86_64; rv:140.0) Gecko/20100101 Firefox/140.0','2025-10-30 07:39:48',10,1,10),
(65,'Patient','Archive','Humphrey Lidwaji archived patient NELSON MWANGI','127.0.0.1','Mozilla/5.0 (X11; Linux x86_64; rv:140.0) Gecko/20100101 Firefox/140.0','2025-10-30 07:39:52',11,1,11),
(66,'Client','Archive','Humphrey Lidwaji archived client MWANAINCHI','127.0.0.1','Mozilla/5.0 (X11; Linux x86_64; rv:140.0) Gecko/20100101 Firefox/140.0','2025-10-30 07:41:19',1,1,1),
(67,'Client','Restored','Humphrey Lidwaji restored client MWANAINCHI','127.0.0.1','Mozilla/5.0 (X11; Linux x86_64; rv:140.0) Gecko/20100101 Firefox/140.0','2025-10-30 07:45:30',1,1,0),
(68,'Invoice','Edit','Humphrey Lidwaji marked invoice INV-1 sent','127.0.0.1','Mozilla/5.0 (X11; Linux x86_64; rv:140.0) Gecko/20100101 Firefox/140.0','2025-10-30 07:50:57',1,1,1),
(69,'Invoice','Payment','Payment amount of $1,500.00 added to invoice INV-1','127.0.0.1','Mozilla/5.0 (X11; Linux x86_64; rv:140.0) Gecko/20100101 Firefox/140.0','2025-10-30 07:51:25',1,1,1),
(70,'Login','Success','Humphrey Lidwaji successfully logged in ','127.0.0.1','Mozilla/5.0 (X11; Linux x86_64; rv:140.0) Gecko/20100101 Firefox/140.0','2025-10-30 15:44:11',0,1,1),
(71,'Login','Success','Humphrey Lidwaji successfully logged in ','127.0.0.1','Mozilla/5.0 (X11; Linux x86_64; rv:140.0) Gecko/20100101 Firefox/140.0','2025-10-30 15:44:30',0,1,1),
(72,'Client Login','Failed','Failed client portal login attempt using lidwaji7@gmail.com (invalid email/not allowed local auth)','127.0.0.1','Mozilla/5.0 (X11; Linux x86_64; rv:140.0) Gecko/20100101 Firefox/140.0','2025-10-30 15:44:42',0,0,0),
(73,'Client Login','Failed','Failed client portal login attempt using lidwaji7@gmail.com (invalid email/not allowed local auth)','127.0.0.1','Mozilla/5.0 (X11; Linux x86_64; rv:140.0) Gecko/20100101 Firefox/140.0','2025-10-30 15:44:55',0,0,0),
(74,'Login','Success','Humphrey Lidwaji successfully logged in ','127.0.0.1','Mozilla/5.0 (X11; Linux x86_64; rv:140.0) Gecko/20100101 Firefox/140.0','2025-10-30 15:45:10',0,1,1),
(75,'Login','Success','Humphrey Lidwaji successfully logged in ','127.0.0.1','Mozilla/5.0 (X11; Linux x86_64; rv:140.0) Gecko/20100101 Firefox/140.0','2025-10-30 15:45:31',0,1,1),
(76,'Calendar','Edit','Humphrey Lidwaji edited calendar Default','127.0.0.1','Mozilla/5.0 (X11; Linux x86_64; rv:140.0) Gecko/20100101 Firefox/140.0','2025-10-30 15:52:54',0,1,1),
(77,'User','Create','Humphrey Lidwaji created user kiba','127.0.0.1','Mozilla/5.0 (X11; Linux x86_64; rv:140.0) Gecko/20100101 Firefox/140.0','2025-10-30 15:56:48',0,1,2),
(78,'Logout','Success','Humphrey Lidwaji logged out','127.0.0.1','Mozilla/5.0 (X11; Linux x86_64; rv:140.0) Gecko/20100101 Firefox/140.0','2025-10-30 15:57:54',0,1,0),
(79,'Login','Success','kiba successfully logged in ','127.0.0.1','Mozilla/5.0 (X11; Linux x86_64; rv:140.0) Gecko/20100101 Firefox/140.0','2025-10-30 15:58:02',0,2,2),
(80,'Invoice','Create','kiba created Invoice INV-2 - ','127.0.0.1','Mozilla/5.0 (X11; Linux x86_64; rv:140.0) Gecko/20100101 Firefox/140.0','2025-10-30 16:18:36',1,2,2),
(81,'Logout','Success','kiba logged out','127.0.0.1','Mozilla/5.0 (X11; Linux x86_64; rv:140.0) Gecko/20100101 Firefox/140.0','2025-10-30 16:23:55',0,2,0),
(82,'Login','Success','Humphrey Lidwaji successfully logged in ','127.0.0.1','Mozilla/5.0 (X11; Linux x86_64; rv:140.0) Gecko/20100101 Firefox/140.0','2025-10-30 16:24:02',0,1,1),
(83,'Patient','Create','Humphrey Lidwaji created patient BESON SIKUKU, primary location Shiru added, primary contact Humphrey Lidwaji added','127.0.0.1','Mozilla/5.0 (X11; Linux x86_64; rv:140.0) Gecko/20100101 Firefox/140.0','2025-10-30 16:27:47',15,1,15),
(84,'Patient','Edit','Humphrey Lidwaji edited patient BESON SIKUKU','127.0.0.1','Mozilla/5.0 (X11; Linux x86_64; rv:140.0) Gecko/20100101 Firefox/140.0','2025-10-30 16:40:06',15,1,15),
(85,'Patient','Create','Humphrey Lidwaji created patient PATRICK KIMGAI, primary location KABUJOI added, primary contact kiba loo added','127.0.0.1','Mozilla/5.0 (X11; Linux x86_64; rv:140.0) Gecko/20100101 Firefox/140.0','2025-10-30 16:45:16',16,1,16),
(86,'Patient','Edit','Humphrey Lidwaji edited patient PATRICK KIMGAI','127.0.0.1','Mozilla/5.0 (X11; Linux x86_64; rv:140.0) Gecko/20100101 Firefox/140.0','2025-10-30 17:00:13',16,1,16),
(87,'Patient','Edit','Humphrey Lidwaji edited patient BESON SIKUKU','127.0.0.1','Mozilla/5.0 (X11; Linux x86_64; rv:140.0) Gecko/20100101 Firefox/140.0','2025-10-30 17:00:24',15,1,15),
(88,'Patient','Edit','Humphrey Lidwaji edited patient BESON SIKUKU','127.0.0.1','Mozilla/5.0 (X11; Linux x86_64; rv:140.0) Gecko/20100101 Firefox/140.0','2025-10-30 17:00:38',15,1,15),
(89,'Patient','Edit','Humphrey Lidwaji edited patient BESON SIKUKU','127.0.0.1','Mozilla/5.0 (X11; Linux x86_64; rv:140.0) Gecko/20100101 Firefox/140.0','2025-10-30 17:00:54',15,1,15),
(90,'Login','Success','Humphrey Lidwaji successfully logged in ','127.0.0.1','Mozilla/5.0 (X11; Linux x86_64; rv:140.0) Gecko/20100101 Firefox/140.0','2025-10-31 08:42:40',0,1,1),
(91,'Logout','Success','Humphrey Lidwaji logged out','127.0.0.1','Mozilla/5.0 (X11; Linux x86_64; rv:140.0) Gecko/20100101 Firefox/140.0','2025-10-31 09:00:46',0,1,0),
(92,'Login','Failed','Failed login attempt using hamphreyirausa@gmail.com','127.0.0.1','Mozilla/5.0 (X11; Linux x86_64; rv:140.0) Gecko/20100101 Firefox/140.0','2025-10-31 17:50:05',0,0,0),
(93,'Login','Success','kiba successfully logged in ','127.0.0.1','Mozilla/5.0 (X11; Linux x86_64; rv:140.0) Gecko/20100101 Firefox/140.0','2025-10-31 17:50:15',0,2,2),
(94,'Login','Success','Humphrey Lidwaji successfully logged in ','127.0.0.1','Mozilla/5.0 (X11; Linux x86_64; rv:140.0) Gecko/20100101 Firefox/140.0','2025-10-31 17:50:50',0,1,1),
(95,'Settings','Edit','Humphrey Lidwaji edited company details','127.0.0.1','Mozilla/5.0 (X11; Linux x86_64; rv:140.0) Gecko/20100101 Firefox/140.0','2025-10-31 17:55:41',0,1,0),
(96,'Invoice','Edit','Humphrey Lidwaji added item Consultation to invoice INV-2','127.0.0.1','Mozilla/5.0 (X11; Linux x86_64; rv:140.0) Gecko/20100101 Firefox/140.0','2025-10-31 17:57:20',1,1,2),
(97,'Invoice','Edit','Humphrey Lidwaji added item Consultation to invoice INV-2','127.0.0.1','Mozilla/5.0 (X11; Linux x86_64; rv:140.0) Gecko/20100101 Firefox/140.0','2025-10-31 17:57:31',1,1,2),
(98,'Credential','View','Humphrey Lidwaji viewed the All Credentials page','127.0.0.1','Mozilla/5.0 (X11; Linux x86_64; rv:140.0) Gecko/20100101 Firefox/140.0','2025-10-31 18:02:40',0,1,0),
(99,'Login','Success','Humphrey Lidwaji successfully logged in ','127.0.0.1','Mozilla/5.0 (X11; Linux x86_64; rv:140.0) Gecko/20100101 Firefox/140.0','2025-10-31 23:31:43',0,1,1),
(100,'Login','Success','Humphrey Lidwaji successfully logged in ','127.0.0.1','Mozilla/5.0 (X11; Linux x86_64; rv:140.0) Gecko/20100101 Firefox/140.0','2025-11-01 02:07:17',0,1,1),
(101,'Login','Success','Humphrey Lidwaji successfully logged in ','127.0.0.1','Mozilla/5.0 (X11; Linux x86_64; rv:140.0) Gecko/20100101 Firefox/140.0','2025-11-01 06:22:39',0,1,1),
(102,'Invoice','Edit','Humphrey Lidwaji assigned Invoice INV-2 to category Backup','127.0.0.1','Mozilla/5.0 (X11; Linux x86_64; rv:140.0) Gecko/20100101 Firefox/140.0','2025-11-01 06:55:39',1,1,2),
(103,'Invoice','Bulk Edit','Humphrey Lidwaji assigned 1 invoices to category Backup','127.0.0.1','Mozilla/5.0 (X11; Linux x86_64; rv:140.0) Gecko/20100101 Firefox/140.0','2025-11-01 06:55:39',0,1,0),
(104,'Invoice','Edit','Humphrey Lidwaji added item Ultrasound Abdomen to invoice INV-2','127.0.0.1','Mozilla/5.0 (X11; Linux x86_64; rv:140.0) Gecko/20100101 Firefox/140.0','2025-11-01 07:09:28',1,1,2),
(105,'Invoice','Edit','Humphrey Lidwaji added item COVID-19 PCR Test to invoice INV-2','127.0.0.1','Mozilla/5.0 (X11; Linux x86_64; rv:140.0) Gecko/20100101 Firefox/140.0','2025-11-01 07:10:01',1,1,2),
(106,'Login','Success','Humphrey Lidwaji successfully logged in ','127.0.0.1','Mozilla/5.0 (X11; Linux x86_64; rv:140.0) Gecko/20100101 Firefox/140.0','2025-11-01 16:55:22',0,1,1),
(107,'User Role','Create','Humphrey Lidwaji created user role Doctor','127.0.0.1','Mozilla/5.0 (X11; Linux x86_64; rv:140.0) Gecko/20100101 Firefox/140.0','2025-11-01 17:00:08',0,1,4),
(108,'Login','Success','Humphrey Lidwaji successfully logged in ','127.0.0.1','Mozilla/5.0 (X11; Linux x86_64; rv:140.0) Gecko/20100101 Firefox/140.0','2025-11-01 21:34:37',0,1,1),
(109,'Login','Success','Humphrey Lidwaji successfully logged in ','127.0.0.1','Mozilla/5.0 (X11; Linux x86_64; rv:140.0) Gecko/20100101 Firefox/140.0','2025-11-01 22:57:54',0,1,1),
(110,'Patient','Create','Humphrey Lidwaji created patient JACKSO IRAUSA, primary location h added, primary contact k added','127.0.0.1','Mozilla/5.0 (X11; Linux x86_64; rv:140.0) Gecko/20100101 Firefox/140.0','2025-11-02 00:07:33',17,1,17),
(111,'Login','Success','Humphrey Lidwaji successfully logged in ','127.0.0.1','Mozilla/5.0 (X11; Linux x86_64; rv:140.0) Gecko/20100101 Firefox/140.0','2025-11-02 02:49:10',0,1,1),
(112,'Login','Success','Humphrey Lidwaji successfully logged in ','127.0.0.1','Mozilla/5.0 (X11; Linux x86_64; rv:140.0) Gecko/20100101 Firefox/140.0','2025-11-02 06:12:04',0,1,1),
(113,'Login','Success','Humphrey Lidwaji successfully logged in ','127.0.0.1','Mozilla/5.0 (X11; Linux x86_64; rv:140.0) Gecko/20100101 Firefox/140.0','2025-11-02 13:52:20',0,1,1),
(114,'Login','Success','Humphrey Lidwaji successfully logged in ','127.0.0.1','Mozilla/5.0 (X11; Linux x86_64; rv:140.0) Gecko/20100101 Firefox/140.0','2025-11-02 17:56:24',0,1,1),
(115,'Login','Success','Humphrey Lidwaji successfully logged in ','127.0.0.1','Mozilla/5.0 (X11; Linux x86_64; rv:140.0) Gecko/20100101 Firefox/140.0','2025-11-03 02:37:29',0,1,1),
(116,'Login','Success','Humphrey Lidwaji successfully logged in ','127.0.0.1','Mozilla/5.0 (X11; Linux x86_64; rv:140.0) Gecko/20100101 Firefox/140.0','2025-11-03 03:01:29',0,1,1),
(117,'Login','Success','Humphrey Lidwaji successfully logged in ','127.0.0.1','Mozilla/5.0 (X11; Linux x86_64; rv:140.0) Gecko/20100101 Firefox/140.0','2025-11-03 04:07:22',0,1,1),
(118,'Login','Success','Humphrey Lidwaji successfully logged in ','127.0.0.1','Mozilla/5.0 (X11; Linux x86_64; rv:140.0) Gecko/20100101 Firefox/140.0','2025-11-03 17:22:09',0,1,1),
(119,'Login','Success','Humphrey Lidwaji successfully logged in ','127.0.0.1','Mozilla/5.0 (X11; Linux x86_64; rv:140.0) Gecko/20100101 Firefox/140.0','2025-11-03 20:32:37',0,1,1),
(120,'Login','Success','Humphrey Lidwaji successfully logged in ','127.0.0.1','Mozilla/5.0 (X11; Linux x86_64; rv:140.0) Gecko/20100101 Firefox/140.0','2025-11-04 04:57:32',0,1,1),
(121,'Login','Success','Humphrey Lidwaji successfully logged in ','127.0.0.1','Mozilla/5.0 (X11; Linux x86_64; rv:140.0) Gecko/20100101 Firefox/140.0','2025-11-04 06:19:51',0,1,1),
(122,'Login','Success','Humphrey Lidwaji successfully logged in ','127.0.0.1','Mozilla/5.0 (X11; Linux x86_64; rv:140.0) Gecko/20100101 Firefox/140.0','2025-11-04 16:39:12',0,1,1),
(123,'Login','Success','Humphrey Lidwaji successfully logged in ','127.0.0.1','Mozilla/5.0 (X11; Linux x86_64; rv:140.0) Gecko/20100101 Firefox/140.0','2025-11-04 23:22:26',0,1,1),
(124,'User','Edit','Humphrey Lidwaji edited user kiba','127.0.0.1','Mozilla/5.0 (X11; Linux x86_64; rv:140.0) Gecko/20100101 Firefox/140.0','2025-11-05 03:27:46',0,1,2),
(125,'Login','Success','Humphrey Lidwaji successfully logged in ','127.0.0.1','Mozilla/5.0 (X11; Linux x86_64; rv:140.0) Gecko/20100101 Firefox/140.0','2025-11-05 04:33:47',0,1,1),
(126,'Login','Success','Humphrey Lidwaji successfully logged in ','127.0.0.1','Mozilla/5.0 (X11; Linux x86_64; rv:140.0) Gecko/20100101 Firefox/140.0','2025-11-05 06:22:10',0,1,1),
(127,'Login','Failed','Failed login attempt using lidwaji@gmail.com','127.0.0.1','Mozilla/5.0 (X11; Linux x86_64; rv:140.0) Gecko/20100101 Firefox/140.0','2025-11-05 18:30:48',0,0,0),
(128,'Login','Success','kiba successfully logged in ','127.0.0.1','Mozilla/5.0 (X11; Linux x86_64; rv:140.0) Gecko/20100101 Firefox/140.0','2025-11-05 18:30:57',0,2,2),
(129,'Login','Success','Humphrey Lidwaji successfully logged in ','127.0.0.1','Mozilla/5.0 (X11; Linux x86_64; rv:140.0) Gecko/20100101 Firefox/140.0','2025-11-05 18:32:09',0,1,1),
(130,'Patient','Create','Humphrey Lidwaji created patient Humphrey LIdwaji Irausa, primary location VIHIGA added, primary contact OLIVER SHAYUGA added','127.0.0.1','Mozilla/5.0 (X11; Linux x86_64; rv:140.0) Gecko/20100101 Firefox/140.0','2025-11-05 20:06:23',18,1,18),
(131,'Login','Success','Humphrey Lidwaji successfully logged in ','127.0.0.1','Mozilla/5.0 (X11; Linux x86_64; rv:140.0) Gecko/20100101 Firefox/140.0','2025-11-06 02:19:12',0,1,1),
(132,'Credential','View','Humphrey Lidwaji viewed the All Credentials page','127.0.0.1','Mozilla/5.0 (X11; Linux x86_64; rv:140.0) Gecko/20100101 Firefox/140.0','2025-11-06 07:14:05',0,1,0),
(133,'Login','Success','Humphrey Lidwaji successfully logged in ','127.0.0.1','Mozilla/5.0 (X11; Linux x86_64; rv:140.0) Gecko/20100101 Firefox/140.0','2025-11-06 16:40:39',0,1,1),
(134,'Login','Success','Humphrey Lidwaji successfully logged in ','127.0.0.1','Mozilla/5.0 (X11; Linux x86_64; rv:140.0) Gecko/20100101 Firefox/140.0','2025-11-06 16:40:44',0,1,1),
(135,'Settings','Edit','Humphrey Lidwaji edited company details','127.0.0.1','Mozilla/5.0 (X11; Linux x86_64; rv:140.0) Gecko/20100101 Firefox/140.0','2025-11-06 17:31:18',0,1,0),
(136,'Login','Success','Humphrey Lidwaji successfully logged in ','127.0.0.1','Mozilla/5.0 (X11; Linux x86_64; rv:140.0) Gecko/20100101 Firefox/140.0','2025-11-06 18:15:24',0,1,1),
(137,'Login','Success','Humphrey Lidwaji successfully logged in ','127.0.0.1','Mozilla/5.0 (X11; Linux x86_64; rv:140.0) Gecko/20100101 Firefox/140.0','2025-11-06 18:15:30',0,1,1),
(138,'Login','Success','Humphrey Lidwaji successfully logged in ','127.0.0.1','Mozilla/5.0 (X11; Linux x86_64; rv:140.0) Gecko/20100101 Firefox/140.0','2025-11-07 06:21:04',0,1,1),
(139,'Settings','Edit','Humphrey Lidwaji edited company details','127.0.0.1','Mozilla/5.0 (X11; Linux x86_64; rv:140.0) Gecko/20100101 Firefox/140.0','2025-11-07 06:25:45',0,1,0),
(140,'Settings','Edit','Humphrey Lidwaji edited company details','127.0.0.1','Mozilla/5.0 (X11; Linux x86_64; rv:140.0) Gecko/20100101 Firefox/140.0','2025-11-07 06:26:42',0,1,0),
(141,'Login','Failed','Failed login attempt using lidwaji7@gmail.com','127.0.0.1','Mozilla/5.0 (X11; Linux x86_64; rv:140.0) Gecko/20100101 Firefox/140.0','2025-11-07 16:41:47',0,0,0),
(142,'Login','Success','Humphrey Lidwaji successfully logged in ','127.0.0.1','Mozilla/5.0 (X11; Linux x86_64; rv:140.0) Gecko/20100101 Firefox/140.0','2025-11-07 16:41:55',0,1,1),
(143,'Supplier','Create','Supplier MEDZ was created','127.0.0.1','Mozilla/5.0 (X11; Linux x86_64; rv:140.0) Gecko/20100101 Firefox/140.0','2025-11-07 18:59:52',0,1,0),
(144,'Login','Success','Humphrey Lidwaji successfully logged in ','127.0.0.1','Mozilla/5.0 (X11; Linux x86_64; rv:140.0) Gecko/20100101 Firefox/140.0','2025-11-08 00:12:54',0,1,1),
(145,'Prescription','Create','Created prescription for medication: Amoxil','127.0.0.1','Mozilla/5.0 (X11; Linux x86_64; rv:140.0) Gecko/20100101 Firefox/140.0','2025-11-08 02:43:49',0,1,19),
(146,'Prescription','Update','Updated prescription for medication: Amoxil','127.0.0.1','Mozilla/5.0 (X11; Linux x86_64; rv:140.0) Gecko/20100101 Firefox/140.0','2025-11-08 04:38:08',0,1,19),
(147,'Login','Success','Humphrey Lidwaji successfully logged in ','127.0.0.1','Mozilla/5.0 (X11; Linux x86_64; rv:140.0) Gecko/20100101 Firefox/140.0','2025-11-08 05:00:19',0,1,1),
(148,'Prescription','Create','Created prescription with 1 medication(s)','127.0.0.1','Mozilla/5.0 (X11; Linux x86_64; rv:140.0) Gecko/20100101 Firefox/140.0','2025-11-08 06:02:40',0,1,21),
(149,'Prescription','Update','Updated prescription with 2 medication(s)','127.0.0.1','Mozilla/5.0 (X11; Linux x86_64; rv:140.0) Gecko/20100101 Firefox/140.0','2025-11-08 06:27:27',0,1,21),
(150,'Patient','Create','Humphrey Lidwaji created patient MIKE MUTUSU, primary location TEST added, primary contact TEST added','127.0.0.1','Mozilla/5.0 (X11; Linux x86_64; rv:140.0) Gecko/20100101 Firefox/140.0','2025-11-08 06:52:55',19,1,19),
(151,'Prescription','Create','Created prescription with 1 medication(s)','127.0.0.1','Mozilla/5.0 (X11; Linux x86_64; rv:140.0) Gecko/20100101 Firefox/140.0','2025-11-08 06:55:21',0,1,22),
(152,'Login','Failed','Failed login attempt using lidwaji7@gmail.com','127.0.0.1','Mozilla/5.0 (X11; Linux x86_64; rv:140.0) Gecko/20100101 Firefox/140.0','2025-11-08 16:53:03',0,0,0),
(153,'Login','Success','Humphrey Lidwaji successfully logged in ','127.0.0.1','Mozilla/5.0 (X11; Linux x86_64; rv:140.0) Gecko/20100101 Firefox/140.0','2025-11-08 16:53:23',0,1,1),
(154,'Login','Success','Humphrey Lidwaji successfully logged in ','127.0.0.1','Mozilla/5.0 (X11; Linux x86_64; rv:140.0) Gecko/20100101 Firefox/140.0','2025-11-09 06:43:50',0,1,1),
(155,'Login','Success','Humphrey Lidwaji successfully logged in ','127.0.0.1','Mozilla/5.0 (X11; Linux x86_64; rv:140.0) Gecko/20100101 Firefox/140.0','2025-11-09 18:55:26',0,1,1),
(156,'Login','Success','Humphrey Lidwaji successfully logged in ','127.0.0.1','Mozilla/5.0 (X11; Linux x86_64; rv:140.0) Gecko/20100101 Firefox/140.0','2025-11-09 21:48:03',0,1,1),
(157,'Login','Success','Humphrey Lidwaji successfully logged in ','127.0.0.1','Mozilla/5.0 (X11; Linux x86_64; rv:140.0) Gecko/20100101 Firefox/140.0','2025-11-09 22:02:21',0,1,1),
(158,'Login','Success','Humphrey Lidwaji successfully logged in ','127.0.0.1','Mozilla/5.0 (X11; Linux x86_64; rv:140.0) Gecko/20100101 Firefox/140.0','2025-11-09 22:03:20',0,1,1),
(159,'Login','Success','Humphrey Lidwaji successfully logged in ','127.0.0.1','Mozilla/5.0 (X11; Linux x86_64; rv:140.0) Gecko/20100101 Firefox/140.0','2025-11-09 22:30:40',0,1,1),
(160,'Client Login','Failed','Failed client portal login attempt using lidwaji7@gmail.com (invalid email/not allowed local auth)','127.0.0.1','Mozilla/5.0 (X11; Linux x86_64; rv:140.0) Gecko/20100101 Firefox/140.0','2025-11-09 22:49:57',0,0,0),
(161,'Client Login','Failed','Failed client portal login attempt using lidwaji7@gmail.com (invalid email/not allowed local auth)','127.0.0.1','Mozilla/5.0 (X11; Linux x86_64; rv:140.0) Gecko/20100101 Firefox/140.0','2025-11-09 22:50:08',0,0,0),
(162,'Login','Success','Humphrey Lidwaji successfully logged in ','127.0.0.1','Mozilla/5.0 (X11; Linux x86_64; rv:140.0) Gecko/20100101 Firefox/140.0','2025-11-09 22:50:43',0,1,1),
(163,'Login','Success','Humphrey Lidwaji successfully logged in ','127.0.0.1','Mozilla/5.0 (X11; Linux x86_64; rv:140.0) Gecko/20100101 Firefox/140.0','2025-11-09 22:51:37',0,1,1),
(164,'Login','Success','Humphrey Lidwaji successfully logged in ','127.0.0.1','Mozilla/5.0 (X11; Linux x86_64; rv:140.0) Gecko/20100101 Firefox/140.0','2025-11-09 22:52:09',0,1,1),
(165,'Login','Success','Humphrey Lidwaji successfully logged in ','127.0.0.1','Mozilla/5.0 (X11; Linux x86_64; rv:140.0) Gecko/20100101 Firefox/140.0','2025-11-09 22:52:43',0,1,1),
(166,'Login','Success','Humphrey Lidwaji successfully logged in ','127.0.0.1','Mozilla/5.0 (X11; Linux x86_64; rv:140.0) Gecko/20100101 Firefox/140.0','2025-11-10 01:05:42',0,1,1),
(167,'Login','Success','Humphrey Lidwaji successfully logged in ','127.0.0.1','Mozilla/5.0 (X11; Linux x86_64; rv:140.0) Gecko/20100101 Firefox/140.0','2025-11-10 01:05:56',0,1,1),
(168,'Login','Success','Humphrey Lidwaji successfully logged in ','127.0.0.1','Mozilla/5.0 (X11; Linux x86_64; rv:140.0) Gecko/20100101 Firefox/140.0','2025-11-10 01:06:33',0,1,1),
(169,'Login','Success','Humphrey Lidwaji successfully logged in ','127.0.0.1','Mozilla/5.0 (X11; Linux x86_64; rv:140.0) Gecko/20100101 Firefox/140.0','2025-11-10 01:42:49',0,1,1),
(170,'Login','Failed','Failed login attempt using lidwaji7@gmail.com','127.0.0.1','Mozilla/5.0 (X11; Linux x86_64; rv:140.0) Gecko/20100101 Firefox/140.0','2025-11-10 02:42:35',0,0,0),
(171,'Login','Success','Humphrey Lidwaji successfully logged in ','127.0.0.1','Mozilla/5.0 (X11; Linux x86_64; rv:140.0) Gecko/20100101 Firefox/140.0','2025-11-10 04:37:57',0,1,1),
(172,'Login','Success','Humphrey Lidwaji successfully logged in ','127.0.0.1','Mozilla/5.0 (X11; Linux x86_64; rv:140.0) Gecko/20100101 Firefox/140.0','2025-11-10 06:31:58',0,1,1),
(173,'Login','Success','Humphrey Lidwaji successfully logged in ','127.0.0.1','Mozilla/5.0 (X11; Linux x86_64; rv:140.0) Gecko/20100101 Firefox/140.0','2025-11-10 06:32:03',0,1,1),
(174,'Login','Success','Humphrey Lidwaji successfully logged in','127.0.0.1','Mozilla/5.0 (X11; Linux x86_64; rv:140.0) Gecko/20100101 Firefox/140.0','2025-11-10 16:44:00',0,0,1),
(175,'Login','Logout','User logged out','','','2025-11-10 17:19:01',0,0,1),
(176,'Login','Success','Humphrey Lidwaji successfully logged in','127.0.0.1','Mozilla/5.0 (X11; Linux x86_64; rv:140.0) Gecko/20100101 Firefox/140.0','2025-11-10 17:19:25',0,0,1),
(177,'Login','Logout','User logged out','','','2025-11-10 18:30:02',0,0,1),
(178,'Login','Success','Humphrey Lidwaji successfully logged in','127.0.0.1','Mozilla/5.0 (X11; Linux x86_64; rv:140.0) Gecko/20100101 Firefox/140.0','2025-11-10 18:30:23',0,0,1),
(179,'Login','Logout','User logged out','','','2025-11-10 18:40:05',0,0,1),
(180,'Login','Success','Humphrey Lidwaji successfully logged in','127.0.0.1','Mozilla/5.0 (X11; Linux x86_64; rv:140.0) Gecko/20100101 Firefox/140.0','2025-11-10 18:40:38',0,0,1),
(181,'Login','Logout','User logged out','','','2025-11-10 18:41:29',0,0,1),
(182,'Login','Success','Humphrey Lidwaji successfully logged in','127.0.0.1','Mozilla/5.0 (X11; Linux x86_64; rv:140.0) Gecko/20100101 Firefox/140.0','2025-11-10 18:41:44',0,0,1),
(183,'Login','Success','Humphrey Lidwaji successfully logged in','127.0.0.1','Mozilla/5.0 (X11; Linux x86_64; rv:140.0) Gecko/20100101 Firefox/140.0','2025-11-10 19:17:11',0,0,1),
(184,'Login','Logout','User logged out','','','2025-11-10 19:23:17',0,0,1),
(185,'Login','Success','Humphrey Lidwaji successfully logged in','127.0.0.1','Mozilla/5.0 (X11; Linux x86_64; rv:140.0) Gecko/20100101 Firefox/140.0','2025-11-10 19:23:35',0,0,1),
(186,'Login','Logout','User logged out','','','2025-11-10 19:33:09',0,0,1),
(187,'Login','Success','Humphrey Lidwaji successfully logged in','127.0.0.1','Mozilla/5.0 (X11; Linux x86_64; rv:140.0) Gecko/20100101 Firefox/140.0','2025-11-10 19:33:23',0,0,1),
(188,'Login','Logout','User logged out','','','2025-11-10 19:38:25',0,0,1),
(189,'Login','Success','Humphrey Lidwaji successfully logged in','127.0.0.1','Mozilla/5.0 (X11; Linux x86_64; rv:140.0) Gecko/20100101 Firefox/140.0','2025-11-10 19:38:42',0,0,1),
(190,'Login','Logout','User logged out','','','2025-11-10 20:47:29',0,0,1),
(191,'Login','Success','Humphrey Lidwaji successfully logged in','127.0.0.1','Mozilla/5.0 (X11; Linux x86_64; rv:140.0) Gecko/20100101 Firefox/140.0','2025-11-10 20:47:41',0,0,1),
(192,'Login','Logout','User logged out','','','2025-11-10 20:52:40',0,0,1),
(193,'Login','Success','Humphrey Lidwaji successfully logged in','127.0.0.1','Mozilla/5.0 (X11; Linux x86_64; rv:140.0) Gecko/20100101 Firefox/140.0','2025-11-10 20:52:58',0,0,1),
(194,'Login','Logout','User logged out','','','2025-11-10 20:59:21',0,0,1),
(195,'Login','Failed','Failed login attempt using lidwaji@gmail.com','127.0.0.1','Mozilla/5.0 (X11; Linux x86_64; rv:140.0) Gecko/20100101 Firefox/140.0','2025-11-10 20:59:35',0,0,0),
(196,'Login','Success','Humphrey Lidwaji successfully logged in','127.0.0.1','Mozilla/5.0 (X11; Linux x86_64; rv:140.0) Gecko/20100101 Firefox/140.0','2025-11-10 20:59:50',0,0,1),
(197,'Login','Logout','User logged out','','','2025-11-10 22:39:32',0,0,1),
(198,'Login','Success','Humphrey Lidwaji successfully logged in','127.0.0.1','Mozilla/5.0 (X11; Linux x86_64; rv:140.0) Gecko/20100101 Firefox/140.0','2025-11-10 22:39:49',0,0,1),
(199,'Login','Logout','User logged out','','','2025-11-10 23:15:51',0,0,1),
(200,'Login','Success','kiba successfully logged in','127.0.0.1','Mozilla/5.0 (X11; Linux x86_64; rv:140.0) Gecko/20100101 Firefox/140.0','2025-11-10 23:16:09',0,0,2),
(201,'Login','Logout','User logged out','','','2025-11-10 23:41:25',0,0,2),
(202,'Login','Success','Humphrey Lidwaji successfully logged in','127.0.0.1','Mozilla/5.0 (X11; Linux x86_64; rv:140.0) Gecko/20100101 Firefox/140.0','2025-11-10 23:41:42',0,0,1),
(203,'Login','Logout','User logged out','','','2025-11-10 23:44:12',0,0,1),
(204,'Login','Failed','Failed login attempt using lidwaji@gmail.com','127.0.0.1','Mozilla/5.0 (X11; Linux x86_64; rv:140.0) Gecko/20100101 Firefox/140.0','2025-11-10 23:44:43',0,0,0),
(205,'Login','Success','kiba successfully logged in','127.0.0.1','Mozilla/5.0 (X11; Linux x86_64; rv:140.0) Gecko/20100101 Firefox/140.0','2025-11-10 23:45:05',0,0,2),
(206,'Login','Logout','User logged out','','','2025-11-11 02:46:32',0,0,2),
(207,'Login','Logout','User logged out','','','2025-11-11 04:07:37',0,0,1),
(208,'Login','Logout','User logged out','','','2025-11-11 04:07:47',0,0,1),
(209,'Login','Logout','User logged out','','','2025-11-11 04:08:00',0,0,1),
(210,'Login','Logout','User logged out','','','2025-11-11 04:09:38',0,0,1),
(211,'Login','Logout','User logged out','','','2025-11-11 04:10:05',0,0,1),
(212,'Login','Logout','User logged out','','','2025-11-11 04:15:13',0,0,1),
(213,'Login','Logout','User logged out','','','2025-11-11 04:16:23',0,0,1),
(214,'Login','Logout','User logged out','','','2025-11-11 04:43:07',0,0,1),
(215,'Login','Logout','User logged out','','','2025-11-11 04:43:56',0,0,2),
(216,'Login','Logout','User logged out','','','2025-11-11 05:14:13',0,0,1),
(217,'Login','Logout','User logged out','','','2025-11-11 05:14:29',0,0,2),
(218,'Login','Logout','User logged out','','','2025-11-11 05:15:21',0,0,1),
(219,'Login','Logout','User logged out','','','2025-11-11 05:15:39',0,0,2),
(220,'Login','Logout','User logged out','','','2025-11-11 05:43:01',0,0,2),
(221,'Login','Logout','User logged out','','','2025-11-11 05:43:52',0,0,2),
(222,'Login','Logout','User logged out','','','2025-11-11 05:53:32',0,0,1),
(223,'Login','Logout','User logged out','','','2025-11-11 06:53:10',0,0,2),
(224,'Prescription','Create','Created prescription with 1 medication(s)','127.0.0.1','Mozilla/5.0 (X11; Linux x86_64; rv:140.0) Gecko/20100101 Firefox/140.0','2025-11-11 07:29:42',0,1,23),
(225,'Prescription','Update','Updated prescription with 2 medication(s)','127.0.0.1','Mozilla/5.0 (X11; Linux x86_64; rv:140.0) Gecko/20100101 Firefox/140.0','2025-11-11 07:32:37',0,1,21),
(226,'Login','Logout','User logged out','','','2025-11-11 07:33:34',0,0,1),
(227,'Login','Logout','User logged out','','','2025-11-11 17:43:23',0,0,2),
(228,'Login','Logout','User logged out','','','2025-11-12 11:09:19',0,0,1),
(229,'Prescription','Create','Created prescription with 1 medication(s)','127.0.0.1','Mozilla/5.0 (X11; Linux x86_64; rv:140.0) Gecko/20100101 Firefox/140.0','2025-11-12 12:13:33',0,1,24),
(230,'Prescription','Create','Created prescription with 1 medication(s)','127.0.0.1','Mozilla/5.0 (X11; Linux x86_64; rv:140.0) Gecko/20100101 Firefox/140.0','2025-11-13 16:30:04',0,1,25),
(231,'Prescription','Create','Created prescription with 1 medication(s)','127.0.0.1','Mozilla/5.0 (X11; Linux x86_64; rv:140.0) Gecko/20100101 Firefox/140.0','2025-11-13 16:59:27',0,1,26),
(232,'Prescription','Create','Created prescription with 1 medication(s)','127.0.0.1','Mozilla/5.0 (X11; Linux x86_64; rv:140.0) Gecko/20100101 Firefox/140.0','2025-11-13 17:12:59',0,1,27),
(233,'Nursing Handover','Create','Created shift handover with status: draft','127.0.0.1','Mozilla/5.0 (X11; Linux x86_64; rv:140.0) Gecko/20100101 Firefox/140.0','2025-11-13 19:19:50',0,1,1),
(234,'Nursing Handover','Create','Created shift handover with status: draft','127.0.0.1','Mozilla/5.0 (X11; Linux x86_64; rv:140.0) Gecko/20100101 Firefox/140.0','2025-11-13 19:19:59',0,1,2),
(235,'Nursing Handover','Create','Created shift handover with status: completed','127.0.0.1','Mozilla/5.0 (X11; Linux x86_64; rv:140.0) Gecko/20100101 Firefox/140.0','2025-11-13 19:20:06',0,1,3),
(236,'Login','Logout','User logged out','','','2025-11-13 21:11:35',0,0,1),
(237,'Login','Logout','User logged out','','','2025-11-13 21:15:07',0,0,2),
(238,'Nurse Assignment','Create','Assigned patient to nurse for night shift','127.0.0.1','Mozilla/5.0 (X11; Linux x86_64; rv:140.0) Gecko/20100101 Firefox/140.0','2025-11-13 22:13:11',0,1,7),
(239,'Login','Logout','User logged out','','','2025-11-13 22:20:44',0,0,1),
(240,'Login','Logout','User logged out','','','2025-11-13 22:21:02',0,0,2),
(241,'Login','Logout','User logged out','','','2025-11-13 22:23:18',0,0,1),
(242,'Login','Logout','User logged out','','','2025-11-13 22:23:27',0,0,1),
(243,'Prescription','Create','Created prescription with 1 medication(s)','127.0.0.1','Mozilla/5.0 (X11; Linux x86_64; rv:140.0) Gecko/20100101 Firefox/140.0','2025-11-14 11:37:11',0,1,28),
(244,'Login','Logout','User logged out','','','2025-11-15 08:29:23',0,0,1),
(245,'Login','Logout','User logged out','','','2025-11-15 08:29:33',0,0,1),
(246,'Login','Logout','User logged out','','','2025-11-15 08:33:56',0,0,1),
(247,'System','Backup Download','Humphrey Lidwaji downloaded full backup.','127.0.0.1','Mozilla/5.0 (X11; Linux x86_64; rv:140.0) Gecko/20100101 Firefox/140.0','2025-11-15 08:37:49',0,1,0),
(248,'Settings','Edit','Humphrey Lidwaji edited theme settings ','127.0.0.1','Mozilla/5.0 (X11; Linux x86_64; rv:140.0) Gecko/20100101 Firefox/140.0','2025-11-15 08:40:43',0,1,0),
(249,'Settings','Edit','Humphrey Lidwaji edited theme settings ','127.0.0.1','Mozilla/5.0 (X11; Linux x86_64; rv:140.0) Gecko/20100101 Firefox/140.0','2025-11-15 08:40:53',0,1,0),
(250,'Settings','Edit','Humphrey Lidwaji edited security settings','127.0.0.1','Mozilla/5.0 (X11; Linux x86_64; rv:140.0) Gecko/20100101 Firefox/140.0','2025-11-15 08:41:35',0,1,0),
(251,'Login','Logout','User logged out','','','2025-11-16 00:24:07',0,0,1),
(252,'Login','Logout','User logged out','','','2025-11-16 00:24:28',0,0,2),
(253,'Login','Logout','User logged out','','','2025-11-16 06:49:45',0,0,1),
(254,'Login','Logout','User logged out','','','2025-11-16 06:50:41',0,0,1),
(255,'Login','Logout','User logged out','','','2025-11-16 09:59:21',0,0,1),
(256,'Login','Logout','User logged out','','','2025-11-16 10:00:13',0,0,2),
(257,'Login','Logout','User logged out','','','2025-11-16 12:31:14',0,0,1),
(258,'Login','Logout','User logged out','','','2025-11-16 12:32:26',0,0,2),
(259,'Login','Logout','User logged out','','','2025-11-16 13:17:29',0,0,1),
(260,'Login','Logout','User logged out','','','2025-11-16 13:17:57',0,0,3),
(261,'Login','Logout','User logged out','','','2025-11-16 13:20:22',0,0,1),
(262,'Login','Logout','User logged out','','','2025-11-16 14:14:06',0,0,3),
(263,'Nursing Handover','Update','Updated shift handover with status: completed','127.0.0.1','Mozilla/5.0 (X11; Linux x86_64; rv:140.0) Gecko/20100101 Firefox/140.0','2025-11-16 14:19:37',0,3,5),
(264,'Nursing Handover','Update','Updated shift handover with status: draft','127.0.0.1','Mozilla/5.0 (X11; Linux x86_64; rv:140.0) Gecko/20100101 Firefox/140.0','2025-11-16 14:20:56',0,3,6),
(265,'Nursing Handover','Update','Updated shift handover with status: completed','127.0.0.1','Mozilla/5.0 (X11; Linux x86_64; rv:140.0) Gecko/20100101 Firefox/140.0','2025-11-16 14:20:57',0,3,7),
(266,'Nursing Handover','Update','Updated shift handover with status: completed','127.0.0.1','Mozilla/5.0 (X11; Linux x86_64; rv:140.0) Gecko/20100101 Firefox/140.0','2025-11-16 14:20:58',0,3,8),
(267,'Nursing Handover','Update','Updated shift handover with status: completed','127.0.0.1','Mozilla/5.0 (X11; Linux x86_64; rv:140.0) Gecko/20100101 Firefox/140.0','2025-11-16 14:20:59',0,3,9),
(268,'Nursing Handover','Update','Updated shift handover with status: completed','127.0.0.1','Mozilla/5.0 (X11; Linux x86_64; rv:140.0) Gecko/20100101 Firefox/140.0','2025-11-16 14:20:59',0,3,10),
(269,'Nursing Handover','Update','Updated shift handover with status: completed','127.0.0.1','Mozilla/5.0 (X11; Linux x86_64; rv:140.0) Gecko/20100101 Firefox/140.0','2025-11-16 14:20:59',0,3,11),
(270,'Nursing Handover','Update','Updated shift handover with status: completed','127.0.0.1','Mozilla/5.0 (X11; Linux x86_64; rv:140.0) Gecko/20100101 Firefox/140.0','2025-11-16 14:21:00',0,3,12),
(271,'Nursing Handover','Update','Updated shift handover with status: completed','127.0.0.1','Mozilla/5.0 (X11; Linux x86_64; rv:140.0) Gecko/20100101 Firefox/140.0','2025-11-16 14:21:00',0,3,13),
(272,'Nursing Handover','Update','Updated shift handover with status: completed','127.0.0.1','Mozilla/5.0 (X11; Linux x86_64; rv:140.0) Gecko/20100101 Firefox/140.0','2025-11-16 14:21:01',0,3,14),
(273,'Nursing Handover','Update','Updated shift handover with status: completed','127.0.0.1','Mozilla/5.0 (X11; Linux x86_64; rv:140.0) Gecko/20100101 Firefox/140.0','2025-11-16 14:21:01',0,3,15),
(274,'Nursing Handover','Update','Updated shift handover with status: completed','127.0.0.1','Mozilla/5.0 (X11; Linux x86_64; rv:140.0) Gecko/20100101 Firefox/140.0','2025-11-16 14:21:12',0,3,16),
(275,'Nursing Handover','Update','Updated shift handover with status: completed','127.0.0.1','Mozilla/5.0 (X11; Linux x86_64; rv:140.0) Gecko/20100101 Firefox/140.0','2025-11-16 14:21:19',0,3,17),
(276,'Nursing Handover','Update','Updated shift handover with status: completed','127.0.0.1','Mozilla/5.0 (X11; Linux x86_64; rv:140.0) Gecko/20100101 Firefox/140.0','2025-11-16 14:21:19',0,3,18),
(277,'Nursing Handover','Update','Updated shift handover with status: completed','127.0.0.1','Mozilla/5.0 (X11; Linux x86_64; rv:140.0) Gecko/20100101 Firefox/140.0','2025-11-16 14:21:20',0,3,19),
(278,'Nursing Handover','Update','Updated shift handover with status: completed','127.0.0.1','Mozilla/5.0 (X11; Linux x86_64; rv:140.0) Gecko/20100101 Firefox/140.0','2025-11-16 14:21:20',0,3,20),
(279,'Nursing Handover','Update','Updated shift handover with status: completed','127.0.0.1','Mozilla/5.0 (X11; Linux x86_64; rv:140.0) Gecko/20100101 Firefox/140.0','2025-11-16 14:21:28',0,3,21),
(280,'Login','Logout','User logged out','','','2025-11-16 14:22:14',0,0,3),
(281,'Login','Logout','User logged out','','','2025-11-16 14:26:04',0,0,1),
(282,'Login','Logout','User logged out','','','2025-11-16 21:32:05',0,0,3),
(283,'Login','Logout','User logged out','','','2025-11-16 21:33:39',0,0,1),
(284,'Login','Logout','User logged out','','','2025-11-16 21:33:55',0,0,1),
(285,'Login','Logout','User logged out','','','2025-11-16 21:35:57',0,0,3),
(286,'Prescription','Update','Updated prescription with 1 medication(s)','127.0.0.1','Mozilla/5.0 (X11; Linux x86_64; rv:140.0) Gecko/20100101 Firefox/140.0','2025-11-17 16:14:34',0,1,27),
(287,'System','Backup Download','Humphrey Lidwaji downloaded full backup.','127.0.0.1','Mozilla/5.0 (X11; Linux x86_64; rv:140.0) Gecko/20100101 Firefox/140.0','2025-11-17 22:08:18',0,1,0),
(288,'Prescription','Create','Created prescription with 1 medication(s)','127.0.0.1','Mozilla/5.0 (X11; Linux x86_64; rv:140.0) Gecko/20100101 Firefox/140.0','2025-11-18 07:48:19',0,2,29),
(289,'Login','Logout','User logged out','','','2025-11-18 07:48:38',0,0,2),
(290,'Prescription','Update','Updated prescription with 1 medication(s)','127.0.0.1','Mozilla/5.0 (X11; Linux x86_64; rv:140.0) Gecko/20100101 Firefox/140.0','2025-11-19 19:34:31',0,1,25),
(291,'Settings','Edit','Humphrey Lidwaji edited module settings','127.0.0.1','Mozilla/5.0 (X11; Linux x86_64; rv:140.0) Gecko/20100101 Firefox/140.0','2025-11-19 21:14:46',0,1,0),
(292,'Settings','Edit','Humphrey Lidwaji edited company details','127.0.0.1','Mozilla/5.0 (X11; Linux x86_64; rv:140.0) Gecko/20100101 Firefox/140.0','2025-11-22 17:17:54',0,1,0),
(293,'Settings','Edit','Humphrey Lidwaji deleted company logo','127.0.0.1','Mozilla/5.0 (X11; Linux x86_64; rv:140.0) Gecko/20100101 Firefox/140.0','2025-11-22 17:18:21',0,1,0),
(294,'Settings','Edit','Humphrey Lidwaji edited company details','127.0.0.1','Mozilla/5.0 (X11; Linux x86_64; rv:140.0) Gecko/20100101 Firefox/140.0','2025-11-22 17:18:41',0,1,0),
(295,'Login','Logout','User logged out','','','2025-11-23 06:43:33',0,0,1),
(296,'Login','Logout','User logged out','','','2025-11-23 07:24:24',0,0,1),
(297,'Login','Logout','User logged out','','','2025-11-23 07:25:10',0,0,1),
(298,'Login','Logout','User logged out','','','2025-11-23 07:26:57',0,0,1),
(299,'Login','Logout','User logged out','','','2025-11-23 07:28:13',0,0,1),
(300,'Login','Logout','User logged out','','','2025-11-23 07:29:20',0,0,1),
(301,'Login','Logout','User logged out','','','2025-11-23 11:48:26',0,0,1),
(302,'Prescription','Create','Created prescription with 1 medication(s)','127.0.0.1','Mozilla/5.0 (X11; Linux x86_64; rv:140.0) Gecko/20100101 Firefox/140.0','2025-11-23 22:02:28',0,1,34),
(303,'Prescription','Create','Created prescription with 1 medication(s)','127.0.0.1','Mozilla/5.0 (X11; Linux x86_64; rv:140.0) Gecko/20100101 Firefox/140.0','2025-11-23 22:11:00',0,1,35),
(304,'Prescription','Update','Updated prescription with 1 medication(s)','127.0.0.1','Mozilla/5.0 (X11; Linux x86_64; rv:140.0) Gecko/20100101 Firefox/140.0','2025-11-23 22:12:01',0,1,34),
(305,'Login','Logout','User logged out','','','2025-11-24 09:23:51',0,0,1),
(306,'Login','Logout','User logged out','','','2025-11-24 22:17:36',0,0,1),
(307,'Login','Logout','User logged out','','','2025-11-25 23:12:34',0,0,2),
(308,'Login','Logout','User logged out','','','2025-11-25 23:13:45',0,0,3),
(309,'Backup','Download','Humphrey Lidwaji downloaded system backup','127.0.0.1','Mozilla/5.0 (X11; Linux x86_64; rv:140.0) Gecko/20100101 Firefox/140.0','2025-11-27 11:01:53',0,1,0),
(310,'Backup','Download','Humphrey Lidwaji downloaded system backup','127.0.0.1','Mozilla/5.0 (X11; Linux x86_64; rv:140.0) Gecko/20100101 Firefox/140.0','2025-11-27 11:02:07',0,1,0),
(311,'Backup','Download','Humphrey Lidwaji downloaded system backup','127.0.0.1','Mozilla/5.0 (X11; Linux x86_64; rv:140.0) Gecko/20100101 Firefox/140.0','2025-11-27 11:05:29',0,1,0),
(312,'Settings','Edit','Humphrey Lidwaji updated company and facility details','127.0.0.1','Mozilla/5.0 (X11; Linux x86_64; rv:140.0) Gecko/20100101 Firefox/140.0','2025-11-27 12:48:18',0,1,0),
(313,'Login','Logout','User logged out','','','2025-11-27 16:03:47',0,0,1),
(314,'Settings','Edit','Humphrey Lidwaji updated company and facility details','127.0.0.1','Mozilla/5.0 (X11; Linux x86_64; rv:140.0) Gecko/20100101 Firefox/140.0','2025-11-27 18:33:01',0,1,0),
(315,'Settings','Edit','Humphrey Lidwaji updated company and facility details','127.0.0.1','Mozilla/5.0 (X11; Linux x86_64; rv:140.0) Gecko/20100101 Firefox/140.0','2025-11-27 18:33:38',0,1,0),
(316,'Settings','Edit','Humphrey Lidwaji updated company and facility details','127.0.0.1','Mozilla/5.0 (X11; Linux x86_64; rv:140.0) Gecko/20100101 Firefox/140.0','2025-11-27 18:47:16',0,1,0),
(317,'Payment','Create','Processed payment of KSH 492.00 for invoice #1763025032','127.0.0.1','Mozilla/5.0 (X11; Linux x86_64; rv:140.0) Gecko/20100101 Firefox/140.0','2025-11-27 19:48:18',0,1,0),
(318,'Payment','Create','Processed payment of KSH 1,500.00 for invoice #2','127.0.0.1','Mozilla/5.0 (X11; Linux x86_64; rv:140.0) Gecko/20100101 Firefox/140.0','2025-11-27 20:07:23',0,1,0),
(319,'Payment','Create','Processed payment of KSH 95.00 for invoice #2','127.0.0.1','Mozilla/5.0 (X11; Linux x86_64; rv:140.0) Gecko/20100101 Firefox/140.0','2025-11-27 21:20:09',0,1,0),
(320,'Payment','Create','Processed payment of KSH 340.00 for invoice #1763872773','127.0.0.1','Mozilla/5.0 (X11; Linux x86_64; rv:140.0) Gecko/20100101 Firefox/140.0','2025-11-27 21:48:52',0,1,0),
(321,'Payment','Create','Processed payment of KSH 45.30 for invoice #1763025033','127.0.0.1','Mozilla/5.0 (X11; Linux x86_64; rv:140.0) Gecko/20100101 Firefox/140.0','2025-11-27 21:50:38',0,1,0),
(322,'Prescription','Create','Created prescription with 1 medication(s)','127.0.0.1','Mozilla/5.0 (X11; Linux x86_64; rv:140.0) Gecko/20100101 Firefox/140.0','2025-11-28 16:43:20',0,1,36),
(323,'Prescription','Create','Created prescription with 1 medication(s)','127.0.0.1','Mozilla/5.0 (X11; Linux x86_64; rv:140.0) Gecko/20100101 Firefox/140.0','2025-11-28 16:55:01',0,1,37),
(324,'Prescription','Create','Created prescription with 1 medication(s)','127.0.0.1','Mozilla/5.0 (X11; Linux x86_64; rv:140.0) Gecko/20100101 Firefox/140.0','2025-11-28 19:17:20',0,1,38),
(325,'Prescription','Create','Created prescription with 1 medication(s)','127.0.0.1','Mozilla/5.0 (X11; Linux x86_64; rv:140.0) Gecko/20100101 Firefox/140.0','2025-11-28 19:30:59',0,1,39),
(326,'Prescription','Update','Updated prescription with 1 additional medication(s)','127.0.0.1','Mozilla/5.0 (X11; Linux x86_64; rv:140.0) Gecko/20100101 Firefox/140.0','2025-11-28 20:02:29',0,1,39),
(327,'Login','Logout','User logged out','','','2025-11-28 23:30:07',0,0,1),
(328,'Login','Logout','User logged out','','','2025-11-28 23:30:17',0,0,1),
(329,'Login','Logout','User logged out','','','2025-11-28 23:31:39',0,0,1),
(330,'Login','Logout','User logged out','','','2025-11-28 23:32:20',0,0,2),
(331,'Login','Logout','User logged out','','','2025-11-28 23:32:39',0,0,3),
(332,'Login','Logout','User logged out','','','2025-11-28 23:34:32',0,0,1),
(333,'Login','Logout','User logged out','','','2025-11-28 23:35:48',0,0,1),
(334,'Login','Logout','User logged out','','','2025-11-28 23:37:21',0,0,1),
(335,'Login','Logout','User logged out','','','2025-11-28 23:42:20',0,0,1),
(336,'Login','Logout','User logged out','','','2025-11-28 23:45:23',0,0,1),
(337,'Login','Logout','User logged out','','','2025-11-28 23:53:41',0,0,1),
(338,'Login','Logout','User logged out','','','2025-11-28 23:54:22',0,0,1),
(339,'Login','Logout','User logged out','','','2025-11-28 23:54:46',0,0,1),
(340,'Login','Logout','User logged out','','','2025-11-29 00:00:46',0,0,1),
(341,'Login','Logout','User logged out','','','2025-11-29 09:03:24',0,0,1),
(342,'Login','Logout','User logged out','','','2025-11-29 09:03:48',0,0,1),
(343,'Login','Logout','User logged out','','','2025-11-29 09:05:39',0,0,2),
(344,'Login','Logout','User logged out','','','2025-11-29 09:05:57',0,0,3),
(345,'Login','Logout','User logged out','','','2025-11-29 09:47:41',0,0,1),
(346,'Login','Logout','User logged out','','','2025-11-29 09:48:14',0,0,8),
(347,'Login','Logout','User logged out','','','2025-11-29 09:49:20',0,0,1),
(348,'Login','Logout','User logged out','','','2025-11-29 09:49:31',0,0,1),
(349,'Login','Logout','User logged out','','','2025-11-29 09:50:59',0,0,8),
(350,'Login','Logout','User logged out','','','2025-11-29 09:55:27',0,0,8),
(351,'Login','Logout','User logged out','','','2025-11-29 09:59:30',0,0,8),
(352,'Login','Logout','User logged out','','','2025-11-29 10:02:48',0,0,1),
(353,'Login','Logout','User logged out','','','2025-11-29 10:03:13',0,0,8),
(354,'Login','Logout','User logged out','','','2025-11-29 10:08:08',0,0,1),
(355,'Login','Logout','User logged out','','','2025-11-29 10:08:22',0,0,1),
(356,'Login','Logout','User logged out','','','2025-11-29 10:09:24',0,0,8),
(357,'Login','Logout','User logged out','','','2025-11-29 10:13:01',0,0,1),
(358,'Login','Logout','User logged out','','','2025-11-29 10:13:33',0,0,8),
(359,'Login','Logout','User logged out','','','2025-11-29 10:16:05',0,0,1),
(360,'Login','Logout','User logged out','','','2025-11-29 10:16:15',0,0,1),
(361,'Login','Logout','User logged out','','','2025-11-29 10:19:49',0,0,8),
(362,'Login','Logout','User logged out','','','2025-11-29 10:21:28',0,0,1),
(363,'Login','Logout','User logged out','','','2025-11-29 10:23:29',0,0,8),
(364,'Login','Logout','User logged out','','','2025-11-29 10:24:01',0,0,8),
(365,'Login','Logout','User logged out','','','2025-11-29 10:59:55',0,0,1),
(366,'Login','Logout','User logged out','','','2025-11-29 11:04:35',0,0,8),
(367,'Login','Logout','User logged out','','','2025-11-29 11:11:17',0,0,1),
(368,'Login','Logout','User logged out','','','2025-11-29 11:15:15',0,0,8),
(369,'Login','Logout','User logged out','','','2025-11-29 14:17:26',0,0,1),
(370,'Login','Logout','User logged out','','','2025-11-29 14:17:53',0,0,8),
(371,'Login','Logout','User logged out','','','2025-11-29 14:18:40',0,0,2),
(372,'Login','Logout','User logged out','','','2025-11-29 14:19:06',0,0,1),
(373,'Login','Logout','User logged out','','','2025-11-29 14:30:38',0,0,1),
(374,'Login','Logout','User logged out','','','2025-11-29 14:57:36',0,0,2),
(375,'Login','Logout','User logged out','','','2025-11-29 15:00:28',0,0,1),
(376,'Login','Logout','User logged out','','','2025-11-29 15:05:13',0,0,2),
(377,'Login','Logout','User logged out','','','2025-11-29 18:34:00',0,0,2),
(378,'Login','Logout','User logged out','','','2025-11-29 19:15:36',0,0,1),
(379,'Requisition','Approve','Approved requisition #4','127.0.0.1','Mozilla/5.0 (X11; Linux x86_64; rv:140.0) Gecko/20100101 Firefox/140.0','2025-11-29 20:17:52',0,1,4),
(380,'Requisition','Fulfill','Fulfilled requisition #4 (Status: fulfilled)','127.0.0.1','Mozilla/5.0 (X11; Linux x86_64; rv:140.0) Gecko/20100101 Firefox/140.0','2025-11-29 20:18:56',0,1,4),
(381,'Requisition','Approve','Approved requisition #5','127.0.0.1','Mozilla/5.0 (X11; Linux x86_64; rv:140.0) Gecko/20100101 Firefox/140.0','2025-11-29 21:16:02',0,1,5),
(382,'Requisition','Fulfill','Fulfilled requisition #5 (Status: fulfilled)','127.0.0.1','Mozilla/5.0 (X11; Linux x86_64; rv:140.0) Gecko/20100101 Firefox/140.0','2025-11-29 21:16:21',0,1,5),
(383,'Requisition','Approve','Approved requisition #6','127.0.0.1','Mozilla/5.0 (X11; Linux x86_64; rv:140.0) Gecko/20100101 Firefox/140.0','2025-11-29 21:33:04',0,1,6),
(384,'Requisition','Fulfill','Fulfilled requisition #6 (Status: approved, Issued: 0 items)','127.0.0.1','Mozilla/5.0 (X11; Linux x86_64; rv:140.0) Gecko/20100101 Firefox/140.0','2025-11-29 21:33:18',0,1,6),
(385,'Requisition','Fulfill','Fulfilled requisition #6 (Status: approved, Issued: 0 items)','127.0.0.1','Mozilla/5.0 (X11; Linux x86_64; rv:140.0) Gecko/20100101 Firefox/140.0','2025-11-29 21:33:32',0,1,6),
(386,'Requisition','Fulfill','Fulfilled requisition #6 (Status: approved, Issued: 0 items)','127.0.0.1','Mozilla/5.0 (X11; Linux x86_64; rv:140.0) Gecko/20100101 Firefox/140.0','2025-11-29 21:33:48',0,1,6),
(387,'Requisition','Fulfill','Fulfilled requisition #6 (Status: approved, Issued: 0 items)','127.0.0.1','Mozilla/5.0 (X11; Linux x86_64; rv:140.0) Gecko/20100101 Firefox/140.0','2025-11-29 21:40:37',0,1,6),
(388,'Requisition','Approve','Approved requisition #7','127.0.0.1','Mozilla/5.0 (X11; Linux x86_64; rv:140.0) Gecko/20100101 Firefox/140.0','2025-11-29 21:41:30',0,1,7),
(389,'Requisition','Fulfill','Fulfilled requisition #7 (Status: approved, Issued: 0 items)','127.0.0.1','Mozilla/5.0 (X11; Linux x86_64; rv:140.0) Gecko/20100101 Firefox/140.0','2025-11-29 21:41:36',0,1,7),
(390,'Requisition','Fulfill','Fulfilled requisition #7 (Status: approved, Issued: 0 items)','127.0.0.1','Mozilla/5.0 (X11; Linux x86_64; rv:140.0) Gecko/20100101 Firefox/140.0','2025-11-29 21:41:56',0,1,7),
(391,'Requisition','Fulfill','Fulfilled requisition #7 (Status: approved, Issued: 0 items)','127.0.0.1','Mozilla/5.0 (X11; Linux x86_64; rv:140.0) Gecko/20100101 Firefox/140.0','2025-11-29 21:51:46',0,1,7),
(392,'Requisition','Fulfill','Fulfilled requisition #7 (Status: approved, Issued: 0 items)','127.0.0.1','Mozilla/5.0 (X11; Linux x86_64; rv:140.0) Gecko/20100101 Firefox/140.0','2025-11-29 21:53:21',0,1,7),
(393,'Requisition','Approve','Approved requisition #8','127.0.0.1','Mozilla/5.0 (X11; Linux x86_64; rv:140.0) Gecko/20100101 Firefox/140.0','2025-11-29 22:29:06',0,1,8),
(394,'Requisition','Fulfill','Fulfilled requisition #8 (Status: fulfilled, Issued: 200 items)','127.0.0.1','Mozilla/5.0 (X11; Linux x86_64; rv:140.0) Gecko/20100101 Firefox/140.0','2025-11-29 22:32:04',0,1,8),
(395,'Requisition','Fulfill','Fulfilled requisition #7 (Status: approved, Issued: 0 items)','127.0.0.1','Mozilla/5.0 (X11; Linux x86_64; rv:140.0) Gecko/20100101 Firefox/140.0','2025-11-29 22:51:24',0,1,7),
(396,'Requisition','Approve','Approved requisition #9','127.0.0.1','Mozilla/5.0 (X11; Linux x86_64; rv:140.0) Gecko/20100101 Firefox/140.0','2025-11-29 23:01:54',0,1,9),
(397,'Requisition','Fulfill','Fulfilled requisition #9 (Status: fulfilled, Issued: 250 items)','127.0.0.1','Mozilla/5.0 (X11; Linux x86_64; rv:140.0) Gecko/20100101 Firefox/140.0','2025-11-29 23:02:07',0,1,9),
(398,'Requisition','Fulfill','Fulfilled requisition #6 (Status: approved, Transferred: 0 items)','127.0.0.1','Mozilla/5.0 (X11; Linux x86_64; rv:140.0) Gecko/20100101 Firefox/140.0','2025-11-29 23:23:19',0,1,6),
(399,'Requisition','Approve','Approved requisition #10','127.0.0.1','Mozilla/5.0 (X11; Linux x86_64; rv:140.0) Gecko/20100101 Firefox/140.0','2025-11-29 23:24:03',0,1,10),
(400,'Requisition','Fulfill','Fulfilled requisition #10 (Status: fulfilled, Transferred: 300 items)','127.0.0.1','Mozilla/5.0 (X11; Linux x86_64; rv:140.0) Gecko/20100101 Firefox/140.0','2025-11-29 23:24:08',0,1,10),
(401,'Requisition','Fulfill','Fulfilled requisition #6 (Status: approved, Transferred: 0 items)','127.0.0.1','Mozilla/5.0 (X11; Linux x86_64; rv:140.0) Gecko/20100101 Firefox/140.0','2025-11-30 09:29:42',0,1,6),
(402,'Inventory','Update','Updated inventory item: Face Masks N95 (Code: PPE-001)','127.0.0.1','Mozilla/5.0 (X11; Linux x86_64; rv:140.0) Gecko/20100101 Firefox/140.0','2025-11-30 12:00:08',0,1,4),
(403,'Inventory','Adjust','Stock adjustment: 50 units removed from Ibuprofen 400mg at General Storage - Damaged goods','127.0.0.1','Mozilla/5.0 (X11; Linux x86_64; rv:140.0) Gecko/20100101 Firefox/140.0','2025-11-30 12:39:15',0,1,2),
(404,'Inventory','Transfer','Transferred 300 units of Ibuprofen 400mg from Location ID 3 to Location ID 8','127.0.0.1','Mozilla/5.0 (X11; Linux x86_64; rv:140.0) Gecko/20100101 Firefox/140.0','2025-11-30 13:59:13',0,1,2),
(405,'Inventory','Transfer','Transferred 250 units of Ibuprofen 400mg from Location ID 7 to Location ID 8','127.0.0.1','Mozilla/5.0 (X11; Linux x86_64; rv:140.0) Gecko/20100101 Firefox/140.0','2025-11-30 14:00:06',0,1,2),
(406,'Requisition','Fulfill','Fulfilled requisition #7 (Status: approved, Transferred: 0 items)','127.0.0.1','Mozilla/5.0 (X11; Linux x86_64; rv:140.0) Gecko/20100101 Firefox/140.0','2025-12-03 07:19:08',0,1,7),
(407,'Inventory','Create','Created new inventory item: MARA MOJA (Code: MR)','127.0.0.1','Mozilla/5.0 (X11; Linux x86_64; rv:140.0) Gecko/20100101 Firefox/140.0','2025-12-03 07:55:43',0,1,8),
(408,'Requisition','Approve','Approved requisition #11','127.0.0.1','Mozilla/5.0 (X11; Linux x86_64; rv:140.0) Gecko/20100101 Firefox/140.0','2025-12-03 07:58:26',0,1,11),
(409,'Requisition','Fulfill','Fulfilled requisition #11 (Status: fulfilled, Transferred: 30 items)','127.0.0.1','Mozilla/5.0 (X11; Linux x86_64; rv:140.0) Gecko/20100101 Firefox/140.0','2025-12-03 07:58:42',0,1,11),
(410,'Inventory','Transfer','Transferred 30 units of MARA MOJA from Location ID 8 to Location ID 7','127.0.0.1','Mozilla/5.0 (X11; Linux x86_64; rv:140.0) Gecko/20100101 Firefox/140.0','2025-12-03 08:15:32',0,1,8),
(411,'Inventory','Adjust','Stock adjustment: 50 units added to MARA MOJA at General Storage - Counting error','127.0.0.1','Mozilla/5.0 (X11; Linux x86_64; rv:140.0) Gecko/20100101 Firefox/140.0','2025-12-03 10:50:18',0,1,8),
(412,'Inventory','Adjust','Stock adjustment: 50 units removed from MARA MOJA at General Storage - Damaged goods','127.0.0.1','Mozilla/5.0 (X11; Linux x86_64; rv:140.0) Gecko/20100101 Firefox/140.0','2025-12-03 10:53:26',0,1,8),
(413,'Inventory','Reversal','Reversed transaction #43 for item MARA MOJA (Qty: 50)','127.0.0.1','Mozilla/5.0 (X11; Linux x86_64; rv:140.0) Gecko/20100101 Firefox/140.0','2025-12-03 11:07:38',0,1,47),
(414,'Nursing Handover','Create','Created shift handover with status: completed','127.0.0.1','Mozilla/5.0 (X11; Linux x86_64; rv:140.0) Gecko/20100101 Firefox/140.0','2025-12-04 10:02:25',0,1,29),
(415,'Nursing Handover','Create','Created shift handover with status: draft','127.0.0.1','Mozilla/5.0 (X11; Linux x86_64; rv:140.0) Gecko/20100101 Firefox/140.0','2025-12-04 10:10:35',0,1,30),
(416,'Login','Logout','User logged out','','','2025-12-04 10:15:16',0,0,1),
(417,'Login','Logout','User logged out','','','2025-12-04 10:15:45',0,0,3),
(418,'Login','Logout','User logged out','','','2025-12-04 10:21:24',0,0,1),
(419,'Nursing Handover','Create','Created shift handover with status: completed','127.0.0.1','Mozilla/5.0 (X11; Linux x86_64; rv:140.0) Gecko/20100101 Firefox/140.0','2025-12-04 10:22:19',0,3,31),
(420,'Login','Logout','User logged out','','','2025-12-04 10:22:34',0,0,3),
(421,'Nursing Handover','Acknowledge','Acknowledged receipt of shift handover','127.0.0.1','Mozilla/5.0 (X11; Linux x86_64; rv:140.0) Gecko/20100101 Firefox/140.0','2025-12-04 14:35:56',0,1,31),
(422,'Nurse Assignment','Create','Assigned patient to nurse for night shift','127.0.0.1','Mozilla/5.0 (X11; Linux x86_64; rv:140.0) Gecko/20100101 Firefox/140.0','2025-12-04 14:41:16',0,1,8),
(423,'Nurse Assignment','Create','Assigned patient to nurse for morning shift','127.0.0.1','Mozilla/5.0 (X11; Linux x86_64; rv:140.0) Gecko/20100101 Firefox/140.0','2025-12-04 14:44:12',0,1,9),
(424,'Nursing Handover','Update','Updated shift handover with status: completed','127.0.0.1','Mozilla/5.0 (X11; Linux x86_64; rv:140.0) Gecko/20100101 Firefox/140.0','2025-12-04 14:49:16',0,1,30),
(425,'Nurse Assignment','Create','Assigned patient to nurse for night shift','127.0.0.1','Mozilla/5.0 (X11; Linux x86_64; rv:140.0) Gecko/20100101 Firefox/140.0','2025-12-04 21:38:05',0,1,10),
(426,'Backup','Download','Humphrey Lidwaji downloaded system backup','127.0.0.1','Mozilla/5.0 (X11; Linux x86_64; rv:140.0) Gecko/20100101 Firefox/140.0','2025-12-04 21:44:20',0,1,0),
(427,'Backup','Download','Humphrey Lidwaji downloaded system backup','127.0.0.1','Mozilla/5.0 (X11; Linux x86_64; rv:140.0) Gecko/20100101 Firefox/140.0','2025-12-04 21:44:47',0,1,0),
(428,'Login','Logout','User logged out','','','2025-12-05 14:03:14',0,0,1),
(429,'Login','Logout','User logged out','','','2025-12-05 14:03:37',0,0,3),
(430,'Inventory','Update','Updated inventory item: Paracetamol 500mg (Code: MED-001)','127.0.0.1','Mozilla/5.0 (X11; Linux x86_64; rv:140.0) Gecko/20100101 Firefox/140.0','2025-12-05 15:22:50',0,1,1),
(431,'Inventory','Update','Updated inventory item: Surgical Gloves Medium (Code: SUP-001)','127.0.0.1','Mozilla/5.0 (X11; Linux x86_64; rv:140.0) Gecko/20100101 Firefox/140.0','2025-12-05 15:23:29',0,1,3),
(432,'Login','Logout','User logged out','','','2025-12-05 15:57:17',0,0,2),
(433,'Login','Logout','User logged out','','','2025-12-05 15:58:02',0,0,8),
(434,'Login','Logout','User logged out','','','2025-12-05 15:59:29',0,0,3),
(435,'Login','Logout','User logged out','','','2025-12-06 09:00:35',0,0,1),
(436,'Login','Logout','User logged out','','','2025-12-06 09:01:05',0,0,8),
(437,'Login','Logout','User logged out','','','2025-12-06 09:04:39',0,0,1),
(438,'Login','Logout','User logged out','','','2025-12-06 09:14:44',0,0,8),
(439,'Login','Logout','User logged out','','','2025-12-06 09:22:05',0,0,1),
(440,'Login','Logout','User logged out','','','2025-12-06 09:22:21',0,0,8),
(441,'Login','Logout','User logged out','','','2025-12-06 12:09:00',0,0,1),
(442,'Login','Logout','User logged out','','','2025-12-06 12:09:13',0,0,8),
(443,'Login','Logout','User logged out','','','2025-12-06 12:14:25',0,0,1),
(444,'Login','Logout','User logged out','','','2025-12-06 12:18:16',0,0,8),
(445,'Login','Logout','User logged out','','','2025-12-06 12:22:14',0,0,1),
(446,'Login','Logout','User logged out','','','2025-12-06 12:22:44',0,0,8),
(447,'Backup','Download','Humphrey Lidwaji downloaded system backup','127.0.0.1','Mozilla/5.0 (X11; Linux x86_64; rv:140.0) Gecko/20100101 Firefox/140.0','2025-12-06 12:28:14',0,1,0),
(448,'Login','Logout','User logged out','','','2025-12-09 09:31:46',0,0,1),
(449,'Inventory','Transfer','Transferred 50 units of MARA MOJA from Location ID 7 to Location ID 6','127.0.0.1','Mozilla/5.0 (X11; Linux x86_64; rv:140.0) Gecko/20100101 Firefox/140.0','2025-12-10 08:43:08',0,1,8),
(450,'Inventory','Transfer','Transferred 50 units of MARA MOJA from Location ID 6 to Location ID 7','127.0.0.1','Mozilla/5.0 (X11; Linux x86_64; rv:140.0) Gecko/20100101 Firefox/140.0','2025-12-10 08:50:57',0,1,8),
(451,'Inventory','Reversal','Reversed transaction #6 for item MARA MOJA (Qty: -50)','127.0.0.1','Mozilla/5.0 (X11; Linux x86_64; rv:140.0) Gecko/20100101 Firefox/140.0','2025-12-10 09:15:31',0,1,7),
(452,'Inventory','Reversal','Reversed transaction #5 for item MARA MOJA (Qty: -50)','127.0.0.1','Mozilla/5.0 (X11; Linux x86_64; rv:140.0) Gecko/20100101 Firefox/140.0','2025-12-10 09:17:30',0,1,8),
(453,'Inventory','Adjust','Adjusted stock for MARA MOJA at Operating Room 1: 50 units removed','127.0.0.1','Mozilla/5.0 (X11; Linux x86_64; rv:140.0) Gecko/20100101 Firefox/140.0','2025-12-10 10:10:47',0,1,8),
(454,'Inventory','Adjust','Adjusted stock for MARA MOJA at General Storage: 50 units added','127.0.0.1','Mozilla/5.0 (X11; Linux x86_64; rv:140.0) Gecko/20100101 Firefox/140.0','2025-12-10 10:11:09',0,1,8),
(455,'Inventory','Adjust','Adjusted stock for MARA MOJA at Operating Room 1: 100 units removed','127.0.0.1','Mozilla/5.0 (X11; Linux x86_64; rv:140.0) Gecko/20100101 Firefox/140.0','2025-12-10 13:03:17',0,1,8),
(456,'Inventory','Adjust','Adjusted stock for MARA MOJA at General Storage: 100 units added','127.0.0.1','Mozilla/5.0 (X11; Linux x86_64; rv:140.0) Gecko/20100101 Firefox/140.0','2025-12-10 13:03:44',0,1,8),
(457,'Inventory','Adjust','Adjusted stock for MARA MOJA at Operating Room 1: 100 units removed','127.0.0.1','Mozilla/5.0 (X11; Linux x86_64; rv:140.0) Gecko/20100101 Firefox/140.0','2025-12-10 13:54:11',0,1,8),
(458,'Inventory','Adjust','Adjusted stock for MARA MOJA at Laboratory A: 100 units removed','127.0.0.1','Mozilla/5.0 (X11; Linux x86_64; rv:140.0) Gecko/20100101 Firefox/140.0','2025-12-10 14:16:20',0,1,8),
(459,'Inventory','Adjust','Adjusted stock for MARA MOJA at Laboratory A: 100 units removed','127.0.0.1','Mozilla/5.0 (X11; Linux x86_64; rv:140.0) Gecko/20100101 Firefox/140.0','2025-12-10 14:28:51',0,1,8),
(460,'Inventory','Transaction','Recorded out transaction for item #8 (Qty: 100, Ref: ISSUE-20251210T115211)','127.0.0.1','Mozilla/5.0 (X11; Linux x86_64; rv:140.0) Gecko/20100101 Firefox/140.0','2025-12-10 14:53:50',0,1,59),
(461,'Inventory','Transaction','Recorded out transaction for item #8 (Qty: 100, Ref: ISSUE-20251210T121831)','127.0.0.1','Mozilla/5.0 (X11; Linux x86_64; rv:140.0) Gecko/20100101 Firefox/140.0','2025-12-10 15:18:53',0,1,61),
(462,'Inventory','Receive','Received item #8 (Qty: 100, Ref: RECV-20251210T123331)','127.0.0.1','Mozilla/5.0 (X11; Linux x86_64; rv:140.0) Gecko/20100101 Firefox/140.0','2025-12-10 15:33:55',0,1,62),
(463,'Inventory','Transaction','Recorded out transaction for item #8 (Qty: 100, Ref: ISSUE-20251210T140844)','127.0.0.1','Mozilla/5.0 (X11; Linux x86_64; rv:140.0) Gecko/20100101 Firefox/140.0','2025-12-10 17:09:15',0,1,65),
(464,'Inventory','Receive','Received item #8 (Qty: 1, Ref: RECV-20251210T140947)','127.0.0.1','Mozilla/5.0 (X11; Linux x86_64; rv:140.0) Gecko/20100101 Firefox/140.0','2025-12-10 17:29:43',0,1,66),
(465,'Inventory','Adjust','Adjusted stock for MARA MOJA at Laboratory A: 98 units added','127.0.0.1','Mozilla/5.0 (X11; Linux x86_64; rv:140.0) Gecko/20100101 Firefox/140.0','2025-12-10 17:30:18',0,1,8),
(466,'Inventory','Adjust','Adjusted stock for MARA MOJA at Laboratory A: 1 units added','127.0.0.1','Mozilla/5.0 (X11; Linux x86_64; rv:140.0) Gecko/20100101 Firefox/140.0','2025-12-10 17:30:36',0,1,8),
(467,'Inventory','Reversal','Reversed transaction #65 for item #8 (MARA MOJA)','127.0.0.1','Mozilla/5.0 (X11; Linux x86_64; rv:140.0) Gecko/20100101 Firefox/140.0','2025-12-10 17:34:21',0,1,69),
(468,'Inventory','Reversal','Reversed transaction #66 for item #8 (MARA MOJA)','127.0.0.1','Mozilla/5.0 (X11; Linux x86_64; rv:140.0) Gecko/20100101 Firefox/140.0','2025-12-10 18:42:39',0,1,70),
(469,'Inventory','Transaction','Recorded out transaction for item #8 (Qty: 100, Ref: ISSUE-20251210T154425)','127.0.0.1','Mozilla/5.0 (X11; Linux x86_64; rv:140.0) Gecko/20100101 Firefox/140.0','2025-12-10 18:44:49',0,1,71),
(470,'Inventory','Receive','Received item #8 (Qty: 100, Ref: RECV-20251210T154519)','127.0.0.1','Mozilla/5.0 (X11; Linux x86_64; rv:140.0) Gecko/20100101 Firefox/140.0','2025-12-10 18:46:00',0,1,72),
(471,'Inventory','Reversal','Reversed transaction #71 for item #8 (MARA MOJA)','127.0.0.1','Mozilla/5.0 (X11; Linux x86_64; rv:140.0) Gecko/20100101 Firefox/140.0','2025-12-10 18:47:10',0,1,73),
(472,'Inventory','Reversal','Reversed transaction #72 for item #8 (MARA MOJA)','127.0.0.1','Mozilla/5.0 (X11; Linux x86_64; rv:140.0) Gecko/20100101 Firefox/140.0','2025-12-10 18:49:02',0,1,74),
(473,'Inventory','Issue','Issued item #8 (Qty: 100, Ref: ISSUE-20251210T161634, Stock: 299 → 199)','127.0.0.1','Mozilla/5.0 (X11; Linux x86_64; rv:140.0) Gecko/20100101 Firefox/140.0','2025-12-10 19:19:06',0,1,75),
(474,'Inventory','Receive','Received item #8 (Qty: 1, Ref: RECV-20251210T162821, Stock: 199 → 200, Status: In Stock → In Stock)','127.0.0.1','Mozilla/5.0 (X11; Linux x86_64; rv:140.0) Gecko/20100101 Firefox/140.0','2025-12-10 19:28:52',0,1,76),
(475,'Inventory','Adjust','Adjusted stock for MARA MOJA at Laboratory A: 99 units added','127.0.0.1','Mozilla/5.0 (X11; Linux x86_64; rv:140.0) Gecko/20100101 Firefox/140.0','2025-12-10 19:29:32',0,1,8),
(476,'Inventory','Issue','Issued item #8 (Qty: 100, Ref: ISSUE-20251210T163043, Stock: 200 → 100)','127.0.0.1','Mozilla/5.0 (X11; Linux x86_64; rv:140.0) Gecko/20100101 Firefox/140.0','2025-12-10 19:31:12',0,1,80),
(477,'Inventory','Receive','Received item #8 (Qty: 100, Ref: RECV-20251210T163127, Stock: 100 → 200, Status: In Stock → In Stock)','127.0.0.1','Mozilla/5.0 (X11; Linux x86_64; rv:140.0) Gecko/20100101 Firefox/140.0','2025-12-10 19:31:45',0,1,81),
(478,'Inventory','Reversal','Reversed transaction #81 for item #8 (MARA MOJA)','127.0.0.1','Mozilla/5.0 (X11; Linux x86_64; rv:140.0) Gecko/20100101 Firefox/140.0','2025-12-10 19:32:21',0,1,82),
(479,'Inventory','Reversal','Reversed transaction #80 for item #8 (MARA MOJA)','127.0.0.1','Mozilla/5.0 (X11; Linux x86_64; rv:140.0) Gecko/20100101 Firefox/140.0','2025-12-10 19:33:00',0,1,83),
(480,'Inventory','Transfer Item','Transferred 100 of item #8 from location #5 to #7','127.0.0.1','Mozilla/5.0 (X11; Linux x86_64; rv:140.0) Gecko/20100101 Firefox/140.0','2025-12-10 22:19:53',0,1,6),
(481,'Inventory','Transfer','Created transfer #XFER-20251210-221953 with 1 items','127.0.0.1','Mozilla/5.0 (X11; Linux x86_64; rv:140.0) Gecko/20100101 Firefox/140.0','2025-12-10 22:19:53',0,1,6),
(482,'Inventory','Reversal','Reversed transaction #84 for item #8 (MARA MOJA)','127.0.0.1','Mozilla/5.0 (X11; Linux x86_64; rv:140.0) Gecko/20100101 Firefox/140.0','2025-12-11 06:45:13',0,1,85),
(483,'Inventory','Transfer Item','Transferred 100 of item #8 from location #7 to #5','127.0.0.1','Mozilla/5.0 (X11; Linux x86_64; rv:140.0) Gecko/20100101 Firefox/140.0','2025-12-11 06:48:05',0,1,7),
(484,'Inventory','Transfer','Created transfer #XFER-20251211-064805 with 1 items','127.0.0.1','Mozilla/5.0 (X11; Linux x86_64; rv:140.0) Gecko/20100101 Firefox/140.0','2025-12-11 06:48:05',0,1,7),
(485,'Inventory','Complete Transfer','Completed transfer #XFER-20251210-221953 with 1 items','127.0.0.1','Mozilla/5.0 (X11; Linux x86_64; rv:140.0) Gecko/20100101 Firefox/140.0','2025-12-11 07:46:30',0,1,6),
(486,'Inventory','Complete Transfer','Completed transfer #XFER-20251211-064805 with 1 items','127.0.0.1','Mozilla/5.0 (X11; Linux x86_64; rv:140.0) Gecko/20100101 Firefox/140.0','2025-12-11 07:48:03',0,1,7),
(487,'Inventory','Transfer Item','Transferred 100 of item #8 from location #5 to #7','127.0.0.1','Mozilla/5.0 (X11; Linux x86_64; rv:140.0) Gecko/20100101 Firefox/140.0','2025-12-11 08:12:35',0,1,9),
(488,'Inventory','Transfer','Created transfer #XFER-20251211-081235 with 1 items','127.0.0.1','Mozilla/5.0 (X11; Linux x86_64; rv:140.0) Gecko/20100101 Firefox/140.0','2025-12-11 08:12:35',0,1,9),
(489,'Inventory','Transfer Item','Transferred 100 of item #8 from location #7 to #5','127.0.0.1','Mozilla/5.0 (X11; Linux x86_64; rv:140.0) Gecko/20100101 Firefox/140.0','2025-12-11 08:15:58',0,1,10),
(490,'Inventory','Transfer','Created transfer #XFER-20251211-081558 with 1 items','127.0.0.1','Mozilla/5.0 (X11; Linux x86_64; rv:140.0) Gecko/20100101 Firefox/140.0','2025-12-11 08:15:58',0,1,10),
(491,'Inventory','Start Transfer','Started transfer #XFER-20251211-081558 (marked as in transit)','127.0.0.1','Mozilla/5.0 (X11; Linux x86_64; rv:140.0) Gecko/20100101 Firefox/140.0','2025-12-11 08:35:12',0,1,10),
(492,'Inventory','Complete Transfer','Completed transfer #XFER-20251211-081558 with 1 items','127.0.0.1','Mozilla/5.0 (X11; Linux x86_64; rv:140.0) Gecko/20100101 Firefox/140.0','2025-12-11 08:35:45',0,1,10),
(493,'Requisition','Approve','Approved requisition #12','127.0.0.1','Mozilla/5.0 (X11; Linux x86_64; rv:140.0) Gecko/20100101 Firefox/140.0','2025-12-11 08:40:34',0,1,12),
(494,'Requisition','Fulfill','Fulfilled requisition #12 (Status: fulfilled, Transferred: 100 items)','127.0.0.1','Mozilla/5.0 (X11; Linux x86_64; rv:140.0) Gecko/20100101 Firefox/140.0','2025-12-11 08:40:58',0,1,12),
(495,'Inventory','Start Transfer','Started transfer #TRF-20251211-693A5ED137721 (marked as in transit)','127.0.0.1','Mozilla/5.0 (X11; Linux x86_64; rv:140.0) Gecko/20100101 Firefox/140.0','2025-12-11 09:21:01',0,1,11),
(496,'Inventory','Complete Transfer','Completed transfer #TRF-20251211-693A5ED137721 with 1 items','127.0.0.1','Mozilla/5.0 (X11; Linux x86_64; rv:140.0) Gecko/20100101 Firefox/140.0','2025-12-11 09:21:25',0,1,11),
(497,'Login','Logout','User logged out','','','2025-12-11 18:52:00',0,0,1),
(498,'Login','Logout','User logged out','','','2025-12-11 21:33:54',0,0,8),
(499,'Login','Logout','User logged out','','','2025-12-11 21:34:57',0,0,2),
(500,'Login','Logout','User logged out','','','2025-12-11 21:35:28',0,0,3),
(501,'Login','Logout','User logged out','','','2025-12-12 08:41:09',0,0,1),
(502,'Requisition','Approve','Approved requisition #13','127.0.0.1','Mozilla/5.0 (X11; Linux x86_64; rv:140.0) Gecko/20100101 Firefox/140.0','2025-12-12 08:43:33',0,1,13),
(503,'Requisition','Fulfill','Fulfilled requisition #13 (Status: fulfilled, Transferred: 60 items)','127.0.0.1','Mozilla/5.0 (X11; Linux x86_64; rv:140.0) Gecko/20100101 Firefox/140.0','2025-12-12 08:43:42',0,1,13),
(504,'Tickets','Create','Created new support ticket: TKT-20251212-693BB30F46E78 - test','127.0.0.1','Mozilla/5.0 (X11; Linux x86_64; rv:140.0) Gecko/20100101 Firefox/140.0','2025-12-12 09:15:43',0,1,1),
(505,'Tickets','Create','Created new support ticket: TKT-20251212-693BB89A515D9 - test','127.0.0.1','Mozilla/5.0 (X11; Linux x86_64; rv:140.0) Gecko/20100101 Firefox/140.0','2025-12-12 09:39:22',0,1,3),
(506,'Tickets','Update','Updated ticket: TKT-20251212-693BB89A515D9 - test','127.0.0.1','Mozilla/5.0 (X11; Linux x86_64; rv:140.0) Gecko/20100101 Firefox/140.0','2025-12-12 09:43:44',0,1,3),
(507,'Tickets','Assign','Assigned ticket TKT-20251212-693BB89A515D9 to kiba','127.0.0.1','Mozilla/5.0 (X11; Linux x86_64; rv:140.0) Gecko/20100101 Firefox/140.0','2025-12-12 10:19:53',0,1,3),
(508,'Tickets','Comment','Added comment to ticket: TKT-20251212-693BB89A515D9','127.0.0.1','Mozilla/5.0 (X11; Linux x86_64; rv:140.0) Gecko/20100101 Firefox/140.0','2025-12-12 10:20:28',0,1,3),
(509,'Tickets','Comment','Added comment to ticket: TKT-20251212-693BB89A515D9','127.0.0.1','Mozilla/5.0 (X11; Linux x86_64; rv:140.0) Gecko/20100101 Firefox/140.0','2025-12-12 10:20:36',0,1,3),
(510,'Tickets','Close','Closed ticket: TKT-20251212-693BB30F46E78','127.0.0.1','Mozilla/5.0 (X11; Linux x86_64; rv:140.0) Gecko/20100101 Firefox/140.0','2025-12-12 10:21:15',0,1,1),
(511,'Tickets','Comment','Added comment to ticket: TKT-20251212-693BB30F46E78','127.0.0.1','Mozilla/5.0 (X11; Linux x86_64; rv:140.0) Gecko/20100101 Firefox/140.0','2025-12-12 10:21:29',0,1,1),
(512,'Tickets','Reopen','Reopened ticket: TKT-20251212-693BB30F46E78','127.0.0.1','Mozilla/5.0 (X11; Linux x86_64; rv:140.0) Gecko/20100101 Firefox/140.0','2025-12-12 10:21:59',0,1,1),
(513,'Tickets','Close','Closed ticket: TKT-20251212-693BB30F46E78','127.0.0.1','Mozilla/5.0 (X11; Linux x86_64; rv:140.0) Gecko/20100101 Firefox/140.0','2025-12-12 10:26:19',0,1,1),
(514,'Tickets','Close','Closed ticket: TKT-20251212-693BB89A515D9','127.0.0.1','Mozilla/5.0 (X11; Linux x86_64; rv:140.0) Gecko/20100101 Firefox/140.0','2025-12-12 21:22:42',0,1,3),
(515,'Tickets','Comment','Added comment to ticket: TKT-20251212-693BB30F46E78','127.0.0.1','Mozilla/5.0 (X11; Linux x86_64; rv:140.0) Gecko/20100101 Firefox/140.0','2025-12-12 21:50:24',0,1,1),
(516,'Tickets','Comment','Added comment to ticket: TKT-20251212-693BB89A515D9','127.0.0.1','Mozilla/5.0 (X11; Linux x86_64; rv:140.0) Gecko/20100101 Firefox/140.0','2025-12-12 22:09:44',0,1,3),
(517,'Tickets','Comment','Added comment to ticket: TKT-20251212-693BB89A515D9','127.0.0.1','Mozilla/5.0 (X11; Linux x86_64; rv:140.0) Gecko/20100101 Firefox/140.0','2025-12-12 22:10:43',0,1,3),
(518,'Login','Logout','User logged out','','','2025-12-12 23:41:39',0,0,1),
(519,'Asset','Maintenance','Maintenance scheduled: IT-PC-003 - Reception Desktop Computer (Type: preventive)','127.0.0.1','Mozilla/5.0 (X11; Linux x86_64; rv:140.0) Gecko/20100101 Firefox/140.0','2025-12-13 23:04:56',0,1,0),
(520,'Asset','Update','Asset updated: LAB-MIC-002 - Laboratory Microscope','127.0.0.1','Mozilla/5.0 (X11; Linux x86_64; rv:140.0) Gecko/20100101 Firefox/140.0','2025-12-14 12:05:56',0,1,0),
(521,'Asset','Checkout','Asset checked out: MED-ECG-001 - ECG Machine to Humphrey Lidwaji','127.0.0.1','Mozilla/5.0 (X11; Linux x86_64; rv:140.0) Gecko/20100101 Firefox/140.0','2025-12-14 13:09:32',0,1,0),
(522,'Asset','Checkin','Asset checked in: MED-ECG-001 - ECG Machine from Humphrey Lidwaji','127.0.0.1','Mozilla/5.0 (X11; Linux x86_64; rv:140.0) Gecko/20100101 Firefox/140.0','2025-12-14 13:54:30',0,1,0),
(523,'Asset','Checkout','Asset checked out: IT-PC-003 - Reception Desktop Computer to JACKSON  IRAUSA','127.0.0.1','Mozilla/5.0 (X11; Linux x86_64; rv:140.0) Gecko/20100101 Firefox/140.0','2025-12-14 13:57:02',0,1,0),
(524,'Asset','Update','Asset updated: LAB-MIC-002 - Laboratory Microscope','127.0.0.1','Mozilla/5.0 (X11; Linux x86_64; rv:140.0) Gecko/20100101 Firefox/140.0','2025-12-14 13:59:09',0,1,0),
(525,'Asset','Update','Asset updated: LAB-MIC-002 - Laboratory Microscope','127.0.0.1','Mozilla/5.0 (X11; Linux x86_64; rv:140.0) Gecko/20100101 Firefox/140.0','2025-12-14 13:59:35',0,1,0),
(526,'Asset','Update','Asset updated: LAB-MIC-002 - Laboratory Microscope','127.0.0.1','Mozilla/5.0 (X11; Linux x86_64; rv:140.0) Gecko/20100101 Firefox/140.0','2025-12-14 14:00:19',0,1,0),
(527,'Asset','Update','Asset updated: LAB-MIC-002 - Laboratory Microscope','127.0.0.1','Mozilla/5.0 (X11; Linux x86_64; rv:140.0) Gecko/20100101 Firefox/140.0','2025-12-14 14:00:37',0,1,0),
(528,'Asset','Update','Maintenance updated: MED-ECG-001 - ECG Machine (Type: preventive)','127.0.0.1','Mozilla/5.0 (X11; Linux x86_64; rv:140.0) Gecko/20100101 Firefox/140.0','2025-12-14 14:07:59',0,1,0),
(529,'Asset Maintenance','Start','Maintenance started for asset: MED-ECG-001 - ECG Machine (Maintenance ID: 1)','127.0.0.1','Mozilla/5.0 (X11; Linux x86_64; rv:140.0) Gecko/20100101 Firefox/140.0','2025-12-14 14:36:29',0,1,0),
(530,'Asset Maintenance','Cancel','Maintenance cancelled for asset: MED-ECG-001 - ECG Machine (Maintenance ID: 1). Reason: test','127.0.0.1','Mozilla/5.0 (X11; Linux x86_64; rv:140.0) Gecko/20100101 Firefox/140.0','2025-12-14 14:37:25',0,1,0),
(531,'Asset Maintenance','Restore','Maintenance restored for asset: MED-ECG-001 - ECG Machine (Maintenance ID: 1)','127.0.0.1','Mozilla/5.0 (X11; Linux x86_64; rv:140.0) Gecko/20100101 Firefox/140.0','2025-12-14 14:37:32',0,1,0),
(532,'Asset Maintenance','Start','Maintenance started for asset: MED-ECG-001 - ECG Machine (Maintenance ID: 1)','127.0.0.1','Mozilla/5.0 (X11; Linux x86_64; rv:140.0) Gecko/20100101 Firefox/140.0','2025-12-14 14:37:45',0,1,0),
(533,'Asset Maintenance','Complete','Maintenance completed for asset: MED-ECG-001 - ECG Machine (Maintenance ID: 1)','127.0.0.1','Mozilla/5.0 (X11; Linux x86_64; rv:140.0) Gecko/20100101 Firefox/140.0','2025-12-14 14:57:22',0,1,0),
(534,'Asset','Update','Maintenance updated: MED-ECG-001 - ECG Machine (Type: preventive)','127.0.0.1','Mozilla/5.0 (X11; Linux x86_64; rv:140.0) Gecko/20100101 Firefox/140.0','2025-12-14 14:58:07',0,1,0),
(535,'Login','Logout','User logged out','','','2025-12-15 21:45:36',0,0,1),
(536,'Login','Logout','User logged out','','','2025-12-15 21:46:32',0,0,8),
(537,'Login','Logout','User logged out','','','2025-12-18 08:48:50',0,0,1),
(538,'Prescription','Update','Updated prescription with 1 additional medication(s)','127.0.0.1','Mozilla/5.0 (X11; Linux x86_64; rv:140.0) Gecko/20100101 Firefox/140.0','2025-12-18 21:04:00',0,1,38),
(539,'Surgery Booking','Create','Scheduled surgery: SURG-20251218-215410','127.0.0.1','Mozilla/5.0 (X11; Linux x86_64; rv:140.0) Gecko/20100101 Firefox/140.0','2025-12-18 21:54:10',0,1,71),
(540,'Surgery Booking','Create','Scheduled surgery: SURG-20251220-081048','127.0.0.1','Mozilla/5.0 (X11; Linux x86_64; rv:140.0) Gecko/20100101 Firefox/140.0','2025-12-20 08:10:48',0,1,72),
(541,'Login','Logout','User logged out','','','2025-12-21 07:28:14',0,0,2),
(542,'Login','Logout','User logged out','','','2025-12-21 07:30:51',0,0,8),
(543,'Nurse Assignment','Create','Assigned patient to nurse for morning shift','127.0.0.1','Mozilla/5.0 (X11; Linux x86_64; rv:140.0) Gecko/20100101 Firefox/140.0','2025-12-21 07:32:08',0,3,11),
(544,'Login','Logout','User logged out','','','2025-12-21 07:32:39',0,0,3),
(545,'Login','Logout','User logged out','','','2025-12-21 07:33:38',0,0,1),
(546,'Login','Logout','User logged out','','','2025-12-21 07:33:48',0,0,8),
(547,'Nurse Assignment','Update','Updated nurse assignment for morning shift','127.0.0.1','Mozilla/5.0 (X11; Linux x86_64; rv:140.0) Gecko/20100101 Firefox/140.0','2025-12-21 07:34:27',0,1,11),
(548,'Inventory','Transfer Item','Transferred 100 of item #6 from location #2 to #8','127.0.0.1','Mozilla/5.0 (X11; Linux x86_64; rv:140.0) Gecko/20100101 Firefox/140.0','2025-12-21 07:46:51',0,1,12),
(549,'Inventory','Transfer','Created transfer #XFER-20251221-074651 with 1 items','127.0.0.1','Mozilla/5.0 (X11; Linux x86_64; rv:140.0) Gecko/20100101 Firefox/140.0','2025-12-21 07:46:51',0,1,12),
(550,'Inventory','Start Transfer','Started transfer #XFER-20251221-074651 (marked as in transit)','127.0.0.1','Mozilla/5.0 (X11; Linux x86_64; rv:140.0) Gecko/20100101 Firefox/140.0','2025-12-21 07:51:35',0,1,12),
(551,'Inventory','Complete Transfer','Completed transfer #XFER-20251221-074651 (marked as completed)','127.0.0.1','Mozilla/5.0 (X11; Linux x86_64; rv:140.0) Gecko/20100101 Firefox/140.0','2025-12-21 07:52:47',0,1,12),
(552,'Prescription','Update','Updated prescription with 1 additional medication(s)','127.0.0.1','Mozilla/5.0 (X11; Linux x86_64; rv:140.0) Gecko/20100101 Firefox/140.0','2025-12-26 18:53:52',0,1,23),
(553,'Prescription','Update','Updated prescription with 1 additional medication(s)','127.0.0.1','Mozilla/5.0 (X11; Linux x86_64; rv:140.0) Gecko/20100101 Firefox/140.0','2025-12-26 19:58:25',0,1,23),
(554,'Surgical Case','Update','Updated surgical case status:  to scheduled','127.0.0.1','Mozilla/5.0 (X11; Linux x86_64; rv:140.0) Gecko/20100101 Firefox/140.0','2025-12-28 11:46:59',0,1,0),
(555,'Surgical Team','Add','Added Humphrey Lidwaji to surgical team for case: SC-20251228-0020','127.0.0.1','Mozilla/5.0 (X11; Linux x86_64; rv:140.0) Gecko/20100101 Firefox/140.0','2025-12-28 12:14:28',0,1,0),
(556,'Surgical Team','Add','Added Mercy Mainga to surgical team for case: SC-20251228-0020','127.0.0.1','Mozilla/5.0 (X11; Linux x86_64; rv:140.0) Gecko/20100101 Firefox/140.0','2025-12-28 12:15:44',0,1,0),
(557,'Surgical Team','Add','Added Humphrey Lidwaji to surgical team for case: SC-20251227-0019','127.0.0.1','Mozilla/5.0 (X11; Linux x86_64; rv:140.0) Gecko/20100101 Firefox/140.0','2025-12-28 13:01:58',0,1,0),
(558,'Surgical Case','Update','Updated surgical case status:  to scheduled','127.0.0.1','Mozilla/5.0 (X11; Linux x86_64; rv:140.0) Gecko/20100101 Firefox/140.0','2025-12-28 13:21:38',0,1,0),
(559,'Surgical Case','Update','Updated surgical case: SC-20251228-0020','127.0.0.1','Mozilla/5.0 (X11; Linux x86_64; rv:140.0) Gecko/20100101 Firefox/140.0','2025-12-28 13:22:08',0,1,0),
(560,'Surgical Complication','Create','Recorded complication: Postoperative for case: SC-20251227-0019','127.0.0.1','Mozilla/5.0 (X11; Linux x86_64; rv:140.0) Gecko/20100101 Firefox/140.0','2025-12-28 13:29:52',0,1,0),
(561,'Surgical Complication','Resolve','Resolved complication for case: SC-20251227-0019','127.0.0.1','Mozilla/5.0 (X11; Linux x86_64; rv:140.0) Gecko/20100101 Firefox/140.0','2025-12-28 13:35:32',0,1,0),
(562,'Surgical Complication','Create','Recorded complication: Postoperative for case: SC-20251228-0020','127.0.0.1','Mozilla/5.0 (X11; Linux x86_64; rv:140.0) Gecko/20100101 Firefox/140.0','2025-12-28 15:33:30',0,1,0),
(563,'Surgical Complication','Update','Updated complication: Wound Dehiscence for case: SC-20251228-0020','127.0.0.1','Mozilla/5.0 (X11; Linux x86_64; rv:140.0) Gecko/20100101 Firefox/140.0','2025-12-28 15:34:32',0,1,0),
(564,'Surgical Complication','Create','Recorded complication: Postoperative for case: SC-20251227-0019','127.0.0.1','Mozilla/5.0 (X11; Linux x86_64; rv:140.0) Gecko/20100101 Firefox/140.0','2025-12-28 15:44:44',0,1,0),
(565,'Surgical Complication','Update','Updated complication: Wound Dehiscence for case: SC-20251228-0020','127.0.0.1','Mozilla/5.0 (X11; Linux x86_64; rv:140.0) Gecko/20100101 Firefox/140.0','2025-12-28 16:14:16',0,1,0),
(566,'Surgical Document','Upload','Uploaded 1 document(s) to surgical case: SC-20251227-0019','127.0.0.1','Mozilla/5.0 (X11; Linux x86_64; rv:140.0) Gecko/20100101 Firefox/140.0','2025-12-28 20:16:22',0,1,0),
(567,'Surgical Document','Delete','Deleted document from surgical case: SC-20251227-0019','127.0.0.1','Mozilla/5.0 (X11; Linux x86_64; rv:140.0) Gecko/20100101 Firefox/140.0','2025-12-28 20:16:50',0,1,0),
(568,'Surgical Document','Upload','Uploaded 1 document(s) to surgical case: SC-20251227-0019','127.0.0.1','Mozilla/5.0 (X11; Linux x86_64; rv:140.0) Gecko/20100101 Firefox/140.0','2025-12-28 20:16:59',0,1,0),
(569,'Surgical Document','Upload','Uploaded 1 document(s) to surgical case: SC-20251227-0019','127.0.0.1','Mozilla/5.0 (X11; Linux x86_64; rv:140.0) Gecko/20100101 Firefox/140.0','2025-12-28 20:20:39',0,1,0),
(570,'Tickets','Create','Created new support ticket: TKT-20251228-69516D7ABA9BE - test','127.0.0.1','Mozilla/5.0 (X11; Linux x86_64; rv:140.0) Gecko/20100101 Firefox/140.0','2025-12-28 20:48:42',0,1,4),
(571,'Login','Logout','User logged out','','','2025-12-29 16:33:47',0,0,1),
(572,'Login','Logout','User logged out','','','2025-12-29 16:34:28',0,0,8),
(573,'Login','Logout','User logged out','','','2025-12-29 17:45:27',0,0,2),
(574,'Login','Logout','User logged out','','','2026-01-03 15:13:05',0,0,1),
(575,'Login','Logout','User logged out','','','2026-01-03 18:30:06',0,0,2),
(576,'Login','Logout','User logged out','','','2026-01-09 15:34:23',0,0,1),
(577,'Login','Logout','User logged out','','','2026-01-09 15:35:36',0,0,1),
(578,'Login','Logout','User logged out','','','2026-01-09 15:35:50',0,0,1),
(579,'Login','Logout','User logged out','','','2026-01-09 15:37:33',0,0,8),
(580,'Login','Logout','User logged out','','','2026-01-09 15:38:40',0,0,3),
(581,'Equipment Usage','Remove','Removed equipment usage: Hospital Bed Sheet Set from case: SC-20251227-0019','127.0.0.1','Mozilla/5.0 (X11; Linux x86_64; rv:140.0) Gecko/20100101 Firefox/140.0','2026-01-10 21:47:43',0,1,0),
(582,'Equipment Usage','Add','Added equipment usage: Hospital Bed Sheet Set for case: SC-20251227-0019','127.0.0.1','Mozilla/5.0 (X11; Linux x86_64; rv:140.0) Gecko/20100101 Firefox/140.0','2026-01-10 21:48:03',0,1,0),
(583,'Equipment Usage','Add','Added equipment usage: Patient Gown Set for case: SC-20251227-0019','127.0.0.1','Mozilla/5.0 (X11; Linux x86_64; rv:140.0) Gecko/20100101 Firefox/140.0','2026-01-10 22:03:10',0,1,0),
(584,'Login','Logout','User logged out','','','2026-01-10 22:43:51',0,0,1),
(585,'Surgical Case','Update','Updated surgical case status: SC-20260120-0013 to scheduled','127.0.0.1','Mozilla/5.0 (X11; Linux x86_64; rv:140.0) Gecko/20100101 Firefox/140.0','2026-01-20 16:00:16',0,1,0),
(586,'Equipment Usage','Add','Added equipment usage: Hospital Bed Sheet Set for case: SC-20260120-0011','127.0.0.1','Mozilla/5.0 (X11; Linux x86_64; rv:140.0) Gecko/20100101 Firefox/140.0','2026-01-20 22:18:48',0,1,0),
(587,'Surgical Complication','Create','Recorded complication: Postoperative for case: SC-20260120-0011','127.0.0.1','Mozilla/5.0 (X11; Linux x86_64; rv:140.0) Gecko/20100101 Firefox/140.0','2026-01-20 22:32:14',0,1,0),
(588,'Inventory','Category Create','Created inventory category: Drug (Pharmacy)','127.0.0.1','Mozilla/5.0 (X11; Linux x86_64; rv:140.0) Gecko/20100101 Firefox/140.0','2026-01-21 10:43:03',0,1,1),
(589,'Inventory','Category Create','Created inventory category: General (General)','127.0.0.1','Mozilla/5.0 (X11; Linux x86_64; rv:140.0) Gecko/20100101 Firefox/140.0','2026-01-21 10:43:31',0,1,2),
(590,'Inventory','Category Create','Created inventory category: Equipment (Equipment)','127.0.0.1','Mozilla/5.0 (X11; Linux x86_64; rv:140.0) Gecko/20100101 Firefox/140.0','2026-01-21 10:44:30',0,1,3),
(591,'Inventory','Create','Created new inventory item: Paracetamol 500mg Tablets (Code: PARA-101)','127.0.0.1','Mozilla/5.0 (X11; Linux x86_64; rv:140.0) Gecko/20100101 Firefox/140.0','2026-01-21 10:50:27',0,1,1),
(592,'Inventory','Location Create','Created new inventory location: Main Store (Type: Store)','127.0.0.1','Mozilla/5.0 (X11; Linux x86_64; rv:140.0) Gecko/20100101 Firefox/140.0','2026-01-21 11:02:53',0,1,1),
(593,'Inventory','Update','Updated inventory item: Paracetamol 500mg Tablets (Code: PARA-101)','127.0.0.1','Mozilla/5.0 (X11; Linux x86_64; rv:140.0) Gecko/20100101 Firefox/140.0','2026-01-21 11:30:40',0,1,1),
(594,'Inventory','Create','Created new inventory item: MARA MOJA (Code: MARA-023)','127.0.0.1','Mozilla/5.0 (X11; Linux x86_64; rv:140.0) Gecko/20100101 Firefox/140.0','2026-01-21 11:42:36',0,1,2),
(595,'Inventory','Create','Created new inventory item: test med (Code: test0383)','127.0.0.1','Mozilla/5.0 (X11; Linux x86_64; rv:140.0) Gecko/20100101 Firefox/140.0','2026-01-21 11:46:00',0,1,3),
(596,'Inventory','Update','Updated inventory item: test med (Code: test0383)','127.0.0.1','Mozilla/5.0 (X11; Linux x86_64; rv:140.0) Gecko/20100101 Firefox/140.0','2026-01-21 12:01:55',0,1,3),
(597,'Inventory','Update','Updated inventory item: Paracetamol 500mg Tablets (Code: PARA-101)','127.0.0.1','Mozilla/5.0 (X11; Linux x86_64; rv:140.0) Gecko/20100101 Firefox/140.0','2026-01-21 12:02:58',0,1,1),
(598,'Inventory','Update','Updated inventory item: test med (Code: test0383)','127.0.0.1','Mozilla/5.0 (X11; Linux x86_64; rv:140.0) Gecko/20100101 Firefox/140.0','2026-01-21 12:06:19',0,1,3),
(599,'Inventory','Create','Created new inventory item: test4 (Code: test4444)','127.0.0.1','Mozilla/5.0 (X11; Linux x86_64; rv:140.0) Gecko/20100101 Firefox/140.0','2026-01-21 12:15:22',0,1,4),
(600,'Inventory','Update','Updated inventory item: test med (Code: test0383)','127.0.0.1','Mozilla/5.0 (X11; Linux x86_64; rv:140.0) Gecko/20100101 Firefox/140.0','2026-01-21 12:24:30',0,1,3),
(601,'Inventory','Update','Updated inventory item: Paracetamol 500mg Tablets (Code: PARA-101)','127.0.0.1','Mozilla/5.0 (X11; Linux x86_64; rv:140.0) Gecko/20100101 Firefox/140.0','2026-01-21 12:25:05',0,1,1),
(602,'Inventory','Update','Updated inventory item: MARA MOJA (Code: MARA-023)','127.0.0.1','Mozilla/5.0 (X11; Linux x86_64; rv:140.0) Gecko/20100101 Firefox/140.0','2026-01-21 12:25:22',0,1,2),
(603,'Inventory','Batch Create','Created batch BATCH--2026-001 for item: MARA MOJA with 10000 units at location 1','127.0.0.1','Mozilla/5.0 (X11; Linux x86_64; rv:140.0) Gecko/20100101 Firefox/140.0','2026-01-21 12:46:52',0,1,5),
(604,'Inventory','Batch Create','Created batch BATCH--2026-001 for item: Paracetamol 500mg Tablets with 1000 units at location 1','127.0.0.1','Mozilla/5.0 (X11; Linux x86_64; rv:140.0) Gecko/20100101 Firefox/140.0','2026-01-21 13:40:45',0,1,6),
(605,'Inventory','Location Create','Created new inventory location: Pharmacy Store (Type: Store)','127.0.0.1','Mozilla/5.0 (X11; Linux x86_64; rv:140.0) Gecko/20100101 Firefox/140.0','2026-01-21 13:44:25',0,1,2),
(606,'Inventory','Batch Create','Created batch BATCH--2026-003 for item: test med with 13341 units at location 1','127.0.0.1','Mozilla/5.0 (X11; Linux x86_64; rv:140.0) Gecko/20100101 Firefox/140.0','2026-01-21 18:50:28',0,1,7),
(607,'Inventory','Requisition Approved','Approved requisition #REQ-20260121-5292','127.0.0.1','Mozilla/5.0 (X11; Linux x86_64; rv:140.0) Gecko/20100101 Firefox/140.0','2026-01-21 21:08:10',0,1,0),
(608,'Inventory','Requisition Items Updated','Updated item quantities for requisition #REQ-20260121-5292','127.0.0.1','Mozilla/5.0 (X11; Linux x86_64; rv:140.0) Gecko/20100101 Firefox/140.0','2026-01-21 21:08:54',0,1,0),
(609,'Inventory','Issue Create','Issued 1 items from location #1 to Patient: ','127.0.0.1','Mozilla/5.0 (X11; Linux x86_64; rv:140.0) Gecko/20100101 Firefox/140.0','2026-01-21 22:00:52',0,1,0),
(610,'Inventory','Batch Create','Created batch BATCH-636362 for item: test4 with 2000 units at location 1','127.0.0.1','Mozilla/5.0 (X11; Linux x86_64; rv:140.0) Gecko/20100101 Firefox/140.0','2026-01-24 10:33:51',0,1,8),
(611,'Inventory','Batch Create','Created batch BATCH--2026-004 for item: Paracetamol 500mg Tablets with 20000 units at location 2','127.0.0.1','Mozilla/5.0 (X11; Linux x86_64; rv:140.0) Gecko/20100101 Firefox/140.0','2026-01-30 07:52:13',0,1,9),
(612,'Inventory','Batch Create','Created batch BATCH--2026-005 for item: test4 with 20000 units at location 1','127.0.0.1','Mozilla/5.0 (X11; Linux x86_64; rv:140.0) Gecko/20100101 Firefox/140.0','2026-01-30 07:53:41',0,1,10);
/*!40000 ALTER TABLE `logs` ENABLE KEYS */;
UNLOCK TABLES;

--
-- Table structure for table `maintenance`
--

DROP TABLE IF EXISTS `maintenance`;
/*!40101 SET @saved_cs_client     = @@character_set_client */;
/*!40101 SET character_set_client = utf8mb4 */;
CREATE TABLE `maintenance` (
  `maintenance_id` int(11) NOT NULL AUTO_INCREMENT,
  `equipment_id` int(11) DEFAULT NULL,
  `scheduled_date` date DEFAULT NULL,
  `maintenance_type` varchar(50) DEFAULT NULL,
  `maintenance_date` date DEFAULT NULL,
  `completed_date` date DEFAULT NULL,
  `description` text DEFAULT NULL,
  `notes` text DEFAULT NULL,
  `performed_by` varchar(100) DEFAULT NULL,
  `next_maintenance_date` date DEFAULT NULL,
  `status` enum('scheduled','completed','overdue') DEFAULT 'scheduled',
  `archived_at` datetime DEFAULT NULL,
  `cost` decimal(10,2) DEFAULT NULL,
  `created_at` timestamp NULL DEFAULT current_timestamp(),
  `theatre_id` int(11) DEFAULT NULL,
  `created_by` int(11) DEFAULT NULL,
  `priority` enum('low','medium','high') DEFAULT 'medium',
  PRIMARY KEY (`maintenance_id`),
  KEY `equipment_id` (`equipment_id`)
) ENGINE=InnoDB DEFAULT CHARSET=utf8mb4 COLLATE=utf8mb4_general_ci;
/*!40101 SET character_set_client = @saved_cs_client */;

--
-- Dumping data for table `maintenance`
--

LOCK TABLES `maintenance` WRITE;
/*!40000 ALTER TABLE `maintenance` DISABLE KEYS */;
/*!40000 ALTER TABLE `maintenance` ENABLE KEYS */;
UNLOCK TABLES;

--
-- Table structure for table `maternity_pantograph`
--

DROP TABLE IF EXISTS `maternity_pantograph`;
/*!40101 SET @saved_cs_client     = @@character_set_client */;
/*!40101 SET character_set_client = utf8mb4 */;
CREATE TABLE `maternity_pantograph` (
  `pantograph_id` int(11) NOT NULL AUTO_INCREMENT,
  `visit_id` int(11) NOT NULL,
  `patient_id` int(11) NOT NULL,
  `gestation_weeks` int(11) DEFAULT NULL,
  `cervical_dilation` decimal(3,1) DEFAULT NULL COMMENT 'In cm',
  `descent` varchar(50) DEFAULT NULL COMMENT 'Station/position',
  `contractions_frequency` int(11) DEFAULT NULL COMMENT 'Per 10 minutes',
  `contractions_duration` int(11) DEFAULT NULL COMMENT 'In seconds',
  `fetal_heart_rate` int(11) DEFAULT NULL,
  `membranes` enum('intact','ruptured','artificially_ruptured') DEFAULT NULL,
  `liquor` varchar(50) DEFAULT NULL COMMENT 'Color/amount',
  `maternal_bp_systolic` int(11) DEFAULT NULL,
  `maternal_bp_diastolic` int(11) DEFAULT NULL,
  `maternal_pulse` int(11) DEFAULT NULL,
  `maternal_temp` decimal(4,2) DEFAULT NULL,
  `drugs_administered` text DEFAULT NULL,
  `oxytocin_units` decimal(5,2) DEFAULT NULL,
  `notes` text DEFAULT NULL,
  `recorded_by` int(11) NOT NULL,
  `recorded_at` timestamp NULL DEFAULT current_timestamp(),
  PRIMARY KEY (`pantograph_id`),
  KEY `visit_id` (`visit_id`),
  KEY `patient_id` (`patient_id`),
  KEY `recorded_by` (`recorded_by`)
) ENGINE=InnoDB AUTO_INCREMENT=4 DEFAULT CHARSET=utf8mb4 COLLATE=utf8mb4_general_ci;
/*!40101 SET character_set_client = @saved_cs_client */;

--
-- Dumping data for table `maternity_pantograph`
--

LOCK TABLES `maternity_pantograph` WRITE;
/*!40000 ALTER TABLE `maternity_pantograph` DISABLE KEYS */;
INSERT INTO `maternity_pantograph` VALUES
(2,1,2,38,6.0,'Free',3,34,120,'intact','0',70,120,79,35.00,'0',2.10,'0',1,'2025-11-22 18:55:43'),
(3,7,7,39,4.0,'1/5',3,45,140,'intact','0',120,80,72,36.00,'0',5.00,'0',1,'2025-12-20 05:57:34');
/*!40000 ALTER TABLE `maternity_pantograph` ENABLE KEYS */;
UNLOCK TABLES;

--
-- Table structure for table `medical_encounters`
--

DROP TABLE IF EXISTS `medical_encounters`;
/*!40101 SET @saved_cs_client     = @@character_set_client */;
/*!40101 SET character_set_client = utf8mb4 */;
CREATE TABLE `medical_encounters` (
  `encounter_id` int(11) NOT NULL AUTO_INCREMENT,
  `encounter_patient_id` int(11) NOT NULL,
  `encounter_date` datetime NOT NULL,
  `encounter_type` varchar(100) DEFAULT 'Consultation',
  `encounter_notes` text DEFAULT NULL,
  `encounter_diagnosis` text DEFAULT NULL,
  `encounter_treatment` text DEFAULT NULL,
  `encounter_created_at` datetime NOT NULL DEFAULT current_timestamp(),
  `encounter_updated_at` datetime DEFAULT NULL ON UPDATE current_timestamp(),
  `encounter_archived_at` datetime DEFAULT NULL,
  PRIMARY KEY (`encounter_id`),
  KEY `index_encounter_patient_id` (`encounter_patient_id`)
) ENGINE=InnoDB DEFAULT CHARSET=utf8mb3 COLLATE=utf8mb3_general_ci;
/*!40101 SET character_set_client = @saved_cs_client */;

--
-- Dumping data for table `medical_encounters`
--

LOCK TABLES `medical_encounters` WRITE;
/*!40000 ALTER TABLE `medical_encounters` DISABLE KEYS */;
/*!40000 ALTER TABLE `medical_encounters` ENABLE KEYS */;
UNLOCK TABLES;

--
-- Table structure for table `medical_service_activity_logs`
--

DROP TABLE IF EXISTS `medical_service_activity_logs`;
/*!40101 SET @saved_cs_client     = @@character_set_client */;
/*!40101 SET character_set_client = utf8mb4 */;
CREATE TABLE `medical_service_activity_logs` (
  `log_id` int(11) NOT NULL AUTO_INCREMENT,
  `medical_service_id` int(11) NOT NULL,
  `service_code` varchar(50) NOT NULL,
  `action` varchar(100) NOT NULL,
  `description` text DEFAULT NULL,
  `ip_address` varchar(45) DEFAULT NULL,
  `user_agent` varchar(255) DEFAULT NULL,
  `activity_type` varchar(50) DEFAULT NULL,
  `user_id` int(11) NOT NULL,
  `created_at` timestamp NULL DEFAULT current_timestamp(),
  PRIMARY KEY (`log_id`),
  KEY `medical_service_id` (`medical_service_id`),
  KEY `user_id` (`user_id`)
) ENGINE=InnoDB AUTO_INCREMENT=4 DEFAULT CHARSET=utf8mb4 COLLATE=utf8mb4_general_ci;
/*!40101 SET character_set_client = @saved_cs_client */;

--
-- Dumping data for table `medical_service_activity_logs`
--

LOCK TABLES `medical_service_activity_logs` WRITE;
/*!40000 ALTER TABLE `medical_service_activity_logs` DISABLE KEYS */;
INSERT INTO `medical_service_activity_logs` VALUES
(1,5,'LAB-CBC','edit','Updated medical service: Complete Blood Count (LAB-CBC) - Linked components: 1 lab tests','127.0.0.1','Mozilla/5.0 (X11; Linux x86_64; rv:140.0) Gecko/20100101 Firefox/140.0',NULL,1,'2025-11-24 08:47:42'),
(2,7,'KR','edit','Updated medical service: KNEE REPLACEMENT (KR). Changes: Fee: $40,000.00 → $50,000.00','127.0.0.1','Mozilla/5.0 (X11; Linux x86_64; rv:140.0) Gecko/20100101 Firefox/140.0',NULL,1,'2025-11-24 09:34:17'),
(3,6,'IMG-XRAY','edit','Updated medical service: X-Ray Single View (IMG-XRAY). Changes: Fee: $75.00 → $2,500.00 - Linked components: 1 radiology imaging','127.0.0.1','Mozilla/5.0 (X11; Linux x86_64; rv:140.0) Gecko/20100101 Firefox/140.0',NULL,1,'2025-11-24 10:09:25');
/*!40000 ALTER TABLE `medical_service_activity_logs` ENABLE KEYS */;
UNLOCK TABLES;

--
-- Table structure for table `medical_service_categories`
--

DROP TABLE IF EXISTS `medical_service_categories`;
/*!40101 SET @saved_cs_client     = @@character_set_client */;
/*!40101 SET character_set_client = utf8mb4 */;
CREATE TABLE `medical_service_categories` (
  `category_id` int(11) NOT NULL AUTO_INCREMENT,
  `category_name` varchar(100) NOT NULL,
  `category_description` text DEFAULT NULL,
  `category_type` enum('Consultation','Procedure','Diagnostic','Therapeutic') DEFAULT NULL,
  `parent_category_id` int(11) DEFAULT NULL,
  `is_active` tinyint(1) DEFAULT 1,
  `created_by` int(11) DEFAULT NULL,
  `created_date` timestamp NULL DEFAULT current_timestamp(),
  `updated_date` timestamp NULL DEFAULT NULL,
  `updated_by` int(11) DEFAULT NULL,
  PRIMARY KEY (`category_id`)
) ENGINE=InnoDB AUTO_INCREMENT=7 DEFAULT CHARSET=utf8mb4 COLLATE=utf8mb4_general_ci;
/*!40101 SET character_set_client = @saved_cs_client */;

--
-- Dumping data for table `medical_service_categories`
--

LOCK TABLES `medical_service_categories` WRITE;
/*!40000 ALTER TABLE `medical_service_categories` DISABLE KEYS */;
INSERT INTO `medical_service_categories` VALUES
(1,'General Consultations','Primary care and general medical consultations','Consultation',NULL,1,1,'2025-11-24 08:19:44',NULL,NULL),
(2,'Laboratory Tests','Blood, urine, and other laboratory diagnostic tests','Diagnostic',NULL,1,1,'2025-11-24 08:19:44',NULL,NULL),
(3,'Medical Imaging','X-ray, ultrasound, CT scan, and MRI services','Diagnostic',NULL,1,1,'2025-11-24 08:19:44',NULL,NULL),
(4,'Minor Procedures','Small medical procedures and treatments','Procedure',NULL,1,1,'2025-11-24 08:19:44',NULL,NULL),
(5,'Vaccination Services','Immunization services for children and adults','Therapeutic',NULL,1,1,'2025-11-24 08:19:44',NULL,NULL),
(6,'Beds','For Beds',NULL,NULL,1,NULL,'2025-11-25 05:02:02',NULL,NULL);
/*!40000 ALTER TABLE `medical_service_categories` ENABLE KEYS */;
UNLOCK TABLES;

--
-- Table structure for table `medical_service_prices`
--

DROP TABLE IF EXISTS `medical_service_prices`;
/*!40101 SET @saved_cs_client     = @@character_set_client */;
/*!40101 SET character_set_client = utf8mb4 */;
CREATE TABLE `medical_service_prices` (
  `service_price_id` int(11) NOT NULL AUTO_INCREMENT,
  `medical_service_id` int(11) NOT NULL,
  `price_list_id` int(11) NOT NULL,
  `price` decimal(10,2) NOT NULL,
  `covered_percentage` decimal(5,2) DEFAULT 100.00,
  `is_active` tinyint(1) DEFAULT 1,
  `created_at` timestamp NULL DEFAULT current_timestamp(),
  `created_by` int(11) DEFAULT NULL,
  `updated_by` int(11) DEFAULT NULL,
  `notes` text DEFAULT NULL,
  PRIMARY KEY (`service_price_id`),
  UNIQUE KEY `uniq_service_price` (`medical_service_id`,`price_list_id`),
  KEY `idx_service_prices_active` (`price_list_id`,`medical_service_id`,`is_active`)
) ENGINE=InnoDB DEFAULT CHARSET=utf8mb4 COLLATE=utf8mb4_unicode_ci;
/*!40101 SET character_set_client = @saved_cs_client */;

--
-- Dumping data for table `medical_service_prices`
--

LOCK TABLES `medical_service_prices` WRITE;
/*!40000 ALTER TABLE `medical_service_prices` DISABLE KEYS */;
/*!40000 ALTER TABLE `medical_service_prices` ENABLE KEYS */;
UNLOCK TABLES;

--
-- Table structure for table `medical_services`
--

DROP TABLE IF EXISTS `medical_services`;
/*!40101 SET @saved_cs_client     = @@character_set_client */;
/*!40101 SET character_set_client = utf8mb4 */;
CREATE TABLE `medical_services` (
  `medical_service_id` int(11) NOT NULL AUTO_INCREMENT,
  `service_code` varchar(50) NOT NULL,
  `service_name` varchar(200) NOT NULL,
  `service_description` text DEFAULT NULL,
  `service_category_id` int(11) DEFAULT NULL,
  `service_type` varchar(50) DEFAULT NULL,
  `fee_amount` decimal(10,2) NOT NULL,
  `duration_minutes` int(11) DEFAULT NULL,
  `is_active` tinyint(1) DEFAULT 1,
  `tax_rate` decimal(5,2) DEFAULT 0.00,
  `created_by` int(11) DEFAULT NULL,
  `created_date` timestamp NULL DEFAULT current_timestamp(),
  `updated_date` timestamp NULL DEFAULT NULL,
  `updated_by` int(11) DEFAULT NULL,
  `requires_doctor` tinyint(1) DEFAULT 1,
  `insurance_billable` tinyint(1) DEFAULT 1,
  `medical_code` varchar(50) DEFAULT NULL,
  PRIMARY KEY (`medical_service_id`),
  UNIQUE KEY `service_code` (`service_code`)
) ENGINE=InnoDB AUTO_INCREMENT=17 DEFAULT CHARSET=utf8mb4 COLLATE=utf8mb4_general_ci;
/*!40101 SET character_set_client = @saved_cs_client */;

--
-- Dumping data for table `medical_services`
--

LOCK TABLES `medical_services` WRITE;
/*!40000 ALTER TABLE `medical_services` DISABLE KEYS */;
INSERT INTO `medical_services` VALUES
(1,'CON-NEW','New Patient Consultation',NULL,NULL,'Consultation',100.00,30,1,0.00,NULL,'2025-11-23 08:41:17',NULL,NULL,1,1,'99204'),
(2,'CON-FOL','Follow-up Consultation',NULL,NULL,'Consultation',50.00,15,1,0.00,NULL,'2025-11-23 08:41:17',NULL,NULL,1,1,'99213'),
(3,'PROC-SUT','Suture Removal',NULL,NULL,'Procedure',25.00,10,1,0.00,NULL,'2025-11-23 08:41:17',NULL,NULL,1,1,'99211'),
(4,'PROC-INJ','Injection Administration',NULL,NULL,'Procedure',15.00,5,1,0.00,NULL,'2025-11-23 08:41:17',NULL,NULL,1,1,'96372'),
(5,'LAB-CBC','Complete Blood Count','test',2,'LabTest',15.00,40,1,0.00,NULL,'2025-11-23 08:41:17','2025-11-24 08:47:42',1,1,1,'85025'),
(6,'IMG-XRAY','X-Ray Single View','',3,'Imaging',2500.00,20,1,0.00,NULL,'2025-11-23 08:41:17','2026-01-11 13:49:45',1,1,1,'71010'),
(7,'KR','KNEE REPLACEMENT','',4,'Procedure',50000.00,60,1,0.00,1,'2025-11-24 09:29:57','2025-11-24 09:34:17',1,1,1,'123'),
(11,'CONSULT_GENERAL','CONSULTATION GENERAL','GENERAL CONSLT FEE',1,'Consultation',500.00,30,1,0.00,1,'2026-01-11 12:05:46','2026-01-11 12:46:58',1,1,1,'0'),
(13,'MALE BED','MALE BED 01','',6,'Bed',1500.00,1440,1,0.00,1,'2026-01-11 12:53:57',NULL,NULL,1,1,'0'),
(14,'ADM FEE','ADMISSION FEE','',1,'Consultation',2000.00,30,1,0.00,1,'2026-01-13 20:09:03',NULL,NULL,1,1,'0'),
(15,'CONSULT FEE','CONSULTATION FEE','',1,'Consultation',1000.00,30,1,0.00,1,'2026-01-14 16:37:41',NULL,NULL,1,1,'0'),
(16,'POCEDURE MINOR','POCEDURE MINOR','POCEDURE MINOR',4,'Procedure',8000.00,60,1,0.00,1,'2026-01-15 19:24:48',NULL,NULL,1,1,'0');
/*!40000 ALTER TABLE `medical_services` ENABLE KEYS */;
UNLOCK TABLES;

--
-- Table structure for table `medication_administration`
--

DROP TABLE IF EXISTS `medication_administration`;
/*!40101 SET @saved_cs_client     = @@character_set_client */;
/*!40101 SET character_set_client = utf8mb4 */;
CREATE TABLE `medication_administration` (
  `administration_id` int(11) NOT NULL AUTO_INCREMENT,
  `medication_id` int(11) NOT NULL,
  `administered_time` datetime NOT NULL,
  `administered_by` int(11) NOT NULL,
  `notes` text DEFAULT NULL,
  `refused` tinyint(1) DEFAULT 0,
  `created_at` timestamp NULL DEFAULT current_timestamp(),
  PRIMARY KEY (`administration_id`),
  KEY `idx_medication_id` (`medication_id`),
  KEY `idx_administered_time` (`administered_time`)
) ENGINE=InnoDB AUTO_INCREMENT=8 DEFAULT CHARSET=utf8mb4 COLLATE=utf8mb4_unicode_ci;
/*!40101 SET character_set_client = @saved_cs_client */;

--
-- Dumping data for table `medication_administration`
--

LOCK TABLES `medication_administration` WRITE;
/*!40000 ALTER TABLE `medication_administration` DISABLE KEYS */;
INSERT INTO `medication_administration` VALUES
(1,2,'2025-12-26 13:54:58',1,'Administered as scheduled',0,'2025-12-26 14:54:58'),
(2,2,'2025-12-26 07:54:58',1,'Administered as scheduled',0,'2025-12-26 14:54:58'),
(3,3,'2025-12-26 15:54:58',1,'Patient complained of nausea',0,'2025-12-26 14:54:58'),
(4,4,'2025-12-26 14:54:58',1,'Patient reported pain score 8/10',0,'2025-12-26 14:54:58'),
(5,5,'2025-12-26 11:54:58',1,'Administered subcutaneous injection',0,'2025-12-26 14:54:58'),
(6,7,'2026-01-16 12:56:00',1,NULL,0,'2026-01-16 12:56:26'),
(7,7,'2026-01-16 12:56:00',1,NULL,0,'2026-01-16 12:56:42');
/*!40000 ALTER TABLE `medication_administration` ENABLE KEYS */;
UNLOCK TABLES;

--
-- Table structure for table `medications`
--

DROP TABLE IF EXISTS `medications`;
/*!40101 SET @saved_cs_client     = @@character_set_client */;
/*!40101 SET character_set_client = utf8mb4 */;
CREATE TABLE `medications` (
  `medication_id` int(11) NOT NULL AUTO_INCREMENT,
  `medication_name` varchar(150) NOT NULL,
  `medication_form` varchar(50) DEFAULT NULL,
  `strength` varchar(50) DEFAULT NULL,
  `is_active` tinyint(1) DEFAULT 1,
  `created_at` datetime DEFAULT current_timestamp(),
  PRIMARY KEY (`medication_id`)
) ENGINE=InnoDB DEFAULT CHARSET=utf8mb4 COLLATE=utf8mb4_unicode_ci;
/*!40101 SET character_set_client = @saved_cs_client */;

--
-- Dumping data for table `medications`
--

LOCK TABLES `medications` WRITE;
/*!40000 ALTER TABLE `medications` DISABLE KEYS */;
/*!40000 ALTER TABLE `medications` ENABLE KEYS */;
UNLOCK TABLES;

--
-- Table structure for table `misconduct_categories`
--

DROP TABLE IF EXISTS `misconduct_categories`;
/*!40101 SET @saved_cs_client     = @@character_set_client */;
/*!40101 SET character_set_client = utf8mb4 */;
CREATE TABLE `misconduct_categories` (
  `category_id` int(11) NOT NULL AUTO_INCREMENT,
  `category_name` varchar(255) NOT NULL,
  `description` text DEFAULT NULL,
  `is_active` tinyint(1) DEFAULT 1,
  `created_at` timestamp NULL DEFAULT current_timestamp(),
  PRIMARY KEY (`category_id`)
) ENGINE=InnoDB AUTO_INCREMENT=2 DEFAULT CHARSET=utf8mb4 COLLATE=utf8mb4_unicode_ci;
/*!40101 SET character_set_client = @saved_cs_client */;

--
-- Dumping data for table `misconduct_categories`
--

LOCK TABLES `misconduct_categories` WRITE;
/*!40000 ALTER TABLE `misconduct_categories` DISABLE KEYS */;
INSERT INTO `misconduct_categories` VALUES
(1,'test','test',1,'2025-11-26 15:58:35');
/*!40000 ALTER TABLE `misconduct_categories` ENABLE KEYS */;
UNLOCK TABLES;

--
-- Table structure for table `misconduct_incidents`
--

DROP TABLE IF EXISTS `misconduct_incidents`;
/*!40101 SET @saved_cs_client     = @@character_set_client */;
/*!40101 SET character_set_client = utf8mb4 */;
CREATE TABLE `misconduct_incidents` (
  `incident_id` int(11) NOT NULL AUTO_INCREMENT,
  `employee_id` int(11) NOT NULL,
  `category_id` int(11) NOT NULL,
  `incident_date` date NOT NULL,
  `reported_by` int(11) NOT NULL,
  `description` text NOT NULL,
  `severity` enum('low','medium','high','gross') DEFAULT 'low',
  `status` enum('open','under_investigation','closed') DEFAULT 'open',
  `created_at` timestamp NULL DEFAULT current_timestamp(),
  PRIMARY KEY (`incident_id`),
  KEY `employee_id` (`employee_id`),
  KEY `category_id` (`category_id`),
  KEY `reported_by` (`reported_by`)
) ENGINE=InnoDB AUTO_INCREMENT=2 DEFAULT CHARSET=utf8mb4 COLLATE=utf8mb4_unicode_ci;
/*!40101 SET character_set_client = @saved_cs_client */;

--
-- Dumping data for table `misconduct_incidents`
--

LOCK TABLES `misconduct_incidents` WRITE;
/*!40000 ALTER TABLE `misconduct_incidents` DISABLE KEYS */;
INSERT INTO `misconduct_incidents` VALUES
(1,2,1,'2025-11-26',1,'cvsgsdbsxb','low','closed','2025-11-26 15:59:10');
/*!40000 ALTER TABLE `misconduct_incidents` ENABLE KEYS */;
UNLOCK TABLES;

--
-- Table structure for table `misconduct_investigations`
--

DROP TABLE IF EXISTS `misconduct_investigations`;
/*!40101 SET @saved_cs_client     = @@character_set_client */;
/*!40101 SET character_set_client = utf8mb4 */;
CREATE TABLE `misconduct_investigations` (
  `investigation_id` int(11) NOT NULL AUTO_INCREMENT,
  `incident_id` int(11) NOT NULL,
  `investigator_id` int(11) NOT NULL,
  `start_date` date NOT NULL,
  `end_date` date DEFAULT NULL,
  `findings` text DEFAULT NULL,
  `recommendation` enum('dismiss','disciplinary_hearing','warning','no_action') DEFAULT 'no_action',
  `created_at` timestamp NULL DEFAULT current_timestamp(),
  PRIMARY KEY (`investigation_id`),
  KEY `incident_id` (`incident_id`),
  KEY `investigator_id` (`investigator_id`)
) ENGINE=InnoDB DEFAULT CHARSET=utf8mb4 COLLATE=utf8mb4_unicode_ci;
/*!40101 SET character_set_client = @saved_cs_client */;

--
-- Dumping data for table `misconduct_investigations`
--

LOCK TABLES `misconduct_investigations` WRITE;
/*!40000 ALTER TABLE `misconduct_investigations` DISABLE KEYS */;
/*!40000 ALTER TABLE `misconduct_investigations` ENABLE KEYS */;
UNLOCK TABLES;

--
-- Table structure for table `moh_report_logs`
--

DROP TABLE IF EXISTS `moh_report_logs`;
/*!40101 SET @saved_cs_client     = @@character_set_client */;
/*!40101 SET character_set_client = utf8mb4 */;
CREATE TABLE `moh_report_logs` (
  `report_id` int(11) NOT NULL AUTO_INCREMENT,
  `report_type` enum('HMIS','Maternity','HIV','TB','Immunization','CWC','Surgery') NOT NULL,
  `report_period` date NOT NULL,
  `facility_code` varchar(20) NOT NULL,
  `generated_by` int(11) NOT NULL,
  `generated_at` datetime DEFAULT current_timestamp(),
  `report_data` longtext CHARACTER SET utf8mb4 COLLATE utf8mb4_bin DEFAULT NULL CHECK (json_valid(`report_data`)),
  `status` enum('draft','submitted','approved','rejected') DEFAULT 'draft',
  `submission_date` datetime DEFAULT NULL,
  PRIMARY KEY (`report_id`),
  KEY `generated_by` (`generated_by`)
) ENGINE=InnoDB DEFAULT CHARSET=utf8mb4 COLLATE=utf8mb4_general_ci;
/*!40101 SET character_set_client = @saved_cs_client */;

--
-- Dumping data for table `moh_report_logs`
--

LOCK TABLES `moh_report_logs` WRITE;
/*!40000 ALTER TABLE `moh_report_logs` DISABLE KEYS */;
/*!40000 ALTER TABLE `moh_report_logs` ENABLE KEYS */;
UNLOCK TABLES;

--
-- Table structure for table `mpesa_logs`
--

DROP TABLE IF EXISTS `mpesa_logs`;
/*!40101 SET @saved_cs_client     = @@character_set_client */;
/*!40101 SET character_set_client = utf8mb4 */;
CREATE TABLE `mpesa_logs` (
  `log_id` int(11) NOT NULL AUTO_INCREMENT,
  `invoice_id` int(11) DEFAULT NULL,
  `phone_number` varchar(20) DEFAULT NULL,
  `amount` decimal(10,2) DEFAULT NULL,
  `request_data` text DEFAULT NULL,
  `response_data` text DEFAULT NULL,
  `http_code` int(11) DEFAULT NULL,
  `created_at` datetime DEFAULT NULL,
  `created_by` int(11) DEFAULT NULL,
  PRIMARY KEY (`log_id`)
) ENGINE=InnoDB DEFAULT CHARSET=utf8mb4 COLLATE=utf8mb4_general_ci;
/*!40101 SET character_set_client = @saved_cs_client */;

--
-- Dumping data for table `mpesa_logs`
--

LOCK TABLES `mpesa_logs` WRITE;
/*!40000 ALTER TABLE `mpesa_logs` DISABLE KEYS */;
/*!40000 ALTER TABLE `mpesa_logs` ENABLE KEYS */;
UNLOCK TABLES;

--
-- Table structure for table `mpesa_pending_transactions`
--

DROP TABLE IF EXISTS `mpesa_pending_transactions`;
/*!40101 SET @saved_cs_client     = @@character_set_client */;
/*!40101 SET character_set_client = utf8mb4 */;
CREATE TABLE `mpesa_pending_transactions` (
  `pending_id` int(11) NOT NULL AUTO_INCREMENT,
  `log_id` int(11) DEFAULT NULL,
  `invoice_id` int(11) DEFAULT NULL,
  `merchant_request_id` varchar(100) DEFAULT NULL,
  `checkout_request_id` varchar(100) DEFAULT NULL,
  `amount` decimal(10,2) DEFAULT NULL,
  `phone_number` varchar(20) DEFAULT NULL,
  `status` enum('pending','completed','failed','cancelled') DEFAULT 'pending',
  `payment_id` int(11) DEFAULT NULL,
  `created_at` datetime DEFAULT NULL,
  `updated_at` datetime DEFAULT NULL,
  PRIMARY KEY (`pending_id`)
) ENGINE=InnoDB DEFAULT CHARSET=utf8mb4 COLLATE=utf8mb4_general_ci;
/*!40101 SET character_set_client = @saved_cs_client */;

--
-- Dumping data for table `mpesa_pending_transactions`
--

LOCK TABLES `mpesa_pending_transactions` WRITE;
/*!40000 ALTER TABLE `mpesa_pending_transactions` DISABLE KEYS */;
/*!40000 ALTER TABLE `mpesa_pending_transactions` ENABLE KEYS */;
UNLOCK TABLES;

--
-- Table structure for table `mrn_sequences`
--

DROP TABLE IF EXISTS `mrn_sequences`;
/*!40101 SET @saved_cs_client     = @@character_set_client */;
/*!40101 SET character_set_client = utf8mb4 */;
CREATE TABLE `mrn_sequences` (
  `id` int(11) NOT NULL AUTO_INCREMENT,
  `facility_code` varchar(20) NOT NULL,
  `year` int(11) NOT NULL,
  `last_number` int(11) NOT NULL DEFAULT 0,
  PRIMARY KEY (`id`),
  UNIQUE KEY `uniq_facility_year` (`facility_code`,`year`)
) ENGINE=InnoDB AUTO_INCREMENT=4 DEFAULT CHARSET=utf8mb4 COLLATE=utf8mb4_unicode_ci;
/*!40101 SET character_set_client = @saved_cs_client */;

--
-- Dumping data for table `mrn_sequences`
--

LOCK TABLES `mrn_sequences` WRITE;
/*!40000 ALTER TABLE `mrn_sequences` DISABLE KEYS */;
INSERT INTO `mrn_sequences` VALUES
(1,'CLINICEMR12345',2026,0),
(2,'HOSP',2026,24),
(3,'CLINICEMR001',2026,26);
/*!40000 ALTER TABLE `mrn_sequences` ENABLE KEYS */;
UNLOCK TABLES;

--
-- Table structure for table `notifications`
--

DROP TABLE IF EXISTS `notifications`;
/*!40101 SET @saved_cs_client     = @@character_set_client */;
/*!40101 SET character_set_client = utf8mb4 */;
CREATE TABLE `notifications` (
  `notification_id` int(11) NOT NULL AUTO_INCREMENT,
  `notification_type` varchar(200) NOT NULL,
  `notification` varchar(1000) NOT NULL,
  `notification_action` varchar(250) DEFAULT NULL,
  `notification_timestamp` datetime NOT NULL DEFAULT current_timestamp(),
  `notification_dismissed_at` datetime DEFAULT NULL,
  `notification_dismissed_by` int(11) DEFAULT NULL,
  `notification_client_id` int(11) NOT NULL DEFAULT 0,
  `notification_user_id` int(11) NOT NULL DEFAULT 0,
  `notification_entity_id` int(11) DEFAULT 0,
  PRIMARY KEY (`notification_id`)
) ENGINE=InnoDB DEFAULT CHARSET=utf8mb4 COLLATE=utf8mb4_general_ci;
/*!40101 SET character_set_client = @saved_cs_client */;

--
-- Dumping data for table `notifications`
--

LOCK TABLES `notifications` WRITE;
/*!40000 ALTER TABLE `notifications` DISABLE KEYS */;
/*!40000 ALTER TABLE `notifications` ENABLE KEYS */;
UNLOCK TABLES;

--
-- Table structure for table `nurse_daily_notes`
--

DROP TABLE IF EXISTS `nurse_daily_notes`;
/*!40101 SET @saved_cs_client     = @@character_set_client */;
/*!40101 SET character_set_client = utf8mb4 */;
CREATE TABLE `nurse_daily_notes` (
  `note_id` int(11) NOT NULL AUTO_INCREMENT,
  `visit_id` int(11) NOT NULL,
  `patient_id` int(11) NOT NULL,
  `shift` enum('morning','evening','night') NOT NULL,
  `note_date` date NOT NULL,
  `subjective` text DEFAULT NULL COMMENT 'Patient complaints and feelings',
  `objective` text DEFAULT NULL COMMENT 'Observations and measurements',
  `assessment` text DEFAULT NULL COMMENT 'Nurse assessment',
  `plan` text DEFAULT NULL COMMENT 'Care plan',
  `notes` text DEFAULT NULL,
  `recorded_by` int(11) NOT NULL,
  `recorded_at` timestamp NULL DEFAULT current_timestamp(),
  `note_type` varchar(50) DEFAULT NULL,
  `note_content` text DEFAULT NULL,
  `status` enum('draft','finalized') NOT NULL DEFAULT 'draft',
  `finalized_at` timestamp NULL DEFAULT NULL,
  `finalized_by` int(11) DEFAULT NULL,
  PRIMARY KEY (`note_id`),
  KEY `patient_id` (`patient_id`),
  KEY `recorded_by` (`recorded_by`),
  KEY `idx_notes_visit_date` (`visit_id`,`note_date`)
) ENGINE=InnoDB AUTO_INCREMENT=9 DEFAULT CHARSET=utf8mb4 COLLATE=utf8mb4_general_ci;
/*!40101 SET character_set_client = @saved_cs_client */;

--
-- Dumping data for table `nurse_daily_notes`
--

LOCK TABLES `nurse_daily_notes` WRITE;
/*!40000 ALTER TABLE `nurse_daily_notes` DISABLE KEYS */;
INSERT INTO `nurse_daily_notes` VALUES
(1,14,19,'night','2025-11-12','test','test','test','test','test',1,'2025-11-12 13:24:09',NULL,NULL,'finalized',NULL,NULL),
(3,12,1,'morning','2025-12-26','Patient alert and oriented. Reports surgical site pain controlled.','Incision site clean and dry. Vital signs within normal limits.','Post-operative recovery progressing as expected.','Continue post-op care protocol. Monitor for complications.','',1,'2025-12-26 19:14:25',NULL,NULL,'draft',NULL,NULL),
(4,69,2,'evening','2026-01-15','test','test','test','test','test',1,'2026-01-15 12:35:51','daily',NULL,'finalized','2026-01-15 12:35:51',1),
(5,75,7,'evening','2026-01-15','test 2','test 2','test 2','test 2','test',1,'2026-01-15 13:16:31','daily',NULL,'finalized','2026-01-15 13:16:31',1),
(6,3,1,'evening','2026-01-18','test','test','test','test','test',1,'2026-01-18 16:59:01','daily',NULL,'finalized','2026-01-18 16:59:01',1),
(7,1,1,'evening','2026-01-18','test','test','test','test','test',1,'2026-01-18 17:01:36','daily',NULL,'finalized','2026-01-18 17:01:36',1),
(8,16,7,'night','2026-01-29','Patient reports feeling well. No new complaints.','Vital signs stable. Patient alert and oriented. No distress noted.','Patient condition stable. Tolerating current treatment well.','Continue current plan of care. Monitor vital signs regularly.','[10:04 PM] Patient resting comfortably. Family informed of status.',1,'2026-01-29 19:04:46','daily',NULL,'finalized','2026-01-29 19:04:46',1);
/*!40000 ALTER TABLE `nurse_daily_notes` ENABLE KEYS */;
UNLOCK TABLES;

--
-- Table structure for table `nurse_rounds`
--

DROP TABLE IF EXISTS `nurse_rounds`;
/*!40101 SET @saved_cs_client     = @@character_set_client */;
/*!40101 SET character_set_client = utf8mb4 */;
CREATE TABLE `nurse_rounds` (
  `nurse_round_id` bigint(20) NOT NULL AUTO_INCREMENT,
  `ipd_admission_id` bigint(20) NOT NULL,
  `visit_id` bigint(20) NOT NULL,
  `nurse_id` bigint(20) NOT NULL,
  `round_datetime` datetime NOT NULL,
  `round_type` enum('MORNING','EVENING','NIGHT','SPECIAL','OTHER') DEFAULT 'MORNING',
  `temperature` decimal(4,2) DEFAULT NULL,
  `pulse_rate` int(3) DEFAULT NULL,
  `respiratory_rate` int(3) DEFAULT NULL,
  `blood_pressure_systolic` int(3) DEFAULT NULL,
  `blood_pressure_diastolic` int(3) DEFAULT NULL,
  `oxygen_saturation` decimal(4,2) DEFAULT NULL,
  `pain_score` int(2) DEFAULT NULL,
  `general_condition` enum('STABLE','FAIR','SERIOUS','CRITICAL','IMPROVING','DETERIORATING') DEFAULT 'STABLE',
  `level_of_consciousness` varchar(50) DEFAULT NULL,
  `oral_intake` decimal(5,2) DEFAULT NULL COMMENT 'in ml',
  `iv_intake` decimal(5,2) DEFAULT NULL COMMENT 'in ml',
  `urine_output` decimal(5,2) DEFAULT NULL COMMENT 'in ml',
  `stool_output` varchar(50) DEFAULT NULL,
  `vomiting` enum('NONE','OCCASIONAL','FREQUENT','PROJECTILE') DEFAULT 'NONE',
  `personal_hygiene` text DEFAULT NULL,
  `position_change` text DEFAULT NULL,
  `skin_condition` text DEFAULT NULL,
  `wound_care` text DEFAULT NULL,
  `dressing_changes` text DEFAULT NULL,
  `medications_given` text DEFAULT NULL,
  `iv_fluids` text DEFAULT NULL,
  `observations` text DEFAULT NULL,
  `complaints` text DEFAULT NULL,
  `interventions` text DEFAULT NULL,
  `fall_risk_assessment` enum('LOW','MODERATE','HIGH') DEFAULT 'LOW',
  `pressure_ulcer_risk` enum('LOW','MODERATE','HIGH') DEFAULT 'LOW',
  `safety_precautions` text DEFAULT NULL,
  `patient_education` text DEFAULT NULL,
  `family_education` text DEFAULT NULL,
  `next_assessment_time` time DEFAULT NULL,
  `special_instructions` text DEFAULT NULL,
  `round_status` enum('COMPLETED','PENDING','CANCELLED') DEFAULT 'COMPLETED',
  `verified_by` bigint(20) DEFAULT NULL,
  `created_by` bigint(20) NOT NULL,
  `updated_by` bigint(20) DEFAULT NULL,
  `created_at` datetime DEFAULT current_timestamp(),
  `updated_at` datetime DEFAULT current_timestamp() ON UPDATE current_timestamp(),
  PRIMARY KEY (`nurse_round_id`),
  KEY `idx_ipd_admission_id` (`ipd_admission_id`),
  KEY `idx_visit_id` (`visit_id`),
  KEY `idx_nurse_id` (`nurse_id`),
  KEY `idx_round_datetime` (`round_datetime`),
  KEY `idx_round_type` (`round_type`),
  KEY `idx_round_status` (`round_status`)
) ENGINE=InnoDB AUTO_INCREMENT=3 DEFAULT CHARSET=utf8mb4 COLLATE=utf8mb4_unicode_ci COMMENT='Nursing ward rounds for IPD patients';
/*!40101 SET character_set_client = @saved_cs_client */;

--
-- Dumping data for table `nurse_rounds`
--

LOCK TABLES `nurse_rounds` WRITE;
/*!40000 ALTER TABLE `nurse_rounds` DISABLE KEYS */;
INSERT INTO `nurse_rounds` VALUES
(1,1,3,1,'2026-01-18 14:03:00','EVENING',34.00,72,16,120,80,98.00,2,'STABLE','0',500.00,900.00,700.00,'0','NONE','test','test','test','test','test','test','test','test','test','test','LOW','LOW','test','test','test','16:07:00','test','COMPLETED',NULL,1,NULL,'2026-01-18 14:05:56','2026-01-18 14:05:56'),
(2,2,12,1,'2026-01-20 08:28:00','MORNING',34.00,70,15,120,80,98.00,2,'STABLE','0',500.00,700.00,800.00,'0','OCCASIONAL','test','test','test','test','test','test','test','test','test','test','LOW','LOW','test','test','test','12:00:00','test','COMPLETED',NULL,1,NULL,'2026-01-20 08:31:03','2026-01-20 08:31:03');
/*!40000 ALTER TABLE `nurse_rounds` ENABLE KEYS */;
UNLOCK TABLES;

--
-- Table structure for table `nurse_tasks`
--

DROP TABLE IF EXISTS `nurse_tasks`;
/*!40101 SET @saved_cs_client     = @@character_set_client */;
/*!40101 SET character_set_client = utf8mb4 */;
CREATE TABLE `nurse_tasks` (
  `task_id` int(11) NOT NULL AUTO_INCREMENT,
  `task_title` varchar(255) NOT NULL,
  `task_description` text DEFAULT NULL,
  `priority` enum('low','medium','high') NOT NULL DEFAULT 'medium',
  `due_date` date DEFAULT NULL,
  `assigned_to` int(11) NOT NULL,
  `related_patient` int(11) DEFAULT NULL,
  `related_visit` int(11) DEFAULT NULL,
  `status` enum('pending','in_progress','completed') NOT NULL DEFAULT 'pending',
  `completion_notes` text DEFAULT NULL,
  `created_by` int(11) NOT NULL,
  `created_at` timestamp NULL DEFAULT current_timestamp(),
  `completed_by` int(11) DEFAULT NULL,
  `completed_at` timestamp NULL DEFAULT NULL,
  PRIMARY KEY (`task_id`)
) ENGINE=InnoDB AUTO_INCREMENT=4 DEFAULT CHARSET=utf8mb4 COLLATE=utf8mb4_general_ci;
/*!40101 SET character_set_client = @saved_cs_client */;

--
-- Dumping data for table `nurse_tasks`
--

LOCK TABLES `nurse_tasks` WRITE;
/*!40000 ALTER TABLE `nurse_tasks` DISABLE KEYS */;
INSERT INTO `nurse_tasks` VALUES
(1,'test','test','medium','2025-11-13',1,18,NULL,'completed','Done',1,'2025-11-12 12:42:13',1,'2025-11-12 12:47:10'),
(2,'test two','woooo','medium','2025-12-03',3,6,NULL,'pending',NULL,1,'2025-12-03 18:26:27',NULL,NULL),
(3,'medication','give adrenaline','low','2026-01-15',3,NULL,75,'pending','test',1,'2026-01-15 14:18:10',NULL,NULL);
/*!40000 ALTER TABLE `nurse_tasks` ENABLE KEYS */;
UNLOCK TABLES;

--
-- Table structure for table `nursing_assessments`
--

DROP TABLE IF EXISTS `nursing_assessments`;
/*!40101 SET @saved_cs_client     = @@character_set_client */;
/*!40101 SET character_set_client = utf8mb4 */;
CREATE TABLE `nursing_assessments` (
  `assessment_id` int(11) NOT NULL AUTO_INCREMENT,
  `visit_id` int(11) NOT NULL,
  `assessment_type` varchar(50) NOT NULL,
  `assessment_data` text DEFAULT NULL,
  `assessment_status` enum('pending','completed','reviewed') DEFAULT 'pending',
  `assessed_by` int(11) DEFAULT NULL,
  `assessed_at` timestamp NULL DEFAULT current_timestamp(),
  `reviewed_by` int(11) DEFAULT NULL,
  `reviewed_at` timestamp NULL DEFAULT NULL,
  `nursing_acuity` varchar(50) DEFAULT NULL,
  `fall_risk` varchar(50) DEFAULT NULL,
  `assessment_date` datetime DEFAULT NULL,
  PRIMARY KEY (`assessment_id`),
  KEY `assessed_by` (`assessed_by`),
  KEY `reviewed_by` (`reviewed_by`),
  KEY `idx_visit_assessment` (`visit_id`,`assessment_type`)
) ENGINE=InnoDB AUTO_INCREMENT=2 DEFAULT CHARSET=utf8mb4 COLLATE=utf8mb4_unicode_ci;
/*!40101 SET character_set_client = @saved_cs_client */;

--
-- Dumping data for table `nursing_assessments`
--

LOCK TABLES `nursing_assessments` WRITE;
/*!40000 ALTER TABLE `nursing_assessments` DISABLE KEYS */;
INSERT INTO `nursing_assessments` VALUES
(1,71,'initial','{\"chief_complaint\":\"test\",\"history_present_illness\":\"\",\"past_medical_history\":\"\",\"allergies\":\"test\",\"medications\":\"test\",\"social_history\":\"\",\"family_history\":\"\",\"review_of_systems\":[\"General: Fever\",\"Neurological: Headache\",\"Cardiovascular: Chest Pain\",\"Respiratory: Cough\",\"Gastrointestinal: Nausea\",\"Genitourinary: Dysuria\",\"Musculoskeletal: Joint Pain\"],\"general_appearance\":\"Ill appearing\",\"mental_status\":\"\",\"pain_assessment\":{\"location\":\"head\",\"scale\":0,\"quality\":\"sharp\",\"duration\":\"\"},\"neurological\":[\"Alert and oriented\",\"Normal strength\"],\"cardiovascular\":[\"Regular rhythm\"],\"respiratory\":[],\"gastrointestinal\":[],\"genitourinary\":[],\"musculoskeletal\":[],\"integumentary\":[],\"psychosocial\":[],\"nursing_diagnosis\":[\"Acute Pain\",\"Impaired Gas Exchange\",\"Ineffective Breathing Pattern\",\"Risk for Falls\"],\"priority_interventions\":[\"Monitor vital signs q15min\",\"Administer oxygen therapy\"],\"patient_education\":\"test\",\"disposition_plan\":\"Discharge home\",\"notes\":\"[10:11 PM] GCS: 12 (E3V4M5)\"}','completed',1,'2026-01-15 19:11:40',NULL,NULL,'Level 2 - Moderate','Low','2026-01-15 22:11:40');
/*!40000 ALTER TABLE `nursing_assessments` ENABLE KEYS */;
UNLOCK TABLES;

--
-- Table structure for table `nursing_handover_patients`
--

DROP TABLE IF EXISTS `nursing_handover_patients`;
/*!40101 SET @saved_cs_client     = @@character_set_client */;
/*!40101 SET character_set_client = utf8mb4 */;
CREATE TABLE `nursing_handover_patients` (
  `id` int(11) NOT NULL AUTO_INCREMENT,
  `handover_id` int(11) NOT NULL,
  `patient_id` int(11) NOT NULL,
  `added_at` datetime DEFAULT current_timestamp(),
  `is_active` tinyint(1) DEFAULT 1,
  PRIMARY KEY (`id`),
  KEY `fk_nhp_handover` (`handover_id`),
  KEY `fk_nhp_patient` (`patient_id`)
) ENGINE=InnoDB AUTO_INCREMENT=2 DEFAULT CHARSET=utf8mb4 COLLATE=utf8mb4_general_ci;
/*!40101 SET character_set_client = @saved_cs_client */;

--
-- Dumping data for table `nursing_handover_patients`
--

LOCK TABLES `nursing_handover_patients` WRITE;
/*!40000 ALTER TABLE `nursing_handover_patients` DISABLE KEYS */;
INSERT INTO `nursing_handover_patients` VALUES
(1,32,7,'2026-01-15 18:05:31',1);
/*!40000 ALTER TABLE `nursing_handover_patients` ENABLE KEYS */;
UNLOCK TABLES;

--
-- Table structure for table `nursing_handover_tasks`
--

DROP TABLE IF EXISTS `nursing_handover_tasks`;
/*!40101 SET @saved_cs_client     = @@character_set_client */;
/*!40101 SET character_set_client = utf8mb4 */;
CREATE TABLE `nursing_handover_tasks` (
  `task_id` int(11) NOT NULL AUTO_INCREMENT,
  `handover_id` int(11) NOT NULL,
  `task_description` text NOT NULL,
  `status` enum('pending','completed','cancelled') DEFAULT 'pending',
  `assigned_to` int(11) DEFAULT NULL,
  `created_at` datetime DEFAULT current_timestamp(),
  `updated_at` datetime DEFAULT NULL ON UPDATE current_timestamp(),
  `is_active` tinyint(1) DEFAULT 1,
  `priority` varchar(50) DEFAULT 'low',
  `due_date` datetime DEFAULT NULL,
  `completion_notes` text DEFAULT NULL,
  `completed_at` datetime DEFAULT NULL,
  `completed_by` int(11) DEFAULT NULL,
  PRIMARY KEY (`task_id`),
  KEY `fk_nht_handover` (`handover_id`),
  KEY `fk_nht_assigned_to` (`assigned_to`)
) ENGINE=InnoDB AUTO_INCREMENT=9 DEFAULT CHARSET=utf8mb4 COLLATE=utf8mb4_general_ci;
/*!40101 SET character_set_client = @saved_cs_client */;

--
-- Dumping data for table `nursing_handover_tasks`
--

LOCK TABLES `nursing_handover_tasks` WRITE;
/*!40000 ALTER TABLE `nursing_handover_tasks` DISABLE KEYS */;
INSERT INTO `nursing_handover_tasks` VALUES
(1,1,'All patients stable. No critical issues to report.','pending',2,'2025-11-13 19:19:50',NULL,1,'routine',NULL,NULL,NULL,NULL),
(2,2,'All patients stable. No critical issues to report.','pending',2,'2025-11-13 19:19:59',NULL,1,'routine',NULL,NULL,NULL,NULL),
(3,3,'All patients stable. No critical issues to report.','pending',2,'2025-11-13 19:20:06',NULL,1,'routine',NULL,NULL,NULL,NULL),
(4,29,'TEST','pending',3,'2025-12-04 10:02:25',NULL,1,'medium','2025-12-16 00:00:00',NULL,NULL,NULL),
(6,31,'qqqqq','pending',1,'2025-12-04 10:22:19',NULL,1,'medium','2025-12-05 00:00:00',NULL,NULL,NULL),
(7,30,'tesddff','pending',3,'2025-12-04 14:49:16',NULL,1,'medium',NULL,NULL,NULL,NULL),
(8,32,'Monitor and record vital signs: Temperature, Blood Pressure, Pulse, Respiratory Rate, SpO2 (Due: 06:00)','pending',NULL,'2026-01-15 18:05:31',NULL,1,'Medium',NULL,NULL,NULL,NULL);
/*!40000 ALTER TABLE `nursing_handover_tasks` ENABLE KEYS */;
UNLOCK TABLES;

--
-- Table structure for table `nursing_handovers`
--

DROP TABLE IF EXISTS `nursing_handovers`;
/*!40101 SET @saved_cs_client     = @@character_set_client */;
/*!40101 SET character_set_client = utf8mb4 */;
CREATE TABLE `nursing_handovers` (
  `handover_id` int(11) NOT NULL AUTO_INCREMENT,
  `from_nurse_id` int(11) NOT NULL,
  `to_nurse_id` int(11) NOT NULL,
  `shift_date` date NOT NULL,
  `from_shift` enum('morning','evening','night') NOT NULL,
  `to_shift` enum('morning','evening','night') NOT NULL,
  `handover_notes` text DEFAULT NULL,
  `acknowledgement_notes` text DEFAULT NULL,
  `acknowledged_at` datetime DEFAULT NULL,
  `tasks_completed_at` datetime DEFAULT NULL,
  `acknowledged_by` int(11) DEFAULT NULL,
  `critical_issues` text DEFAULT NULL,
  `pending_medications` text DEFAULT NULL,
  `special_instructions` text DEFAULT NULL,
  `handover_status` varchar(50) DEFAULT NULL,
  `created_at` timestamp NULL DEFAULT current_timestamp(),
  `completed_at` timestamp NULL DEFAULT NULL,
  `priority` enum('routine','urgent') NOT NULL DEFAULT 'routine',
  `updated_at` date DEFAULT NULL,
  PRIMARY KEY (`handover_id`),
  KEY `from_nurse_id` (`from_nurse_id`),
  KEY `to_nurse_id` (`to_nurse_id`)
) ENGINE=InnoDB AUTO_INCREMENT=33 DEFAULT CHARSET=utf8mb4 COLLATE=utf8mb4_general_ci;
/*!40101 SET character_set_client = @saved_cs_client */;

--
-- Dumping data for table `nursing_handovers`
--

LOCK TABLES `nursing_handovers` WRITE;
/*!40000 ALTER TABLE `nursing_handovers` DISABLE KEYS */;
INSERT INTO `nursing_handovers` VALUES
(1,1,2,'2025-11-13','evening','night','Routine care continued. All observations within normal parameters.',NULL,NULL,NULL,NULL,'All patients stable. No critical issues to report.','','','draft','2025-11-13 16:19:50',NULL,'routine',NULL),
(2,1,2,'2025-11-13','evening','night','Routine care continued. All observations within normal parameters.',NULL,NULL,NULL,NULL,'All patients stable. No critical issues to report.','','','draft','2025-11-13 16:19:59',NULL,'routine',NULL),
(3,1,2,'2025-11-13','evening','night','Routine care continued. All observations within normal parameters.',NULL,NULL,NULL,NULL,'All patients stable. No critical issues to report.','','','completed','2025-11-13 16:20:06',NULL,'routine',NULL),
(5,3,3,'2025-11-16','morning','evening','',NULL,NULL,NULL,NULL,'Monitor for post-operative complications. Watch for bleeding, infection signs.','','Strict input/output monitoring. Pain management as per protocol. Early mobilization encouraged.','completed','2025-11-16 11:19:37',NULL,'routine',NULL),
(6,3,1,'2025-11-16','morning','evening','',NULL,NULL,NULL,NULL,'Monitor for post-operative complications. Watch for bleeding, infection signs.','','Strict input/output monitoring. Pain management as per protocol. Early mobilization encouraged.','draft','2025-11-16 11:20:56',NULL,'routine',NULL),
(7,3,1,'2025-11-16','morning','evening','',NULL,NULL,NULL,NULL,'Monitor for post-operative complications. Watch for bleeding, infection signs.','','Strict input/output monitoring. Pain management as per protocol. Early mobilization encouraged.','completed','2025-11-16 11:20:57',NULL,'routine',NULL),
(8,3,1,'2025-11-16','morning','evening','',NULL,NULL,NULL,NULL,'Monitor for post-operative complications. Watch for bleeding, infection signs.','','Strict input/output monitoring. Pain management as per protocol. Early mobilization encouraged.','completed','2025-11-16 11:20:58',NULL,'routine',NULL),
(9,3,1,'2025-11-16','morning','evening','',NULL,NULL,NULL,NULL,'Monitor for post-operative complications. Watch for bleeding, infection signs.','','Strict input/output monitoring. Pain management as per protocol. Early mobilization encouraged.','completed','2025-11-16 11:20:59',NULL,'routine',NULL),
(10,3,1,'2025-11-16','morning','evening','',NULL,NULL,NULL,NULL,'Monitor for post-operative complications. Watch for bleeding, infection signs.','','Strict input/output monitoring. Pain management as per protocol. Early mobilization encouraged.','completed','2025-11-16 11:20:59',NULL,'routine',NULL),
(11,3,1,'2025-11-16','morning','evening','',NULL,NULL,NULL,NULL,'Monitor for post-operative complications. Watch for bleeding, infection signs.','','Strict input/output monitoring. Pain management as per protocol. Early mobilization encouraged.','completed','2025-11-16 11:20:59',NULL,'routine',NULL),
(12,3,1,'2025-11-16','morning','evening','',NULL,NULL,NULL,NULL,'Monitor for post-operative complications. Watch for bleeding, infection signs.','','Strict input/output monitoring. Pain management as per protocol. Early mobilization encouraged.','completed','2025-11-16 11:21:00',NULL,'routine',NULL),
(13,3,1,'2025-11-16','morning','evening','',NULL,NULL,NULL,NULL,'Monitor for post-operative complications. Watch for bleeding, infection signs.','','Strict input/output monitoring. Pain management as per protocol. Early mobilization encouraged.','completed','2025-11-16 11:21:00',NULL,'routine',NULL),
(14,3,1,'2025-11-16','morning','evening','',NULL,NULL,NULL,NULL,'Monitor for post-operative complications. Watch for bleeding, infection signs.','','Strict input/output monitoring. Pain management as per protocol. Early mobilization encouraged.','completed','2025-11-16 11:21:01',NULL,'routine',NULL),
(15,3,1,'2025-11-16','morning','evening','',NULL,NULL,NULL,NULL,'Monitor for post-operative complications. Watch for bleeding, infection signs.','','Strict input/output monitoring. Pain management as per protocol. Early mobilization encouraged.','completed','2025-11-16 11:21:01',NULL,'routine',NULL),
(16,3,1,'2025-11-16','morning','evening','',NULL,NULL,NULL,NULL,'Monitor for post-operative complications. Watch for bleeding, infection signs.','','Strict input/output monitoring. Pain management as per protocol. Early mobilization encouraged.','completed','2025-11-16 11:21:12',NULL,'routine',NULL),
(17,3,1,'2025-11-16','morning','evening','',NULL,NULL,NULL,NULL,'Monitor for post-operative complications. Watch for bleeding, infection signs.','','Strict input/output monitoring. Pain management as per protocol. Early mobilization encouraged.','completed','2025-11-16 11:21:19',NULL,'routine',NULL),
(18,3,1,'2025-11-16','morning','evening','',NULL,NULL,NULL,NULL,'Monitor for post-operative complications. Watch for bleeding, infection signs.','','Strict input/output monitoring. Pain management as per protocol. Early mobilization encouraged.','completed','2025-11-16 11:21:19',NULL,'routine',NULL),
(19,3,1,'2025-11-16','morning','evening','',NULL,NULL,NULL,NULL,'Monitor for post-operative complications. Watch for bleeding, infection signs.','','Strict input/output monitoring. Pain management as per protocol. Early mobilization encouraged.','completed','2025-11-16 11:21:20',NULL,'routine',NULL),
(20,3,1,'2025-11-16','morning','evening','',NULL,NULL,NULL,NULL,'Monitor for post-operative complications. Watch for bleeding, infection signs.','','Strict input/output monitoring. Pain management as per protocol. Early mobilization encouraged.','completed','2025-11-16 11:21:20',NULL,'routine',NULL),
(21,3,1,'2025-11-16','morning','evening','',NULL,NULL,NULL,NULL,'Monitor for post-operative complications. Watch for bleeding, infection signs.','','Strict input/output monitoring. Pain management as per protocol. Early mobilization encouraged.','completed','2025-11-16 11:21:28',NULL,'routine',NULL),
(29,1,3,'2025-12-04','morning','evening','Routine care continued. All observations within normal parameters.',NULL,NULL,NULL,NULL,'All patients stable. No critical issues to report.','','','completed','2025-12-04 07:02:25',NULL,'routine',NULL),
(30,1,3,'2025-12-04','morning','evening','Standard care protocols followed. Please continue with scheduled medications and observations.',NULL,NULL,NULL,NULL,'No urgent matters. Routine monitoring required.','amoxcilin','booh','completed','2025-12-04 07:10:35',NULL,'routine','2025-12-04'),
(31,3,1,'2025-12-04','morning','evening','Isolation protocols in place. Ensure proper donning/doffing procedures.','test','2025-12-04 14:35:56',NULL,1,'All patients stable. No critical issues to report.','','Contact precautions. PPE required. Dedicated equipment in use.','received','2025-12-04 07:22:19',NULL,'routine',NULL),
(32,1,2,'2026-01-15','evening','night','test habdover',NULL,NULL,NULL,NULL,'test','test','test','pending','2026-01-15 15:05:31',NULL,'routine',NULL);
/*!40000 ALTER TABLE `nursing_handovers` ENABLE KEYS */;
UNLOCK TABLES;

--
-- Table structure for table `nursing_notes`
--

DROP TABLE IF EXISTS `nursing_notes`;
/*!40101 SET @saved_cs_client     = @@character_set_client */;
/*!40101 SET character_set_client = utf8mb4 */;
CREATE TABLE `nursing_notes` (
  `id` int(11) NOT NULL AUTO_INCREMENT,
  `visit_id` int(11) NOT NULL,
  `note_date` datetime DEFAULT current_timestamp(),
  `nurse_id` int(11) NOT NULL,
  `note_type` enum('SOAP','Progress','Assessment','Education','Handover','Incident','Other') DEFAULT 'Progress',
  `subjective` text DEFAULT NULL,
  `objective` text DEFAULT NULL,
  `assessment` text DEFAULT NULL,
  `plan` text DEFAULT NULL,
  `vital_signs` longtext CHARACTER SET utf8mb4 COLLATE utf8mb4_bin DEFAULT NULL CHECK (json_valid(`vital_signs`)),
  `interventions` text DEFAULT NULL,
  `response` text DEFAULT NULL,
  `education_provided` text DEFAULT NULL,
  `family_involvement` text DEFAULT NULL,
  `signature` varchar(255) DEFAULT NULL,
  `co_signer` int(11) DEFAULT NULL,
  `status` enum('Draft','Final','Corrected') DEFAULT 'Draft',
  `created_at` timestamp NULL DEFAULT current_timestamp(),
  `updated_at` timestamp NULL DEFAULT current_timestamp() ON UPDATE current_timestamp(),
  PRIMARY KEY (`id`),
  KEY `co_signer` (`co_signer`),
  KEY `idx_visit_id` (`visit_id`),
  KEY `idx_note_date` (`note_date`),
  KEY `idx_note_type` (`note_type`),
  KEY `idx_nurse_id` (`nurse_id`)
) ENGINE=InnoDB DEFAULT CHARSET=utf8mb4 COLLATE=utf8mb4_unicode_ci;
/*!40101 SET character_set_client = @saved_cs_client */;

--
-- Dumping data for table `nursing_notes`
--

LOCK TABLES `nursing_notes` WRITE;
/*!40000 ALTER TABLE `nursing_notes` DISABLE KEYS */;
/*!40000 ALTER TABLE `nursing_notes` ENABLE KEYS */;
UNLOCK TABLES;

--
-- Table structure for table `nursing_procedures`
--

DROP TABLE IF EXISTS `nursing_procedures`;
/*!40101 SET @saved_cs_client     = @@character_set_client */;
/*!40101 SET character_set_client = utf8mb4 */;
CREATE TABLE `nursing_procedures` (
  `id` int(11) NOT NULL AUTO_INCREMENT,
  `visit_id` int(11) NOT NULL,
  `procedure_name` varchar(150) NOT NULL,
  `procedure_category` varchar(100) DEFAULT NULL,
  `procedure_type` enum('Common','Custom') DEFAULT 'Common',
  `procedure_date` datetime NOT NULL,
  `custom_name` varchar(150) DEFAULT NULL,
  `custom_category` varchar(100) DEFAULT NULL,
  `patient_preparation` text DEFAULT NULL,
  `equipment_supplies` text DEFAULT NULL,
  `consent_verified` tinyint(1) DEFAULT 0,
  `allergies_checked` tinyint(1) DEFAULT 0,
  `timeout_completed` tinyint(1) DEFAULT 0,
  `procedure_steps` text NOT NULL,
  `start_time` time DEFAULT NULL,
  `end_time` time DEFAULT NULL,
  `patient_tolerance` enum('Good','Fair','Poor') DEFAULT NULL,
  `pain_during` enum('None','Mild','Moderate','Severe') DEFAULT NULL,
  `complications` varchar(255) DEFAULT NULL,
  `complication_details` text DEFAULT NULL,
  `patient_education` text DEFAULT NULL,
  `follow_up` text DEFAULT NULL,
  `next_procedure_due` datetime DEFAULT NULL,
  `procedure_outcome` enum('Successful','Partially Successful','Unsuccessful','Complicated') DEFAULT NULL,
  `performed_by` varchar(150) NOT NULL,
  `witness` varchar(150) DEFAULT NULL,
  `procedure_verified` tinyint(1) NOT NULL DEFAULT 0,
  `status` enum('Draft','Completed') DEFAULT 'Completed',
  `created_by` int(11) DEFAULT NULL,
  `created_at` datetime DEFAULT current_timestamp(),
  `updated_at` datetime DEFAULT current_timestamp() ON UPDATE current_timestamp(),
  PRIMARY KEY (`id`),
  KEY `idx_visit_date` (`visit_id`,`procedure_date`),
  KEY `idx_visit` (`visit_id`),
  KEY `idx_outcome` (`procedure_outcome`)
) ENGINE=InnoDB DEFAULT CHARSET=utf8mb4 COLLATE=utf8mb4_unicode_ci;
/*!40101 SET character_set_client = @saved_cs_client */;

--
-- Dumping data for table `nursing_procedures`
--

LOCK TABLES `nursing_procedures` WRITE;
/*!40000 ALTER TABLE `nursing_procedures` DISABLE KEYS */;
/*!40000 ALTER TABLE `nursing_procedures` ENABLE KEYS */;
UNLOCK TABLES;

--
-- Table structure for table `nursing_tasks`
--

DROP TABLE IF EXISTS `nursing_tasks`;
/*!40101 SET @saved_cs_client     = @@character_set_client */;
/*!40101 SET character_set_client = utf8mb4 */;
CREATE TABLE `nursing_tasks` (
  `id` int(11) NOT NULL AUTO_INCREMENT,
  `visit_id` int(11) NOT NULL,
  `task_type` enum('vitals','medication','wound_care','assessment','io_chart','procedure','education','other') NOT NULL,
  `task_description` varchar(255) NOT NULL,
  `scheduled_time` datetime NOT NULL,
  `due_time` datetime DEFAULT NULL,
  `completed_time` datetime DEFAULT NULL,
  `assigned_to` int(11) NOT NULL,
  `assigned_by` int(11) DEFAULT NULL,
  `priority` enum('Low','Medium','High','Critical') DEFAULT 'Medium',
  `status` enum('Pending','In Progress','Completed','Overdue','Cancelled') DEFAULT 'Pending',
  `notes` text DEFAULT NULL,
  `outcome` text DEFAULT NULL,
  `signature` varchar(255) DEFAULT NULL,
  `created_at` timestamp NULL DEFAULT current_timestamp(),
  `updated_at` timestamp NULL DEFAULT current_timestamp() ON UPDATE current_timestamp(),
  `task_status` varchar(50) DEFAULT NULL,
  `due_datetime` datetime DEFAULT NULL,
  PRIMARY KEY (`id`),
  KEY `assigned_by` (`assigned_by`),
  KEY `idx_visit_id` (`visit_id`),
  KEY `idx_task_type` (`task_type`),
  KEY `idx_status` (`status`),
  KEY `idx_scheduled_time` (`scheduled_time`),
  KEY `idx_assigned_to` (`assigned_to`)
) ENGINE=InnoDB AUTO_INCREMENT=6 DEFAULT CHARSET=utf8mb4 COLLATE=utf8mb4_unicode_ci;
/*!40101 SET character_set_client = @saved_cs_client */;

--
-- Dumping data for table `nursing_tasks`
--

LOCK TABLES `nursing_tasks` WRITE;
/*!40000 ALTER TABLE `nursing_tasks` DISABLE KEYS */;
INSERT INTO `nursing_tasks` VALUES
(1,75,'vitals','Monitor and record vital signs: Temperature, Blood Pressure, Pulse, Respiratory Rate, SpO2','2026-01-16 06:00:00',NULL,NULL,3,1,'Medium','Pending','tes',NULL,NULL,'2026-01-15 14:14:19','2026-01-15 14:14:19',NULL,NULL),
(2,12,'vitals','talke','2026-01-20 21:02:00',NULL,NULL,3,1,'Low','In Progress','test','',NULL,'2026-01-20 05:35:05','2026-01-20 05:47:06',NULL,'2026-01-20 21:02:00'),
(3,12,'medication','Administer scheduled medications as per doctor\'s orders','2026-01-20 06:17:00',NULL,NULL,3,1,'High','Pending','',NULL,NULL,'2026-01-20 05:59:10','2026-01-20 05:59:10',NULL,'2026-01-20 06:17:00'),
(4,12,'assessment','Complete comprehensive patient assessment including pain, neuro, respiratory, cardiovascular systems','2026-01-20 06:29:00',NULL,NULL,3,1,'Medium','Pending','',NULL,NULL,'2026-01-20 05:59:44','2026-01-20 05:59:44',NULL,'2026-01-20 06:29:00'),
(5,4,'vitals','Monitor and record vital signs: Temperature, Blood Pressure, Pulse, Respiratory Rate, SpO2','2026-01-20 06:30:00',NULL,NULL,2,1,'Medium','Pending','',NULL,NULL,'2026-01-20 06:00:55','2026-01-20 06:00:55',NULL,'2026-01-20 06:30:00');
/*!40000 ALTER TABLE `nursing_tasks` ENABLE KEYS */;
UNLOCK TABLES;

--
-- Table structure for table `opd_visits`
--

DROP TABLE IF EXISTS `opd_visits`;
/*!40101 SET @saved_cs_client     = @@character_set_client */;
/*!40101 SET character_set_client = utf8mb4 */;
CREATE TABLE `opd_visits` (
  `opd_visit_id` bigint(20) NOT NULL AUTO_INCREMENT,
  `visit_id` bigint(20) NOT NULL,
  `visit_category` enum('NEW','REVISIT','REFERRAL') NOT NULL,
  `referral_source` enum('SELF','FACILITY','COMMUNITY','NHIF','PRIVATE') DEFAULT 'SELF',
  `referred_from` varchar(150) DEFAULT NULL,
  `referred_to` varchar(150) DEFAULT NULL,
  `visit_outcome` enum('COMPLETED','REFERRED','ADMITTED','DIED') DEFAULT 'COMPLETED',
  `payment_mode` enum('CASH','NHIF','INSURANCE','WAIVER') NOT NULL,
  `insurance_id` bigint(20) DEFAULT NULL,
  `invoice_id` bigint(20) DEFAULT NULL,
  `bill_generated` tinyint(1) DEFAULT 0,
  `nurse_id` bigint(20) DEFAULT NULL,
  `created_at` datetime DEFAULT current_timestamp(),
  `updated_at` datetime DEFAULT current_timestamp() ON UPDATE current_timestamp(),
  PRIMARY KEY (`opd_visit_id`),
  UNIQUE KEY `visit_id` (`visit_id`),
  CONSTRAINT `opd_visits_ibfk_1` FOREIGN KEY (`visit_id`) REFERENCES `visits` (`visit_id`) ON DELETE CASCADE
) ENGINE=InnoDB AUTO_INCREMENT=2 DEFAULT CHARSET=utf8mb4 COLLATE=utf8mb4_unicode_ci;
/*!40101 SET character_set_client = @saved_cs_client */;

--
-- Dumping data for table `opd_visits`
--

LOCK TABLES `opd_visits` WRITE;
/*!40000 ALTER TABLE `opd_visits` DISABLE KEYS */;
INSERT INTO `opd_visits` VALUES
(1,1,'NEW','SELF',NULL,NULL,'COMPLETED','CASH',NULL,5001,1,201,'2026-01-17 11:17:18','2026-01-17 11:17:18');
/*!40000 ALTER TABLE `opd_visits` ENABLE KEYS */;
UNLOCK TABLES;

--
-- Table structure for table `operative_notes`
--

DROP TABLE IF EXISTS `operative_notes`;
/*!40101 SET @saved_cs_client     = @@character_set_client */;
/*!40101 SET character_set_client = utf8mb4 */;
CREATE TABLE `operative_notes` (
  `operative_id` int(11) NOT NULL AUTO_INCREMENT,
  `visit_id` int(11) NOT NULL,
  `surgeon_id` int(11) NOT NULL,
  `assistant_surgeon_id` int(11) DEFAULT NULL,
  `anesthesiologist_id` int(11) DEFAULT NULL,
  `scrub_nurse_id` int(11) DEFAULT NULL,
  `surgery_date` date NOT NULL,
  `start_time` time DEFAULT NULL,
  `end_time` time DEFAULT NULL,
  `duration_minutes` int(11) DEFAULT NULL,
  `preoperative_diagnosis` text NOT NULL,
  `postoperative_diagnosis` text DEFAULT NULL,
  `procedure_performed` text NOT NULL,
  `procedure_description` text DEFAULT NULL,
  `incision_type` varchar(255) DEFAULT NULL,
  `incision_location` text DEFAULT NULL,
  `findings` text DEFAULT NULL,
  `technique` text DEFAULT NULL,
  `estimated_blood_loss` int(11) DEFAULT NULL,
  `blood_transfusion` text DEFAULT NULL,
  `urine_output` int(11) DEFAULT NULL,
  `iv_fluids` text DEFAULT NULL,
  `specimens_sent` tinyint(1) DEFAULT 0,
  `specimens_description` text DEFAULT NULL,
  `closure_method` text DEFAULT NULL,
  `drains_placed` text DEFAULT NULL,
  `dressing_applied` text DEFAULT NULL,
  `intraop_complications` text DEFAULT NULL,
  `complication_management` text DEFAULT NULL,
  `condition_to_recovery` enum('Stable','Unstable','Critical') DEFAULT 'Stable',
  `to_recovery_notes` text DEFAULT NULL,
  `surgeon_signature` blob DEFAULT NULL,
  `assistant_signature` blob DEFAULT NULL,
  `note_complete` tinyint(1) DEFAULT 0,
  PRIMARY KEY (`operative_id`),
  KEY `idx_visit` (`visit_id`),
  KEY `idx_surgeon` (`surgeon_id`),
  KEY `idx_surgery_date` (`surgery_date`)
) ENGINE=InnoDB DEFAULT CHARSET=utf8mb4 COLLATE=utf8mb4_unicode_ci;
/*!40101 SET character_set_client = @saved_cs_client */;

--
-- Dumping data for table `operative_notes`
--

LOCK TABLES `operative_notes` WRITE;
/*!40000 ALTER TABLE `operative_notes` DISABLE KEYS */;
/*!40000 ALTER TABLE `operative_notes` ENABLE KEYS */;
UNLOCK TABLES;

--
-- Table structure for table `or_theaters`
--

DROP TABLE IF EXISTS `or_theaters`;
/*!40101 SET @saved_cs_client     = @@character_set_client */;
/*!40101 SET character_set_client = utf8mb4 */;
CREATE TABLE `or_theaters` (
  `theater_id` int(11) NOT NULL AUTO_INCREMENT,
  `theater_name` varchar(50) DEFAULT NULL,
  `theater_number` varchar(20) DEFAULT NULL,
  `theater_type` enum('main','minor','cardiac','neuro','ortho') DEFAULT NULL,
  `status` enum('active','maintenance','inactive') DEFAULT 'active',
  `created_at` datetime DEFAULT current_timestamp(),
  PRIMARY KEY (`theater_id`)
) ENGINE=InnoDB DEFAULT CHARSET=utf8mb4 COLLATE=utf8mb4_unicode_ci;
/*!40101 SET character_set_client = @saved_cs_client */;

--
-- Dumping data for table `or_theaters`
--

LOCK TABLES `or_theaters` WRITE;
/*!40000 ALTER TABLE `or_theaters` DISABLE KEYS */;
/*!40000 ALTER TABLE `or_theaters` ENABLE KEYS */;
UNLOCK TABLES;

--
-- Table structure for table `pacu_recovery`
--

DROP TABLE IF EXISTS `pacu_recovery`;
/*!40101 SET @saved_cs_client     = @@character_set_client */;
/*!40101 SET character_set_client = utf8mb4 */;
CREATE TABLE `pacu_recovery` (
  `pacu_id` int(11) NOT NULL AUTO_INCREMENT,
  `visit_id` int(11) NOT NULL,
  `admission_time` datetime DEFAULT current_timestamp(),
  `discharge_time` datetime DEFAULT NULL,
  `vital_signs_log` longtext CHARACTER SET utf8mb4 COLLATE utf8mb4_bin DEFAULT NULL CHECK (json_valid(`vital_signs_log`)),
  `aldrete_scores` longtext CHARACTER SET utf8mb4 COLLATE utf8mb4_bin DEFAULT NULL CHECK (json_valid(`aldrete_scores`)),
  `pain_scores` longtext CHARACTER SET utf8mb4 COLLATE utf8mb4_bin DEFAULT NULL CHECK (json_valid(`pain_scores`)),
  `sedation_scores` longtext CHARACTER SET utf8mb4 COLLATE utf8mb4_bin DEFAULT NULL CHECK (json_valid(`sedation_scores`)),
  `nausea_vomiting_scores` longtext CHARACTER SET utf8mb4 COLLATE utf8mb4_bin DEFAULT NULL CHECK (json_valid(`nausea_vomiting_scores`)),
  `airway_status` text DEFAULT NULL,
  `oxygen_saturation` decimal(5,2) DEFAULT NULL,
  `oxygen_support` varchar(100) DEFAULT NULL,
  `respiratory_rate` int(11) DEFAULT NULL,
  `blood_pressure` varchar(50) DEFAULT NULL,
  `heart_rate` int(11) DEFAULT NULL,
  `ecg_monitoring` tinyint(1) DEFAULT 0,
  `level_of_consciousness` text DEFAULT NULL,
  `orientation` text DEFAULT NULL,
  `pain_medications` text DEFAULT NULL,
  `pain_effectiveness` text DEFAULT NULL,
  `antiemetics_given` text DEFAULT NULL,
  `effectiveness` text DEFAULT NULL,
  `iv_fluids` text DEFAULT NULL,
  `urine_output` int(11) DEFAULT NULL,
  `drain_output` text DEFAULT NULL,
  `dressing_integrity` text DEFAULT NULL,
  `bleeding_assessment` text DEFAULT NULL,
  `meets_discharge_criteria` tinyint(1) DEFAULT 0,
  `discharge_notes` text DEFAULT NULL,
  `destination` enum('Ward','ICU','Home','Other') DEFAULT 'Ward',
  `pacu_complications` text DEFAULT NULL,
  `intervention_required` text DEFAULT NULL,
  `nurse_signature` blob DEFAULT NULL,
  `handover_complete` tinyint(1) DEFAULT 0,
  PRIMARY KEY (`pacu_id`),
  KEY `idx_visit` (`visit_id`),
  KEY `idx_admission_time` (`admission_time`)
) ENGINE=InnoDB DEFAULT CHARSET=utf8mb4 COLLATE=utf8mb4_unicode_ci;
/*!40101 SET character_set_client = @saved_cs_client */;

--
-- Dumping data for table `pacu_recovery`
--

LOCK TABLES `pacu_recovery` WRITE;
/*!40000 ALTER TABLE `pacu_recovery` DISABLE KEYS */;
/*!40000 ALTER TABLE `pacu_recovery` ENABLE KEYS */;
UNLOCK TABLES;

--
-- Table structure for table `patient_activities`
--

DROP TABLE IF EXISTS `patient_activities`;
/*!40101 SET @saved_cs_client     = @@character_set_client */;
/*!40101 SET character_set_client = utf8mb4 */;
CREATE TABLE `patient_activities` (
  `activity_id` int(11) NOT NULL AUTO_INCREMENT,
  `patient_id` int(11) NOT NULL,
  `activity_type` varchar(255) NOT NULL,
  `activity_description` text NOT NULL,
  `activity_created_by` int(11) NOT NULL,
  `activity_datetime` datetime NOT NULL DEFAULT current_timestamp(),
  `activity_status` enum('Pending','In Progress','Completed','Cancelled') NOT NULL DEFAULT 'Completed',
  `activity_related_to` varchar(100) DEFAULT NULL COMMENT 'Related entity (e.g., visit, file, invoice)',
  `activity_related_id` int(11) DEFAULT NULL COMMENT 'ID of related entity',
  `activity_priority` enum('Low','Medium','High','Critical') NOT NULL DEFAULT 'Medium',
  `activity_due_date` datetime DEFAULT NULL,
  `activity_archived_at` datetime DEFAULT NULL,
  `activity_archived_by` int(11) DEFAULT NULL,
  PRIMARY KEY (`activity_id`),
  KEY `idx_activity_patient_id` (`patient_id`),
  KEY `idx_activity_created_by` (`activity_created_by`),
  KEY `idx_activity_datetime` (`activity_datetime`),
  KEY `idx_activity_type` (`activity_type`),
  KEY `idx_activity_status` (`activity_status`),
  KEY `idx_activity_priority` (`activity_priority`),
  KEY `idx_activity_related` (`activity_related_to`,`activity_related_id`),
  KEY `idx_activity_archived_at` (`activity_archived_at`),
  KEY `idx_activity_due_date` (`activity_due_date`),
  KEY `fk_activity_archived_by` (`activity_archived_by`),
  KEY `idx_active_patient_activities` (`patient_id`,`activity_archived_at`),
  KEY `idx_recent_activities` (`activity_datetime` DESC,`patient_id`),
  KEY `idx_activity_search` (`activity_type`,`activity_status`,`activity_priority`)
) ENGINE=InnoDB AUTO_INCREMENT=22 DEFAULT CHARSET=utf8mb4 COLLATE=utf8mb4_unicode_ci;
/*!40101 SET character_set_client = @saved_cs_client */;

--
-- Dumping data for table `patient_activities`
--

LOCK TABLES `patient_activities` WRITE;
/*!40000 ALTER TABLE `patient_activities` DISABLE KEYS */;
INSERT INTO `patient_activities` VALUES
(1,1,'Note','Patient admitted for routine checkup',1,'2025-11-22 08:50:19','Completed','visit',1,'Medium',NULL,NULL,NULL),
(2,1,'File Upload','Uploaded blood test results',1,'2025-11-22 08:50:19','Completed','file',1,'Low',NULL,NULL,NULL),
(3,1,'Assessment','Initial health assessment completed',2,'2025-11-22 08:50:19','Completed','visit',1,'High',NULL,NULL,NULL),
(4,2,'Note','Follow-up appointment scheduled',1,'2025-11-22 08:50:19','Pending','visit',2,'Medium',NULL,NULL,NULL),
(5,2,'File Upload','Uploaded insurance documents',3,'2025-11-22 08:50:19','Completed','file',3,'Low',NULL,NULL,NULL),
(6,3,'File Archive','Archived old identification documents',1,'2025-11-22 08:50:19','Completed','file',4,'Low',NULL,NULL,NULL),
(7,1,'Vital Signs','Recorded blood pressure: 120/80',2,'2025-11-22 08:50:19','Completed','visit',1,'Medium',NULL,NULL,NULL),
(8,2,'Medication','Prescribed antibiotics for infection',1,'2025-11-22 08:50:19','In Progress','visit',2,'High',NULL,NULL,NULL),
(9,2,'File Archive','Archived file: urinalysis_report.pdf',1,'2025-11-22 08:50:32','Completed',NULL,NULL,'Medium',NULL,NULL,NULL),
(10,2,'File Upload','Uploaded 3 file(s) in category: Medical Report',1,'2025-11-22 09:40:35','Completed',NULL,NULL,'Medium',NULL,NULL,NULL),
(11,2,'File Download','Downloaded file: Cash Flow - Kavuludi surgical centre.pdf (10.87 KB)',1,'2025-11-22 10:03:53','Completed',NULL,NULL,'Medium',NULL,NULL,NULL),
(12,4,'File Upload','Uploaded 1 file(s) to visit #4 in category: Lab Results',1,'2025-11-22 10:14:45','Completed',NULL,NULL,'Medium',NULL,NULL,NULL),
(13,4,'File Upload','Uploaded 1 file(s) to visit #4 in category: Imaging',1,'2025-11-22 10:16:55','Completed',NULL,NULL,'Medium',NULL,NULL,NULL),
(14,3,'File Upload','Uploaded 1 file(s) to visit #3 in category: Medical Report',1,'2025-11-22 10:19:45','Completed',NULL,NULL,'Medium',NULL,NULL,NULL),
(15,2,'File Download','Downloaded file: receipt.pdf (16.72 KB)',1,'2025-11-23 07:52:32','Completed',NULL,NULL,'Medium',NULL,NULL,NULL),
(16,4,'File Upload','Uploaded 1 file(s) to visit #10 in category: Medical Report',1,'2025-12-07 17:43:12','Completed',NULL,NULL,'Medium',NULL,NULL,NULL),
(17,4,'File Download','Downloaded file: pxlogo.png (50.79 KB)',1,'2025-12-07 17:45:41','Completed',NULL,NULL,'Medium',NULL,NULL,NULL),
(18,3,'File Upload','Uploaded 1 file(s) to surgical case #1 in category: Medical Report',1,'2025-12-28 20:16:22','Completed',NULL,NULL,'Medium',NULL,NULL,NULL),
(19,3,'File Delete','Deleted file: CamScanner 12-08-2025 21.47.jpg from surgical case #1',1,'2025-12-28 20:16:50','Completed',NULL,NULL,'Medium',NULL,NULL,NULL),
(20,3,'File Upload','Uploaded 1 file(s) to surgical case #1 in category: Medical Report',1,'2025-12-28 20:16:59','Completed',NULL,NULL,'Medium',NULL,NULL,NULL),
(21,3,'File Upload','Uploaded 1 file(s) to surgical case #1 in category: Other',1,'2025-12-28 20:20:39','Completed',NULL,NULL,'Medium',NULL,NULL,NULL);
/*!40000 ALTER TABLE `patient_activities` ENABLE KEYS */;
UNLOCK TABLES;

--
-- Table structure for table `patient_alerts`
--

DROP TABLE IF EXISTS `patient_alerts`;
/*!40101 SET @saved_cs_client     = @@character_set_client */;
/*!40101 SET character_set_client = utf8mb4 */;
CREATE TABLE `patient_alerts` (
  `alert_id` int(11) NOT NULL AUTO_INCREMENT,
  `visit_id` int(11) NOT NULL,
  `alert_type` enum('critical','warning','info') NOT NULL DEFAULT 'warning',
  `alert_message` text NOT NULL,
  `is_active` tinyint(1) NOT NULL DEFAULT 1,
  `created_by` int(11) NOT NULL,
  `created_at` timestamp NULL DEFAULT current_timestamp(),
  `acknowledged_by` int(11) DEFAULT NULL,
  `acknowledged_at` timestamp NULL DEFAULT NULL,
  `resolved_by` int(11) DEFAULT NULL,
  `resolved_at` timestamp NULL DEFAULT NULL,
  PRIMARY KEY (`alert_id`),
  KEY `created_by` (`created_by`),
  KEY `acknowledged_by` (`acknowledged_by`),
  KEY `resolved_by` (`resolved_by`),
  KEY `idx_visit_active` (`visit_id`,`is_active`),
  KEY `idx_created_at` (`created_at`)
) ENGINE=InnoDB DEFAULT CHARSET=utf8mb4 COLLATE=utf8mb4_unicode_ci;
/*!40101 SET character_set_client = @saved_cs_client */;

--
-- Dumping data for table `patient_alerts`
--

LOCK TABLES `patient_alerts` WRITE;
/*!40000 ALTER TABLE `patient_alerts` DISABLE KEYS */;
/*!40000 ALTER TABLE `patient_alerts` ENABLE KEYS */;
UNLOCK TABLES;

--
-- Table structure for table `patient_emergency_contacts`
--

DROP TABLE IF EXISTS `patient_emergency_contacts`;
/*!40101 SET @saved_cs_client     = @@character_set_client */;
/*!40101 SET character_set_client = utf8mb4 */;
CREATE TABLE `patient_emergency_contacts` (
  `contact_id` int(11) NOT NULL AUTO_INCREMENT,
  `patient_id` int(11) NOT NULL,
  `contact_name` varchar(150) NOT NULL,
  `contact_relationship` varchar(100) DEFAULT NULL,
  `contact_phone` varchar(30) DEFAULT NULL,
  `contact_mobile` varchar(30) DEFAULT NULL,
  `contact_email` varchar(100) DEFAULT NULL,
  `created_by` int(11) DEFAULT NULL,
  `updated_by` int(11) DEFAULT NULL,
  `created_at` datetime DEFAULT current_timestamp(),
  `updated_at` datetime DEFAULT current_timestamp() ON UPDATE current_timestamp(),
  PRIMARY KEY (`contact_id`),
  KEY `patient_id` (`patient_id`),
  KEY `fk_emergency_created_by` (`created_by`),
  KEY `fk_emergency_updated_by` (`updated_by`)
) ENGINE=InnoDB AUTO_INCREMENT=9 DEFAULT CHARSET=utf8mb4 COLLATE=utf8mb4_general_ci;
/*!40101 SET character_set_client = @saved_cs_client */;

--
-- Dumping data for table `patient_emergency_contacts`
--

LOCK TABLES `patient_emergency_contacts` WRITE;
/*!40000 ALTER TABLE `patient_emergency_contacts` DISABLE KEYS */;
INSERT INTO `patient_emergency_contacts` VALUES
(1,1,'Jackson Irausa','Father','0798530739','07083737373','irausa@gmail.com',1,1,'2025-11-12 20:10:15','2025-11-13 09:46:38'),
(2,2,'HUMPHREY LIDWAJI','Child','0798530739','','',1,NULL,'2025-11-13 07:54:55','2025-11-13 07:54:55'),
(3,3,'HUMPHREY LIDWAJI','Brother','0736710443','','',1,1,'2025-11-13 09:31:33','2025-11-15 21:53:49'),
(4,4,'HUMPHREY LIDWAJI','Father','0716206573','','',1,NULL,'2025-11-19 10:00:15','2025-11-19 10:00:15'),
(5,5,'MKUKI MCHUNGU','','','','',1,NULL,'2025-11-21 21:21:00','2025-11-21 21:21:00'),
(6,6,'TEST','Father','','','',1,NULL,'2025-11-28 16:41:12','2025-11-28 16:41:12'),
(7,7,'TEST','','','','',1,1,'2025-11-28 19:09:56','2026-01-10 12:53:25'),
(8,8,'MAMA YAO','','','','',1,NULL,'2026-01-10 13:14:55','2026-01-10 13:14:55');
/*!40000 ALTER TABLE `patient_emergency_contacts` ENABLE KEYS */;
UNLOCK TABLES;

--
-- Table structure for table `patient_files`
--

DROP TABLE IF EXISTS `patient_files`;
/*!40101 SET @saved_cs_client     = @@character_set_client */;
/*!40101 SET character_set_client = utf8mb4 */;
CREATE TABLE `patient_files` (
  `file_id` int(11) NOT NULL AUTO_INCREMENT,
  `file_patient_id` int(11) NOT NULL,
  `file_visit_id` int(11) DEFAULT NULL,
  `file_category` varchar(100) NOT NULL,
  `file_original_name` varchar(255) NOT NULL,
  `file_saved_name` varchar(255) NOT NULL,
  `file_path` varchar(500) NOT NULL,
  `file_size` int(11) NOT NULL COMMENT 'File size in bytes',
  `file_type` varchar(50) NOT NULL COMMENT 'File extension/type',
  `file_description` text DEFAULT NULL,
  `file_visibility` enum('Private','Shared','Restricted') NOT NULL DEFAULT 'Private',
  `file_uploaded_by` int(11) NOT NULL,
  `file_uploaded_at` datetime NOT NULL DEFAULT current_timestamp(),
  `file_archived_at` datetime DEFAULT NULL,
  `file_archived_by` int(11) DEFAULT NULL,
  `file_version` int(11) NOT NULL DEFAULT 1 COMMENT 'For version control if files are updated',
  `file_tags` varchar(500) DEFAULT NULL COMMENT 'Comma separated tags for searchability',
  `file_checksum` varchar(64) DEFAULT NULL COMMENT 'SHA256 checksum for file integrity',
  `file_download_count` int(11) DEFAULT 0,
  `file_related_type` varchar(50) DEFAULT NULL,
  `file_related_id` int(11) DEFAULT NULL,
  PRIMARY KEY (`file_id`),
  KEY `idx_file_patient_id` (`file_patient_id`),
  KEY `idx_file_visit_id` (`file_visit_id`),
  KEY `idx_file_uploaded_by` (`file_uploaded_by`),
  KEY `idx_file_category` (`file_category`),
  KEY `idx_file_visibility` (`file_visibility`),
  KEY `idx_file_uploaded_at` (`file_uploaded_at`),
  KEY `idx_file_archived_at` (`file_archived_at`),
  KEY `idx_file_type` (`file_type`),
  KEY `fk_file_archived_by` (`file_archived_by`),
  KEY `idx_active_patient_files` (`file_patient_id`,`file_archived_at`),
  KEY `idx_recent_uploads` (`file_uploaded_at` DESC,`file_patient_id`),
  FULLTEXT KEY `idx_file_search` (`file_original_name`,`file_description`,`file_tags`)
) ENGINE=InnoDB AUTO_INCREMENT=15 DEFAULT CHARSET=utf8mb4 COLLATE=utf8mb4_unicode_ci;
/*!40101 SET character_set_client = @saved_cs_client */;

--
-- Dumping data for table `patient_files`
--

LOCK TABLES `patient_files` WRITE;
/*!40000 ALTER TABLE `patient_files` DISABLE KEYS */;
INSERT INTO `patient_files` VALUES
(1,1,1,'Medical Report','blood_test_results.pdf','64a1b2c3d4e5f_blood_test.pdf','/uploads/patient_files/64a1b2c3d4e5f_blood_test.pdf',2048576,'pdf','Complete blood count and lipid panel results','Private',1,'2025-11-22 08:15:20','2025-11-22 08:48:03',1,1,'lab,blood test,cbc',NULL,0,NULL,NULL),
(2,1,NULL,'Insurance','health_insurance_card.jpg','64a1b2c3d4e5f_insurance.jpg','/uploads/patient_files/64a1b2c3d4e5f_insurance.jpg',512000,'jpg','Front and back of insurance card','Shared',1,'2025-11-22 08:15:20',NULL,NULL,1,'insurance,id card',NULL,0,NULL,NULL),
(3,2,2,'Lab Results','urinalysis_report.pdf','64a1b2c3d4e6g_urinalysis.pdf','/uploads/patient_files/64a1b2c3d4e6g_urinalysis.pdf',1536000,'pdf','Routine urinalysis results','Private',2,'2025-11-22 08:15:20','2025-11-22 08:50:32',1,1,'lab,urinalysis',NULL,0,NULL,NULL),
(4,3,NULL,'Identification','patient_id_proof.pdf','64a1b2c3d4e7h_id.pdf','/uploads/patient_files/64a1b2c3d4e7h_id.pdf',1024000,'pdf','Government issued ID proof','Restricted',1,'2025-11-22 08:15:20',NULL,NULL,1,'identification,id proof',NULL,0,NULL,NULL),
(5,2,NULL,'Medical Report','Cash Flow - Kavuludi surgical centre.pdf','69215ae30c443_1763793635.pdf','/var/www/html/uploads/patient_files/69215ae30c443_1763793635.pdf',11127,'pdf','','Private',1,'2025-11-22 09:40:35',NULL,NULL,1,NULL,NULL,1,NULL,NULL),
(6,2,NULL,'Medical Report','product_prices.xlsx','69215ae30c517_1763793635.xlsx','/var/www/html/uploads/patient_files/69215ae30c517_1763793635.xlsx',6296,'xlsx','','Private',1,'2025-11-22 09:40:35',NULL,NULL,1,NULL,NULL,0,NULL,NULL),
(7,2,NULL,'Medical Report','receipt.pdf','69215ae30c584_1763793635.pdf','/var/www/html/uploads/patient_files/69215ae30c584_1763793635.pdf',17126,'pdf','','Private',1,'2025-11-22 09:40:35',NULL,NULL,1,NULL,NULL,1,NULL,NULL),
(8,4,4,'Lab Results','WhatsApp Image 2025-11-04 at 11.43.12 AM.jpeg','692162e532c76_1763795685.jpeg','/var/www/html/uploads/patient_files/692162e532c76_1763795685.jpeg',91289,'jpeg','','Private',1,'2025-11-22 10:14:45',NULL,NULL,1,NULL,NULL,0,NULL,NULL),
(9,4,4,'Imaging','product_prices.xlsx','692163671d401_1763795815.xlsx','/var/www/html/uploads/patient_files/692163671d401_1763795815.xlsx',6296,'xlsx','','Private',1,'2025-11-22 10:16:55',NULL,NULL,1,NULL,NULL,0,NULL,NULL),
(10,3,3,'Medical Report','Payroll - Kavuludi surgical centre.pdf','692164116a8b9_1763795985.pdf','/var/www/html/uploads/patient_files/692164116a8b9_1763795985.pdf',13039,'pdf','','Private',1,'2025-11-22 10:19:45',NULL,NULL,1,NULL,NULL,0,NULL,NULL),
(11,4,10,'Medical Report','pxlogo.png','69359280a3acd_1765118592.png','/var/www/html/uploads/patient_files/69359280a3acd_1765118592.png',52014,'png','','Private',1,'2025-12-07 17:43:12',NULL,NULL,1,NULL,NULL,1,NULL,NULL),
(12,3,19,'Medical Report','CamScanner 12-08-2025 21.47.jpg','695165e65287a_1766942182_CamScanner_12-08-2025_21.47.jpg','/uploads/surgical_documents/695165e65287a_1766942182_CamScanner_12-08-2025_21.47.jpg',16502,'jpg','','Private',1,'2025-12-28 20:16:22','2025-12-28 20:16:50',NULL,1,NULL,NULL,0,'surgical_case',1),
(13,3,19,'Medical Report','CamScanner 12-08-2025 21.47.jpg','6951660b4d5b5_1766942219_CamScanner_12-08-2025_21.47.jpg','/uploads/surgical_documents/6951660b4d5b5_1766942219_CamScanner_12-08-2025_21.47.jpg',16502,'jpg','','Private',1,'2025-12-28 20:16:59',NULL,NULL,1,NULL,NULL,0,'surgical_case',1),
(14,3,19,'Other','pxlogo.png','695166e78b4c5_1766942439_pxlogo.png','/uploads/surgical_documents/695166e78b4c5_1766942439_pxlogo.png',52014,'png','','Private',1,'2025-12-28 20:20:39',NULL,NULL,1,NULL,NULL,0,'surgical_case',1);
/*!40000 ALTER TABLE `patient_files` ENABLE KEYS */;
UNLOCK TABLES;

--
-- Table structure for table `patient_history`
--

DROP TABLE IF EXISTS `patient_history`;
/*!40101 SET @saved_cs_client     = @@character_set_client */;
/*!40101 SET character_set_client = utf8mb4 */;
CREATE TABLE `patient_history` (
  `history_id` int(11) NOT NULL AUTO_INCREMENT,
  `visit_id` int(11) NOT NULL,
  `patient_id` int(11) NOT NULL,
  `history_type` enum('medical','surgical','family','social','allergies','medications','habits') NOT NULL,
  `history_description` varchar(500) NOT NULL,
  `history_notes` text DEFAULT NULL,
  `onset_date` date DEFAULT NULL,
  `severity` enum('mild','moderate','severe') DEFAULT NULL,
  `status` enum('active','resolved','chronic') DEFAULT 'active',
  `family_history` tinyint(1) DEFAULT 0,
  `recorded_by` int(11) NOT NULL,
  `recorded_at` timestamp NULL DEFAULT current_timestamp(),
  `updated_at` timestamp NULL DEFAULT NULL ON UPDATE current_timestamp(),
  PRIMARY KEY (`history_id`),
  KEY `recorded_by` (`recorded_by`),
  KEY `idx_patient_id` (`patient_id`),
  KEY `idx_visit_id` (`visit_id`),
  KEY `idx_history_type` (`history_type`),
  KEY `idx_status` (`status`),
  KEY `idx_recorded_at` (`recorded_at`)
) ENGINE=InnoDB AUTO_INCREMENT=15 DEFAULT CHARSET=utf8mb4 COLLATE=utf8mb4_unicode_ci;
/*!40101 SET character_set_client = @saved_cs_client */;

--
-- Dumping data for table `patient_history`
--

LOCK TABLES `patient_history` WRITE;
/*!40000 ALTER TABLE `patient_history` DISABLE KEYS */;
INSERT INTO `patient_history` VALUES
(1,1,1,'medical','Hypertension','Diagnosed 5 years ago, controlled with Lisinopril 10mg daily. Blood pressure typically 130-140/80-85.','2018-03-15','mild','chronic',0,1,'2025-11-13 12:55:53','2025-12-26 19:13:45'),
(2,1,1,'allergies','Penicillin Allergy','Develops urticaria and itching within 2 hours of administration. Confirmed by allergist in 2015.','2015-06-10','moderate','active',0,1,'2025-11-13 12:55:53',NULL),
(3,1,1,'surgical','Appendectomy','Emergency appendectomy performed in 2017. No complications, recovered well.','2017-08-22',NULL,'resolved',0,1,'2025-11-13 12:55:53',NULL),
(4,1,1,'family','Cardiac Disease','Father had myocardial infarction at age 65. Mother has hypertension.',NULL,NULL,'active',1,1,'2025-11-13 12:55:53',NULL),
(5,1,1,'habits','Non-smoker','Never smoked tobacco products. Occasional social alcohol consumption (1-2 drinks per week).',NULL,NULL,'active',0,1,'2025-11-13 12:55:53',NULL),
(6,1,1,'medications','Current Medications','Lisinopril 10mg daily, Atorvastatin 20mg daily, Aspirin 81mg daily, Vitamin D 1000IU daily.',NULL,NULL,'active',0,1,'2025-11-13 12:55:53',NULL),
(7,2,1,'habits','test','test','2025-11-13','mild','active',1,1,'2025-11-13 13:07:03',NULL),
(8,1,2,'medical','Hypertension','Diagnosed 5 years ago, controlled with medication','2025-11-14','mild','active',1,1,'2025-11-14 08:18:50',NULL),
(9,1,2,'habits','Non-smoker','Never smoked','2025-11-14','mild','active',1,1,'2025-11-14 18:29:15',NULL),
(10,4,4,'surgical','Appendectomy','Performed in 2018, no complications','2025-11-19','mild','active',0,1,'2025-11-19 07:01:57',NULL),
(11,8,1,'medical','Hypertension','Diagnosed 5 years ago, controlled with medication','2025-12-04','mild','active',0,1,'2025-12-04 19:00:29','2025-12-04 19:02:16'),
(12,6,6,'medical','hy','test','2025-12-17','mild','active',0,1,'2025-12-17 18:35:03',NULL),
(13,7,7,'medical','Diabetes Type 2','Diet controlled, diagnosed 3 years ago','2025-12-17','moderate','active',0,1,'2025-12-17 18:42:27','2025-12-17 18:43:46'),
(14,7,7,'habits','Non-smoker','Never smoked','2025-12-18','mild','active',0,1,'2025-12-18 05:23:24',NULL);
/*!40000 ALTER TABLE `patient_history` ENABLE KEYS */;
UNLOCK TABLES;

--
-- Table structure for table `patient_iv_fluids`
--

DROP TABLE IF EXISTS `patient_iv_fluids`;
/*!40101 SET @saved_cs_client     = @@character_set_client */;
/*!40101 SET character_set_client = utf8mb4 */;
CREATE TABLE `patient_iv_fluids` (
  `iv_id` int(11) NOT NULL AUTO_INCREMENT,
  `visit_id` int(11) NOT NULL,
  `fluid_type` varchar(100) NOT NULL,
  `volume_ml` int(11) NOT NULL,
  `infusion_rate` varchar(50) NOT NULL,
  `notes` text DEFAULT NULL,
  `started_by` int(11) NOT NULL,
  `started_at` timestamp NULL DEFAULT current_timestamp(),
  `completed_by` int(11) DEFAULT NULL,
  `completed_at` timestamp NULL DEFAULT NULL,
  PRIMARY KEY (`iv_id`),
  KEY `started_by` (`started_by`),
  KEY `completed_by` (`completed_by`),
  KEY `idx_iv_fluids_visit` (`visit_id`),
  KEY `idx_iv_fluids_active` (`visit_id`,`completed_at`)
) ENGINE=InnoDB AUTO_INCREMENT=5 DEFAULT CHARSET=utf8mb4 COLLATE=utf8mb4_general_ci;
/*!40101 SET character_set_client = @saved_cs_client */;

--
-- Dumping data for table `patient_iv_fluids`
--

LOCK TABLES `patient_iv_fluids` WRITE;
/*!40000 ALTER TABLE `patient_iv_fluids` DISABLE KEYS */;
INSERT INTO `patient_iv_fluids` VALUES
(1,1,'Normal Saline',1000,'Moderate','IV site: Left forearm, no swelling',1,'2025-11-11 05:33:35',1,'2025-12-01 05:06:09'),
(2,1,'Dextrose 5%',500,'Slow','For medication dilution',1,'2025-11-11 05:33:35',1,'2025-12-01 05:06:13'),
(3,1,'Plasma-Lyte',500,'125 ml/hr','test',1,'2025-11-14 08:10:49',1,'2025-12-01 05:06:03'),
(4,4,'Normal Saline (0.9% NaCl)',4000,'150 ml/hr','',1,'2025-11-19 07:05:52',NULL,NULL);
/*!40000 ALTER TABLE `patient_iv_fluids` ENABLE KEYS */;
UNLOCK TABLES;

--
-- Table structure for table `patient_next_of_kin`
--

DROP TABLE IF EXISTS `patient_next_of_kin`;
/*!40101 SET @saved_cs_client     = @@character_set_client */;
/*!40101 SET character_set_client = utf8mb4 */;
CREATE TABLE `patient_next_of_kin` (
  `kin_id` bigint(20) NOT NULL AUTO_INCREMENT,
  `patient_id` bigint(20) NOT NULL,
  `full_name` varchar(150) NOT NULL,
  `relationship` varchar(50) NOT NULL,
  `phone` varchar(30) NOT NULL,
  `created_by` int(11) DEFAULT NULL,
  PRIMARY KEY (`kin_id`),
  KEY `patient_id` (`patient_id`),
  CONSTRAINT `patient_next_of_kin_ibfk_1` FOREIGN KEY (`patient_id`) REFERENCES `patients` (`patient_id`) ON DELETE CASCADE
) ENGINE=InnoDB AUTO_INCREMENT=6 DEFAULT CHARSET=utf8mb4 COLLATE=utf8mb4_unicode_ci;
/*!40101 SET character_set_client = @saved_cs_client */;

--
-- Dumping data for table `patient_next_of_kin`
--

LOCK TABLES `patient_next_of_kin` WRITE;
/*!40000 ALTER TABLE `patient_next_of_kin` DISABLE KEYS */;
INSERT INTO `patient_next_of_kin` VALUES
(1,1,'MARY WANGARI','SPOUSE','0722334455',NULL),
(2,4,'JACKSON IRAUSA','Father','0716206534',1),
(3,5,'HUMPHREY LIDWAJI','Child','07981254367',1),
(4,6,'Dennis Ayodi','Brother','0734278642',1),
(5,7,'HDFHDHD','Mother','',1);
/*!40000 ALTER TABLE `patient_next_of_kin` ENABLE KEYS */;
UNLOCK TABLES;

--
-- Table structure for table `patient_nurse_assignments`
--

DROP TABLE IF EXISTS `patient_nurse_assignments`;
/*!40101 SET @saved_cs_client     = @@character_set_client */;
/*!40101 SET character_set_client = utf8mb4 */;
CREATE TABLE `patient_nurse_assignments` (
  `assignment_id` int(11) NOT NULL AUTO_INCREMENT,
  `visit_id` int(11) NOT NULL,
  `patient_id` int(11) NOT NULL,
  `nurse_id` int(11) NOT NULL,
  `assignment_type` enum('primary','secondary','float') DEFAULT 'primary',
  `assignment_date` date NOT NULL,
  `shift` enum('morning','evening','night') NOT NULL,
  `status` enum('active','completed','transferred') DEFAULT 'active',
  `assigned_by` int(11) NOT NULL,
  `assigned_at` timestamp NULL DEFAULT current_timestamp(),
  `completed_at` timestamp NULL DEFAULT NULL,
  `notes` text DEFAULT NULL,
  PRIMARY KEY (`assignment_id`),
  KEY `visit_id` (`visit_id`),
  KEY `patient_id` (`patient_id`),
  KEY `nurse_id` (`nurse_id`),
  KEY `assigned_by` (`assigned_by`)
) ENGINE=InnoDB AUTO_INCREMENT=12 DEFAULT CHARSET=utf8mb4 COLLATE=utf8mb4_general_ci;
/*!40101 SET character_set_client = @saved_cs_client */;

--
-- Dumping data for table `patient_nurse_assignments`
--

LOCK TABLES `patient_nurse_assignments` WRITE;
/*!40000 ALTER TABLE `patient_nurse_assignments` DISABLE KEYS */;
INSERT INTO `patient_nurse_assignments` VALUES
(7,1,2,2,'secondary','2025-11-13','night','active',1,'2025-11-13 19:13:11',NULL,''),
(8,5,5,3,'primary','2025-12-04','night','completed',1,'2025-12-04 11:41:16','2025-12-04 18:54:57','dd'),
(9,1,2,3,'primary','2025-12-04','morning','completed',1,'2025-12-04 11:44:12','2025-12-04 18:54:47','rdd'),
(10,8,1,3,'primary','2025-12-04','night','completed',1,'2025-12-04 18:38:05','2025-12-04 18:54:18','test good\n\ndone'),
(11,13,1,1,'primary','2025-12-21','morning','completed',3,'2025-12-21 04:32:08','2025-12-21 04:35:13','Post-operative patient. Monitor vital signs q4h. Watch for bleeding, infection signs. Pain management as per protocol. Encourage early mobilization.\n\n');
/*!40000 ALTER TABLE `patient_nurse_assignments` ENABLE KEYS */;
UNLOCK TABLES;

--
-- Table structure for table `patient_transfers`
--

DROP TABLE IF EXISTS `patient_transfers`;
/*!40101 SET @saved_cs_client     = @@character_set_client */;
/*!40101 SET character_set_client = utf8mb4 */;
CREATE TABLE `patient_transfers` (
  `transfer_id` int(11) NOT NULL AUTO_INCREMENT,
  `visit_id` int(11) NOT NULL,
  `patient_id` int(11) NOT NULL,
  `from_ward_id` int(11) DEFAULT NULL,
  `from_bed_id` int(11) DEFAULT NULL,
  `to_ward_id` int(11) NOT NULL,
  `to_bed_id` int(11) NOT NULL,
  `transfer_reason` text DEFAULT NULL,
  `transfer_date` datetime NOT NULL,
  `status` enum('requested','approved','completed','cancelled') DEFAULT 'requested',
  `requested_by` int(11) NOT NULL,
  `requested_at` timestamp NULL DEFAULT current_timestamp(),
  `approved_by` int(11) DEFAULT NULL,
  `approved_at` timestamp NULL DEFAULT NULL,
  `completed_by` int(11) DEFAULT NULL,
  `completed_at` timestamp NULL DEFAULT NULL,
  PRIMARY KEY (`transfer_id`),
  KEY `visit_id` (`visit_id`),
  KEY `patient_id` (`patient_id`),
  KEY `from_ward_id` (`from_ward_id`),
  KEY `from_bed_id` (`from_bed_id`),
  KEY `to_ward_id` (`to_ward_id`),
  KEY `to_bed_id` (`to_bed_id`),
  KEY `requested_by` (`requested_by`),
  KEY `approved_by` (`approved_by`),
  KEY `completed_by` (`completed_by`)
) ENGINE=InnoDB DEFAULT CHARSET=utf8mb4 COLLATE=utf8mb4_general_ci;
/*!40101 SET character_set_client = @saved_cs_client */;

--
-- Dumping data for table `patient_transfers`
--

LOCK TABLES `patient_transfers` WRITE;
/*!40000 ALTER TABLE `patient_transfers` DISABLE KEYS */;
/*!40000 ALTER TABLE `patient_transfers` ENABLE KEYS */;
UNLOCK TABLES;

--
-- Table structure for table `patient_vitals`
--

DROP TABLE IF EXISTS `patient_vitals`;
/*!40101 SET @saved_cs_client     = @@character_set_client */;
/*!40101 SET character_set_client = utf8mb4 */;
CREATE TABLE `patient_vitals` (
  `vital_id` int(11) NOT NULL AUTO_INCREMENT,
  `visit_id` int(11) NOT NULL,
  `patient_id` int(11) NOT NULL,
  `temperature` decimal(4,2) DEFAULT NULL,
  `blood_pressure_systolic` int(11) DEFAULT NULL,
  `blood_pressure_diastolic` int(11) DEFAULT NULL,
  `heart_rate` int(11) DEFAULT NULL,
  `respiratory_rate` int(11) DEFAULT NULL,
  `oxygen_saturation` decimal(4,2) DEFAULT NULL,
  `height` decimal(5,2) DEFAULT NULL,
  `weight` decimal(5,2) DEFAULT NULL,
  `bmi` decimal(4,2) DEFAULT NULL,
  `pain_level` int(11) DEFAULT NULL,
  `notes` text DEFAULT NULL,
  `nurse_notes` text DEFAULT NULL,
  `recorded_by` int(11) NOT NULL,
  `recorded_at` timestamp NULL DEFAULT current_timestamp(),
  `shift` enum('morning','evening','night') DEFAULT NULL,
  `criticality_level` varchar(20) DEFAULT NULL,
  `criticality_score` int(11) DEFAULT NULL,
  `vital_date` datetime DEFAULT NULL,
  `vital_time` time DEFAULT NULL,
  PRIMARY KEY (`vital_id`),
  KEY `idx_criticality_level` (`criticality_level`),
  KEY `idx_criticality_score` (`criticality_score`),
  KEY `idx_vitals_visit_recorded` (`visit_id`,`recorded_at`),
  KEY `idx_vitals_criticality` (`criticality_level`)
) ENGINE=InnoDB AUTO_INCREMENT=16 DEFAULT CHARSET=utf8mb4 COLLATE=utf8mb4_general_ci;
/*!40101 SET character_set_client = @saved_cs_client */;

--
-- Dumping data for table `patient_vitals`
--

LOCK TABLES `patient_vitals` WRITE;
/*!40000 ALTER TABLE `patient_vitals` DISABLE KEYS */;
INSERT INTO `patient_vitals` VALUES
(2,14,19,36.80,120,80,72,16,98.00,170.00,70.00,24.00,2,'Routine vital signs recording.','Patient appears comfortable. Vital signs within normal limits.',1,'2025-11-11 04:59:49','morning',NULL,NULL,NULL,NULL),
(3,14,19,35.00,120,40,78,12,99.00,120.00,56.00,38.00,4,'test','test',1,'2025-11-11 05:06:54','night',NULL,NULL,NULL,NULL),
(4,14,19,38.80,190,110,130,28,88.00,170.00,70.00,24.00,9,'Critical vital signs recorded. Physician notified.','Patient in distress, requires immediate attention.',1,'2025-11-11 05:21:58','morning','critical',11,NULL,NULL),
(5,19,12,36.00,80,40,76,13,98.00,165.00,54.00,19.00,1,'test complain','test complain',1,'2025-11-12 15:58:54','morning','monitor',2,NULL,NULL),
(6,19,12,36.80,120,80,72,16,98.00,170.00,70.00,24.00,2,'Routine vital signs recording.','Patient appears comfortable. Vital signs within normal limits.',1,'2025-11-12 16:01:32','morning','stable',0,NULL,NULL),
(7,1,2,34.00,120,50,70,12,99.00,165.00,56.00,20.00,6,'test','test',1,'2025-11-14 07:07:54','morning','critical',6,NULL,NULL),
(8,1,2,36.80,120,80,72,16,98.00,170.00,70.00,24.00,2,'Routine vital signs recording.','Patient appears comfortable. Vital signs within normal limits.',1,'2025-11-14 07:15:21','morning','stable',0,NULL,NULL),
(9,4,4,36.80,120,80,72,16,98.00,170.00,70.00,24.00,2,'Routine vital signs recording.','Patient appears comfortable. Vital signs within normal limits.',1,'2025-11-19 07:02:26','morning','stable',0,NULL,NULL),
(10,1,2,36.80,120,80,72,16,98.00,170.00,70.00,24.00,2,'Routine vital signs recording.','Patient appears comfortable. Vital signs within normal limits.',1,'2025-12-01 05:08:48','morning','stable',0,NULL,NULL),
(11,9,1,36.80,120,80,72,16,98.00,170.00,70.00,24.00,2,'Routine vital signs recording.','Patient appears comfortable. Vital signs within normal limits.',1,'2025-12-06 18:47:40','morning','stable',0,NULL,NULL),
(12,7,7,36.80,120,80,72,16,98.00,170.00,70.00,24.00,2,'Routine vital signs recording.','Patient appears comfortable. Vital signs within normal limits.',1,'2025-12-17 19:37:13','morning','stable',0,NULL,NULL),
(13,7,7,38.80,190,110,130,28,88.00,170.00,70.00,24.00,9,'Critical vital signs recorded. Physician notified.','Patient in distress, requires immediate attention.',1,'2025-12-18 05:28:50','morning','critical',11,NULL,NULL),
(14,6,6,34.00,120,70,78,12,98.00,170.00,54.00,18.00,3,'test','test',1,'2025-12-18 08:38:34','morning','unstable',3,NULL,NULL),
(15,12,1,36.80,120,80,72,16,98.00,170.00,70.00,24.00,2,'Routine vital signs recording.','Patient appears comfortable. Vital signs within normal limits.',1,'2025-12-26 19:10:45','morning','stable',0,NULL,NULL);
/*!40000 ALTER TABLE `patient_vitals` ENABLE KEYS */;
UNLOCK TABLES;

--
-- Table structure for table `patients`
--

DROP TABLE IF EXISTS `patients`;
/*!40101 SET @saved_cs_client     = @@character_set_client */;
/*!40101 SET character_set_client = utf8mb4 */;
CREATE TABLE `patients` (
  `patient_id` bigint(20) NOT NULL AUTO_INCREMENT,
  `patient_mrn` varchar(50) NOT NULL,
  `first_name` varchar(100) NOT NULL,
  `middle_name` varchar(100) DEFAULT NULL,
  `last_name` varchar(100) NOT NULL,
  `date_of_birth` date NOT NULL,
  `sex` enum('M','F','I') NOT NULL,
  `id_type` enum('NATIONAL_ID','BIRTH_CERT','PASSPORT','ALIEN_ID') DEFAULT NULL,
  `id_number` varchar(30) DEFAULT NULL,
  `phone_primary` varchar(30) NOT NULL,
  `phone_secondary` varchar(30) DEFAULT NULL,
  `email` varchar(100) DEFAULT NULL,
  `county` varchar(100) NOT NULL,
  `sub_county` varchar(100) NOT NULL,
  `ward` varchar(100) NOT NULL,
  `village` varchar(100) DEFAULT NULL,
  `postal_address` varchar(150) DEFAULT NULL,
  `postal_code` varchar(10) DEFAULT NULL,
  `blood_group` enum('A+','A-','B+','B-','AB+','AB-','O+','O-') DEFAULT NULL,
  `is_deceased` tinyint(1) DEFAULT 0,
  `date_of_death` date DEFAULT NULL,
  `created_by` bigint(20) NOT NULL,
  `updated_by` bigint(20) DEFAULT NULL,
  `patient_status` enum('ACTIVE','ARCHIVED') DEFAULT 'ACTIVE',
  `created_at` datetime DEFAULT current_timestamp(),
  `updated_at` datetime DEFAULT current_timestamp() ON UPDATE current_timestamp(),
  `archived_at` datetime DEFAULT NULL,
  PRIMARY KEY (`patient_id`),
  UNIQUE KEY `patient_mrn` (`patient_mrn`),
  KEY `idx_name` (`last_name`,`first_name`),
  KEY `idx_dob` (`date_of_birth`),
  KEY `idx_location` (`county`,`sub_county`)
) ENGINE=InnoDB AUTO_INCREMENT=8 DEFAULT CHARSET=utf8mb4 COLLATE=utf8mb4_unicode_ci;
/*!40101 SET character_set_client = @saved_cs_client */;

--
-- Dumping data for table `patients`
--

LOCK TABLES `patients` WRITE;
/*!40000 ALTER TABLE `patients` DISABLE KEYS */;
INSERT INTO `patients` VALUES
(1,'MRN-000001','JOHN','MWANGI','KAMAU','1990-04-12','M','NATIONAL_ID','29876543','0712345678',NULL,NULL,'Nairobi','Starehe','Ngara','Ngara Estate',NULL,NULL,'O+',0,NULL,1,NULL,'ACTIVE','2026-01-17 11:17:00','2026-01-17 11:17:00',NULL),
(4,'CLINICEMR001/2026/000020','HUMPHREY','IRAUSA','LIDWAJI','1999-12-23','M','ALIEN_ID','35738324','0798530739','0736720332','lidwaji7@gmail.com','VIHIGA','HAMISI','SHIRU','SHIRU','50309','247','A+',0,NULL,1,1,'ACTIVE','2026-01-17 13:31:08','2026-01-17 17:00:28',NULL),
(5,'CLINICEMR001/2026/000021','FLORENCE','','KAGEHA','1978-02-23','F','NATIONAL_ID','12345678','0712345678','','','VIHIGA','HAMISI','SHIRU','','','','A+',0,NULL,1,NULL,'ACTIVE','2026-01-17 17:13:32','2026-01-17 17:13:32',NULL),
(6,'CLINICEMR001/2026/000025','Joyce','','Anindo','2000-02-26','F','NATIONAL_ID','39042711','0711342567','','','VIHIGA','Luanda','','','','','B+',0,NULL,1,NULL,'ACTIVE','2026-01-22 16:31:58','2026-01-22 16:31:58',NULL),
(7,'CLINICEMR001/2026/000026','FREDDY','','WETU','2001-01-29','M','NATIONAL_ID','314242425','97868585858','','','','','','','','','A-',0,NULL,1,NULL,'ACTIVE','2026-01-29 16:48:09','2026-01-29 16:48:09',NULL);
/*!40000 ALTER TABLE `patients` ENABLE KEYS */;
UNLOCK TABLES;

--
-- Table structure for table `payment_allocations`
--

DROP TABLE IF EXISTS `payment_allocations`;
/*!40101 SET @saved_cs_client     = @@character_set_client */;
/*!40101 SET character_set_client = utf8mb4 */;
CREATE TABLE `payment_allocations` (
  `allocation_id` int(11) NOT NULL AUTO_INCREMENT,
  `payment_id` int(11) NOT NULL,
  `invoice_id` int(11) NOT NULL,
  `allocated_amount` decimal(10,2) NOT NULL,
  `allocation_date` datetime DEFAULT current_timestamp(),
  `created_by` int(11) DEFAULT NULL,
  PRIMARY KEY (`allocation_id`)
) ENGINE=InnoDB DEFAULT CHARSET=utf8mb4 COLLATE=utf8mb4_general_ci;
/*!40101 SET character_set_client = @saved_cs_client */;

--
-- Dumping data for table `payment_allocations`
--

LOCK TABLES `payment_allocations` WRITE;
/*!40000 ALTER TABLE `payment_allocations` DISABLE KEYS */;
/*!40000 ALTER TABLE `payment_allocations` ENABLE KEYS */;
UNLOCK TABLES;

--
-- Table structure for table `payment_methods`
--

DROP TABLE IF EXISTS `payment_methods`;
/*!40101 SET @saved_cs_client     = @@character_set_client */;
/*!40101 SET character_set_client = utf8mb4 */;
CREATE TABLE `payment_methods` (
  `payment_method_id` int(11) NOT NULL AUTO_INCREMENT,
  `payment_method_name` varchar(200) NOT NULL,
  `payment_method_description` varchar(250) DEFAULT NULL,
  `payment_method_created_at` datetime DEFAULT current_timestamp(),
  `payment_method_updated_at` datetime DEFAULT current_timestamp() ON UPDATE current_timestamp(),
  PRIMARY KEY (`payment_method_id`)
) ENGINE=InnoDB DEFAULT CHARSET=utf8mb4 COLLATE=utf8mb4_general_ci;
/*!40101 SET character_set_client = @saved_cs_client */;

--
-- Dumping data for table `payment_methods`
--

LOCK TABLES `payment_methods` WRITE;
/*!40000 ALTER TABLE `payment_methods` DISABLE KEYS */;
/*!40000 ALTER TABLE `payment_methods` ENABLE KEYS */;
UNLOCK TABLES;

--
-- Table structure for table `payment_providers`
--

DROP TABLE IF EXISTS `payment_providers`;
/*!40101 SET @saved_cs_client     = @@character_set_client */;
/*!40101 SET character_set_client = utf8mb4 */;
CREATE TABLE `payment_providers` (
  `payment_provider_id` int(11) NOT NULL AUTO_INCREMENT,
  `payment_provider_name` varchar(200) NOT NULL,
  `payment_provider_description` varchar(250) DEFAULT NULL,
  `payment_provider_public_key` varchar(250) DEFAULT NULL,
  `payment_provider_private_key` varchar(250) DEFAULT NULL,
  `payment_provider_threshold` decimal(15,2) DEFAULT NULL,
  `payment_provider_active` tinyint(1) NOT NULL DEFAULT 1,
  `payment_provider_account` int(11) NOT NULL,
  `payment_provider_expense_vendor` int(11) NOT NULL DEFAULT 0,
  `payment_provider_expense_category` int(11) NOT NULL DEFAULT 0,
  `payment_provider_expense_percentage_fee` decimal(4,4) DEFAULT NULL,
  `payment_provider_expense_flat_fee` decimal(15,2) DEFAULT NULL,
  `payment_provider_created_at` datetime DEFAULT current_timestamp(),
  `payment_provider_updated_at` datetime DEFAULT current_timestamp() ON UPDATE current_timestamp(),
  PRIMARY KEY (`payment_provider_id`)
) ENGINE=InnoDB DEFAULT CHARSET=utf8mb4 COLLATE=utf8mb4_general_ci;
/*!40101 SET character_set_client = @saved_cs_client */;

--
-- Dumping data for table `payment_providers`
--

LOCK TABLES `payment_providers` WRITE;
/*!40000 ALTER TABLE `payment_providers` DISABLE KEYS */;
/*!40000 ALTER TABLE `payment_providers` ENABLE KEYS */;
UNLOCK TABLES;

--
-- Table structure for table `payments`
--

DROP TABLE IF EXISTS `payments`;
/*!40101 SET @saved_cs_client     = @@character_set_client */;
/*!40101 SET character_set_client = utf8mb4 */;
CREATE TABLE `payments` (
  `payment_id` int(11) NOT NULL AUTO_INCREMENT,
  `payment_number` varchar(50) NOT NULL,
  `invoice_id` int(11) NOT NULL,
  `payment_date` date NOT NULL DEFAULT curdate(),
  `payment_method` enum('cash','check','credit_card','bank_transfer','insurance','mobile_money','other') NOT NULL,
  `payment_amount` decimal(15,4) NOT NULL DEFAULT 0.0000,
  `reference_number` varchar(100) DEFAULT NULL,
  `bank_name` varchar(100) DEFAULT NULL,
  `check_number` varchar(50) DEFAULT NULL,
  `cash_account_id` int(11) DEFAULT NULL,
  `bank_account_id` int(11) DEFAULT NULL,
  `journal_entry_id` int(11) DEFAULT NULL,
  `status` enum('pending','posted','void','reversed') NOT NULL DEFAULT 'pending',
  `posted_at` datetime DEFAULT NULL,
  `posted_by` int(11) DEFAULT NULL,
  `notes` text DEFAULT NULL,
  `created_by` int(11) DEFAULT NULL,
  `created_at` timestamp NULL DEFAULT current_timestamp(),
  `updated_at` timestamp NULL DEFAULT current_timestamp() ON UPDATE current_timestamp(),
  PRIMARY KEY (`payment_id`)
) ENGINE=InnoDB AUTO_INCREMENT=10 DEFAULT CHARSET=utf8mb4 COLLATE=utf8mb4_general_ci;
/*!40101 SET character_set_client = @saved_cs_client */;

--
-- Dumping data for table `payments`
--

LOCK TABLES `payments` WRITE;
/*!40000 ALTER TABLE `payments` DISABLE KEYS */;
INSERT INTO `payments` VALUES
(1,'PAY-20260116-8059',12,'2026-01-16','cash',2200.0000,'PAY-20260116-8059',NULL,NULL,NULL,NULL,1,'posted','2026-01-16 23:18:39',1,'',1,'2026-01-16 20:18:39','2026-01-16 20:18:39'),
(3,'PAY-20260117-2736',6,'2026-01-17','insurance',3500.0000,'PAY-20260117-2736',NULL,NULL,NULL,NULL,2,'posted','2026-01-17 08:55:42',1,'',1,'2026-01-17 05:55:42','2026-01-17 05:55:42'),
(7,'PAY-20260118-2538',13,'2026-01-18','cash',8000.0000,'PAY-20260118-2538',NULL,NULL,NULL,NULL,3,'posted','2026-01-18 11:22:30',1,'',1,'2026-01-18 08:22:30','2026-01-18 08:22:30');
/*!40000 ALTER TABLE `payments` ENABLE KEYS */;
UNLOCK TABLES;

--
-- Table structure for table `payroll_allowance_breakdown`
--

DROP TABLE IF EXISTS `payroll_allowance_breakdown`;
/*!40101 SET @saved_cs_client     = @@character_set_client */;
/*!40101 SET character_set_client = utf8mb4 */;
CREATE TABLE `payroll_allowance_breakdown` (
  `breakdown_id` int(11) NOT NULL AUTO_INCREMENT,
  `transaction_id` int(11) NOT NULL,
  `allowance_id` int(11) NOT NULL,
  `amount` decimal(12,2) NOT NULL,
  PRIMARY KEY (`breakdown_id`),
  KEY `allowance_id` (`allowance_id`),
  KEY `idx_transaction` (`transaction_id`)
) ENGINE=InnoDB DEFAULT CHARSET=utf8mb4 COLLATE=utf8mb4_unicode_ci;
/*!40101 SET character_set_client = @saved_cs_client */;

--
-- Dumping data for table `payroll_allowance_breakdown`
--

LOCK TABLES `payroll_allowance_breakdown` WRITE;
/*!40000 ALTER TABLE `payroll_allowance_breakdown` DISABLE KEYS */;
/*!40000 ALTER TABLE `payroll_allowance_breakdown` ENABLE KEYS */;
UNLOCK TABLES;

--
-- Table structure for table `payroll_deduction_breakdown`
--

DROP TABLE IF EXISTS `payroll_deduction_breakdown`;
/*!40101 SET @saved_cs_client     = @@character_set_client */;
/*!40101 SET character_set_client = utf8mb4 */;
CREATE TABLE `payroll_deduction_breakdown` (
  `breakdown_id` int(11) NOT NULL AUTO_INCREMENT,
  `transaction_id` int(11) NOT NULL,
  `deduction_id` int(11) NOT NULL,
  `amount` decimal(12,2) NOT NULL,
  PRIMARY KEY (`breakdown_id`),
  KEY `deduction_id` (`deduction_id`),
  KEY `idx_transaction` (`transaction_id`)
) ENGINE=InnoDB DEFAULT CHARSET=utf8mb4 COLLATE=utf8mb4_unicode_ci;
/*!40101 SET character_set_client = @saved_cs_client */;

--
-- Dumping data for table `payroll_deduction_breakdown`
--

LOCK TABLES `payroll_deduction_breakdown` WRITE;
/*!40000 ALTER TABLE `payroll_deduction_breakdown` DISABLE KEYS */;
/*!40000 ALTER TABLE `payroll_deduction_breakdown` ENABLE KEYS */;
UNLOCK TABLES;

--
-- Table structure for table `payroll_periods`
--

DROP TABLE IF EXISTS `payroll_periods`;
/*!40101 SET @saved_cs_client     = @@character_set_client */;
/*!40101 SET character_set_client = utf8mb4 */;
CREATE TABLE `payroll_periods` (
  `period_id` int(11) NOT NULL AUTO_INCREMENT,
  `accounting_journal_id` int(11) DEFAULT NULL,
  `period_name` varchar(50) NOT NULL,
  `start_date` date NOT NULL,
  `end_date` date NOT NULL,
  `pay_date` date NOT NULL,
  `status` enum('open','processing','approved','closed','paid') NOT NULL DEFAULT 'open',
  `created_at` timestamp NULL DEFAULT current_timestamp(),
  `updated_at` timestamp NULL DEFAULT current_timestamp() ON UPDATE current_timestamp(),
  `approved_by` int(11) DEFAULT NULL,
  `approved_at` datetime DEFAULT NULL,
  PRIMARY KEY (`period_id`),
  UNIQUE KEY `unique_period_dates` (`start_date`,`end_date`),
  KEY `idx_dates` (`start_date`,`end_date`),
  KEY `idx_status` (`status`)
) ENGINE=InnoDB AUTO_INCREMENT=6 DEFAULT CHARSET=utf8mb4 COLLATE=utf8mb4_unicode_ci;
/*!40101 SET character_set_client = @saved_cs_client */;

--
-- Dumping data for table `payroll_periods`
--

LOCK TABLES `payroll_periods` WRITE;
/*!40000 ALTER TABLE `payroll_periods` DISABLE KEYS */;
INSERT INTO `payroll_periods` VALUES
(1,18,'Payroll November 2025','2025-11-01','2025-11-30','2025-12-05','paid','2025-11-25 16:48:15','2025-11-26 20:04:35',1,'2025-11-25 22:07:34'),
(2,NULL,'November 2025 Payroll','2025-10-31','2025-11-29','2025-12-04','paid','2025-11-25 17:01:51','2025-11-26 19:41:21',1,'2025-11-25 22:51:17'),
(3,NULL,'DEC 2025 Payroll','2025-12-01','2025-11-29','2025-12-04','open','2025-11-26 06:07:30','2025-11-26 06:07:30',NULL,NULL),
(4,NULL,'December 2025 Payroll','2025-11-30','2025-12-30','2026-01-04','open','2025-12-05 12:14:59','2025-12-05 12:14:59',NULL,NULL),
(5,NULL,'January 2026 Payroll','2025-12-31','2026-01-30','2026-02-04','open','2026-01-12 06:07:41','2026-01-12 06:07:41',NULL,NULL);
/*!40000 ALTER TABLE `payroll_periods` ENABLE KEYS */;
UNLOCK TABLES;

--
-- Table structure for table `payroll_transactions`
--

DROP TABLE IF EXISTS `payroll_transactions`;
/*!40101 SET @saved_cs_client     = @@character_set_client */;
/*!40101 SET character_set_client = utf8mb4 */;
CREATE TABLE `payroll_transactions` (
  `transaction_id` int(11) NOT NULL AUTO_INCREMENT,
  `period_id` int(11) NOT NULL,
  `employee_id` int(11) NOT NULL,
  `basic_salary` decimal(12,2) NOT NULL,
  `total_allowances` decimal(12,2) DEFAULT 0.00,
  `overtime_amount` decimal(12,2) DEFAULT 0.00,
  `bonus_amount` decimal(12,2) DEFAULT 0.00,
  `gross_pay` decimal(12,2) DEFAULT 0.00,
  `paye` decimal(12,2) DEFAULT 0.00,
  `nhif` decimal(12,2) DEFAULT 0.00,
  `nssf_tier1` decimal(12,2) DEFAULT 0.00,
  `nssf_tier2` decimal(12,2) DEFAULT 0.00,
  `helb` decimal(12,2) DEFAULT 0.00,
  `total_statutory_deductions` decimal(12,2) DEFAULT 0.00,
  `loan_deductions` decimal(12,2) DEFAULT 0.00,
  `sacco_contributions` decimal(12,2) DEFAULT 0.00,
  `other_deductions` decimal(12,2) DEFAULT 0.00,
  `total_other_deductions` decimal(12,2) DEFAULT 0.00,
  `total_deductions` decimal(12,2) DEFAULT 0.00,
  `net_pay` decimal(12,2) DEFAULT 0.00,
  `status` enum('draft','calculated','approved','paid') NOT NULL DEFAULT 'draft',
  `payment_method` varchar(50) DEFAULT NULL,
  `payment_date` date DEFAULT NULL,
  `payment_reference` varchar(255) DEFAULT NULL,
  `generated_at` timestamp NULL DEFAULT current_timestamp(),
  `approved_by` int(11) DEFAULT NULL,
  `approved_at` datetime DEFAULT NULL,
  `paid_at` datetime DEFAULT NULL,
  PRIMARY KEY (`transaction_id`),
  UNIQUE KEY `unique_employee_period` (`employee_id`,`period_id`),
  KEY `approved_by` (`approved_by`),
  KEY `idx_period` (`period_id`),
  KEY `idx_employee` (`employee_id`),
  KEY `idx_status` (`status`)
) ENGINE=InnoDB AUTO_INCREMENT=5 DEFAULT CHARSET=utf8mb4 COLLATE=utf8mb4_unicode_ci;
/*!40101 SET character_set_client = @saved_cs_client */;

--
-- Dumping data for table `payroll_transactions`
--

LOCK TABLES `payroll_transactions` WRITE;
/*!40000 ALTER TABLE `payroll_transactions` DISABLE KEYS */;
INSERT INTO `payroll_transactions` VALUES
(1,1,1,800000.00,0.00,0.00,0.00,800000.00,239883.00,1700.00,360.00,720.00,0.00,242663.00,0.00,0.00,0.00,0.00,242663.00,557337.00,'paid','bank','2025-12-04','','2025-11-25 17:30:00',NULL,NULL,NULL),
(2,2,1,800000.00,0.00,0.00,0.00,800000.00,239883.00,1700.00,360.00,720.00,0.00,242663.00,0.00,0.00,0.00,0.00,242663.00,557337.00,'approved','bank','2025-11-26','','2025-11-25 18:32:36',NULL,NULL,NULL),
(3,2,2,20000.00,0.00,0.00,0.00,20000.00,0.00,750.00,360.00,720.00,0.00,1830.00,0.00,0.00,0.00,0.00,1830.00,18170.00,'approved','bank','2025-11-26','','2025-11-25 19:51:09',NULL,NULL,NULL),
(4,1,2,20000.00,2000.00,0.00,0.00,22000.00,0.00,750.00,360.00,720.00,0.00,1830.00,0.00,0.00,0.00,0.00,1830.00,20170.00,'paid','bank','2025-12-04','','2025-11-26 06:15:07',NULL,NULL,NULL);
/*!40000 ALTER TABLE `payroll_transactions` ENABLE KEYS */;
UNLOCK TABLES;

--
-- Table structure for table `pending_bill_items`
--

DROP TABLE IF EXISTS `pending_bill_items`;
/*!40101 SET @saved_cs_client     = @@character_set_client */;
/*!40101 SET character_set_client = utf8mb4 */;
CREATE TABLE `pending_bill_items` (
  `pending_bill_item_id` int(11) NOT NULL AUTO_INCREMENT,
  `pending_bill_id` int(11) NOT NULL,
  `billable_item_id` int(11) NOT NULL,
  `price_list_item_id` int(11) DEFAULT NULL,
  `item_quantity` decimal(10,3) NOT NULL DEFAULT 1.000,
  `unit_price` decimal(15,4) NOT NULL DEFAULT 0.0000,
  `discount_percentage` decimal(5,2) NOT NULL DEFAULT 0.00,
  `discount_amount` decimal(15,4) NOT NULL DEFAULT 0.0000,
  `tax_percentage` decimal(5,2) NOT NULL DEFAULT 0.00,
  `subtotal` decimal(15,4) NOT NULL DEFAULT 0.0000,
  `tax_amount` decimal(15,4) NOT NULL DEFAULT 0.0000,
  `total_amount` decimal(15,4) NOT NULL DEFAULT 0.0000,
  `source_type` varchar(100) DEFAULT NULL,
  `source_id` int(11) DEFAULT NULL,
  `is_cancelled` tinyint(1) DEFAULT 0,
  `cancelled_at` datetime DEFAULT NULL,
  `cancelled_by` int(11) DEFAULT NULL,
  `cancellation_reason` text DEFAULT NULL,
  `notes` text DEFAULT NULL,
  `created_at` timestamp NULL DEFAULT current_timestamp(),
  `updated_at` timestamp NULL DEFAULT current_timestamp() ON UPDATE current_timestamp(),
  `created_by` int(11) DEFAULT NULL,
  `invoice_item_id` int(11) DEFAULT NULL,
  PRIMARY KEY (`pending_bill_item_id`)
) ENGINE=InnoDB AUTO_INCREMENT=69 DEFAULT CHARSET=utf8mb4 COLLATE=utf8mb4_general_ci;
/*!40101 SET character_set_client = @saved_cs_client */;

--
-- Dumping data for table `pending_bill_items`
--

LOCK TABLES `pending_bill_items` WRITE;
/*!40000 ALTER TABLE `pending_bill_items` DISABLE KEYS */;
INSERT INTO `pending_bill_items` VALUES
(27,22,4,0,1.000,2000.0000,0.00,0.0000,0.00,2000.0000,0.0000,2000.0000,'manual',0,0,NULL,NULL,NULL,'Consultation service: ADMISSION FEE','2026-01-14 11:29:11','2026-01-14 11:29:11',1,NULL),
(28,22,5,0,1.000,1500.0000,0.00,0.0000,0.00,1500.0000,0.0000,1500.0000,'bed_assignment',135,0,NULL,NULL,NULL,'Bed accommodation: Male Ward - Bed MALE BED 03 (Regular) - Bed MALE BED 03','2026-01-14 11:29:11','2026-01-14 11:29:11',1,NULL),
(33,27,4,0,1.000,2000.0000,0.00,0.0000,0.00,2000.0000,0.0000,2000.0000,'manual',0,0,NULL,NULL,NULL,'Consultation service: ADMISSION FEE','2026-01-14 14:12:57','2026-01-14 14:12:57',1,NULL),
(35,29,4,0,1.000,2000.0000,0.00,0.0000,0.00,2000.0000,0.0000,2000.0000,'manual',0,0,NULL,NULL,NULL,'Consultation service: ADMISSION FEE','2026-01-14 14:54:48','2026-01-14 14:54:48',1,NULL),
(36,30,4,0,1.000,2000.0000,0.00,0.0000,0.00,2000.0000,0.0000,2000.0000,'manual',0,0,NULL,NULL,NULL,'Consultation service: ADMISSION FEE','2026-01-14 15:20:08','2026-01-14 15:20:08',1,NULL),
(37,30,6,0,1.000,1000.0000,0.00,0.0000,0.00,1000.0000,0.0000,1000.0000,'manual',NULL,0,NULL,NULL,NULL,'','2026-01-14 16:48:48','2026-01-15 05:44:46',1,NULL),
(38,37,6,0,1.000,1000.0000,0.00,0.0000,0.00,1000.0000,0.0000,1000.0000,'manual',0,0,NULL,NULL,NULL,'OPD consultation service: CONSULTATION FEE','2026-01-14 19:28:36','2026-01-14 19:28:36',1,NULL),
(39,39,6,0,1.000,1000.0000,0.00,0.0000,0.00,1000.0000,0.0000,1000.0000,'manual',0,0,NULL,NULL,NULL,'Emergency service: CONSULTATION FEE','2026-01-14 19:48:24','2026-01-14 19:48:24',1,NULL),
(40,40,6,0,1.000,1000.0000,0.00,0.0000,0.00,1000.0000,0.0000,1000.0000,'manual',0,0,NULL,NULL,NULL,'Emergency service: CONSULTATION FEE','2026-01-14 20:35:51','2026-01-14 20:35:51',1,NULL),
(41,40,1,0,1.000,250.0000,0.00,0.0000,0.00,250.0000,0.0000,250.0000,'manual',NULL,0,NULL,NULL,NULL,'','2026-01-14 20:40:54','2026-01-14 20:40:54',1,NULL),
(42,40,5,0,1.000,1500.0000,0.00,0.0000,0.00,1500.0000,0.0000,1500.0000,'manual',NULL,0,NULL,NULL,NULL,'','2026-01-14 20:44:53','2026-01-14 20:44:53',1,NULL),
(43,42,6,0,1.000,1000.0000,0.00,0.0000,0.00,1000.0000,0.0000,1000.0000,'manual',0,0,NULL,NULL,NULL,'IPD service: CONSULTATION FEE','2026-01-15 08:20:40','2026-01-15 08:20:40',1,NULL),
(44,42,7,0,1.000,1200.0000,0.00,0.0000,0.00,1200.0000,0.0000,1200.0000,'bed_assignment',27,0,NULL,NULL,NULL,'Bed accommodation: Bed P-01 - Regular - Bed P-01','2026-01-15 08:20:40','2026-01-15 08:20:40',1,NULL),
(45,39,15,0,1.000,2000.0000,0.00,0.0000,0.00,2000.0000,0.0000,2000.0000,'doctor_order',71,0,NULL,NULL,NULL,'','2026-01-15 20:56:59','2026-01-15 20:56:59',1,NULL),
(46,37,1,0,2.000,250.0000,0.00,0.0000,0.00,500.0000,0.0000,500.0000,'doctor_order',69,0,NULL,NULL,NULL,'','2026-01-16 13:20:19','2026-01-16 16:49:32',1,NULL),
(47,42,1,1,1.000,250.0000,0.00,0.0000,0.00,250.0000,0.0000,250.0000,'lab_order',1,1,'2026-01-16 22:33:35',1,'Lab order cancelled',NULL,'2026-01-16 15:58:32','2026-01-16 19:33:35',1,NULL),
(49,42,3,3,1.000,350.0000,0.00,0.0000,0.00,350.0000,0.0000,350.0000,'imaging_order',3,0,NULL,NULL,NULL,NULL,'2026-01-16 18:22:29','2026-01-16 18:22:29',1,NULL),
(50,43,53,0,1.000,8000.0000,0.00,0.0000,0.00,8000.0000,0.0000,8000.0000,'manual',0,0,NULL,NULL,NULL,'Emergency service: POCEDURE MINOR','2026-01-17 06:33:25','2026-01-17 06:33:25',1,NULL),
(51,52,6,NULL,1.000,1000.0000,0.00,0.0000,0.00,1000.0000,0.0000,1000.0000,'visit',2,0,NULL,NULL,NULL,NULL,'2026-01-17 19:33:33','2026-01-17 19:33:33',1,NULL),
(52,53,6,NULL,1.000,1000.0000,0.00,0.0000,0.00,1000.0000,0.0000,1000.0000,'visit',4,0,NULL,NULL,NULL,NULL,'2026-01-17 19:48:52','2026-01-17 19:48:52',1,NULL),
(53,54,6,NULL,1.000,1000.0000,0.00,0.0000,0.00,1000.0000,0.0000,1000.0000,'visit',11,1,'2026-01-18 00:05:32',1,NULL,NULL,'2026-01-17 19:49:18','2026-01-17 21:05:32',1,NULL),
(54,55,6,NULL,1.000,1000.0000,0.00,0.0000,0.00,1000.0000,0.0000,1000.0000,'visit',12,0,NULL,NULL,NULL,NULL,'2026-01-17 19:49:43','2026-01-17 19:49:43',1,NULL),
(55,55,4,NULL,1.000,2000.0000,0.00,0.0000,0.00,2000.0000,0.0000,2000.0000,'visit',12,0,NULL,NULL,NULL,NULL,'2026-01-17 19:49:49','2026-01-17 19:49:49',1,NULL),
(56,56,6,NULL,1.000,1000.0000,0.00,0.0000,0.00,1000.0000,0.0000,1000.0000,'visit',1,0,NULL,NULL,NULL,NULL,'2026-01-17 19:50:11','2026-01-17 19:50:11',1,NULL),
(57,50,6,NULL,1.000,1000.0000,0.00,0.0000,0.00,1000.0000,0.0000,1000.0000,'visit',3,0,NULL,NULL,NULL,NULL,'2026-01-17 20:07:05','2026-01-17 20:07:05',1,NULL),
(58,54,3,0,2.000,350.0000,0.00,0.0000,0.00,700.0000,0.0000,700.0000,'manual',NULL,0,NULL,NULL,NULL,'','2026-01-17 21:04:16','2026-01-19 16:22:45',1,NULL),
(59,61,3,0,1.000,350.0000,0.00,0.0000,0.00,350.0000,0.0000,350.0000,'doctor_order',2,0,NULL,NULL,NULL,'','2026-01-18 19:46:05','2026-01-18 19:46:05',1,NULL),
(60,63,1,1,1.000,250.0000,0.00,0.0000,0.00,250.0000,0.0000,250.0000,'lab_order',4,0,NULL,NULL,NULL,NULL,'2026-01-19 16:10:57','2026-01-19 16:10:57',1,NULL),
(61,66,60,NULL,1.000,8000.0000,0.00,0.0000,0.00,8000.0000,0.0000,8000.0000,'surgical_case',1,0,NULL,NULL,NULL,NULL,'2026-01-20 11:54:57','2026-01-20 11:54:57',1,NULL),
(62,54,61,NULL,1.000,50000.0000,0.00,0.0000,0.00,50000.0000,0.0000,50000.0000,'surgical_case',2,0,NULL,NULL,NULL,NULL,'2026-01-20 18:32:59','2026-01-20 18:32:59',1,NULL),
(63,67,6,NULL,1.000,1000.0000,0.00,0.0000,0.00,1000.0000,0.0000,1000.0000,'visit',14,0,NULL,NULL,NULL,NULL,'2026-01-22 11:37:41','2026-01-22 11:37:41',1,NULL),
(64,68,6,NULL,1.000,1000.0000,0.00,0.0000,0.00,1000.0000,0.0000,1000.0000,'visit',15,0,NULL,NULL,NULL,NULL,'2026-01-22 13:36:28','2026-01-22 13:36:28',1,NULL),
(65,68,15,0,1.000,2000.0000,0.00,0.0000,0.00,2000.0000,0.0000,2000.0000,'manual',NULL,0,NULL,NULL,NULL,'','2026-01-22 13:45:50','2026-01-22 13:45:50',1,NULL),
(66,69,6,NULL,1.000,1000.0000,0.00,0.0000,0.00,1000.0000,0.0000,1000.0000,'visit',15,0,NULL,NULL,NULL,NULL,'2026-01-29 07:34:47','2026-01-29 07:34:47',1,NULL),
(67,70,4,NULL,1.000,2000.0000,0.00,0.0000,0.00,2000.0000,0.0000,2000.0000,'visit',16,0,NULL,NULL,NULL,NULL,'2026-01-29 13:49:48','2026-01-29 13:49:48',1,NULL),
(68,71,1,0,1.000,250.0000,0.00,0.0000,0.00,250.0000,0.0000,250.0000,'doctor_order',16,0,NULL,NULL,NULL,'','2026-01-29 18:58:19','2026-01-29 18:58:19',1,NULL);
/*!40000 ALTER TABLE `pending_bill_items` ENABLE KEYS */;
UNLOCK TABLES;

--
-- Table structure for table `pending_bills`
--

DROP TABLE IF EXISTS `pending_bills`;
/*!40101 SET @saved_cs_client     = @@character_set_client */;
/*!40101 SET character_set_client = utf8mb4 */;
CREATE TABLE `pending_bills` (
  `pending_bill_id` int(11) NOT NULL AUTO_INCREMENT,
  `bill_number` varchar(50) NOT NULL,
  `visit_id` int(11) NOT NULL,
  `patient_id` int(11) NOT NULL,
  `price_list_id` int(11) NOT NULL,
  `subtotal_amount` decimal(15,4) NOT NULL DEFAULT 0.0000,
  `discount_amount` decimal(15,4) NOT NULL DEFAULT 0.0000,
  `tax_amount` decimal(15,4) NOT NULL DEFAULT 0.0000,
  `total_amount` decimal(15,4) NOT NULL DEFAULT 0.0000,
  `bill_status` enum('draft','pending','approved','cancelled') NOT NULL DEFAULT 'draft',
  `is_finalized` tinyint(1) DEFAULT 0,
  `finalized_at` datetime DEFAULT NULL,
  `finalized_by` int(11) DEFAULT NULL,
  `invoice_id` int(11) DEFAULT NULL,
  `notes` text DEFAULT NULL,
  `created_by` int(11) DEFAULT NULL,
  `created_at` timestamp NULL DEFAULT current_timestamp(),
  `updated_at` timestamp NULL DEFAULT current_timestamp() ON UPDATE current_timestamp(),
  `is_billed` tinyint(1) DEFAULT 1,
  `bill_date` datetime DEFAULT current_timestamp(),
  `billed_at` datetime DEFAULT NULL,
  `pending_bill_number` varchar(50) DEFAULT NULL,
  PRIMARY KEY (`pending_bill_id`)
) ENGINE=InnoDB AUTO_INCREMENT=72 DEFAULT CHARSET=utf8mb4 COLLATE=utf8mb4_general_ci;
/*!40101 SET character_set_client = @saved_cs_client */;

--
-- Dumping data for table `pending_bills`
--

LOCK TABLES `pending_bills` WRITE;
/*!40000 ALTER TABLE `pending_bills` DISABLE KEYS */;
INSERT INTO `pending_bills` VALUES
(1,'PB-202601-0001',18,3,1,0.0000,0.0000,0.0000,0.0000,'draft',0,NULL,NULL,NULL,NULL,1,'2026-01-13 19:28:34','2026-01-13 19:28:34',1,'2026-01-14 14:32:33',NULL,NULL),
(22,'PB-20260114-7716',54,1,1,3500.0000,0.0000,0.0000,3500.0000,'draft',1,'2026-01-14 14:29:11',1,6,'Auto-created during visit registration for Visit #VIS2026011414291140',1,'2026-01-14 11:29:11','2026-01-14 11:29:11',1,'2026-01-14 14:32:33',NULL,NULL),
(27,'PB-20260114-4495',59,8,1,2000.0000,0.0000,0.0000,2000.0000,'draft',0,NULL,NULL,NULL,'Auto-created during visit registration for Visit #VIS2026011417125727',1,'2026-01-14 14:12:57','2026-01-14 14:12:57',1,'2026-01-14 17:12:57',NULL,NULL),
(29,'PB-20260114-5063',61,5,1,2000.0000,0.0000,0.0000,2000.0000,'draft',0,NULL,NULL,NULL,'Auto-created during visit registration for Visit #VIS2026011417544829',1,'2026-01-14 14:54:48','2026-01-14 14:54:48',1,'2026-01-14 17:54:48',NULL,NULL),
(30,'PB-20260114-5281',62,2,1,3000.0000,0.0000,0.0000,3000.0000,'draft',0,NULL,NULL,NULL,'Auto-created during visit registration for Visit #VIS2026011418200882',1,'2026-01-14 15:20:08','2026-01-15 05:44:46',1,'2026-01-14 18:20:08',NULL,NULL),
(31,'PB-202601-0006',54,1,1,0.0000,0.0000,0.0000,0.0000,'draft',0,NULL,NULL,NULL,NULL,1,'2026-01-14 15:27:34','2026-01-14 15:27:34',1,'2026-01-14 18:27:34',NULL,NULL),
(37,'PB-20260114-7166',69,2,1,1500.0000,0.0000,0.0000,1500.0000,'draft',0,NULL,NULL,NULL,'Auto-created during OPD registration for Visit #OPD-KSC-2026-001',1,'2026-01-14 19:28:36','2026-01-16 16:49:32',1,'2026-01-14 22:28:36',NULL,NULL),
(39,'PB-20260114-2464',71,2,1,3000.0000,0.0000,0.0000,3000.0000,'draft',0,NULL,NULL,NULL,'Auto-created during emergency registration for Emergency #ER-2026-001',1,'2026-01-14 19:48:24','2026-01-15 20:56:59',1,'2026-01-14 22:48:24',NULL,NULL),
(40,'PB-20260114-8135',72,4,1,2750.0000,0.0000,0.0000,2750.0000,'pending',0,NULL,NULL,NULL,'Auto-created during emergency registration for Emergency #ER-KSC-2026-001',1,'2026-01-14 20:35:51','2026-01-14 20:44:53',1,'2026-01-14 23:35:51',NULL,NULL),
(42,'PB-20260115-0805',75,7,1,2550.0000,0.0000,0.0000,2550.0000,'draft',0,NULL,NULL,NULL,'Auto-created during IPD admission for Admission #IPD-KSC-2026-001\nBed marked as Occupied.',1,'2026-01-15 08:20:40','2026-01-16 19:33:35',1,'2026-01-15 11:20:40',NULL,NULL),
(43,'PB-20260117-5215',76,3,1,8000.0000,0.0000,0.0000,8000.0000,'draft',0,NULL,NULL,NULL,'Auto-created during emergency registration for Emergency #ER-KSC-2026-002',1,'2026-01-17 06:33:25','2026-01-17 06:33:25',1,'2026-01-17 09:33:25',NULL,NULL),
(50,'BILL-2026-0001',3,1,1,1000.0000,0.0000,0.0000,1000.0000,'draft',0,NULL,NULL,14,'Draft bill created for visit IPD-2026-0001',1,'2026-01-17 19:07:41','2026-01-17 20:07:05',1,'2026-01-17 22:07:41',NULL,'PBL-2026-0001'),
(52,'BILL-2026-0002',2,1,1,1000.0000,0.0000,0.0000,1000.0000,'draft',0,NULL,NULL,15,'Draft bill created for visit ER-2026-0001',1,'2026-01-17 19:11:29','2026-01-29 18:49:25',1,'2026-01-17 22:11:29',NULL,'PBL-2026-0001'),
(53,'BILL-2026-0003',4,4,1,1000.0000,0.0000,0.0000,1000.0000,'draft',0,NULL,NULL,16,'',1,'2026-01-17 19:48:47','2026-01-17 19:48:52',1,'2026-01-17 22:48:47',NULL,'PBL-2026-0001'),
(54,'BILL-2026-0004',11,5,1,51700.0000,0.0000,0.0000,51700.0000,'draft',0,NULL,NULL,17,'',1,'2026-01-17 19:49:09','2026-01-20 18:32:59',1,'2026-01-17 22:49:09',NULL,'PBL-2026-0001'),
(55,'BILL-2026-0005',12,4,1,3000.0000,0.0000,0.0000,3000.0000,'draft',0,NULL,NULL,18,'',1,'2026-01-17 19:49:31','2026-01-17 19:49:49',1,'2026-01-17 22:49:31',NULL,'PBL-2026-0001'),
(56,'BILL-2026-0006',1,1,1,1000.0000,0.0000,0.0000,1000.0000,'draft',0,NULL,NULL,19,'',1,'2026-01-17 19:50:03','2026-01-17 19:50:11',1,'2026-01-17 22:50:03',NULL,'PBL-2026-0001'),
(57,'PB-202601-0018',4,4,1,0.0000,0.0000,0.0000,0.0000,'cancelled',0,NULL,NULL,NULL,NULL,1,'2026-01-17 20:15:07','2026-01-17 20:36:02',1,'2026-01-17 23:15:07',NULL,NULL),
(61,'PB-202601-0019',2,1,1,350.0000,0.0000,0.0000,350.0000,'draft',0,NULL,NULL,NULL,NULL,1,'2026-01-18 19:45:24','2026-01-18 19:46:05',1,'2026-01-18 22:45:24',NULL,NULL),
(62,'PB-202601-0020',3,1,1,0.0000,0.0000,0.0000,0.0000,'draft',0,NULL,NULL,NULL,NULL,1,'2026-01-18 20:09:13','2026-01-18 20:09:13',1,'2026-01-18 23:09:13',NULL,NULL),
(63,'PB-202601-0021',12,4,1,250.0000,0.0000,0.0000,250.0000,'draft',0,NULL,NULL,NULL,NULL,1,'2026-01-19 14:14:01','2026-01-19 16:10:57',1,'2026-01-19 17:14:01',NULL,NULL),
(64,'PB-202601-0022',4,4,1,0.0000,0.0000,0.0000,0.0000,'draft',0,NULL,NULL,NULL,NULL,1,'2026-01-19 15:24:39','2026-01-19 15:24:39',1,'2026-01-19 18:24:39',NULL,NULL),
(65,'PB-202601-0023',11,5,1,0.0000,0.0000,0.0000,0.0000,'draft',0,NULL,NULL,NULL,NULL,1,'2026-01-19 18:47:52','2026-01-19 18:47:52',1,'2026-01-19 21:47:52',NULL,NULL),
(66,'PB-20260120-0013',13,1,1,8000.0000,0.0000,0.0000,8000.0000,'approved',1,'2026-01-29 21:44:10',1,NULL,NULL,1,'2026-01-20 11:54:57','2026-01-29 18:44:10',1,'2026-01-20 14:54:57',NULL,NULL),
(67,'BILL-2026-0007',14,5,1,1000.0000,0.0000,0.0000,1000.0000,'draft',0,NULL,NULL,20,'',1,'2026-01-22 11:37:03','2026-01-22 11:37:41',1,'2026-01-22 14:37:03',NULL,'PBL-2026-0001'),
(68,'BILL-2026-0008',15,6,1,3000.0000,0.0000,0.0000,3000.0000,'draft',0,NULL,NULL,21,'',1,'2026-01-22 13:35:34','2026-01-22 13:45:50',1,'2026-01-22 16:35:34',NULL,'PBL-2026-0001'),
(69,'PB-202601-0027',15,6,1,1000.0000,0.0000,0.0000,1000.0000,'draft',0,NULL,NULL,NULL,NULL,1,'2026-01-22 13:55:15','2026-01-29 07:34:47',1,'2026-01-22 16:55:15',NULL,NULL),
(70,'BILL-2026-0009',16,7,2,2000.0000,0.0000,0.0000,2000.0000,'draft',0,NULL,NULL,22,'',1,'2026-01-29 13:49:38','2026-01-29 13:49:48',1,'2026-01-29 16:49:38',NULL,'PBL-2026-0001'),
(71,'PB-202601-0029',16,7,1,250.0000,0.0000,0.0000,250.0000,'draft',0,NULL,NULL,NULL,NULL,1,'2026-01-29 18:57:56','2026-01-29 18:58:19',1,'2026-01-29 21:57:56',NULL,NULL);
/*!40000 ALTER TABLE `pending_bills` ENABLE KEYS */;
UNLOCK TABLES;

--
-- Table structure for table `performance_reviews`
--

DROP TABLE IF EXISTS `performance_reviews`;
/*!40101 SET @saved_cs_client     = @@character_set_client */;
/*!40101 SET character_set_client = utf8mb4 */;
CREATE TABLE `performance_reviews` (
  `review_id` int(11) NOT NULL AUTO_INCREMENT,
  `employee_id` int(11) NOT NULL,
  `review_date` date NOT NULL,
  `reviewer_id` int(11) NOT NULL,
  `performance_rating` enum('Excellent','Good','Satisfactory','Needs Improvement','Poor') NOT NULL,
  `strengths` text DEFAULT NULL,
  `areas_for_improvement` text DEFAULT NULL,
  `goals` text DEFAULT NULL,
  `comments` text DEFAULT NULL,
  `next_review_date` date DEFAULT NULL,
  `created_at` timestamp NULL DEFAULT current_timestamp(),
  PRIMARY KEY (`review_id`),
  KEY `reviewer_id` (`reviewer_id`),
  KEY `idx_employee` (`employee_id`),
  KEY `idx_review_date` (`review_date`)
) ENGINE=InnoDB DEFAULT CHARSET=utf8mb4 COLLATE=utf8mb4_unicode_ci;
/*!40101 SET character_set_client = @saved_cs_client */;

--
-- Dumping data for table `performance_reviews`
--

LOCK TABLES `performance_reviews` WRITE;
/*!40000 ALTER TABLE `performance_reviews` DISABLE KEYS */;
/*!40000 ALTER TABLE `performance_reviews` ENABLE KEYS */;
UNLOCK TABLES;

--
-- Table structure for table `permissions`
--

DROP TABLE IF EXISTS `permissions`;
/*!40101 SET @saved_cs_client     = @@character_set_client */;
/*!40101 SET character_set_client = utf8mb4 */;
CREATE TABLE `permissions` (
  `permission_id` int(11) NOT NULL AUTO_INCREMENT,
  `permission_name` varchar(100) NOT NULL,
  `permission_description` text DEFAULT NULL,
  `permission_category` varchar(50) DEFAULT 'general',
  `is_module` tinyint(1) DEFAULT 0,
  `created_at` timestamp NULL DEFAULT current_timestamp(),
  PRIMARY KEY (`permission_id`),
  UNIQUE KEY `permission_name` (`permission_name`)
) ENGINE=InnoDB AUTO_INCREMENT=90 DEFAULT CHARSET=utf8mb4 COLLATE=utf8mb4_general_ci;
/*!40101 SET character_set_client = @saved_cs_client */;

--
-- Dumping data for table `permissions`
--

LOCK TABLES `permissions` WRITE;
/*!40000 ALTER TABLE `permissions` DISABLE KEYS */;
INSERT INTO `permissions` VALUES
(1,'module_patients','Access to Patient Management Module','modules',1,'2025-11-10 23:11:14'),
(2,'module_doctor','Access to Doctor Module','modules',1,'2025-11-10 23:11:14'),
(3,'module_nursing','Access to Nursing Module','modules',1,'2025-11-10 23:11:14'),
(4,'module_laboratory','Access to Laboratory Module','modules',1,'2025-11-10 23:11:14'),
(5,'module_theatre','Access to Operating Theatre Module','modules',1,'2025-11-10 23:11:14'),
(6,'module_pharmacy','Access to Pharmacy Module','modules',1,'2025-11-10 23:11:14'),
(7,'module_inventory','Access to Inventory Module','modules',1,'2025-11-10 23:11:14'),
(8,'module_billing','Access to Billing Module','modules',1,'2025-11-10 23:11:14'),
(9,'module_accounts','Access to Accounts/Finance Module','modules',1,'2025-11-10 23:11:14'),
(10,'module_hr','Access to Human Resources Module','modules',1,'2025-11-10 23:11:14'),
(11,'module_sysadmin','Access to System Admin Module','modules',1,'2025-11-10 23:11:14'),
(12,'module_tickets','Access to Support Tickets Module','modules',1,'2025-11-10 23:11:14'),
(13,'module_reports','Access to Reports Module','modules',1,'2025-11-10 23:11:14'),
(14,'patient_view','View patients','patients',0,'2025-11-10 23:11:14'),
(15,'patient_create','Create new patients','patients',0,'2025-11-10 23:11:14'),
(16,'patient_edit','Edit patient information','patients',0,'2025-11-10 23:11:14'),
(17,'patient_delete','Delete patients','patients',0,'2025-11-10 23:11:14'),
(18,'visit_view','View patient visits','visits',0,'2025-11-10 23:11:14'),
(19,'visit_create','Create new visits','visits',0,'2025-11-10 23:11:14'),
(20,'visit_edit','Edit visit information','visits',0,'2025-11-10 23:11:14'),
(21,'doctor_view','View doctor dashboard','doctor',0,'2025-11-10 23:11:14'),
(22,'doctor_appointments','Manage appointments','doctor',0,'2025-11-10 23:11:14'),
(23,'prescription_create','Create prescriptions','doctor',0,'2025-11-10 23:11:14'),
(24,'prescription_view','View prescriptions','doctor',0,'2025-11-10 23:11:14'),
(25,'nurse_view','View nurse dashboard','nursing',0,'2025-11-10 23:11:14'),
(26,'nurse_handover','Manage shift handover','nursing',0,'2025-11-10 23:11:14'),
(27,'lab_view','View lab dashboard','laboratory',0,'2025-11-10 23:11:14'),
(28,'lab_orders','Manage lab orders','laboratory',0,'2025-11-10 23:11:14'),
(29,'lab_results','Manage lab results','laboratory',0,'2025-11-10 23:11:14'),
(30,'lab_collection','Manage sample collection','laboratory',0,'2025-11-10 23:11:14'),
(31,'lab_tests','Manage lab tests','laboratory',0,'2025-11-10 23:11:14'),
(32,'lab_category','Manage lab categories','laboratory',0,'2025-11-10 23:11:14'),
(33,'pharmacy_view','View pharmacy dashboard','pharmacy',0,'2025-11-10 23:11:14'),
(34,'pharmacy_drugs','Manage drug items','pharmacy',0,'2025-11-10 23:11:14'),
(35,'pharmacy_prescriptions','Manage prescriptions','pharmacy',0,'2025-11-10 23:11:14'),
(36,'pharmacy_stock','Manage stock','pharmacy',0,'2025-11-10 23:11:14'),
(37,'pharmacy_purchase_orders','Manage purchase orders','pharmacy',0,'2025-11-10 23:11:14'),
(38,'pharmacy_suppliers','Manage suppliers','pharmacy',0,'2025-11-10 23:11:14'),
(39,'pharmacy_reports','View pharmacy reports','pharmacy',0,'2025-11-10 23:11:14'),
(40,'sysadmin_user_manage','Manage users','sysadmin',0,'2025-11-10 23:11:14'),
(41,'sysadmin_permission_manage','Manage permissions','sysadmin',0,'2025-11-10 23:11:14'),
(42,'*','All permissions wildcard','system',0,'2025-11-10 23:11:14'),
(43,'inventory_requisition','','new_category',0,'2025-11-15 21:19:58'),
(44,'patient_print_card','allows printing of patient cards','patients',0,'2025-11-16 07:05:34'),
(45,'doctor_start_consultation','doctor to start a consult','doctor',0,'2025-11-16 07:33:21'),
(46,'doctor_visit_view','docto to view visit details','doctor',0,'2025-11-16 07:38:42'),
(47,'doctor_vital_save','records vitals','doctor',0,'2025-11-16 09:01:11'),
(48,'doctor_history_save','save patient history','doctor',0,'2025-11-16 09:03:39'),
(49,'doctor_history_view','view patient history','doctor',0,'2025-11-16 09:08:36'),
(50,'doctor_history_edit','edit patient history','doctor',0,'2025-11-16 09:08:56'),
(51,'doctor_diagnosis_save','save diagnosis','doctor',0,'2025-11-16 09:17:02'),
(52,'doctor_diagnosis_edit','','doctor',0,'2025-11-16 09:17:23'),
(53,'doctor_diagnosis_view','view diagnosis','doctor',0,'2025-11-16 09:18:02'),
(54,'doctor_examination_draft','draft examination','doctor',0,'2025-11-16 09:28:00'),
(55,'doctor_examination_finalize','finalize examination','doctor',0,'2025-11-16 09:28:32'),
(56,'doctor_examination_view','view examination','doctor',0,'2025-11-16 09:29:45'),
(57,'doctor_examination_edit','edit examination','doctor',0,'2025-11-16 09:30:19'),
(58,'doctor_notes_edit','to edit notes','doctor',0,'2025-11-16 09:40:07'),
(59,'doctor_notes_view','to view notes','doctor',0,'2025-11-16 09:40:39'),
(60,'doctor_notes_finalize','to finalize notes','doctor',0,'2025-11-16 09:41:09'),
(61,'doctor_notes_draft','to draft notes','doctor',0,'2025-11-16 09:41:46'),
(62,'doctor_lab_order','doctor to place orders','doctor',0,'2025-11-16 09:50:52'),
(63,'doctor_lab_view','to view lab orders','doctor',0,'2025-11-16 09:51:45'),
(64,'doctor_prescription_view','to view prescriptions','doctor',0,'2025-11-16 09:58:50'),
(65,'doctor_prescription_edit','to edit prescription','doctor',0,'2025-11-16 09:59:16'),
(66,'doctor_prescription_save','to save or place order','doctor',0,'2025-11-16 09:59:42'),
(67,'doctor_surgery_view','to view surgey','doctor',0,'2025-11-16 10:07:23'),
(68,'doctor_surgery_edit','to edit surgery schedules','doctor',0,'2025-11-16 10:08:20'),
(69,'doctor_surgery_schedule','to schedule surgeries','doctor',0,'2025-11-16 10:08:54'),
(70,'doctor_discharge','to discharge patients','doctor',0,'2025-11-16 10:15:22'),
(71,'module_radiology','','Radiology',1,'2025-11-29 05:57:15'),
(72,'radiology_view_order','','Radiology',0,'2025-11-29 06:01:07'),
(73,'radiology_edit_order','','Radiology',0,'2025-11-29 06:01:48'),
(74,'radiology_view_report','','Radiology',0,'2025-11-29 06:02:53'),
(75,'radiology_delete_order','','Radiology',0,'2025-11-29 06:03:18'),
(76,'radiology_print_report','','Radiology',0,'2025-11-29 06:15:29'),
(77,'radiology_edit_report','','Radiology',0,'2025-11-29 06:16:05'),
(78,'radiology_finalize_report','','Radiology',0,'2025-11-29 06:16:39'),
(79,'radiology_amend_report','','Radiology',0,'2025-11-29 06:17:06'),
(80,'radiology_delete_report','delete','Radiology',0,'2025-11-29 06:17:44'),
(81,'radiology_view_image','','Radiology',0,'2025-11-29 06:39:45'),
(82,'radiology_edit_image','','Radiology',0,'2025-11-29 06:44:17'),
(83,'radiology_delete_image','','Radiology',0,'2025-11-29 06:44:55'),
(84,'radiology_restore_image','','Radiology',0,'2025-11-29 06:45:14'),
(85,'radiology_create_image','','Radiology',0,'2025-11-29 07:14:45'),
(86,'radiology_create_report','','Radiology',0,'2025-11-29 07:29:04'),
(87,'radiology_complete_study','','Radiology',0,'2025-11-29 07:29:56'),
(88,'doctor_view_ward','','doctor',0,'2025-11-29 11:28:21'),
(89,'doctor_dashboard','','doctor',0,'2025-11-29 12:04:41');
/*!40000 ALTER TABLE `permissions` ENABLE KEYS */;
UNLOCK TABLES;

--
-- Table structure for table `petty_cash_replenishments`
--

DROP TABLE IF EXISTS `petty_cash_replenishments`;
/*!40101 SET @saved_cs_client     = @@character_set_client */;
/*!40101 SET character_set_client = utf8mb4 */;
CREATE TABLE `petty_cash_replenishments` (
  `replenishment_id` int(11) NOT NULL AUTO_INCREMENT,
  `account_id` int(11) NOT NULL,
  `amount` decimal(15,2) NOT NULL,
  `reason` text DEFAULT NULL,
  `status` enum('requested','approved','completed','rejected') DEFAULT 'requested',
  `requested_by` int(11) NOT NULL,
  `requested_at` timestamp NULL DEFAULT current_timestamp(),
  `approved_by` int(11) DEFAULT NULL,
  `approved_at` timestamp NULL DEFAULT NULL,
  `completed_by` int(11) DEFAULT NULL,
  `completed_at` timestamp NULL DEFAULT NULL,
  `journal_header_id` int(11) DEFAULT NULL,
  PRIMARY KEY (`replenishment_id`),
  KEY `account_id` (`account_id`),
  KEY `requested_by` (`requested_by`),
  KEY `approved_by` (`approved_by`),
  KEY `completed_by` (`completed_by`),
  KEY `journal_header_id` (`journal_header_id`),
  KEY `idx_status` (`status`),
  KEY `idx_requested_at` (`requested_at`)
) ENGINE=InnoDB DEFAULT CHARSET=utf8mb4 COLLATE=utf8mb4_unicode_ci;
/*!40101 SET character_set_client = @saved_cs_client */;

--
-- Dumping data for table `petty_cash_replenishments`
--

LOCK TABLES `petty_cash_replenishments` WRITE;
/*!40000 ALTER TABLE `petty_cash_replenishments` DISABLE KEYS */;
/*!40000 ALTER TABLE `petty_cash_replenishments` ENABLE KEYS */;
UNLOCK TABLES;

--
-- Table structure for table `petty_cash_vouchers`
--

DROP TABLE IF EXISTS `petty_cash_vouchers`;
/*!40101 SET @saved_cs_client     = @@character_set_client */;
/*!40101 SET character_set_client = utf8mb4 */;
CREATE TABLE `petty_cash_vouchers` (
  `voucher_id` int(11) NOT NULL AUTO_INCREMENT,
  `voucher_number` varchar(50) NOT NULL,
  `account_id` int(11) NOT NULL,
  `amount` decimal(15,2) NOT NULL,
  `description` text NOT NULL,
  `payee` varchar(255) DEFAULT NULL,
  `category_id` int(11) DEFAULT NULL,
  `payment_method` enum('cash','check','digital') DEFAULT 'cash',
  `status` enum('draft','submitted','approved','rejected','paid') DEFAULT 'draft',
  `receipt_attached` tinyint(1) DEFAULT 0,
  `receipt_path` varchar(500) DEFAULT NULL,
  `approved_by` int(11) DEFAULT NULL,
  `approved_at` timestamp NULL DEFAULT NULL,
  `paid_by` int(11) DEFAULT NULL,
  `paid_at` timestamp NULL DEFAULT NULL,
  `created_by` int(11) NOT NULL,
  `created_at` timestamp NULL DEFAULT current_timestamp(),
  `updated_at` timestamp NULL DEFAULT current_timestamp() ON UPDATE current_timestamp(),
  PRIMARY KEY (`voucher_id`),
  UNIQUE KEY `voucher_number` (`voucher_number`),
  KEY `account_id` (`account_id`),
  KEY `category_id` (`category_id`),
  KEY `approved_by` (`approved_by`),
  KEY `paid_by` (`paid_by`),
  KEY `created_by` (`created_by`),
  KEY `idx_voucher_number` (`voucher_number`),
  KEY `idx_status` (`status`),
  KEY `idx_created_at` (`created_at`)
) ENGINE=InnoDB DEFAULT CHARSET=utf8mb4 COLLATE=utf8mb4_unicode_ci;
/*!40101 SET character_set_client = @saved_cs_client */;

--
-- Dumping data for table `petty_cash_vouchers`
--

LOCK TABLES `petty_cash_vouchers` WRITE;
/*!40000 ALTER TABLE `petty_cash_vouchers` DISABLE KEYS */;
/*!40000 ALTER TABLE `petty_cash_vouchers` ENABLE KEYS */;
UNLOCK TABLES;

--
-- Table structure for table `pharmacy_invoice_items`
--

DROP TABLE IF EXISTS `pharmacy_invoice_items`;
/*!40101 SET @saved_cs_client     = @@character_set_client */;
/*!40101 SET character_set_client = utf8mb4 */;
CREATE TABLE `pharmacy_invoice_items` (
  `ph_item_id` int(11) NOT NULL AUTO_INCREMENT,
  `ph_item_invoice_id` int(11) NOT NULL,
  `ph_item_drug_id` int(11) NOT NULL,
  `ph_item_quantity` int(11) NOT NULL,
  `ph_item_unit_price` decimal(10,2) NOT NULL,
  `ph_item_total_price` decimal(10,2) NOT NULL,
  `ph_item_batch_number` varchar(100) DEFAULT NULL,
  PRIMARY KEY (`ph_item_id`),
  KEY `ph_item_invoice_id` (`ph_item_invoice_id`),
  KEY `ph_item_drug_id` (`ph_item_drug_id`)
) ENGINE=InnoDB DEFAULT CHARSET=utf8mb4 COLLATE=utf8mb4_general_ci;
/*!40101 SET character_set_client = @saved_cs_client */;

--
-- Dumping data for table `pharmacy_invoice_items`
--

LOCK TABLES `pharmacy_invoice_items` WRITE;
/*!40000 ALTER TABLE `pharmacy_invoice_items` DISABLE KEYS */;
/*!40000 ALTER TABLE `pharmacy_invoice_items` ENABLE KEYS */;
UNLOCK TABLES;

--
-- Table structure for table `pharmacy_invoices`
--

DROP TABLE IF EXISTS `pharmacy_invoices`;
/*!40101 SET @saved_cs_client     = @@character_set_client */;
/*!40101 SET character_set_client = utf8mb4 */;
CREATE TABLE `pharmacy_invoices` (
  `ph_invoice_id` int(11) NOT NULL AUTO_INCREMENT,
  `ph_invoice_number` varchar(100) NOT NULL,
  `ph_invoice_patient_id` int(11) NOT NULL,
  `ph_invoice_date` date NOT NULL,
  `ph_invoice_status` enum('draft','billed','paid','cancelled') DEFAULT 'draft',
  `ph_invoice_subtotal` decimal(10,2) DEFAULT 0.00,
  `ph_invoice_tax_amount` decimal(10,2) DEFAULT 0.00,
  `ph_invoice_total_amount` decimal(10,2) DEFAULT 0.00,
  `ph_invoice_notes` text DEFAULT NULL,
  `ph_invoice_created_by` int(11) NOT NULL,
  `ph_invoice_archived_at` datetime DEFAULT NULL,
  `ph_invoice_created_at` timestamp NULL DEFAULT current_timestamp(),
  PRIMARY KEY (`ph_invoice_id`),
  UNIQUE KEY `ph_invoice_number` (`ph_invoice_number`),
  KEY `ph_invoice_patient_id` (`ph_invoice_patient_id`),
  KEY `ph_invoice_created_by` (`ph_invoice_created_by`)
) ENGINE=InnoDB AUTO_INCREMENT=2 DEFAULT CHARSET=utf8mb4 COLLATE=utf8mb4_general_ci;
/*!40101 SET character_set_client = @saved_cs_client */;

--
-- Dumping data for table `pharmacy_invoices`
--

LOCK TABLES `pharmacy_invoices` WRITE;
/*!40000 ALTER TABLE `pharmacy_invoices` DISABLE KEYS */;
INSERT INTO `pharmacy_invoices` VALUES
(1,'PH-INV-20251102-7059',15,'2025-11-02','billed',0.00,0.00,0.00,NULL,1,NULL,'2025-11-02 03:54:05');
/*!40000 ALTER TABLE `pharmacy_invoices` ENABLE KEYS */;
UNLOCK TABLES;

--
-- Table structure for table `physical_examinations`
--

DROP TABLE IF EXISTS `physical_examinations`;
/*!40101 SET @saved_cs_client     = @@character_set_client */;
/*!40101 SET character_set_client = utf8mb4 */;
CREATE TABLE `physical_examinations` (
  `exam_id` int(11) NOT NULL AUTO_INCREMENT,
  `visit_id` int(11) NOT NULL,
  `system` varchar(50) NOT NULL,
  `findings` text DEFAULT NULL,
  `normal` tinyint(1) DEFAULT 1,
  `created_by` int(11) NOT NULL,
  `created_at` timestamp NULL DEFAULT current_timestamp(),
  PRIMARY KEY (`exam_id`),
  KEY `created_by` (`created_by`),
  KEY `idx_visit_system` (`visit_id`,`system`)
) ENGINE=InnoDB DEFAULT CHARSET=utf8mb4 COLLATE=utf8mb4_unicode_ci;
/*!40101 SET character_set_client = @saved_cs_client */;

--
-- Dumping data for table `physical_examinations`
--

LOCK TABLES `physical_examinations` WRITE;
/*!40000 ALTER TABLE `physical_examinations` DISABLE KEYS */;
/*!40000 ALTER TABLE `physical_examinations` ENABLE KEYS */;
UNLOCK TABLES;

--
-- Table structure for table `pnc_visits`
--

DROP TABLE IF EXISTS `pnc_visits`;
/*!40101 SET @saved_cs_client     = @@character_set_client */;
/*!40101 SET character_set_client = utf8mb4 */;
CREATE TABLE `pnc_visits` (
  `pnc_id` int(11) NOT NULL AUTO_INCREMENT,
  `patient_id` int(11) NOT NULL,
  `visit_id` int(11) NOT NULL,
  `baby_alive` enum('Yes','No') DEFAULT 'Yes',
  `breastfeeding` enum('Yes','No') DEFAULT 'Yes',
  `maternal_temperature` decimal(4,2) DEFAULT NULL,
  `maternal_pulse` int(11) DEFAULT NULL,
  `maternal_bp_systolic` int(11) DEFAULT NULL,
  `maternal_bp_diastolic` int(11) DEFAULT NULL,
  `lochia` enum('Normal','Abnormal') DEFAULT 'Normal',
  `complications` text DEFAULT NULL,
  `pnc_notes` text DEFAULT NULL,
  `created_by` int(11) DEFAULT NULL,
  `created_at` datetime DEFAULT current_timestamp(),
  `updated_at` datetime DEFAULT current_timestamp() ON UPDATE current_timestamp(),
  PRIMARY KEY (`pnc_id`),
  KEY `patient_id` (`patient_id`),
  KEY `visit_id` (`visit_id`)
) ENGINE=InnoDB AUTO_INCREMENT=2 DEFAULT CHARSET=utf8mb4 COLLATE=utf8mb4_general_ci;
/*!40101 SET character_set_client = @saved_cs_client */;

--
-- Dumping data for table `pnc_visits`
--

LOCK TABLES `pnc_visits` WRITE;
/*!40000 ALTER TABLE `pnc_visits` DISABLE KEYS */;
INSERT INTO `pnc_visits` VALUES
(1,2,1,'Yes','Yes',40.00,54,120,70,'Normal','test','test',1,'2025-11-22 20:18:35','2025-11-22 20:18:35');
/*!40000 ALTER TABLE `pnc_visits` ENABLE KEYS */;
UNLOCK TABLES;

--
-- Table structure for table `postop_care`
--

DROP TABLE IF EXISTS `postop_care`;
/*!40101 SET @saved_cs_client     = @@character_set_client */;
/*!40101 SET character_set_client = utf8mb4 */;
CREATE TABLE `postop_care` (
  `id` int(10) unsigned NOT NULL AUTO_INCREMENT,
  `visit_id` int(10) unsigned NOT NULL,
  `patient_id` int(10) unsigned NOT NULL,
  `care_date` date NOT NULL,
  `care_type` varchar(100) DEFAULT NULL,
  `wound_assessment` text DEFAULT NULL,
  `wound_classification` varchar(50) DEFAULT NULL,
  `drain_output` varchar(100) DEFAULT NULL,
  `drain_type` varchar(50) DEFAULT NULL,
  `pain_score` int(11) DEFAULT NULL,
  `pain_management` text DEFAULT NULL,
  `mobility` varchar(100) DEFAULT NULL,
  `nutrition` varchar(100) DEFAULT NULL,
  `bowel_function` varchar(100) DEFAULT NULL,
  `urine_output` varchar(100) DEFAULT NULL,
  `fluid_balance` varchar(100) DEFAULT NULL,
  `medications` text DEFAULT NULL,
  `lab_orders` text DEFAULT NULL,
  `imaging_orders` text DEFAULT NULL,
  `complications` text DEFAULT NULL,
  `discharge_planning` text DEFAULT NULL,
  `follow_up` text DEFAULT NULL,
  `nursing_notes` text DEFAULT NULL,
  `doctor_notes` text DEFAULT NULL,
  `status` varchar(50) DEFAULT NULL,
  `documented_by` int(10) unsigned DEFAULT NULL,
  `documented_at` datetime NOT NULL DEFAULT current_timestamp(),
  PRIMARY KEY (`id`),
  KEY `idx_visit_id` (`visit_id`),
  KEY `idx_patient_id` (`patient_id`),
  KEY `idx_care_date` (`care_date`),
  KEY `idx_status` (`status`)
) ENGINE=InnoDB AUTO_INCREMENT=3 DEFAULT CHARSET=utf8mb4 COLLATE=utf8mb4_general_ci;
/*!40101 SET character_set_client = @saved_cs_client */;

--
-- Dumping data for table `postop_care`
--

LOCK TABLES `postop_care` WRITE;
/*!40000 ALTER TABLE `postop_care` DISABLE KEYS */;
INSERT INTO `postop_care` VALUES
(1,7,7,'2025-01-11','Postoperative Day 1','Surgical wound clean and dry, no signs of infection','Clean','50 ml serosanguinous fluid','Jackson-Pratt',4,'Paracetamol and tramadol as needed','Ambulating with assistance','Clear liquids tolerated','No bowel movement yet','Adequate','Positive 500 ml','IV antibiotics, analgesics','CBC, electrolytes','None','None','Expected discharge in 2 days','Outpatient review in 1 week','Patient comfortable, vitals stable','Continue current management','Ongoing',6,'2025-12-25 17:21:12'),
(2,7,7,'2025-01-12','Postoperative Day 2','Wound dry, sutures intact','Clean','20 ml serous fluid','Jackson-Pratt',2,'Oral paracetamol','Ambulating independently','Soft diet tolerated','Passed flatus','Normal','Balanced','Oral antibiotics','None','None','None','Discharge planned tomorrow','Surgical clinic in 7 days','Patient mobilizing well','Fit for discharge tomorrow','Improving',6,'2025-12-25 17:21:50');
/*!40000 ALTER TABLE `postop_care` ENABLE KEYS */;
UNLOCK TABLES;

--
-- Table structure for table `postop_orders`
--

DROP TABLE IF EXISTS `postop_orders`;
/*!40101 SET @saved_cs_client     = @@character_set_client */;
/*!40101 SET character_set_client = utf8mb4 */;
CREATE TABLE `postop_orders` (
  `order_id` int(11) NOT NULL AUTO_INCREMENT,
  `visit_id` int(11) NOT NULL,
  `surgeon_id` int(11) NOT NULL,
  `order_date` datetime DEFAULT current_timestamp(),
  `order_type` varchar(50) DEFAULT NULL,
  `analgesics` text DEFAULT NULL,
  `analgesic_dose` varchar(100) DEFAULT NULL,
  `analgesic_frequency` varchar(100) DEFAULT NULL,
  `analgesic_route` varchar(50) DEFAULT NULL,
  `analgesic_prn` tinyint(1) DEFAULT 0,
  `antibiotics` text DEFAULT NULL,
  `antibiotic_dose` varchar(100) DEFAULT NULL,
  `antibiotic_frequency` varchar(100) DEFAULT NULL,
  `antibiotic_duration` varchar(100) DEFAULT NULL,
  `antibiotic_route` varchar(50) DEFAULT NULL,
  `antiemetics` text DEFAULT NULL,
  `antiemetic_dose` varchar(100) DEFAULT NULL,
  `antiemetic_frequency` varchar(100) DEFAULT NULL,
  `antiemetic_route` varchar(50) DEFAULT NULL,
  `antiemetic_prn` tinyint(1) DEFAULT 0,
  `other_medications` text DEFAULT NULL,
  `iv_fluids` text DEFAULT NULL,
  `iv_rate` varchar(100) DEFAULT NULL,
  `iv_duration` varchar(100) DEFAULT NULL,
  `vital_signs_frequency` varchar(100) DEFAULT NULL,
  `neurovascular_checks` varchar(255) DEFAULT NULL,
  `drain_output_monitoring` varchar(255) DEFAULT NULL,
  `urine_output_monitoring` varchar(255) DEFAULT NULL,
  `bed_rest` tinyint(1) DEFAULT 0,
  `bed_rest_duration` varchar(100) DEFAULT NULL,
  `ambulation` varchar(255) DEFAULT NULL,
  `ambulation_frequency` varchar(100) DEFAULT NULL,
  `diet` varchar(255) DEFAULT NULL,
  `diet_advancement` text DEFAULT NULL,
  `dressing_changes` text DEFAULT NULL,
  `dressing_frequency` varchar(100) DEFAULT NULL,
  `suture_removal_date` date DEFAULT NULL,
  `labs_ordered` text DEFAULT NULL,
  `imaging_ordered` text DEFAULT NULL,
  `estimated_discharge_date` date DEFAULT NULL,
  `follow_up_appointment` datetime DEFAULT NULL,
  `follow_up_instructions` text DEFAULT NULL,
  `special_instructions` text DEFAULT NULL,
  `order_complete` tinyint(1) DEFAULT 0,
  `ordered_by` int(11) DEFAULT NULL,
  `administered_by` int(11) DEFAULT NULL,
  `start_date` datetime DEFAULT NULL,
  `created_at` datetime DEFAULT NULL,
  `status` varchar(50) DEFAULT NULL,
  `patient_id` int(11) DEFAULT NULL,
  `medication_name` varchar(100) DEFAULT NULL,
  `dosage` varchar(50) DEFAULT NULL,
  `frequency` varchar(50) DEFAULT NULL,
  `route` varchar(50) DEFAULT NULL,
  `duration` varchar(50) DEFAULT NULL,
  `instructions` varchar(50) DEFAULT NULL,
  PRIMARY KEY (`order_id`),
  KEY `visit_id` (`visit_id`),
  KEY `surgeon_id` (`surgeon_id`)
) ENGINE=InnoDB DEFAULT CHARSET=utf8mb4 COLLATE=utf8mb4_unicode_ci;
/*!40101 SET character_set_client = @saved_cs_client */;

--
-- Dumping data for table `postop_orders`
--

LOCK TABLES `postop_orders` WRITE;
/*!40000 ALTER TABLE `postop_orders` DISABLE KEYS */;
/*!40000 ALTER TABLE `postop_orders` ENABLE KEYS */;
UNLOCK TABLES;

--
-- Table structure for table `preop_orders`
--

DROP TABLE IF EXISTS `preop_orders`;
/*!40101 SET @saved_cs_client     = @@character_set_client */;
/*!40101 SET character_set_client = utf8mb4 */;
CREATE TABLE `preop_orders` (
  `order_id` int(11) NOT NULL AUTO_INCREMENT,
  `visit_id` int(11) NOT NULL,
  `surgeon_id` int(11) NOT NULL,
  `order_date` datetime DEFAULT current_timestamp(),
  `npo_status` tinyint(1) DEFAULT 0,
  `npo_start_time` datetime DEFAULT NULL,
  `consent_signed` tinyint(1) DEFAULT 0,
  `surgical_site_marked` tinyint(1) DEFAULT 0,
  `preop_antibiotics` text DEFAULT NULL,
  `preop_antibiotic_dose` varchar(100) DEFAULT NULL,
  `preop_antibiotic_time` datetime DEFAULT NULL,
  `labs_ordered` text DEFAULT NULL,
  `imaging_ordered` text DEFAULT NULL,
  `anesthesia_clearance` tinyint(1) DEFAULT 0,
  `medical_clearance` tinyint(1) DEFAULT 0,
  `special_instructions` text DEFAULT NULL,
  `order_complete` tinyint(1) DEFAULT 0,
  PRIMARY KEY (`order_id`),
  KEY `visit_id` (`visit_id`),
  KEY `surgeon_id` (`surgeon_id`)
) ENGINE=InnoDB DEFAULT CHARSET=utf8mb4 COLLATE=utf8mb4_unicode_ci;
/*!40101 SET character_set_client = @saved_cs_client */;

--
-- Dumping data for table `preop_orders`
--

LOCK TABLES `preop_orders` WRITE;
/*!40000 ALTER TABLE `preop_orders` DISABLE KEYS */;
/*!40000 ALTER TABLE `preop_orders` ENABLE KEYS */;
UNLOCK TABLES;

--
-- Table structure for table `prescription_items`
--

DROP TABLE IF EXISTS `prescription_items`;
/*!40101 SET @saved_cs_client     = @@character_set_client */;
/*!40101 SET character_set_client = utf8mb4 */;
CREATE TABLE `prescription_items` (
  `pi_id` int(11) NOT NULL AUTO_INCREMENT,
  `pi_prescription_id` int(11) NOT NULL,
  `pi_drug_id` int(11) NOT NULL,
  `pi_quantity` int(11) NOT NULL,
  `pi_dispensed_quantity` int(11) DEFAULT 0,
  `pi_dosage` varchar(100) DEFAULT NULL,
  `pi_frequency` varchar(100) DEFAULT NULL,
  `pi_duration` varchar(100) DEFAULT NULL,
  `pi_instructions` text DEFAULT NULL,
  `pi_unit_price` decimal(10,2) DEFAULT NULL,
  `pi_total_price` decimal(10,2) DEFAULT NULL,
  `pi_inventory_item_id` int(11) DEFAULT NULL,
  `pi_dispensed_at` datetime DEFAULT NULL,
  `pi_updated_at` datetime DEFAULT NULL,
  `pi_duration_unit` varchar(100) DEFAULT NULL,
  `pi_batch_id` int(11) DEFAULT NULL,
  `pi_location_id` int(11) DEFAULT NULL,
  PRIMARY KEY (`pi_id`),
  KEY `pi_prescription_id` (`pi_prescription_id`),
  KEY `pi_drug_id` (`pi_drug_id`),
  KEY `pi_inventory_item_id` (`pi_inventory_item_id`)
) ENGINE=InnoDB AUTO_INCREMENT=16 DEFAULT CHARSET=utf8mb4 COLLATE=utf8mb4_general_ci;
/*!40101 SET character_set_client = @saved_cs_client */;

--
-- Dumping data for table `prescription_items`
--

LOCK TABLES `prescription_items` WRITE;
/*!40000 ALTER TABLE `prescription_items` DISABLE KEYS */;
INSERT INTO `prescription_items` VALUES
(1,6,3,1,0,'1 tab','Three times daily','4','test',NULL,NULL,NULL,NULL,NULL,'days',NULL,NULL),
(2,7,2,1,2,'2','Twice daily','7','test',NULL,NULL,NULL,NULL,NULL,'days',NULL,NULL),
(3,7,3,15,2,'1 tab','Once daily','76','test',NULL,NULL,NULL,NULL,NULL,'days',NULL,NULL),
(4,7,12,10,2,'1 tab','Three times daily','6','test',5.00,50.00,NULL,NULL,NULL,'days',NULL,NULL),
(5,8,3,1,0,'1 tab','Once daily','4','test',5.00,5.00,NULL,NULL,NULL,'days',NULL,NULL),
(6,9,3,51,0,'1 tab','Four times daily','5',NULL,5.00,255.00,NULL,NULL,NULL,'days',NULL,NULL),
(7,10,1,15,0,'500mg','Twice daily','3','fdfd',5.00,75.00,NULL,NULL,NULL,'days',NULL,NULL),
(8,10,12,1,0,'34','Twice daily','7',NULL,5.00,5.00,NULL,NULL,NULL,'days',NULL,NULL),
(9,11,3,1,0,'2','Twice daily','7',NULL,5.00,5.00,NULL,NULL,NULL,'days',NULL,NULL),
(10,12,2,1,0,'3','Twice daily','7',NULL,5.00,5.00,NULL,NULL,NULL,'days',NULL,NULL),
(11,12,4,1,0,'23','Twice daily','7',NULL,5.00,5.00,NULL,NULL,NULL,'days',NULL,NULL),
(12,13,12,1,0,'33','Twice daily','7',NULL,5.00,5.00,NULL,NULL,NULL,'days',NULL,NULL),
(13,14,4,1,0,'400','Twice daily','7',NULL,5.00,5.00,NULL,NULL,NULL,'days',NULL,NULL),
(14,14,5,1,0,'1tab','Twice daily','7',NULL,5.00,5.00,NULL,NULL,NULL,'days',NULL,NULL),
(15,15,3,16,0,'1 tab','Twice daily','6',NULL,5.00,80.00,NULL,NULL,NULL,'days',NULL,NULL);
/*!40000 ALTER TABLE `prescription_items` ENABLE KEYS */;
UNLOCK TABLES;

--
-- Table structure for table `prescriptions`
--

DROP TABLE IF EXISTS `prescriptions`;
/*!40101 SET @saved_cs_client     = @@character_set_client */;
/*!40101 SET character_set_client = utf8mb4 */;
CREATE TABLE `prescriptions` (
  `prescription_id` int(11) NOT NULL AUTO_INCREMENT,
  `prescription_visit_id` int(11) DEFAULT NULL,
  `prescription_invoice_id` int(11) DEFAULT NULL,
  `prescription_medication` varchar(255) DEFAULT NULL,
  `prescription_dosage` varchar(100) DEFAULT NULL,
  `prescription_frequency` varchar(100) DEFAULT NULL,
  `prescription_duration` varchar(100) DEFAULT NULL,
  `prescription_patient_id` int(11) NOT NULL,
  `prescription_doctor_id` int(11) NOT NULL,
  `prescription_date` datetime NOT NULL DEFAULT current_timestamp(),
  `prescription_status` enum('pending','dispensed','cancelled','partial','active','completed') DEFAULT 'pending',
  `prescription_priority` enum('routine','urgent','emergency') DEFAULT 'routine',
  `prescription_notes` text DEFAULT NULL,
  `prescription_instructions` text DEFAULT NULL,
  `prescription_type` enum('OPD','IPD','DISCHARGE','EMERGENCY') DEFAULT NULL,
  `prescription_refills` int(11) DEFAULT 0,
  `prescription_total_cost` decimal(10,2) DEFAULT 0.00,
  `prescription_expiry_date` date DEFAULT NULL,
  `prescription_dispensed_at` datetime DEFAULT NULL,
  `prescription_dispensed_by` int(11) DEFAULT NULL,
  `prescription_archived_at` datetime DEFAULT NULL,
  `prescription_created_at` timestamp NULL DEFAULT current_timestamp(),
  `prescription_updated_at` timestamp NULL DEFAULT current_timestamp() ON UPDATE current_timestamp(),
  `prescription_created_by` int(11) DEFAULT NULL,
  `is_billed` tinyint(1) DEFAULT 0,
  `invoice_id` int(11) DEFAULT NULL,
  `billed_at` datetime DEFAULT NULL,
  `billed_by` int(11) DEFAULT NULL,
  `dispensed_location_id` int(11) DEFAULT NULL,
  `consultation_id` int(11) DEFAULT NULL,
  `created_at` datetime NOT NULL DEFAULT current_timestamp(),
  `updated_at` datetime DEFAULT NULL ON UPDATE current_timestamp(),
  PRIMARY KEY (`prescription_id`),
  KEY `idx_prescription_date` (`prescription_date`),
  KEY `idx_prescription_status` (`prescription_status`),
  KEY `idx_prescription_patient` (`prescription_patient_id`),
  KEY `idx_prescription_doctor` (`prescription_doctor_id`),
  KEY `fk_prescription_visit` (`prescription_visit_id`)
) ENGINE=InnoDB AUTO_INCREMENT=16 DEFAULT CHARSET=utf8mb4 COLLATE=utf8mb4_unicode_ci;
/*!40101 SET character_set_client = @saved_cs_client */;

--
-- Dumping data for table `prescriptions`
--

LOCK TABLES `prescriptions` WRITE;
/*!40000 ALTER TABLE `prescriptions` DISABLE KEYS */;
INSERT INTO `prescriptions` VALUES
(6,75,NULL,'Paracetamol 500mg 600mg Tablet','1 tab','Three times daily','4',7,1,'2026-01-16 13:40:56','cancelled','routine','test','test',NULL,0,0.00,NULL,NULL,NULL,'2026-01-16 13:52:19','2026-01-16 10:40:56','2026-01-16 10:52:19',1,0,NULL,NULL,NULL,NULL,NULL,'2026-01-18 20:26:07',NULL),
(7,75,NULL,'amocilin, Paracetamol 500mg, test','2','Twice daily','7',7,1,'2026-01-16 13:41:19','completed','routine',NULL,'test','IPD',0,50.00,NULL,'2026-01-16 15:56:51',1,NULL,'2026-01-16 10:41:19','2026-01-16 12:56:51',1,0,NULL,NULL,NULL,NULL,NULL,'2026-01-18 20:26:07',NULL),
(8,75,NULL,'Paracetamol 500mg',NULL,NULL,NULL,7,1,'2026-01-16 15:58:22','active','routine','test','test','IPD',0,5.00,NULL,NULL,NULL,NULL,'2026-01-16 12:58:22','2026-01-16 12:58:22',1,0,NULL,NULL,NULL,NULL,NULL,'2026-01-18 20:26:07',NULL),
(9,69,NULL,'Paracetamol 500mg',NULL,NULL,NULL,2,1,'2026-01-16 16:01:54','active','routine',NULL,NULL,'OPD',0,255.00,NULL,NULL,NULL,NULL,'2026-01-16 13:01:54','2026-01-16 13:01:54',1,0,NULL,NULL,NULL,NULL,NULL,'2026-01-18 20:26:07',NULL),
(10,4,NULL,'amoxicilin, test',NULL,NULL,NULL,4,1,'2026-01-19 18:42:43','completed','routine','dgd','fdfd','EMERGENCY',0,80.00,NULL,'2026-01-19 23:14:45',1,NULL,'2026-01-19 15:42:43','2026-01-19 20:14:45',1,0,NULL,NULL,NULL,NULL,NULL,'2026-01-19 18:42:43','2026-01-19 23:14:45'),
(11,11,NULL,'Paracetamol 500mg',NULL,NULL,NULL,5,1,'2026-01-19 22:00:11','completed','routine',NULL,NULL,'OPD',0,5.00,NULL,'2026-01-19 22:00:31',1,NULL,'2026-01-19 19:00:11','2026-01-19 19:00:31',1,0,NULL,NULL,NULL,NULL,NULL,'2026-01-19 22:00:11','2026-01-19 22:00:31'),
(12,11,NULL,'amocilin, Ibuprofen 400mg',NULL,NULL,NULL,5,1,'2026-01-20 12:15:59','active','routine',NULL,NULL,'OPD',0,10.00,NULL,NULL,NULL,NULL,'2026-01-20 09:15:59','2026-01-20 09:29:13',1,0,NULL,NULL,NULL,NULL,NULL,'2026-01-20 12:15:59','2026-01-20 12:29:13'),
(13,12,NULL,'test',NULL,NULL,NULL,4,1,'2026-01-20 12:29:57','pending','routine',NULL,NULL,'IPD',0,5.00,NULL,NULL,NULL,NULL,'2026-01-20 09:29:57','2026-01-20 09:29:57',1,0,NULL,NULL,NULL,NULL,NULL,'2026-01-20 12:29:57','2026-01-20 12:29:57'),
(14,14,NULL,'Ibuprofen 400mg, MAR MOJA',NULL,NULL,NULL,5,1,'2026-01-22 14:45:44','pending','routine',NULL,NULL,'OPD',0,10.00,NULL,NULL,NULL,NULL,'2026-01-22 11:45:44','2026-01-22 11:46:43',1,0,NULL,NULL,NULL,NULL,NULL,'2026-01-22 14:45:44','2026-01-22 14:46:43'),
(15,15,NULL,'Paracetamol 500mg',NULL,NULL,NULL,6,1,'2026-01-22 17:06:37','pending','routine',NULL,NULL,'OPD',0,80.00,NULL,NULL,NULL,NULL,'2026-01-22 14:06:37','2026-01-22 14:06:37',1,0,NULL,NULL,NULL,NULL,NULL,'2026-01-22 17:06:37','2026-01-22 17:06:37');
/*!40000 ALTER TABLE `prescriptions` ENABLE KEYS */;
UNLOCK TABLES;

--
-- Table structure for table `price_history`
--

DROP TABLE IF EXISTS `price_history`;
/*!40101 SET @saved_cs_client     = @@character_set_client */;
/*!40101 SET character_set_client = utf8mb4 */;
CREATE TABLE `price_history` (
  `price_history_id` int(11) NOT NULL AUTO_INCREMENT,
  `price_list_item_id` int(11) NOT NULL,
  `billable_item_id` int(11) NOT NULL,
  `price_list_id` int(11) NOT NULL,
  `old_price` decimal(15,4) NOT NULL,
  `new_price` decimal(15,4) NOT NULL,
  `changed_by` int(11) NOT NULL,
  `changed_at` timestamp NULL DEFAULT current_timestamp(),
  `reason` text DEFAULT NULL,
  PRIMARY KEY (`price_history_id`)
) ENGINE=InnoDB DEFAULT CHARSET=utf8mb4 COLLATE=utf8mb4_general_ci;
/*!40101 SET character_set_client = @saved_cs_client */;

--
-- Dumping data for table `price_history`
--

LOCK TABLES `price_history` WRITE;
/*!40000 ALTER TABLE `price_history` DISABLE KEYS */;
/*!40000 ALTER TABLE `price_history` ENABLE KEYS */;
UNLOCK TABLES;

--
-- Table structure for table `price_list_clones`
--

DROP TABLE IF EXISTS `price_list_clones`;
/*!40101 SET @saved_cs_client     = @@character_set_client */;
/*!40101 SET character_set_client = utf8mb4 */;
CREATE TABLE `price_list_clones` (
  `clone_id` int(11) NOT NULL AUTO_INCREMENT,
  `source_price_list_id` int(11) NOT NULL,
  `target_price_list_id` int(11) NOT NULL,
  `cloned_by` int(11) NOT NULL,
  `cloned_at` timestamp NULL DEFAULT current_timestamp(),
  `notes` text DEFAULT NULL,
  PRIMARY KEY (`clone_id`)
) ENGINE=InnoDB DEFAULT CHARSET=utf8mb4 COLLATE=utf8mb4_general_ci;
/*!40101 SET character_set_client = @saved_cs_client */;

--
-- Dumping data for table `price_list_clones`
--

LOCK TABLES `price_list_clones` WRITE;
/*!40000 ALTER TABLE `price_list_clones` DISABLE KEYS */;
/*!40000 ALTER TABLE `price_list_clones` ENABLE KEYS */;
UNLOCK TABLES;

--
-- Table structure for table `price_list_items`
--

DROP TABLE IF EXISTS `price_list_items`;
/*!40101 SET @saved_cs_client     = @@character_set_client */;
/*!40101 SET character_set_client = utf8mb4 */;
CREATE TABLE `price_list_items` (
  `price_list_item_id` int(11) NOT NULL AUTO_INCREMENT,
  `price_list_id` int(11) NOT NULL,
  `billable_item_id` int(11) NOT NULL,
  `price` decimal(15,4) NOT NULL,
  `effective_from` date NOT NULL DEFAULT curdate(),
  `effective_to` date DEFAULT NULL,
  `created_by` int(11) DEFAULT NULL,
  `created_at` timestamp NULL DEFAULT current_timestamp(),
  `updated_at` timestamp NULL DEFAULT current_timestamp() ON UPDATE current_timestamp(),
  `covered_percentage` decimal(5,2) DEFAULT 100.00,
  `is_active` tinyint(1) DEFAULT 1,
  `is_taxable` tinyint(1) NOT NULL DEFAULT 0,
  `discount_allowed` tinyint(1) NOT NULL DEFAULT 0,
  PRIMARY KEY (`price_list_item_id`)
) ENGINE=InnoDB DEFAULT CHARSET=utf8mb4 COLLATE=utf8mb4_general_ci;
/*!40101 SET character_set_client = @saved_cs_client */;

--
-- Dumping data for table `price_list_items`
--

LOCK TABLES `price_list_items` WRITE;
/*!40000 ALTER TABLE `price_list_items` DISABLE KEYS */;
/*!40000 ALTER TABLE `price_list_items` ENABLE KEYS */;
UNLOCK TABLES;

--
-- Table structure for table `price_lists`
--

DROP TABLE IF EXISTS `price_lists`;
/*!40101 SET @saved_cs_client     = @@character_set_client */;
/*!40101 SET character_set_client = utf8mb4 */;
CREATE TABLE `price_lists` (
  `price_list_id` int(11) NOT NULL AUTO_INCREMENT,
  `price_list_name` varchar(100) NOT NULL,
  `price_list_code` varchar(50) NOT NULL,
  `price_list_type` enum('cash','insurance','corporate','government','staff','other') NOT NULL DEFAULT 'cash',
  `insurance_provider_id` int(11) DEFAULT NULL,
  `revenue_account_id` int(11) DEFAULT NULL,
  `accounts_receivable_account_id` int(11) DEFAULT NULL,
  `is_default` tinyint(1) DEFAULT 0,
  `is_active` tinyint(1) DEFAULT 1,
  `valid_from` date NOT NULL DEFAULT curdate(),
  `valid_to` date DEFAULT NULL,
  `currency` varchar(3) DEFAULT 'USD',
  `notes` text DEFAULT NULL,
  `created_by` int(11) DEFAULT NULL,
  `created_at` timestamp NULL DEFAULT current_timestamp(),
  `updated_at` timestamp NULL DEFAULT current_timestamp() ON UPDATE current_timestamp(),
  `updated_by` int(11) DEFAULT NULL,
  PRIMARY KEY (`price_list_id`)
) ENGINE=InnoDB AUTO_INCREMENT=3 DEFAULT CHARSET=utf8mb4 COLLATE=utf8mb4_general_ci;
/*!40101 SET character_set_client = @saved_cs_client */;

--
-- Dumping data for table `price_lists`
--

LOCK TABLES `price_lists` WRITE;
/*!40000 ALTER TABLE `price_lists` DISABLE KEYS */;
INSERT INTO `price_lists` VALUES
(1,'CASH','CASH STD','cash',NULL,NULL,NULL,1,1,'2026-01-15',NULL,'KES','',1,'2026-01-15 08:33:32','2026-01-15 08:33:32',NULL),
(2,'SHA OUTPATIENT PRICE LIST','SHA-OPD','insurance',1,NULL,NULL,1,1,'2026-01-15',NULL,'KES','',1,'2026-01-15 08:47:22','2026-01-15 08:47:22',NULL);
/*!40000 ALTER TABLE `price_lists` ENABLE KEYS */;
UNLOCK TABLES;

--
-- Table structure for table `price_modifier_applications`
--

DROP TABLE IF EXISTS `price_modifier_applications`;
/*!40101 SET @saved_cs_client     = @@character_set_client */;
/*!40101 SET character_set_client = utf8mb4 */;
CREATE TABLE `price_modifier_applications` (
  `application_id` int(11) NOT NULL AUTO_INCREMENT,
  `modifier_id` int(11) NOT NULL,
  `price_list_id` int(11) NOT NULL,
  `medical_service_id` int(11) DEFAULT NULL,
  `item_id` int(11) DEFAULT NULL,
  `priority` int(11) DEFAULT 0,
  `created_at` timestamp NULL DEFAULT current_timestamp(),
  PRIMARY KEY (`application_id`),
  KEY `modifier_id` (`modifier_id`),
  KEY `price_list_id` (`price_list_id`),
  KEY `medical_service_id` (`medical_service_id`),
  KEY `item_id` (`item_id`)
) ENGINE=InnoDB AUTO_INCREMENT=2 DEFAULT CHARSET=utf8mb4 COLLATE=utf8mb4_unicode_ci;
/*!40101 SET character_set_client = @saved_cs_client */;

--
-- Dumping data for table `price_modifier_applications`
--

LOCK TABLES `price_modifier_applications` WRITE;
/*!40000 ALTER TABLE `price_modifier_applications` DISABLE KEYS */;
/*!40000 ALTER TABLE `price_modifier_applications` ENABLE KEYS */;
UNLOCK TABLES;

--
-- Table structure for table `price_modifiers`
--

DROP TABLE IF EXISTS `price_modifiers`;
/*!40101 SET @saved_cs_client     = @@character_set_client */;
/*!40101 SET character_set_client = utf8mb4 */;
CREATE TABLE `price_modifiers` (
  `modifier_id` int(11) NOT NULL AUTO_INCREMENT,
  `name` varchar(100) NOT NULL,
  `description` text DEFAULT NULL,
  `modifier_type` enum('PERCENTAGE','FIXED','VOLUME') NOT NULL,
  `value` decimal(10,2) NOT NULL,
  `min_quantity` int(11) DEFAULT 1,
  `max_quantity` int(11) DEFAULT NULL,
  `applicable_to` varchar(500) DEFAULT NULL,
  `start_date` date DEFAULT NULL,
  `end_date` date DEFAULT NULL,
  `is_active` tinyint(1) DEFAULT 1,
  `created_at` timestamp NULL DEFAULT current_timestamp(),
  `created_by` int(11) DEFAULT NULL,
  PRIMARY KEY (`modifier_id`)
) ENGINE=InnoDB AUTO_INCREMENT=2 DEFAULT CHARSET=utf8mb4 COLLATE=utf8mb4_unicode_ci;
/*!40101 SET character_set_client = @saved_cs_client */;

--
-- Dumping data for table `price_modifiers`
--

LOCK TABLES `price_modifiers` WRITE;
/*!40000 ALTER TABLE `price_modifiers` DISABLE KEYS */;
INSERT INTO `price_modifiers` VALUES
(1,'Staff Discount','','FIXED',500.00,1,0,'0','2026-01-08','2026-01-09',1,'2026-01-08 18:14:04',1);
/*!40000 ALTER TABLE `price_modifiers` ENABLE KEYS */;
UNLOCK TABLES;

--
-- Table structure for table `purchase_order_history`
--

DROP TABLE IF EXISTS `purchase_order_history`;
/*!40101 SET @saved_cs_client     = @@character_set_client */;
/*!40101 SET character_set_client = utf8mb4 */;
CREATE TABLE `purchase_order_history` (
  `history_id` int(11) NOT NULL AUTO_INCREMENT,
  `order_id` int(11) NOT NULL,
  `status` varchar(50) NOT NULL,
  `notes` text DEFAULT NULL,
  `created_by` int(11) NOT NULL,
  `created_at` datetime DEFAULT current_timestamp(),
  PRIMARY KEY (`history_id`),
  KEY `created_by` (`created_by`),
  KEY `idx_purchase_order_history_order_id` (`order_id`),
  KEY `idx_purchase_order_history_created_at` (`created_at`)
) ENGINE=InnoDB AUTO_INCREMENT=2 DEFAULT CHARSET=utf8mb4 COLLATE=utf8mb4_general_ci;
/*!40101 SET character_set_client = @saved_cs_client */;

--
-- Dumping data for table `purchase_order_history`
--

LOCK TABLES `purchase_order_history` WRITE;
/*!40000 ALTER TABLE `purchase_order_history` DISABLE KEYS */;
INSERT INTO `purchase_order_history` VALUES
(1,1,'draft','Initial status',1,'2025-11-12 01:22:42');
/*!40000 ALTER TABLE `purchase_order_history` ENABLE KEYS */;
UNLOCK TABLES;

--
-- Table structure for table `purchase_order_items`
--

DROP TABLE IF EXISTS `purchase_order_items`;
/*!40101 SET @saved_cs_client     = @@character_set_client */;
/*!40101 SET character_set_client = utf8mb4 */;
CREATE TABLE `purchase_order_items` (
  `order_item_id` int(11) NOT NULL AUTO_INCREMENT,
  `order_id` int(11) NOT NULL,
  `item_id` int(11) DEFAULT NULL,
  `item_name` varchar(200) NOT NULL,
  `item_description` text DEFAULT NULL,
  `quantity_ordered` int(11) NOT NULL,
  `quantity_received` int(11) DEFAULT 0,
  `unit_cost` decimal(10,2) NOT NULL,
  `total_cost` decimal(10,2) NOT NULL,
  `notes` text DEFAULT NULL,
  `quantity_returned` int(11) DEFAULT 0,
  PRIMARY KEY (`order_item_id`),
  KEY `order_id` (`order_id`),
  KEY `item_id` (`item_id`)
) ENGINE=InnoDB AUTO_INCREMENT=9 DEFAULT CHARSET=utf8mb4 COLLATE=utf8mb4_general_ci;
/*!40101 SET character_set_client = @saved_cs_client */;

--
-- Dumping data for table `purchase_order_items`
--

LOCK TABLES `purchase_order_items` WRITE;
/*!40000 ALTER TABLE `purchase_order_items` DISABLE KEYS */;
INSERT INTO `purchase_order_items` VALUES
(1,1,6,'Amoxil','Amoxil - box',1,2,120.00,120.00,NULL,2),
(2,1,4,'Face Masks N95','Face Masks N95 - pcs',1,1,1.50,1.50,NULL,1),
(3,1,6,'Amoxil','Amoxil - box',1,2,120.00,120.00,NULL,2),
(4,2,3,'Surgical Gloves Medium','Surgical Gloves Medium - pcs',340,340,0.15,51.00,NULL,0),
(5,2,1,'Paracetamol 500mg','Paracetamol 500mg - pcs',450,450,0.25,112.50,NULL,0),
(6,2,6,'Amoxil','Amoxil - box',340,340,120.00,40800.00,NULL,0),
(7,3,2,'Ibuprofen 400mg','Ibuprofen 400mg - pcs',3000,3000,45.00,135000.00,NULL,0),
(8,4,4,'Face Masks N95','Face Masks N95 - pcs',1000,1000,200.00,200000.00,NULL,0);
/*!40000 ALTER TABLE `purchase_order_items` ENABLE KEYS */;
UNLOCK TABLES;

--
-- Table structure for table `purchase_order_returns`
--

DROP TABLE IF EXISTS `purchase_order_returns`;
/*!40101 SET @saved_cs_client     = @@character_set_client */;
/*!40101 SET character_set_client = utf8mb4 */;
CREATE TABLE `purchase_order_returns` (
  `return_id` int(11) NOT NULL AUTO_INCREMENT,
  `return_number` varchar(50) NOT NULL,
  `order_id` int(11) NOT NULL,
  `return_date` date NOT NULL,
  `return_reason` varchar(50) NOT NULL,
  `return_type` varchar(20) NOT NULL,
  `total_amount` decimal(10,2) NOT NULL,
  `notes` text DEFAULT NULL,
  `created_by` int(11) NOT NULL,
  `created_at` datetime NOT NULL,
  PRIMARY KEY (`return_id`),
  UNIQUE KEY `return_number` (`return_number`),
  KEY `created_by` (`created_by`),
  KEY `idx_return_order_id` (`order_id`)
) ENGINE=InnoDB AUTO_INCREMENT=6 DEFAULT CHARSET=utf8mb4 COLLATE=utf8mb4_general_ci;
/*!40101 SET character_set_client = @saved_cs_client */;

--
-- Dumping data for table `purchase_order_returns`
--

LOCK TABLES `purchase_order_returns` WRITE;
/*!40000 ALTER TABLE `purchase_order_returns` DISABLE KEYS */;
INSERT INTO `purchase_order_returns` VALUES
(5,'RET-20251112-043811',1,'2025-11-12','damaged','0',241.50,'0',1,'2025-11-12 04:38:11');
/*!40000 ALTER TABLE `purchase_order_returns` ENABLE KEYS */;
UNLOCK TABLES;

--
-- Table structure for table `purchase_orders`
--

DROP TABLE IF EXISTS `purchase_orders`;
/*!40101 SET @saved_cs_client     = @@character_set_client */;
/*!40101 SET character_set_client = utf8mb4 */;
CREATE TABLE `purchase_orders` (
  `order_id` int(11) NOT NULL AUTO_INCREMENT,
  `order_number` varchar(50) NOT NULL,
  `supplier_id` int(11) NOT NULL,
  `order_date` date NOT NULL,
  `expected_delivery_date` date DEFAULT NULL,
  `order_status` enum('draft','pending','approved','ordered','received','cancelled','partially_received') NOT NULL DEFAULT 'draft',
  `status_notes` text DEFAULT NULL,
  `total_amount` decimal(10,2) DEFAULT 0.00,
  `notes` text DEFAULT NULL,
  `created_by` int(11) DEFAULT NULL,
  `approved_by` int(11) DEFAULT NULL,
  `approved_date` timestamp NULL DEFAULT NULL,
  `received_by` int(11) DEFAULT NULL,
  `received_date` timestamp NULL DEFAULT NULL,
  `created_at` timestamp NULL DEFAULT current_timestamp(),
  `updated_at` timestamp NULL DEFAULT current_timestamp() ON UPDATE current_timestamp(),
  PRIMARY KEY (`order_id`),
  UNIQUE KEY `order_number` (`order_number`),
  KEY `supplier_id` (`supplier_id`),
  KEY `created_by` (`created_by`),
  KEY `approved_by` (`approved_by`),
  KEY `received_by` (`received_by`)
) ENGINE=InnoDB AUTO_INCREMENT=5 DEFAULT CHARSET=utf8mb4 COLLATE=utf8mb4_general_ci;
/*!40101 SET character_set_client = @saved_cs_client */;

--
-- Dumping data for table `purchase_orders`
--

LOCK TABLES `purchase_orders` WRITE;
/*!40000 ALTER TABLE `purchase_orders` DISABLE KEYS */;
INSERT INTO `purchase_orders` VALUES
(1,'PO-20251111-215951',5,'2025-11-11','2025-11-18','received','waiting for supplye',241.50,'test',1,NULL,NULL,NULL,NULL,'2025-11-11 18:59:51','2025-11-11 23:27:29'),
(2,'PO-20251116-180910',4,'2025-11-16','2025-11-23','received','',40963.50,'',1,NULL,NULL,NULL,NULL,'2025-11-16 15:09:10','2025-11-16 15:45:54'),
(3,'PO-20251129-065806',5,'2025-11-29','2025-12-06','received','',135000.00,'',1,NULL,NULL,NULL,NULL,'2025-11-29 03:58:06','2025-11-29 03:59:59'),
(4,'PO-20260110-230552',21,'2026-01-10','2026-01-17','received','',200000.00,'',1,NULL,NULL,NULL,NULL,'2026-01-10 20:05:52','2026-01-10 20:11:26');
/*!40000 ALTER TABLE `purchase_orders` ENABLE KEYS */;
UNLOCK TABLES;

--
-- Table structure for table `quick_consultations`
--

DROP TABLE IF EXISTS `quick_consultations`;
/*!40101 SET @saved_cs_client     = @@character_set_client */;
/*!40101 SET character_set_client = utf8mb4 */;
CREATE TABLE `quick_consultations` (
  `quick_consultation_id` int(11) NOT NULL AUTO_INCREMENT,
  `emergency_id` int(11) NOT NULL,
  `patient_id` int(11) NOT NULL,
  `visit_id` int(11) NOT NULL,
  `consultation_type` varchar(50) NOT NULL,
  `brief_assessment` text DEFAULT NULL,
  `quick_diagnosis` text DEFAULT NULL,
  `immediate_actions` text DEFAULT NULL,
  `disposition` varchar(100) DEFAULT NULL,
  `consultation_time` datetime NOT NULL,
  `recorded_by` int(11) NOT NULL,
  `created_at` timestamp NULL DEFAULT current_timestamp(),
  PRIMARY KEY (`quick_consultation_id`),
  KEY `idx_emergency_id` (`emergency_id`),
  KEY `idx_patient_id` (`patient_id`),
  KEY `idx_visit_id` (`visit_id`)
) ENGINE=InnoDB DEFAULT CHARSET=utf8mb4 COLLATE=utf8mb4_unicode_ci;
/*!40101 SET character_set_client = @saved_cs_client */;

--
-- Dumping data for table `quick_consultations`
--

LOCK TABLES `quick_consultations` WRITE;
/*!40000 ALTER TABLE `quick_consultations` DISABLE KEYS */;
/*!40000 ALTER TABLE `quick_consultations` ENABLE KEYS */;
UNLOCK TABLES;

--
-- Table structure for table `radiology_activity_logs`
--

DROP TABLE IF EXISTS `radiology_activity_logs`;
/*!40101 SET @saved_cs_client     = @@character_set_client */;
/*!40101 SET character_set_client = utf8mb4 */;
CREATE TABLE `radiology_activity_logs` (
  `log_id` int(11) NOT NULL AUTO_INCREMENT,
  `imaging_id` int(11) NOT NULL,
  `imaging_code` varchar(100) NOT NULL,
  `user_id` int(11) NOT NULL,
  `action` varchar(50) NOT NULL,
  `description` text NOT NULL,
  `ip_address` varchar(45) DEFAULT NULL,
  `user_agent` text DEFAULT NULL,
  `created_at` timestamp NOT NULL DEFAULT current_timestamp(),
  PRIMARY KEY (`log_id`),
  KEY `imaging_id` (`imaging_id`),
  KEY `imaging_code` (`imaging_code`),
  KEY `user_id` (`user_id`)
) ENGINE=InnoDB AUTO_INCREMENT=2 DEFAULT CHARSET=utf8mb4 COLLATE=utf8mb4_general_ci;
/*!40101 SET character_set_client = @saved_cs_client */;

--
-- Dumping data for table `radiology_activity_logs`
--

LOCK TABLES `radiology_activity_logs` WRITE;
/*!40000 ALTER TABLE `radiology_activity_logs` DISABLE KEYS */;
INSERT INTO `radiology_activity_logs` VALUES
(1,7,'CT NECK',1,'create','Created new radiology imaging: CT NECK (CT NECK) with modality: CT. Fee: $350.00, Duration: 30 minutes. Added to billable items (ID: 3)','127.0.0.1','Mozilla/5.0 (X11; Linux x86_64; rv:140.0) Gecko/20100101 Firefox/140.0','2026-01-13 19:46:05');
/*!40000 ALTER TABLE `radiology_activity_logs` ENABLE KEYS */;
UNLOCK TABLES;

--
-- Table structure for table `radiology_imagings`
--

DROP TABLE IF EXISTS `radiology_imagings`;
/*!40101 SET @saved_cs_client     = @@character_set_client */;
/*!40101 SET character_set_client = utf8mb4 */;
CREATE TABLE `radiology_imagings` (
  `imaging_id` int(11) NOT NULL AUTO_INCREMENT,
  `imaging_code` varchar(50) NOT NULL,
  `imaging_name` varchar(255) NOT NULL,
  `imaging_description` text DEFAULT NULL,
  `modality` enum('X-Ray','CT','MRI','Ultrasound','Mammography','Fluoroscopy','Nuclear','Other') NOT NULL,
  `body_part` varchar(100) DEFAULT NULL,
  `preparation_instructions` text DEFAULT NULL,
  `contrast_required` enum('None','Oral','IV','Both') DEFAULT 'None',
  `fee_amount` decimal(10,2) NOT NULL DEFAULT 0.00,
  `duration_minutes` int(11) DEFAULT 30,
  `radiation_dose` varchar(50) DEFAULT NULL,
  `report_template` text DEFAULT NULL,
  `is_active` tinyint(1) DEFAULT 1,
  `created_by` int(11) DEFAULT NULL,
  `updated_by` int(11) DEFAULT NULL,
  `created_at` timestamp NULL DEFAULT current_timestamp(),
  `updated_at` timestamp NULL DEFAULT current_timestamp() ON UPDATE current_timestamp(),
  PRIMARY KEY (`imaging_id`),
  UNIQUE KEY `imaging_code` (`imaging_code`),
  KEY `idx_radiology_imaging_code` (`imaging_code`),
  KEY `idx_radiology_modality` (`modality`),
  KEY `idx_radiology_active` (`is_active`)
) ENGINE=InnoDB AUTO_INCREMENT=8 DEFAULT CHARSET=utf8mb4 COLLATE=utf8mb4_general_ci;
/*!40101 SET character_set_client = @saved_cs_client */;

--
-- Dumping data for table `radiology_imagings`
--

LOCK TABLES `radiology_imagings` WRITE;
/*!40000 ALTER TABLE `radiology_imagings` DISABLE KEYS */;
INSERT INTO `radiology_imagings` VALUES
(1,'XRAY_CHEST','Chest X-Ray','Standard chest radiography','X-Ray','Chest','Remove metal objects from chest area','None',75.00,15,NULL,NULL,1,NULL,1,'2025-11-24 05:47:48','2025-11-24 07:21:28'),
(2,'CT_HEAD','CT Head','Computed tomography of head','CT','Head','NPO 4 hours prior if contrast required','None',350.00,30,NULL,NULL,1,NULL,NULL,'2025-11-24 05:47:48','2025-11-24 05:47:48'),
(3,'MRI_BRAIN','MRI Brain','Magnetic resonance imaging of brain','MRI','Brain','No metal objects, may require contrast','None',600.00,45,NULL,NULL,1,NULL,NULL,'2025-11-24 05:47:48','2025-11-24 05:47:48'),
(4,'US_ABDOMEN','Ultrasound Abdomen','Abdominal ultrasound','Ultrasound','Abdomen','NPO 6 hours prior, full bladder required','None',250.00,30,NULL,NULL,1,NULL,NULL,'2025-11-24 05:47:48','2025-11-24 05:47:48'),
(7,'CT NECK','CT NECK','TEST','CT','','','None',350.00,30,'','',1,1,NULL,'2026-01-13 19:46:05','2026-01-13 19:46:05');
/*!40000 ALTER TABLE `radiology_imagings` ENABLE KEYS */;
UNLOCK TABLES;

--
-- Table structure for table `radiology_order_studies`
--

DROP TABLE IF EXISTS `radiology_order_studies`;
/*!40101 SET @saved_cs_client     = @@character_set_client */;
/*!40101 SET character_set_client = utf8mb4 */;
CREATE TABLE `radiology_order_studies` (
  `radiology_order_study_id` int(11) NOT NULL AUTO_INCREMENT,
  `radiology_order_id` int(11) NOT NULL,
  `imaging_id` int(11) NOT NULL,
  `status` enum('pending','scheduled','in_progress','completed','cancelled') NOT NULL DEFAULT 'pending',
  `scheduled_date` datetime DEFAULT NULL,
  `performed_date` datetime DEFAULT NULL,
  `performed_by` int(11) DEFAULT NULL,
  `result_text` text DEFAULT NULL,
  `result_date` datetime DEFAULT NULL,
  `findings` text DEFAULT NULL,
  `impression` text DEFAULT NULL,
  `recommendations` text DEFAULT NULL,
  `created_at` timestamp NOT NULL DEFAULT current_timestamp(),
  `updated_at` timestamp NOT NULL DEFAULT current_timestamp() ON UPDATE current_timestamp(),
  `study_notes` text DEFAULT NULL,
  PRIMARY KEY (`radiology_order_study_id`),
  KEY `performed_by` (`performed_by`),
  KEY `idx_radiology_order_id` (`radiology_order_id`),
  KEY `idx_imaging_id` (`imaging_id`),
  KEY `idx_status` (`status`),
  KEY `idx_scheduled_date` (`scheduled_date`)
) ENGINE=InnoDB AUTO_INCREMENT=5 DEFAULT CHARSET=utf8mb4 COLLATE=utf8mb4_unicode_ci;
/*!40101 SET character_set_client = @saved_cs_client */;

--
-- Dumping data for table `radiology_order_studies`
--

LOCK TABLES `radiology_order_studies` WRITE;
/*!40000 ALTER TABLE `radiology_order_studies` DISABLE KEYS */;
INSERT INTO `radiology_order_studies` VALUES
(3,3,7,'completed','2026-01-16 23:02:00',NULL,1,NULL,NULL,NULL,NULL,NULL,'2026-01-16 18:22:29','2026-01-16 18:25:33',''),
(4,4,7,'pending',NULL,NULL,NULL,NULL,NULL,NULL,NULL,NULL,'2026-01-19 16:22:45','2026-01-19 16:22:45',NULL);
/*!40000 ALTER TABLE `radiology_order_studies` ENABLE KEYS */;
UNLOCK TABLES;

--
-- Table structure for table `radiology_orders`
--

DROP TABLE IF EXISTS `radiology_orders`;
/*!40101 SET @saved_cs_client     = @@character_set_client */;
/*!40101 SET character_set_client = utf8mb4 */;
CREATE TABLE `radiology_orders` (
  `radiology_order_id` int(11) NOT NULL AUTO_INCREMENT,
  `order_number` varchar(50) NOT NULL,
  `visit_id` int(11) NOT NULL,
  `patient_id` int(11) NOT NULL,
  `order_date` datetime NOT NULL DEFAULT current_timestamp(),
  `order_priority` enum('routine','urgent','stat') NOT NULL DEFAULT 'routine',
  `clinical_notes` text DEFAULT NULL,
  `instructions` text DEFAULT NULL,
  `order_status` enum('Pending','Scheduled','In Progress','Completed','Cancelled') NOT NULL DEFAULT 'Pending',
  `ordered_by` int(11) DEFAULT NULL,
  `created_by` int(11) DEFAULT NULL,
  `created_at` timestamp NOT NULL DEFAULT current_timestamp(),
  `updated_at` timestamp NOT NULL DEFAULT current_timestamp() ON UPDATE current_timestamp(),
  `referring_doctor_id` int(11) DEFAULT NULL,
  `radiologist_id` int(11) DEFAULT NULL,
  `department_id` int(11) DEFAULT NULL,
  `order_type` enum('X-Ray','CT Scan','MRI','Ultrasound','Mammography','Fluoroscopy','Other') DEFAULT 'Other',
  `body_part` varchar(100) DEFAULT NULL,
  `contrast_required` tinyint(1) DEFAULT 0,
  `contrast_type` varchar(50) DEFAULT NULL,
  `pre_procedure_instructions` text DEFAULT NULL,
  `is_billed` tinyint(1) DEFAULT 0,
  `invoice_id` int(11) DEFAULT NULL,
  `billed_at` datetime DEFAULT NULL,
  `billed_by` int(11) DEFAULT NULL,
  PRIMARY KEY (`radiology_order_id`),
  UNIQUE KEY `order_number` (`order_number`),
  KEY `created_by` (`created_by`),
  KEY `referring_doctor_id` (`referring_doctor_id`),
  KEY `department_id` (`department_id`),
  KEY `idx_visit_id` (`visit_id`),
  KEY `idx_patient_id` (`patient_id`),
  KEY `idx_order_status` (`order_status`),
  KEY `idx_order_date` (`order_date`),
  KEY `idx_ordered_by` (`ordered_by`),
  KEY `idx_radiologist_id` (`radiologist_id`),
  KEY `idx_order_type` (`order_type`)
) ENGINE=InnoDB AUTO_INCREMENT=5 DEFAULT CHARSET=utf8mb4 COLLATE=utf8mb4_unicode_ci;
/*!40101 SET character_set_client = @saved_cs_client */;

--
-- Dumping data for table `radiology_orders`
--

LOCK TABLES `radiology_orders` WRITE;
/*!40000 ALTER TABLE `radiology_orders` DISABLE KEYS */;
INSERT INTO `radiology_orders` VALUES
(3,'IMG-2026010001',75,7,'2026-01-16 21:22:29','routine','Deprecated:  htmlspecialchars(): Passing null to parameter #1 ($string) of type string is deprecated in /var/www/clinicemr/clinic/radiology/radiology_edit_order.php on line 316','Deprecated:  htmlspecialchars(): Passing null to parameter #1 ($string) of type string is deprecated in /var/www/clinicemr/clinic/radiology/radiology_edit_order.php on line 322','Completed',1,1,'2026-01-16 18:22:29','2026-01-16 18:25:47',NULL,NULL,NULL,NULL,'NA',0,'','NA',1,42,NULL,NULL),
(4,'IMG-2026010002',11,5,'2026-01-19 19:22:45','routine',NULL,NULL,'Pending',1,1,'2026-01-19 16:22:45','2026-01-19 16:22:45',NULL,NULL,NULL,NULL,NULL,0,NULL,NULL,1,54,NULL,NULL);
/*!40000 ALTER TABLE `radiology_orders` ENABLE KEYS */;
UNLOCK TABLES;

--
-- Table structure for table `radiology_report_studies`
--

DROP TABLE IF EXISTS `radiology_report_studies`;
/*!40101 SET @saved_cs_client     = @@character_set_client */;
/*!40101 SET character_set_client = utf8mb4 */;
CREATE TABLE `radiology_report_studies` (
  `report_study_id` int(11) NOT NULL AUTO_INCREMENT,
  `report_id` int(11) NOT NULL,
  `radiology_order_study_id` int(11) NOT NULL,
  `study_findings` text DEFAULT NULL,
  `study_impression` text DEFAULT NULL,
  `created_at` timestamp NOT NULL DEFAULT current_timestamp(),
  `updated_at` timestamp NOT NULL DEFAULT current_timestamp() ON UPDATE current_timestamp(),
  PRIMARY KEY (`report_study_id`),
  UNIQUE KEY `unique_report_study` (`report_id`,`radiology_order_study_id`),
  KEY `idx_report_id` (`report_id`),
  KEY `idx_order_study_id` (`radiology_order_study_id`)
) ENGINE=InnoDB AUTO_INCREMENT=4 DEFAULT CHARSET=utf8mb4 COLLATE=utf8mb4_general_ci;
/*!40101 SET character_set_client = @saved_cs_client */;

--
-- Dumping data for table `radiology_report_studies`
--

LOCK TABLES `radiology_report_studies` WRITE;
/*!40000 ALTER TABLE `radiology_report_studies` DISABLE KEYS */;
INSERT INTO `radiology_report_studies` VALUES
(1,1,5,'test','test','2025-11-24 12:16:02','2025-11-24 14:31:07'),
(2,2,6,'gaaa','yaaa','2025-11-29 07:43:23','2025-11-29 07:43:23'),
(3,3,8,'AFFA','AFASF','2025-12-06 09:10:29','2025-12-06 09:10:29');
/*!40000 ALTER TABLE `radiology_report_studies` ENABLE KEYS */;
UNLOCK TABLES;

--
-- Table structure for table `radiology_report_versions`
--

DROP TABLE IF EXISTS `radiology_report_versions`;
/*!40101 SET @saved_cs_client     = @@character_set_client */;
/*!40101 SET character_set_client = utf8mb4 */;
CREATE TABLE `radiology_report_versions` (
  `version_id` int(11) NOT NULL AUTO_INCREMENT,
  `report_id` int(11) NOT NULL,
  `version_number` int(11) NOT NULL DEFAULT 1,
  `findings` text DEFAULT NULL,
  `impression` text DEFAULT NULL,
  `recommendations` text DEFAULT NULL,
  `amended_by` int(11) DEFAULT NULL,
  `amended_at` timestamp NOT NULL DEFAULT current_timestamp(),
  `amendment_reason` text DEFAULT NULL,
  PRIMARY KEY (`version_id`),
  KEY `amended_by` (`amended_by`),
  KEY `idx_report_id` (`report_id`),
  KEY `idx_amended_at` (`amended_at`)
) ENGINE=InnoDB AUTO_INCREMENT=7 DEFAULT CHARSET=utf8mb4 COLLATE=utf8mb4_general_ci;
/*!40101 SET character_set_client = @saved_cs_client */;

--
-- Dumping data for table `radiology_report_versions`
--

LOCK TABLES `radiology_report_versions` WRITE;
/*!40000 ALTER TABLE `radiology_report_versions` DISABLE KEYS */;
INSERT INTO `radiology_report_versions` VALUES
(1,1,1,'test','test','0',1,'2025-11-24 14:24:24','Manual amendment'),
(2,1,2,'test','test','0',1,'2025-11-24 14:24:32','Manual amendment'),
(3,1,3,'test','test','0',1,'2025-11-24 14:24:42','Manual amendment'),
(4,1,4,'test','test','0',1,'2025-11-24 14:24:53','Manual amendment'),
(5,1,5,'test','test','0',1,'2025-11-24 14:30:29','Manual amendment'),
(6,1,6,'test','test','0',1,'2025-11-24 14:31:07','test amends');
/*!40000 ALTER TABLE `radiology_report_versions` ENABLE KEYS */;
UNLOCK TABLES;

--
-- Table structure for table `radiology_reports`
--

DROP TABLE IF EXISTS `radiology_reports`;
/*!40101 SET @saved_cs_client     = @@character_set_client */;
/*!40101 SET character_set_client = utf8mb4 */;
CREATE TABLE `radiology_reports` (
  `report_id` int(11) NOT NULL AUTO_INCREMENT,
  `report_number` varchar(50) NOT NULL,
  `radiology_order_id` int(11) NOT NULL,
  `patient_id` int(11) NOT NULL,
  `referring_doctor_id` int(11) DEFAULT NULL,
  `radiologist_id` int(11) DEFAULT NULL,
  `report_date` datetime NOT NULL DEFAULT current_timestamp(),
  `report_status` enum('draft','final','amended','cancelled') NOT NULL DEFAULT 'draft',
  `clinical_history` text DEFAULT NULL,
  `technique` text DEFAULT NULL,
  `comparison` text DEFAULT NULL,
  `findings` text DEFAULT NULL,
  `impression` text DEFAULT NULL,
  `recommendations` text DEFAULT NULL,
  `conclusion` text DEFAULT NULL,
  `created_by` int(11) DEFAULT NULL,
  `created_at` timestamp NOT NULL DEFAULT current_timestamp(),
  `updated_at` timestamp NOT NULL DEFAULT current_timestamp() ON UPDATE current_timestamp(),
  `finalized_at` datetime DEFAULT NULL,
  `finalized_by` int(11) DEFAULT NULL,
  PRIMARY KEY (`report_id`),
  UNIQUE KEY `report_number` (`report_number`),
  KEY `referring_doctor_id` (`referring_doctor_id`),
  KEY `radiologist_id` (`radiologist_id`),
  KEY `created_by` (`created_by`),
  KEY `finalized_by` (`finalized_by`),
  KEY `idx_radiology_order_id` (`radiology_order_id`),
  KEY `idx_patient_id` (`patient_id`),
  KEY `idx_report_status` (`report_status`),
  KEY `idx_report_date` (`report_date`)
) ENGINE=InnoDB AUTO_INCREMENT=4 DEFAULT CHARSET=utf8mb4 COLLATE=utf8mb4_general_ci;
/*!40101 SET character_set_client = @saved_cs_client */;

--
-- Dumping data for table `radiology_reports`
--

LOCK TABLES `radiology_reports` WRITE;
/*!40000 ALTER TABLE `radiology_reports` DISABLE KEYS */;
INSERT INTO `radiology_reports` VALUES
(1,'RAD-20251124-0003',3,5,NULL,NULL,'2025-11-24 15:16:02','amended','test','test','test','test','test','test','test',1,'2025-11-24 12:16:02','2025-11-24 14:31:07','2025-11-24 17:24:08',1),
(2,'RAD-20251129-0004',4,7,NULL,NULL,'2025-11-29 10:43:23','draft','waaa','taaa','raaa','jaaa','find','wee','sds',1,'2025-11-29 07:43:23','2025-11-29 07:43:23',NULL,NULL),
(3,'RAD-20251206-0005',5,1,NULL,NULL,'2025-12-06 12:10:29','final','ASAS','AFAF','AFAF','FAFA','AFAF','AFAF','AFAF',1,'2025-12-06 09:10:29','2025-12-06 09:10:29','2025-12-06 12:10:29',1);
/*!40000 ALTER TABLE `radiology_reports` ENABLE KEYS */;
UNLOCK TABLES;

--
-- Table structure for table `reconciliation_items`
--

DROP TABLE IF EXISTS `reconciliation_items`;
/*!40101 SET @saved_cs_client     = @@character_set_client */;
/*!40101 SET character_set_client = utf8mb4 */;
CREATE TABLE `reconciliation_items` (
  `item_id` int(11) NOT NULL AUTO_INCREMENT,
  `reconciliation_id` int(11) NOT NULL,
  `journal_line_id` int(11) NOT NULL,
  `is_cleared` tinyint(1) DEFAULT 0,
  `cleared_date` date DEFAULT NULL,
  `item_created_at` timestamp NULL DEFAULT current_timestamp(),
  PRIMARY KEY (`item_id`),
  KEY `reconciliation_id` (`reconciliation_id`),
  KEY `journal_line_id` (`journal_line_id`)
) ENGINE=InnoDB DEFAULT CHARSET=utf8mb4 COLLATE=utf8mb4_general_ci;
/*!40101 SET character_set_client = @saved_cs_client */;

--
-- Dumping data for table `reconciliation_items`
--

LOCK TABLES `reconciliation_items` WRITE;
/*!40000 ALTER TABLE `reconciliation_items` DISABLE KEYS */;
/*!40000 ALTER TABLE `reconciliation_items` ENABLE KEYS */;
UNLOCK TABLES;

--
-- Table structure for table `referrals`
--

DROP TABLE IF EXISTS `referrals`;
/*!40101 SET @saved_cs_client     = @@character_set_client */;
/*!40101 SET character_set_client = utf8mb4 */;
CREATE TABLE `referrals` (
  `referral_id` int(11) NOT NULL AUTO_INCREMENT,
  `patient_id` int(11) NOT NULL,
  `visit_id` int(11) NOT NULL,
  `referral_type` varchar(50) NOT NULL,
  `referral_facility` varchar(255) NOT NULL,
  `reason` text NOT NULL,
  `clinical_summary` text DEFAULT NULL,
  `investigations_done` text DEFAULT NULL,
  `treatment_given` text DEFAULT NULL,
  `urgency` varchar(20) DEFAULT 'routine',
  `notes` text DEFAULT NULL,
  `referred_by` int(11) NOT NULL,
  `referral_date` datetime NOT NULL,
  `status` varchar(20) DEFAULT 'pending',
  `created_at` timestamp NULL DEFAULT current_timestamp(),
  PRIMARY KEY (`referral_id`),
  KEY `idx_patient_id` (`patient_id`),
  KEY `idx_visit_id` (`visit_id`),
  KEY `idx_status` (`status`)
) ENGINE=InnoDB AUTO_INCREMENT=2 DEFAULT CHARSET=utf8mb4 COLLATE=utf8mb4_unicode_ci;
/*!40101 SET character_set_client = @saved_cs_client */;

--
-- Dumping data for table `referrals`
--

LOCK TABLES `referrals` WRITE;
/*!40000 ALTER TABLE `referrals` DISABLE KEYS */;
INSERT INTO `referrals` VALUES
(1,1,12,'External','KNH','test','test','test','test','urgent','test',1,'2025-12-21 20:22:29','pending','2025-12-21 17:22:29');
/*!40000 ALTER TABLE `referrals` ENABLE KEYS */;
UNLOCK TABLES;

--
-- Table structure for table `refunds`
--

DROP TABLE IF EXISTS `refunds`;
/*!40101 SET @saved_cs_client     = @@character_set_client */;
/*!40101 SET character_set_client = utf8mb4 */;
CREATE TABLE `refunds` (
  `refund_id` int(11) NOT NULL AUTO_INCREMENT,
  `refund_number` varchar(50) NOT NULL,
  `payment_id` int(11) DEFAULT NULL,
  `patient_id` int(11) NOT NULL,
  `refund_date` datetime DEFAULT current_timestamp(),
  `refund_amount` decimal(10,2) NOT NULL,
  `refund_method` enum('cash','card_refund','check','bank_transfer') DEFAULT 'cash',
  `reason` text DEFAULT NULL,
  `status` enum('pending','completed','cancelled') DEFAULT 'pending',
  `processed_by` int(11) DEFAULT NULL,
  `created_at` timestamp NULL DEFAULT current_timestamp(),
  PRIMARY KEY (`refund_id`),
  UNIQUE KEY `refund_number` (`refund_number`),
  KEY `payment_id` (`payment_id`),
  KEY `patient_id` (`patient_id`)
) ENGINE=InnoDB DEFAULT CHARSET=utf8mb4 COLLATE=utf8mb4_general_ci;
/*!40101 SET character_set_client = @saved_cs_client */;

--
-- Dumping data for table `refunds`
--

LOCK TABLES `refunds` WRITE;
/*!40000 ALTER TABLE `refunds` DISABLE KEYS */;
/*!40000 ALTER TABLE `refunds` ENABLE KEYS */;
UNLOCK TABLES;

--
-- Table structure for table `remember_tokens`
--

DROP TABLE IF EXISTS `remember_tokens`;
/*!40101 SET @saved_cs_client     = @@character_set_client */;
/*!40101 SET character_set_client = utf8mb4 */;
CREATE TABLE `remember_tokens` (
  `remember_token_id` int(11) NOT NULL AUTO_INCREMENT,
  `remember_token_token` varchar(255) NOT NULL,
  `remember_token_user_id` int(11) NOT NULL,
  `remember_token_created_at` datetime NOT NULL DEFAULT current_timestamp(),
  PRIMARY KEY (`remember_token_id`)
) ENGINE=InnoDB DEFAULT CHARSET=utf8mb4 COLLATE=utf8mb4_general_ci;
/*!40101 SET character_set_client = @saved_cs_client */;

--
-- Dumping data for table `remember_tokens`
--

LOCK TABLES `remember_tokens` WRITE;
/*!40000 ALTER TABLE `remember_tokens` DISABLE KEYS */;
/*!40000 ALTER TABLE `remember_tokens` ENABLE KEYS */;
UNLOCK TABLES;

--
-- Table structure for table `requisition_items`
--

DROP TABLE IF EXISTS `requisition_items`;
/*!40101 SET @saved_cs_client     = @@character_set_client */;
/*!40101 SET character_set_client = utf8mb4 */;
CREATE TABLE `requisition_items` (
  `ri_id` int(11) NOT NULL AUTO_INCREMENT,
  `ri_requisition_id` int(11) NOT NULL,
  `ri_drug_id` int(11) NOT NULL,
  `ri_quantity` int(11) NOT NULL,
  `ri_issued_quantity` int(11) DEFAULT 0,
  `ri_received_quantity` int(11) DEFAULT 0,
  PRIMARY KEY (`ri_id`),
  KEY `ri_requisition_id` (`ri_requisition_id`),
  KEY `ri_drug_id` (`ri_drug_id`)
) ENGINE=InnoDB DEFAULT CHARSET=utf8mb4 COLLATE=utf8mb4_general_ci;
/*!40101 SET character_set_client = @saved_cs_client */;

--
-- Dumping data for table `requisition_items`
--

LOCK TABLES `requisition_items` WRITE;
/*!40000 ALTER TABLE `requisition_items` DISABLE KEYS */;
/*!40000 ALTER TABLE `requisition_items` ENABLE KEYS */;
UNLOCK TABLES;

--
-- Table structure for table `return_items`
--

DROP TABLE IF EXISTS `return_items`;
/*!40101 SET @saved_cs_client     = @@character_set_client */;
/*!40101 SET character_set_client = utf8mb4 */;
CREATE TABLE `return_items` (
  `return_item_id` int(11) NOT NULL AUTO_INCREMENT,
  `return_id` int(11) NOT NULL,
  `item_id` int(11) NOT NULL,
  `quantity_returned` int(11) NOT NULL DEFAULT 0,
  `unit_cost` decimal(10,2) NOT NULL DEFAULT 0.00,
  `total_cost` decimal(10,2) NOT NULL DEFAULT 0.00,
  `created_at` datetime DEFAULT current_timestamp(),
  PRIMARY KEY (`return_item_id`),
  KEY `return_id` (`return_id`),
  KEY `item_id` (`item_id`)
) ENGINE=InnoDB AUTO_INCREMENT=4 DEFAULT CHARSET=utf8mb4 COLLATE=utf8mb4_unicode_ci;
/*!40101 SET character_set_client = @saved_cs_client */;

--
-- Dumping data for table `return_items`
--

LOCK TABLES `return_items` WRITE;
/*!40000 ALTER TABLE `return_items` DISABLE KEYS */;
INSERT INTO `return_items` VALUES
(1,5,6,1,120.00,120.00,'2025-11-12 04:38:11'),
(2,5,6,1,120.00,120.00,'2025-11-12 04:38:11'),
(3,5,4,1,1.50,1.50,'2025-11-12 04:38:11');
/*!40000 ALTER TABLE `return_items` ENABLE KEYS */;
UNLOCK TABLES;

--
-- Table structure for table `role_permissions`
--

DROP TABLE IF EXISTS `role_permissions`;
/*!40101 SET @saved_cs_client     = @@character_set_client */;
/*!40101 SET character_set_client = utf8mb4 */;
CREATE TABLE `role_permissions` (
  `role_permission_id` int(11) NOT NULL AUTO_INCREMENT,
  `role_id` int(11) NOT NULL,
  `permission_id` int(11) NOT NULL,
  `permission_value` tinyint(1) DEFAULT 1,
  `granted_at` timestamp NULL DEFAULT current_timestamp(),
  PRIMARY KEY (`role_permission_id`),
  UNIQUE KEY `unique_role_permission` (`role_id`,`permission_id`),
  KEY `permission_id` (`permission_id`)
) ENGINE=InnoDB AUTO_INCREMENT=365 DEFAULT CHARSET=utf8mb4 COLLATE=utf8mb4_general_ci;
/*!40101 SET character_set_client = @saved_cs_client */;

--
-- Dumping data for table `role_permissions`
--

LOCK TABLES `role_permissions` WRITE;
/*!40000 ALTER TABLE `role_permissions` DISABLE KEYS */;
INSERT INTO `role_permissions` VALUES
(128,1,22,1,'2025-11-16 07:06:24'),
(129,1,21,1,'2025-11-16 07:06:24'),
(130,1,23,1,'2025-11-16 07:06:24'),
(131,1,24,1,'2025-11-16 07:06:24'),
(132,1,32,1,'2025-11-16 07:06:24'),
(133,1,30,1,'2025-11-16 07:06:24'),
(134,1,28,1,'2025-11-16 07:06:24'),
(135,1,29,1,'2025-11-16 07:06:24'),
(136,1,31,1,'2025-11-16 07:06:24'),
(137,1,27,1,'2025-11-16 07:06:24'),
(138,1,9,1,'2025-11-16 07:06:24'),
(139,1,8,1,'2025-11-16 07:06:24'),
(140,1,2,1,'2025-11-16 07:06:24'),
(141,1,10,1,'2025-11-16 07:06:24'),
(142,1,7,1,'2025-11-16 07:06:24'),
(143,1,4,1,'2025-11-16 07:06:24'),
(144,1,3,1,'2025-11-16 07:06:24'),
(145,1,1,1,'2025-11-16 07:06:24'),
(146,1,6,1,'2025-11-16 07:06:24'),
(147,1,13,1,'2025-11-16 07:06:24'),
(148,1,11,1,'2025-11-16 07:06:24'),
(149,1,5,1,'2025-11-16 07:06:24'),
(150,1,12,1,'2025-11-16 07:06:24'),
(151,1,43,1,'2025-11-16 07:06:24'),
(152,1,26,1,'2025-11-16 07:06:24'),
(153,1,25,1,'2025-11-16 07:06:24'),
(154,1,15,1,'2025-11-16 07:06:24'),
(155,1,17,1,'2025-11-16 07:06:24'),
(156,1,16,1,'2025-11-16 07:06:24'),
(157,1,44,1,'2025-11-16 07:06:24'),
(158,1,14,1,'2025-11-16 07:06:24'),
(159,1,34,1,'2025-11-16 07:06:24'),
(160,1,35,1,'2025-11-16 07:06:24'),
(161,1,37,1,'2025-11-16 07:06:24'),
(162,1,39,1,'2025-11-16 07:06:24'),
(163,1,36,1,'2025-11-16 07:06:24'),
(164,1,38,1,'2025-11-16 07:06:24'),
(165,1,33,1,'2025-11-16 07:06:24'),
(166,1,41,1,'2025-11-16 07:06:24'),
(167,1,40,1,'2025-11-16 07:06:24'),
(168,1,42,1,'2025-11-16 07:06:24'),
(169,1,19,1,'2025-11-16 07:06:24'),
(170,1,20,1,'2025-11-16 07:06:24'),
(171,1,18,1,'2025-11-16 07:06:24'),
(175,3,7,1,'2025-11-16 18:33:35'),
(176,3,3,1,'2025-11-16 18:33:35'),
(177,3,43,1,'2025-11-16 18:33:35'),
(178,3,26,1,'2025-11-16 18:33:35'),
(179,3,25,1,'2025-11-16 18:33:35'),
(312,2,22,1,'2025-11-29 15:36:15'),
(313,2,89,1,'2025-11-29 15:36:15'),
(314,2,52,1,'2025-11-29 15:36:15'),
(315,2,51,1,'2025-11-29 15:36:15'),
(316,2,53,1,'2025-11-29 15:36:15'),
(317,2,70,1,'2025-11-29 15:36:15'),
(318,2,54,1,'2025-11-29 15:36:15'),
(319,2,57,1,'2025-11-29 15:36:15'),
(320,2,55,1,'2025-11-29 15:36:15'),
(321,2,56,1,'2025-11-29 15:36:15'),
(322,2,50,1,'2025-11-29 15:36:15'),
(323,2,48,1,'2025-11-29 15:36:15'),
(324,2,49,1,'2025-11-29 15:36:15'),
(325,2,62,1,'2025-11-29 15:36:15'),
(326,2,63,1,'2025-11-29 15:36:15'),
(327,2,61,1,'2025-11-29 15:36:15'),
(328,2,58,1,'2025-11-29 15:36:15'),
(329,2,60,1,'2025-11-29 15:36:15'),
(330,2,59,1,'2025-11-29 15:36:15'),
(331,2,65,1,'2025-11-29 15:36:15'),
(332,2,66,1,'2025-11-29 15:36:15'),
(333,2,64,1,'2025-11-29 15:36:15'),
(334,2,45,1,'2025-11-29 15:36:15'),
(335,2,68,1,'2025-11-29 15:36:15'),
(336,2,69,1,'2025-11-29 15:36:15'),
(337,2,67,1,'2025-11-29 15:36:15'),
(338,2,21,1,'2025-11-29 15:36:15'),
(339,2,88,1,'2025-11-29 15:36:15'),
(340,2,46,1,'2025-11-29 15:36:15'),
(341,2,47,1,'2025-11-29 15:36:15'),
(342,2,23,1,'2025-11-29 15:36:15'),
(343,2,24,1,'2025-11-29 15:36:15'),
(344,2,2,1,'2025-11-29 15:36:15'),
(345,2,1,1,'2025-11-29 15:36:15'),
(346,2,19,1,'2025-11-29 15:36:15'),
(347,2,18,1,'2025-11-29 15:36:15'),
(348,7,71,1,'2025-12-06 09:21:01'),
(349,7,79,1,'2025-12-06 09:21:01'),
(350,7,87,1,'2025-12-06 09:21:01'),
(351,7,85,1,'2025-12-06 09:21:01'),
(352,7,86,1,'2025-12-06 09:21:01'),
(353,7,83,1,'2025-12-06 09:21:01'),
(354,7,75,1,'2025-12-06 09:21:01'),
(355,7,80,1,'2025-12-06 09:21:01'),
(356,7,82,1,'2025-12-06 09:21:01'),
(357,7,73,1,'2025-12-06 09:21:01'),
(358,7,77,1,'2025-12-06 09:21:01'),
(359,7,78,1,'2025-12-06 09:21:01'),
(360,7,76,1,'2025-12-06 09:21:01'),
(361,7,84,1,'2025-12-06 09:21:01'),
(362,7,81,1,'2025-12-06 09:21:01'),
(363,7,72,1,'2025-12-06 09:21:01'),
(364,7,74,1,'2025-12-06 09:21:01');
/*!40000 ALTER TABLE `role_permissions` ENABLE KEYS */;
UNLOCK TABLES;

--
-- Table structure for table `service_accounts`
--

DROP TABLE IF EXISTS `service_accounts`;
/*!40101 SET @saved_cs_client     = @@character_set_client */;
/*!40101 SET character_set_client = utf8mb4 */;
CREATE TABLE `service_accounts` (
  `service_account_id` int(11) NOT NULL AUTO_INCREMENT,
  `medical_service_id` int(11) NOT NULL,
  `account_type` varchar(20) NOT NULL COMMENT 'revenue, cogs, inventory, tax',
  `account_id` int(11) NOT NULL,
  `created_at` timestamp NULL DEFAULT current_timestamp(),
  `created_by` int(11) DEFAULT NULL,
  PRIMARY KEY (`service_account_id`),
  UNIQUE KEY `unique_service_account` (`medical_service_id`,`account_type`),
  KEY `account_id` (`account_id`),
  KEY `idx_medical_service` (`medical_service_id`),
  KEY `idx_account_type` (`account_type`)
) ENGINE=InnoDB AUTO_INCREMENT=17 DEFAULT CHARSET=utf8mb4 COLLATE=utf8mb4_unicode_ci;
/*!40101 SET character_set_client = @saved_cs_client */;

--
-- Dumping data for table `service_accounts`
--

LOCK TABLES `service_accounts` WRITE;
/*!40000 ALTER TABLE `service_accounts` DISABLE KEYS */;
INSERT INTO `service_accounts` VALUES
(10,11,'revenue',14,'2026-01-11 12:46:58',1),
(12,13,'revenue',18,'2026-01-11 12:53:57',1),
(13,6,'revenue',16,'2026-01-11 13:49:45',1),
(14,14,'revenue',1,'2026-01-13 20:09:03',1),
(15,15,'revenue',1,'2026-01-14 16:37:41',1),
(16,16,'revenue',1,'2026-01-15 19:24:48',1);
/*!40000 ALTER TABLE `service_accounts` ENABLE KEYS */;
UNLOCK TABLES;

--
-- Table structure for table `service_categories`
--

DROP TABLE IF EXISTS `service_categories`;
/*!40101 SET @saved_cs_client     = @@character_set_client */;
/*!40101 SET character_set_client = utf8mb4 */;
CREATE TABLE `service_categories` (
  `category_id` int(11) NOT NULL AUTO_INCREMENT,
  `category_code` varchar(50) NOT NULL,
  `category_name` varchar(200) NOT NULL,
  `category_description` text DEFAULT NULL,
  `parent_category_id` int(11) DEFAULT NULL,
  `display_order` int(11) DEFAULT 0,
  `is_active` tinyint(1) DEFAULT 1,
  `created_by` int(11) DEFAULT NULL,
  `created_at` timestamp NULL DEFAULT current_timestamp(),
  `updated_at` timestamp NULL DEFAULT current_timestamp() ON UPDATE current_timestamp(),
  `updated_by` int(11) DEFAULT NULL,
  PRIMARY KEY (`category_id`),
  UNIQUE KEY `category_code` (`category_code`),
  KEY `idx_parent_category_id` (`parent_category_id`),
  KEY `idx_is_active` (`is_active`)
) ENGINE=InnoDB AUTO_INCREMENT=17 DEFAULT CHARSET=utf8mb4 COLLATE=utf8mb4_unicode_ci;
/*!40101 SET character_set_client = @saved_cs_client */;

--
-- Dumping data for table `service_categories`
--

LOCK TABLES `service_categories` WRITE;
/*!40000 ALTER TABLE `service_categories` DISABLE KEYS */;
INSERT INTO `service_categories` VALUES
(1,'CONSULT','Consultations','Doctor consultations and follow-up visits',NULL,1,1,NULL,'2026-01-11 07:04:27','2026-01-11 07:04:27',NULL),
(2,'LAB','Laboratory Tests','Blood tests, urine tests, and other lab diagnostics',NULL,2,1,NULL,'2026-01-11 07:04:27','2026-01-11 07:04:27',NULL),
(3,'RAD','Radiology & Imaging','X-rays, Ultrasounds, CT Scans, MRI',NULL,3,1,NULL,'2026-01-11 07:04:27','2026-01-11 07:04:27',NULL),
(4,'PROC','Procedures','Minor and major medical procedures',NULL,4,1,NULL,'2026-01-11 07:04:27','2026-01-11 07:04:27',NULL),
(5,'SURG','Surgery','Surgical operations and interventions',NULL,5,1,NULL,'2026-01-11 07:04:27','2026-01-11 07:04:27',NULL),
(6,'PHARM','Pharmacy','Medications and drugs',NULL,6,1,NULL,'2026-01-11 07:04:27','2026-01-11 07:04:27',NULL),
(7,'WARD','Ward Charges','Hospital ward bed charges',NULL,7,1,NULL,'2026-01-11 07:04:27','2026-01-11 07:04:27',NULL),
(8,'EMERG','Emergency Services','Emergency department services',NULL,8,1,NULL,'2026-01-11 07:04:27','2026-01-11 07:04:27',NULL),
(9,'MATERN','Maternity Services','Prenatal, delivery, and postnatal services',NULL,9,1,NULL,'2026-01-11 07:04:27','2026-01-11 07:04:27',NULL),
(10,'REHAB','Rehabilitation','Physical therapy and rehabilitation',NULL,10,1,NULL,'2026-01-11 07:04:27','2026-01-11 07:04:27',NULL),
(11,'DENTAL','Dental Services','Dental procedures and treatments',NULL,11,1,NULL,'2026-01-11 07:04:27','2026-01-11 07:04:27',NULL),
(12,'OPHTHAL','Ophthalmology','Eye care and vision services',NULL,12,1,NULL,'2026-01-11 07:04:27','2026-01-11 07:04:27',NULL),
(13,'CARDIO','Cardiology','Heart and cardiovascular services',NULL,13,1,NULL,'2026-01-11 07:04:27','2026-01-11 07:04:27',NULL),
(14,'DIALYSIS','Dialysis','Renal dialysis services',NULL,14,1,NULL,'2026-01-11 07:04:27','2026-01-11 07:04:27',NULL),
(15,'VACC','Vaccinations','Immunizations and vaccines',NULL,15,1,NULL,'2026-01-11 07:04:27','2026-01-11 07:04:27',NULL),
(16,'ADMIN','Administrative','Administrative and registration fees',NULL,16,1,NULL,'2026-01-11 07:04:27','2026-01-11 07:04:27',NULL);
/*!40000 ALTER TABLE `service_categories` ENABLE KEYS */;
UNLOCK TABLES;

--
-- Table structure for table `service_components`
--

DROP TABLE IF EXISTS `service_components`;
/*!40101 SET @saved_cs_client     = @@character_set_client */;
/*!40101 SET character_set_client = utf8mb4 */;
CREATE TABLE `service_components` (
  `component_id` int(11) NOT NULL AUTO_INCREMENT,
  `medical_service_id` int(11) NOT NULL,
  `component_type` varchar(50) DEFAULT NULL,
  `component_reference_id` int(11) NOT NULL,
  `created_by` int(11) DEFAULT NULL,
  `created_at` timestamp NULL DEFAULT current_timestamp(),
  PRIMARY KEY (`component_id`),
  KEY `medical_service_id` (`medical_service_id`)
) ENGINE=InnoDB AUTO_INCREMENT=18 DEFAULT CHARSET=utf8mb4 COLLATE=utf8mb4_general_ci;
/*!40101 SET character_set_client = @saved_cs_client */;

--
-- Dumping data for table `service_components`
--

LOCK TABLES `service_components` WRITE;
/*!40000 ALTER TABLE `service_components` DISABLE KEYS */;
INSERT INTO `service_components` VALUES
(11,5,'LabTest',1,NULL,'2025-11-24 08:47:42'),
(15,13,'Bed',133,NULL,'2026-01-11 12:53:57'),
(16,11,'bed',3,1,'2026-01-11 13:47:53'),
(17,6,'Radiology',1,NULL,'2026-01-11 13:49:45');
/*!40000 ALTER TABLE `service_components` ENABLE KEYS */;
UNLOCK TABLES;

--
-- Table structure for table `service_inventory_items`
--

DROP TABLE IF EXISTS `service_inventory_items`;
/*!40101 SET @saved_cs_client     = @@character_set_client */;
/*!40101 SET character_set_client = utf8mb4 */;
CREATE TABLE `service_inventory_items` (
  `service_inventory_id` int(11) NOT NULL AUTO_INCREMENT,
  `medical_service_id` int(11) NOT NULL,
  `item_id` int(11) NOT NULL,
  `quantity_required` decimal(10,2) DEFAULT 1.00,
  `created_at` timestamp NULL DEFAULT current_timestamp(),
  `created_by` int(11) DEFAULT NULL,
  PRIMARY KEY (`service_inventory_id`),
  UNIQUE KEY `unique_service_item` (`medical_service_id`,`item_id`),
  KEY `idx_medical_service` (`medical_service_id`),
  KEY `idx_item` (`item_id`)
) ENGINE=InnoDB AUTO_INCREMENT=8 DEFAULT CHARSET=utf8mb4 COLLATE=utf8mb4_unicode_ci;
/*!40101 SET character_set_client = @saved_cs_client */;

--
-- Dumping data for table `service_inventory_items`
--

LOCK TABLES `service_inventory_items` WRITE;
/*!40000 ALTER TABLE `service_inventory_items` DISABLE KEYS */;
/*!40000 ALTER TABLE `service_inventory_items` ENABLE KEYS */;
UNLOCK TABLES;

--
-- Table structure for table `service_order_components`
--

DROP TABLE IF EXISTS `service_order_components`;
/*!40101 SET @saved_cs_client     = @@character_set_client */;
/*!40101 SET character_set_client = utf8mb4 */;
CREATE TABLE `service_order_components` (
  `service_order_component_id` int(11) NOT NULL AUTO_INCREMENT,
  `service_order_id` int(11) NOT NULL,
  `component_type` enum('LabTest','Radiology','Procedure','Consultation') NOT NULL,
  `component_reference_id` int(11) NOT NULL,
  `component_name` varchar(255) NOT NULL,
  `status` enum('pending','scheduled','in_progress','completed','cancelled') NOT NULL DEFAULT 'pending',
  `scheduled_date` datetime DEFAULT NULL,
  `completed_date` datetime DEFAULT NULL,
  `performed_by` int(11) DEFAULT NULL,
  `notes` text DEFAULT NULL,
  `created_at` timestamp NOT NULL DEFAULT current_timestamp(),
  `updated_at` timestamp NOT NULL DEFAULT current_timestamp() ON UPDATE current_timestamp(),
  PRIMARY KEY (`service_order_component_id`),
  KEY `performed_by` (`performed_by`),
  KEY `idx_service_order_id` (`service_order_id`),
  KEY `idx_component_type` (`component_type`),
  KEY `idx_status` (`status`)
) ENGINE=InnoDB DEFAULT CHARSET=utf8mb4 COLLATE=utf8mb4_unicode_ci;
/*!40101 SET character_set_client = @saved_cs_client */;

--
-- Dumping data for table `service_order_components`
--

LOCK TABLES `service_order_components` WRITE;
/*!40000 ALTER TABLE `service_order_components` DISABLE KEYS */;
/*!40000 ALTER TABLE `service_order_components` ENABLE KEYS */;
UNLOCK TABLES;

--
-- Table structure for table `service_orders`
--

DROP TABLE IF EXISTS `service_orders`;
/*!40101 SET @saved_cs_client     = @@character_set_client */;
/*!40101 SET character_set_client = utf8mb4 */;
CREATE TABLE `service_orders` (
  `service_order_id` int(11) NOT NULL AUTO_INCREMENT,
  `order_number` varchar(50) NOT NULL,
  `visit_id` int(11) NOT NULL,
  `patient_id` int(11) NOT NULL,
  `medical_service_id` int(11) NOT NULL,
  `order_date` datetime NOT NULL DEFAULT current_timestamp(),
  `order_priority` enum('routine','urgent','stat') NOT NULL DEFAULT 'routine',
  `clinical_notes` text DEFAULT NULL,
  `instructions` text DEFAULT NULL,
  `order_status` varchar(50) DEFAULT NULL,
  `ordered_by` int(11) DEFAULT NULL,
  `created_by` int(11) DEFAULT NULL,
  `created_at` timestamp NOT NULL DEFAULT current_timestamp(),
  `updated_at` timestamp NOT NULL DEFAULT current_timestamp() ON UPDATE current_timestamp(),
  `is_billed` tinyint(1) DEFAULT 0,
  `invoice_id` int(11) DEFAULT NULL,
  `surgery_id` int(11) DEFAULT NULL,
  `billed_at` datetime DEFAULT NULL,
  `billed_by` int(11) DEFAULT NULL,
  PRIMARY KEY (`service_order_id`),
  UNIQUE KEY `order_number` (`order_number`),
  KEY `created_by` (`created_by`),
  KEY `idx_visit_id` (`visit_id`),
  KEY `idx_patient_id` (`patient_id`),
  KEY `idx_medical_service_id` (`medical_service_id`),
  KEY `idx_order_status` (`order_status`),
  KEY `idx_order_date` (`order_date`),
  KEY `idx_ordered_by` (`ordered_by`),
  KEY `fk_service_orders_surgery` (`surgery_id`)
) ENGINE=InnoDB AUTO_INCREMENT=14 DEFAULT CHARSET=utf8mb4 COLLATE=utf8mb4_unicode_ci;
/*!40101 SET character_set_client = @saved_cs_client */;

--
-- Dumping data for table `service_orders`
--

LOCK TABLES `service_orders` WRITE;
/*!40000 ALTER TABLE `service_orders` DISABLE KEYS */;
INSERT INTO `service_orders` VALUES
(1,'ORDER-20260111-696397f880631',14,8,11,'2026-01-11 15:30:48','routine',NULL,NULL,'completed',1,1,'2026-01-11 12:30:48','2026-01-11 12:30:48',1,NULL,NULL,'2026-01-11 15:30:48',1),
(2,'ORDER-20260111-6963aa0906f8e',15,7,11,'2026-01-11 16:47:53','routine',NULL,NULL,'completed',1,1,'2026-01-11 13:47:53','2026-01-11 13:47:53',1,NULL,NULL,'2026-01-11 16:47:53',1),
(3,'ORDER-20260111-6963bfd8bfb48',17,3,11,'2026-01-11 18:20:56','routine',NULL,NULL,'completed',1,1,'2026-01-11 15:20:56','2026-01-11 15:20:56',1,NULL,NULL,'2026-01-11 18:20:56',1),
(4,'ORDER-20260111-6963bfd8bff2b',17,3,13,'2026-01-11 18:20:56','routine',NULL,NULL,'completed',1,1,'2026-01-11 15:20:56','2026-01-11 15:20:56',1,NULL,NULL,'2026-01-11 18:20:56',1),
(5,'ORDER-20260111-6963c08ede906',18,3,11,'2026-01-11 18:23:58','routine',NULL,NULL,'completed',1,1,'2026-01-11 15:23:58','2026-01-11 15:23:58',1,NULL,NULL,'2026-01-11 18:23:58',1),
(6,'ORDER-20260111-6963c08edf19b',18,3,13,'2026-01-11 18:23:58','routine',NULL,NULL,'completed',1,1,'2026-01-11 15:23:58','2026-01-11 15:23:58',1,NULL,NULL,'2026-01-11 18:23:58',1),
(7,'ORDER-20260111-6963d96c6526f',15,7,11,'2026-01-11 20:10:04','routine',NULL,NULL,'completed',1,1,'2026-01-11 17:10:04','2026-01-11 17:10:04',1,NULL,NULL,'2026-01-11 20:10:04',1);
/*!40000 ALTER TABLE `service_orders` ENABLE KEYS */;
UNLOCK TABLES;

--
-- Table structure for table `service_prices`
--

DROP TABLE IF EXISTS `service_prices`;
/*!40101 SET @saved_cs_client     = @@character_set_client */;
/*!40101 SET character_set_client = utf8mb4 */;
CREATE TABLE `service_prices` (
  `service_price_id` int(11) NOT NULL AUTO_INCREMENT,
  `service_type` enum('lab_test','radiology','medical_service','medication') NOT NULL,
  `service_id` int(11) NOT NULL,
  `price` decimal(10,2) NOT NULL,
  `currency_code` varchar(10) DEFAULT 'KSH',
  `effective_date` date NOT NULL,
  `created_at` timestamp NULL DEFAULT current_timestamp(),
  `created_by` int(11) DEFAULT NULL,
  PRIMARY KEY (`service_price_id`),
  KEY `created_by` (`created_by`)
) ENGINE=InnoDB DEFAULT CHARSET=utf8mb4 COLLATE=utf8mb4_general_ci;
/*!40101 SET character_set_client = @saved_cs_client */;

--
-- Dumping data for table `service_prices`
--

LOCK TABLES `service_prices` WRITE;
/*!40000 ALTER TABLE `service_prices` DISABLE KEYS */;
/*!40000 ALTER TABLE `service_prices` ENABLE KEYS */;
UNLOCK TABLES;

--
-- Table structure for table `services`
--

DROP TABLE IF EXISTS `services`;
/*!40101 SET @saved_cs_client     = @@character_set_client */;
/*!40101 SET character_set_client = utf8mb4 */;
CREATE TABLE `services` (
  `service_id` int(11) NOT NULL AUTO_INCREMENT,
  `service_name` varchar(200) NOT NULL,
  `service_description` varchar(200) NOT NULL,
  `service_department_id` int(11) DEFAULT NULL,
  `visit_type` enum('OPD','IPD','ER','CHECKUP','FOLLOWUP','CONSULTATION') DEFAULT NULL,
  `service_fee` decimal(10,2) DEFAULT 0.00,
  `service_duration` int(11) DEFAULT 0,
  `service_type` enum('Consultation','Procedure','Test','Medication','Other') DEFAULT 'Consultation',
  `service_category` varchar(20) NOT NULL,
  `service_importance` varchar(50) DEFAULT NULL,
  `service_backup` varchar(200) DEFAULT NULL,
  `service_notes` varchar(50) DEFAULT NULL,
  `service_created_at` datetime NOT NULL DEFAULT current_timestamp(),
  `service_archived_at` timestamp NULL DEFAULT NULL,
  `service_updated_at` datetime DEFAULT NULL ON UPDATE current_timestamp(),
  `service_accessed_at` datetime DEFAULT NULL,
  `service_review_due` date DEFAULT NULL,
  `service_client_id` varchar(50) DEFAULT NULL,
  PRIMARY KEY (`service_id`),
  KEY `service_department_id` (`service_department_id`)
) ENGINE=InnoDB AUTO_INCREMENT=13 DEFAULT CHARSET=utf8mb4 COLLATE=utf8mb4_general_ci;
/*!40101 SET character_set_client = @saved_cs_client */;

--
-- Dumping data for table `services`
--

LOCK TABLES `services` WRITE;
/*!40000 ALTER TABLE `services` DISABLE KEYS */;
INSERT INTO `services` VALUES
(1,'OPD Consultation','General outpatient consultation',2,'OPD',50.00,30,'Consultation','Consultation',NULL,NULL,NULL,'2025-11-01 03:01:58',NULL,NULL,NULL,NULL,NULL),
(2,'Emergency Consultation','Emergency department consultation',1,'ER',150.00,45,'Consultation','Consultation',NULL,NULL,NULL,'2025-11-01 03:01:58',NULL,NULL,NULL,NULL,NULL),
(3,'Inpatient Consultation','Inpatient ward consultation',2,'IPD',100.00,40,'Consultation','Consultation',NULL,NULL,NULL,'2025-11-01 03:01:58',NULL,NULL,NULL,NULL,NULL),
(4,'Routine Checkup','General health checkup',2,'CHECKUP',75.00,60,'Consultation','Consultation',NULL,NULL,NULL,'2025-11-01 03:01:58',NULL,NULL,NULL,NULL,NULL),
(5,'Follow-up Visit','Follow-up consultation',2,'FOLLOWUP',40.00,20,'Consultation','Consultation',NULL,NULL,NULL,'2025-11-01 03:01:58',NULL,NULL,NULL,NULL,NULL),
(6,'Specialist Consultation','Specialist medical consultation',2,'CONSULTATION',60.00,45,'Consultation','Consultation',NULL,NULL,NULL,'2025-11-01 03:01:58',NULL,NULL,NULL,NULL,NULL),
(7,'Cardiology Consultation','Heart specialist consultation',5,'OPD',80.00,45,'Consultation','Consultation',NULL,NULL,NULL,'2025-11-01 03:01:58',NULL,NULL,NULL,NULL,NULL),
(8,'Surgery Consultation','Surgical specialist consultation',4,'OPD',90.00,45,'Consultation','Consultation',NULL,NULL,NULL,'2025-11-01 03:01:58',NULL,NULL,NULL,NULL,NULL),
(9,'Pediatrics Consultation','Child health consultation',3,'OPD',60.00,30,'Consultation','Consultation',NULL,NULL,NULL,'2025-11-01 03:01:58',NULL,NULL,NULL,NULL,NULL),
(10,'Orthopedics Consultation','Bone and joint consultation',6,'OPD',85.00,45,'Consultation','Consultation',NULL,NULL,NULL,'2025-11-01 03:01:58',NULL,NULL,NULL,NULL,NULL),
(11,'Emergency Surgery Consult','Emergency surgical assessment',4,'ER',200.00,60,'Consultation','Consultation',NULL,NULL,NULL,'2025-11-01 03:01:58',NULL,NULL,NULL,NULL,NULL),
(12,'ICU Consultation','Intensive care unit consultation',12,'IPD',150.00,30,'Consultation','Consultation',NULL,NULL,NULL,'2025-11-01 03:01:58',NULL,NULL,NULL,NULL,NULL);
/*!40000 ALTER TABLE `services` ENABLE KEYS */;
UNLOCK TABLES;

--
-- Table structure for table `settings`
--

DROP TABLE IF EXISTS `settings`;
/*!40101 SET @saved_cs_client     = @@character_set_client */;
/*!40101 SET character_set_client = utf8mb4 */;
CREATE TABLE `settings` (
  `company_id` int(11) NOT NULL,
  `config_current_database_version` varchar(10) NOT NULL,
  `config_start_page` varchar(200) DEFAULT 'clients.php',
  `config_smtp_provider` varchar(200) DEFAULT NULL,
  `config_smtp_host` varchar(200) DEFAULT NULL,
  `config_smtp_port` int(5) DEFAULT NULL,
  `config_smtp_encryption` varchar(200) DEFAULT NULL,
  `config_smtp_username` varchar(200) DEFAULT NULL,
  `config_smtp_password` varchar(200) DEFAULT NULL,
  `config_mail_from_email` varchar(200) DEFAULT NULL,
  `config_mail_from_name` varchar(200) DEFAULT NULL,
  `config_imap_provider` varchar(200) DEFAULT NULL,
  `config_mail_oauth_client_id` varchar(255) DEFAULT NULL,
  `config_mail_oauth_client_secret` varchar(255) DEFAULT NULL,
  `config_mail_oauth_tenant_id` varchar(255) DEFAULT NULL,
  `config_mail_oauth_refresh_token` text DEFAULT NULL,
  `config_mail_oauth_access_token` text DEFAULT NULL,
  `config_mail_oauth_access_token_expires_at` datetime DEFAULT NULL,
  `config_imap_host` varchar(200) DEFAULT NULL,
  `config_imap_port` int(5) DEFAULT NULL,
  `config_imap_encryption` varchar(200) DEFAULT NULL,
  `config_imap_username` varchar(200) DEFAULT NULL,
  `config_imap_password` varchar(200) DEFAULT NULL,
  `config_default_transfer_from_account` int(11) DEFAULT NULL,
  `config_default_transfer_to_account` int(11) DEFAULT NULL,
  `config_default_payment_account` int(11) DEFAULT NULL,
  `config_default_expense_account` int(11) DEFAULT NULL,
  `config_default_payment_method` varchar(200) DEFAULT NULL,
  `config_default_expense_payment_method` varchar(200) DEFAULT NULL,
  `config_default_calendar` int(11) DEFAULT NULL,
  `config_default_net_terms` int(11) DEFAULT NULL,
  `config_default_hourly_rate` decimal(15,2) NOT NULL DEFAULT 0.00,
  `config_project_prefix` varchar(200) NOT NULL DEFAULT 'PRJ-',
  `config_project_next_number` int(11) NOT NULL DEFAULT 1,
  `config_invoice_prefix` varchar(200) DEFAULT NULL,
  `config_invoice_next_number` int(11) DEFAULT NULL,
  `config_invoice_footer` text DEFAULT NULL,
  `config_invoice_from_name` varchar(200) DEFAULT NULL,
  `config_invoice_from_email` varchar(200) DEFAULT NULL,
  `config_invoice_late_fee_enable` tinyint(1) NOT NULL DEFAULT 0,
  `config_invoice_late_fee_percent` decimal(5,2) NOT NULL DEFAULT 0.00,
  `config_invoice_paid_notification_email` varchar(200) DEFAULT NULL,
  `config_invoice_show_tax_id` tinyint(1) NOT NULL DEFAULT 0,
  `config_recurring_invoice_prefix` varchar(200) DEFAULT NULL,
  `config_recurring_invoice_next_number` int(11) NOT NULL DEFAULT 1,
  `config_quote_prefix` varchar(200) DEFAULT NULL,
  `config_quote_next_number` int(11) DEFAULT NULL,
  `config_quote_footer` text DEFAULT NULL,
  `config_quote_from_name` varchar(200) DEFAULT NULL,
  `config_quote_from_email` varchar(200) DEFAULT NULL,
  `config_quote_notification_email` varchar(200) DEFAULT NULL,
  `config_ticket_prefix` varchar(200) DEFAULT NULL,
  `config_ticket_next_number` int(11) DEFAULT NULL,
  `config_ticket_from_name` varchar(200) DEFAULT NULL,
  `config_ticket_from_email` varchar(200) DEFAULT NULL,
  `config_ticket_email_parse` tinyint(1) NOT NULL DEFAULT 0,
  `config_ticket_email_parse_unknown_senders` int(1) NOT NULL DEFAULT 0,
  `config_ticket_client_general_notifications` tinyint(1) NOT NULL DEFAULT 1,
  `config_ticket_autoclose_hours` int(5) NOT NULL DEFAULT 72,
  `config_ticket_new_ticket_notification_email` varchar(200) DEFAULT NULL,
  `config_ticket_default_billable` tinyint(1) NOT NULL DEFAULT 0,
  `config_ticket_timer_autostart` tinyint(1) NOT NULL DEFAULT 0,
  `config_enable_cron` tinyint(1) NOT NULL DEFAULT 0,
  `config_recurring_auto_send_invoice` tinyint(1) NOT NULL DEFAULT 1,
  `config_enable_alert_domain_expire` tinyint(1) NOT NULL DEFAULT 1,
  `config_send_invoice_reminders` tinyint(1) NOT NULL DEFAULT 1,
  `config_invoice_overdue_reminders` varchar(200) DEFAULT NULL,
  `config_azure_client_id` varchar(200) DEFAULT NULL,
  `config_azure_client_secret` varchar(200) DEFAULT NULL,
  `config_module_enable_itdoc` tinyint(1) NOT NULL DEFAULT 1,
  `config_module_enable_accounting` tinyint(1) NOT NULL DEFAULT 1,
  `config_client_portal_enable` tinyint(1) NOT NULL DEFAULT 1,
  `config_login_message` text DEFAULT NULL,
  `config_login_key_required` tinyint(1) NOT NULL DEFAULT 0,
  `config_login_key_secret` varchar(255) DEFAULT NULL,
  `config_login_remember_me_expire` int(11) NOT NULL DEFAULT 3,
  `config_log_retention` int(11) NOT NULL DEFAULT 90,
  `config_module_enable_ticketing` tinyint(1) NOT NULL DEFAULT 1,
  `config_theme` varchar(200) DEFAULT 'blue',
  `config_telemetry` tinyint(1) DEFAULT 0,
  `config_timezone` varchar(200) NOT NULL DEFAULT 'America/New_York',
  `config_destructive_deletes_enable` tinyint(1) NOT NULL DEFAULT 0,
  `config_whitelabel_enabled` int(11) NOT NULL DEFAULT 0,
  `config_whitelabel_key` text DEFAULT NULL,
  `config_ticket_default_view` tinyint(1) NOT NULL DEFAULT 0,
  `config_ticket_ordering` tinyint(1) NOT NULL DEFAULT 0,
  `config_ticket_moving_columns` tinyint(1) NOT NULL DEFAULT 1,
  `config_sms_provider` varchar(50) DEFAULT '',
  `config_sms_api_key` varchar(255) DEFAULT '',
  `config_sms_sender_id` varchar(50) DEFAULT '',
  `config_sms_username` varchar(100) DEFAULT '',
  `config_sms_password` varchar(255) DEFAULT '',
  `config_mail_host` varchar(255) DEFAULT '',
  `config_mail_port` int(11) DEFAULT 587,
  `config_mail_username` varchar(255) DEFAULT '',
  `config_mail_password` varchar(255) DEFAULT '',
  PRIMARY KEY (`company_id`)
) ENGINE=InnoDB DEFAULT CHARSET=utf8mb4 COLLATE=utf8mb4_general_ci;
/*!40101 SET character_set_client = @saved_cs_client */;

--
-- Dumping data for table `settings`
--

LOCK TABLES `settings` WRITE;
/*!40000 ALTER TABLE `settings` DISABLE KEYS */;
INSERT INTO `settings` VALUES
(1,'2.3.6','clients.php',NULL,NULL,NULL,NULL,NULL,NULL,NULL,NULL,NULL,NULL,NULL,NULL,NULL,NULL,NULL,NULL,NULL,NULL,NULL,NULL,NULL,NULL,NULL,NULL,NULL,NULL,NULL,30,0.00,'PRJ-',1,'INV-',3,NULL,NULL,NULL,0,0.00,NULL,0,'REC-',1,'QUO-',1,NULL,NULL,NULL,NULL,'TCK-',1,NULL,NULL,0,0,1,72,NULL,0,0,0,1,1,1,'1,3,7',NULL,NULL,1,1,1,'SAY NO MORE COUNTERBOOKS',0,'',3,90,1,'blue',0,'Africa/Nairobi',0,0,'',0,0,1,'','','','','','',587,'','');
/*!40000 ALTER TABLE `settings` ENABLE KEYS */;
UNLOCK TABLES;

--
-- Table structure for table `shift_handovers`
--

DROP TABLE IF EXISTS `shift_handovers`;
/*!40101 SET @saved_cs_client     = @@character_set_client */;
/*!40101 SET character_set_client = utf8mb4 */;
CREATE TABLE `shift_handovers` (
  `id` int(11) NOT NULL AUTO_INCREMENT,
  `visit_id` int(11) NOT NULL,
  `shift_from` int(11) NOT NULL,
  `shift_to` int(11) NOT NULL,
  `handover_date` datetime DEFAULT current_timestamp(),
  `patient_status` text DEFAULT NULL,
  `pending_tasks` text DEFAULT NULL,
  `critical_issues` text DEFAULT NULL,
  `medications_due` text DEFAULT NULL,
  `special_instructions` text DEFAULT NULL,
  `handover_complete` tinyint(1) DEFAULT 0,
  `acknowledged_by` int(11) DEFAULT NULL,
  `acknowledgement_time` datetime DEFAULT NULL,
  `created_at` timestamp NULL DEFAULT current_timestamp(),
  `updated_at` timestamp NULL DEFAULT current_timestamp() ON UPDATE current_timestamp(),
  PRIMARY KEY (`id`),
  KEY `acknowledged_by` (`acknowledged_by`),
  KEY `idx_visit_id` (`visit_id`),
  KEY `idx_handover_date` (`handover_date`),
  KEY `idx_shift_from` (`shift_from`),
  KEY `idx_shift_to` (`shift_to`)
) ENGINE=InnoDB DEFAULT CHARSET=utf8mb4 COLLATE=utf8mb4_unicode_ci;
/*!40101 SET character_set_client = @saved_cs_client */;

--
-- Dumping data for table `shift_handovers`
--

LOCK TABLES `shift_handovers` WRITE;
/*!40000 ALTER TABLE `shift_handovers` DISABLE KEYS */;
/*!40000 ALTER TABLE `shift_handovers` ENABLE KEYS */;
UNLOCK TABLES;

--
-- Table structure for table `show_cause_letters`
--

DROP TABLE IF EXISTS `show_cause_letters`;
/*!40101 SET @saved_cs_client     = @@character_set_client */;
/*!40101 SET character_set_client = utf8mb4 */;
CREATE TABLE `show_cause_letters` (
  `show_cause_id` int(11) NOT NULL AUTO_INCREMENT,
  `incident_id` int(11) NOT NULL,
  `issued_date` date NOT NULL,
  `due_date` date NOT NULL,
  `letter_text` text DEFAULT NULL,
  `created_at` timestamp NULL DEFAULT current_timestamp(),
  PRIMARY KEY (`show_cause_id`),
  KEY `incident_id` (`incident_id`)
) ENGINE=InnoDB DEFAULT CHARSET=utf8mb4 COLLATE=utf8mb4_unicode_ci;
/*!40101 SET character_set_client = @saved_cs_client */;

--
-- Dumping data for table `show_cause_letters`
--

LOCK TABLES `show_cause_letters` WRITE;
/*!40000 ALTER TABLE `show_cause_letters` DISABLE KEYS */;
/*!40000 ALTER TABLE `show_cause_letters` ENABLE KEYS */;
UNLOCK TABLES;

--
-- Table structure for table `specimens`
--

DROP TABLE IF EXISTS `specimens`;
/*!40101 SET @saved_cs_client     = @@character_set_client */;
/*!40101 SET character_set_client = utf8mb4 */;
CREATE TABLE `specimens` (
  `specimen_id` int(11) NOT NULL AUTO_INCREMENT,
  `visit_id` int(11) NOT NULL,
  `specimen_number` varchar(50) NOT NULL,
  `collection_time` datetime DEFAULT current_timestamp(),
  `specimen_type` varchar(255) NOT NULL,
  `specimen_description` text DEFAULT NULL,
  `collection_site` text DEFAULT NULL,
  `side` enum('Left','Right','Bilateral','NA') DEFAULT NULL,
  `container_type` varchar(100) DEFAULT NULL,
  `fixative` varchar(100) DEFAULT NULL,
  `special_instructions` text DEFAULT NULL,
  `clinical_history` text DEFAULT NULL,
  `preoperative_diagnosis` text DEFAULT NULL,
  `collected_by` int(11) DEFAULT NULL,
  `received_by_pathology` tinyint(1) DEFAULT 0,
  `received_time` datetime DEFAULT NULL,
  `pathology_number` varchar(50) DEFAULT NULL,
  `gross_description` text DEFAULT NULL,
  `microscopic_description` text DEFAULT NULL,
  `diagnosis` text DEFAULT NULL,
  `margin_status` text DEFAULT NULL,
  `report_date` date DEFAULT NULL,
  `pathologist` varchar(255) DEFAULT NULL,
  `status` enum('collected','sent','received','processing','reported','disposed') DEFAULT 'collected',
  PRIMARY KEY (`specimen_id`),
  UNIQUE KEY `specimen_number` (`specimen_number`),
  KEY `collected_by` (`collected_by`),
  KEY `idx_visit` (`visit_id`),
  KEY `idx_specimen_number` (`specimen_number`),
  KEY `idx_status` (`status`)
) ENGINE=InnoDB DEFAULT CHARSET=utf8mb4 COLLATE=utf8mb4_unicode_ci;
/*!40101 SET character_set_client = @saved_cs_client */;

--
-- Dumping data for table `specimens`
--

LOCK TABLES `specimens` WRITE;
/*!40000 ALTER TABLE `specimens` DISABLE KEYS */;
/*!40000 ALTER TABLE `specimens` ENABLE KEYS */;
UNLOCK TABLES;

--
-- Table structure for table `statutory_rates`
--

DROP TABLE IF EXISTS `statutory_rates`;
/*!40101 SET @saved_cs_client     = @@character_set_client */;
/*!40101 SET character_set_client = utf8mb4 */;
CREATE TABLE `statutory_rates` (
  `rate_id` int(11) NOT NULL AUTO_INCREMENT,
  `category` enum('PAYE','NHIF','NSSF_TIER1','NSSF_TIER2','HELB') NOT NULL,
  `min_income` decimal(12,2) DEFAULT NULL,
  `max_income` decimal(12,2) DEFAULT NULL,
  `rate` decimal(6,4) DEFAULT NULL,
  `fixed_amount` decimal(12,2) DEFAULT NULL,
  `effective_date` date NOT NULL,
  `created_at` timestamp NULL DEFAULT current_timestamp(),
  PRIMARY KEY (`rate_id`),
  KEY `idx_category` (`category`),
  KEY `idx_effective_date` (`effective_date`)
) ENGINE=InnoDB AUTO_INCREMENT=25 DEFAULT CHARSET=utf8mb4 COLLATE=utf8mb4_unicode_ci;
/*!40101 SET character_set_client = @saved_cs_client */;

--
-- Dumping data for table `statutory_rates`
--

LOCK TABLES `statutory_rates` WRITE;
/*!40000 ALTER TABLE `statutory_rates` DISABLE KEYS */;
INSERT INTO `statutory_rates` VALUES
(1,'PAYE',0.00,24000.00,0.1000,0.00,'2024-01-01','2025-11-25 16:48:15'),
(2,'PAYE',24001.00,32333.00,0.2500,2400.00,'2024-01-01','2025-11-25 16:48:15'),
(3,'PAYE',32334.00,500000.00,0.3000,4483.00,'2024-01-01','2025-11-25 16:48:15'),
(4,'PAYE',500001.00,800000.00,0.3250,144783.00,'2024-01-01','2025-11-25 16:48:15'),
(5,'PAYE',800001.00,NULL,0.3500,242283.00,'2024-01-01','2025-11-25 16:48:15'),
(6,'NHIF',0.00,5999.00,0.0000,150.00,'2024-01-01','2025-11-25 16:48:15'),
(7,'NHIF',6000.00,7999.00,0.0000,300.00,'2024-01-01','2025-11-25 16:48:15'),
(8,'NHIF',8000.00,11999.00,0.0000,400.00,'2024-01-01','2025-11-25 16:48:15'),
(9,'NHIF',12000.00,14999.00,0.0000,500.00,'2024-01-01','2025-11-25 16:48:15'),
(10,'NHIF',15000.00,19999.00,0.0000,600.00,'2024-01-01','2025-11-25 16:48:15'),
(11,'NHIF',20000.00,24999.00,0.0000,750.00,'2024-01-01','2025-11-25 16:48:15'),
(12,'NHIF',25000.00,29999.00,0.0000,850.00,'2024-01-01','2025-11-25 16:48:15'),
(13,'NHIF',30000.00,34999.00,0.0000,900.00,'2024-01-01','2025-11-25 16:48:15'),
(14,'NHIF',35000.00,39999.00,0.0000,950.00,'2024-01-01','2025-11-25 16:48:15'),
(15,'NHIF',40000.00,44999.00,0.0000,1000.00,'2024-01-01','2025-11-25 16:48:15'),
(16,'NHIF',45000.00,49999.00,0.0000,1100.00,'2024-01-01','2025-11-25 16:48:15'),
(17,'NHIF',50000.00,59999.00,0.0000,1200.00,'2024-01-01','2025-11-25 16:48:15'),
(18,'NHIF',60000.00,69999.00,0.0000,1300.00,'2024-01-01','2025-11-25 16:48:15'),
(19,'NHIF',70000.00,79999.00,0.0000,1400.00,'2024-01-01','2025-11-25 16:48:15'),
(20,'NHIF',80000.00,89999.00,0.0000,1500.00,'2024-01-01','2025-11-25 16:48:15'),
(21,'NHIF',90000.00,99999.00,0.0000,1600.00,'2024-01-01','2025-11-25 16:48:15'),
(22,'NHIF',100000.00,NULL,0.0000,1700.00,'2024-01-01','2025-11-25 16:48:15'),
(23,'NSSF_TIER1',0.00,6000.00,0.0600,0.00,'2024-01-01','2025-11-25 16:48:15'),
(24,'NSSF_TIER2',6001.00,18000.00,0.0600,0.00,'2024-01-01','2025-11-25 16:48:15');
/*!40000 ALTER TABLE `statutory_rates` ENABLE KEYS */;
UNLOCK TABLES;

--
-- Table structure for table `stock_adjustments`
--

DROP TABLE IF EXISTS `stock_adjustments`;
/*!40101 SET @saved_cs_client     = @@character_set_client */;
/*!40101 SET character_set_client = utf8mb4 */;
CREATE TABLE `stock_adjustments` (
  `adjustment_id` int(11) NOT NULL AUTO_INCREMENT,
  `item_id` int(11) NOT NULL,
  `adjustment_type` varchar(100) DEFAULT NULL,
  `previous_quantity` int(11) NOT NULL,
  `new_quantity` int(11) NOT NULL,
  `quantity_difference` int(11) NOT NULL,
  `adjustment_reason` text NOT NULL,
  `adjustment_date` timestamp NULL DEFAULT current_timestamp(),
  `adjusted_by` int(11) DEFAULT NULL,
  `approved_by` int(11) DEFAULT NULL,
  `notes` text DEFAULT NULL,
  `related_transaction_id` int(11) DEFAULT NULL,
  `created_at` datetime DEFAULT NULL,
  PRIMARY KEY (`adjustment_id`),
  KEY `item_id` (`item_id`),
  KEY `adjusted_by` (`adjusted_by`),
  KEY `approved_by` (`approved_by`)
) ENGINE=InnoDB AUTO_INCREMENT=20 DEFAULT CHARSET=utf8mb4 COLLATE=utf8mb4_general_ci;
/*!40101 SET character_set_client = @saved_cs_client */;

--
-- Dumping data for table `stock_adjustments`
--

LOCK TABLES `stock_adjustments` WRITE;
/*!40000 ALTER TABLE `stock_adjustments` DISABLE KEYS */;
INSERT INTO `stock_adjustments` VALUES
(1,4,'correction',400,500,100,'test','2025-11-07 05:08:43',1,NULL,'0',NULL,NULL),
(2,7,'correction',1000,1500,500,'physical_count','2025-11-07 13:56:15',1,NULL,'0',NULL,NULL),
(3,6,'correction',50,450,400,'other','2025-11-08 14:18:43',1,NULL,'0',NULL,NULL),
(4,4,'correction',200,500,300,'testing','2025-11-15 21:14:06',1,NULL,'0',NULL,NULL),
(5,2,'correction',2280,1980,-300,'wrong transaction','2025-11-30 05:34:48',1,NULL,'0',NULL,NULL),
(6,4,'correction',500,0,500,'expired','2025-12-03 04:15:39',1,NULL,'0',NULL,NULL),
(7,8,'correction',200,250,50,'test reversal','2025-12-03 08:07:38',1,NULL,'0',47,NULL),
(8,8,'correction',200,150,-50,'twefssdgsdgsd','2025-12-10 06:15:31',1,NULL,'0',7,NULL),
(9,8,'correction',150,100,-50,'qwertyuiopiuyt','2025-12-10 06:17:30',1,NULL,'0',8,NULL),
(10,8,'correction',200,150,-50,'waaaaaaaaaaa','2025-12-10 09:05:40',1,NULL,'0',13,NULL),
(11,8,'correction',200,150,-50,'general store to have 150','2025-12-10 09:08:38',1,NULL,'0',16,NULL),
(12,8,'correction',200,150,-50,'tessttttttttt','2025-12-10 09:31:33',1,NULL,'0',19,NULL),
(13,8,'correction',200,150,-50,'dddddddddd','2025-12-10 09:50:11',1,NULL,'0',22,NULL),
(14,8,'correction',200,100,-100,'444444444444444','2025-12-10 09:51:34',1,NULL,'0',25,NULL);
/*!40000 ALTER TABLE `stock_adjustments` ENABLE KEYS */;
UNLOCK TABLES;

--
-- Table structure for table `suppliers`
--

DROP TABLE IF EXISTS `suppliers`;
/*!40101 SET @saved_cs_client     = @@character_set_client */;
/*!40101 SET character_set_client = utf8mb4 */;
CREATE TABLE `suppliers` (
  `supplier_id` int(11) NOT NULL AUTO_INCREMENT,
  `supplier_name` varchar(200) NOT NULL,
  `supplier_contact` varchar(100) DEFAULT NULL,
  `supplier_phone` varchar(20) DEFAULT NULL,
  `supplier_email` varchar(100) DEFAULT NULL,
  `supplier_address` text DEFAULT NULL,
  `supplier_city` varchar(100) DEFAULT NULL,
  `supplier_state` varchar(100) DEFAULT NULL,
  `supplier_zip` varchar(20) DEFAULT NULL,
  `supplier_country` varchar(100) DEFAULT NULL,
  `supplier_notes` text DEFAULT NULL,
  `supplier_created_at` datetime DEFAULT current_timestamp(),
  `supplier_updated_at` datetime DEFAULT current_timestamp() ON UPDATE current_timestamp(),
  `supplier_is_active` tinyint(1) DEFAULT 1,
  `created_at` timestamp NULL DEFAULT current_timestamp(),
  `updated_at` timestamp NULL DEFAULT current_timestamp() ON UPDATE current_timestamp(),
  PRIMARY KEY (`supplier_id`)
) ENGINE=InnoDB AUTO_INCREMENT=30 DEFAULT CHARSET=utf8mb4 COLLATE=utf8mb4_general_ci;
/*!40101 SET character_set_client = @saved_cs_client */;

--
-- Dumping data for table `suppliers`
--

LOCK TABLES `suppliers` WRITE;
/*!40000 ALTER TABLE `suppliers` DISABLE KEYS */;
INSERT INTO `suppliers` VALUES
(1,'MediSupply Co.','John Smith','+1-555-0101','john@medisupply.com',NULL,NULL,NULL,NULL,NULL,NULL,'2025-11-07 18:59:41','2025-11-07 18:59:46',1,'2025-11-07 03:45:47','2025-11-07 03:45:47'),
(2,'PharmaDistributors Inc.','Sarah Johnson','+1-555-0102','sarah@pharmadist.com',NULL,NULL,NULL,NULL,NULL,NULL,'2025-11-07 18:59:41','2025-11-07 18:59:46',1,'2025-11-07 03:45:47','2025-11-07 03:45:47'),
(3,'Surgical Solutions Ltd.','Mike Wilson','+1-555-0103','mike@surgicalsolutions.com',NULL,NULL,NULL,NULL,NULL,NULL,'2025-11-07 18:59:41','2025-11-07 18:59:46',1,'2025-11-07 03:45:47','2025-11-07 03:45:47'),
(4,'LabTech Supplies','Emily Brown','+1-555-0104','emily@labtech.com',NULL,NULL,NULL,NULL,NULL,NULL,'2025-11-07 18:59:41','2025-11-07 18:59:46',1,'2025-11-07 03:45:47','2025-11-07 03:45:47'),
(5,'MEDZ','KIBA','798530739','MEDS@GMAIL.COM','','','','','','','2025-11-07 18:59:52','2025-11-07 18:59:52',1,'2025-11-07 15:59:52','2025-11-07 15:59:52'),
(6,'MediSupply Co.','John Smith','+1-555-0101','john@medisupply.com',NULL,NULL,NULL,NULL,NULL,NULL,'2025-11-17 11:03:57','2025-11-17 11:03:57',1,'2025-11-17 08:03:57','2025-11-17 08:03:57'),
(7,'PharmaDistributors','Sarah Johnson','+1-555-0102','sarah@pharmadist.com',NULL,NULL,NULL,NULL,NULL,NULL,'2025-11-17 11:03:57','2025-11-17 11:03:57',1,'2025-11-17 08:03:57','2025-11-17 08:03:57'),
(8,'LabEquip Inc.','Mike Davis','+1-555-0103','mike@labeqp.com',NULL,NULL,NULL,NULL,NULL,NULL,'2025-11-17 11:03:57','2025-11-17 11:03:57',1,'2025-11-17 08:03:57','2025-11-17 08:03:57'),
(9,'Surgical Solutions','Dr. Emily Wilson','+1-555-0104','emily@surgicalsoln.com',NULL,NULL,NULL,NULL,NULL,NULL,'2025-11-17 11:03:57','2025-11-17 11:03:57',1,'2025-11-17 08:03:57','2025-11-17 08:03:57'),
(10,'MediSupply Co.','John Smith','+1-555-0101','john@medisupply.com',NULL,NULL,NULL,NULL,NULL,NULL,'2025-11-17 11:04:02','2025-11-17 11:04:02',1,'2025-11-17 08:04:02','2025-11-17 08:04:02'),
(11,'PharmaDistributors','Sarah Johnson','+1-555-0102','sarah@pharmadist.com',NULL,NULL,NULL,NULL,NULL,NULL,'2025-11-17 11:04:02','2025-11-17 11:04:02',1,'2025-11-17 08:04:02','2025-11-17 08:04:02'),
(12,'LabEquip Inc.','Mike Davis','+1-555-0103','mike@labeqp.com',NULL,NULL,NULL,NULL,NULL,NULL,'2025-11-17 11:04:02','2025-11-17 11:04:02',1,'2025-11-17 08:04:02','2025-11-17 08:04:02'),
(13,'Surgical Solutions','Dr. Emily Wilson','+1-555-0104','emily@surgicalsoln.com',NULL,NULL,NULL,NULL,NULL,NULL,'2025-11-17 11:04:02','2025-11-17 11:04:02',1,'2025-11-17 08:04:02','2025-11-17 08:04:02'),
(14,'Dell Technologies','John Smith','(555) 123-4567','sales@dell.com','1 Dell Way','Round Rock','TX','78682','USA','Preferred vendor for laptops','2025-12-13 21:30:20','2025-12-13 21:30:20',1,'2025-12-13 18:30:20','2025-12-13 18:30:20'),
(15,'HP Inc.','Sarah Johnson','(555) 234-5678','corporate@hp.com','1501 Page Mill Rd','Palo Alto','CA','94304','USA','Printer and laptop supplier','2025-12-13 21:30:20','2025-12-13 21:30:20',1,'2025-12-13 18:30:20','2025-12-13 18:30:20'),
(16,'Apple Inc.','Michael Chen','(555) 345-6789','business@apple.com','1 Apple Park Way','Cupertino','CA','95014','USA','Mac and iPhone supplier','2025-12-13 21:30:20','2025-12-13 21:30:20',1,'2025-12-13 18:30:20','2025-12-13 18:30:20'),
(17,'Samsung Electronics','Kim Lee','(555) 456-7890','b2b@samsung.com','85 Challenger Rd','Ridgefield Park','NJ','07660','USA','TV and display supplier','2025-12-13 21:30:20','2025-12-13 21:30:20',1,'2025-12-13 18:30:20','2025-12-13 18:30:20'),
(18,'Herman Miller','Robert Davis','(555) 567-8901','corporate@hermanmiller.com','855 E Main Ave','Zeeland','MI','49464','USA','Office furniture supplier','2025-12-13 21:30:20','2025-12-13 21:30:20',1,'2025-12-13 18:30:20','2025-12-13 18:30:20'),
(19,'Ford Motor Company','David Wilson','(555) 678-9012','fleet@ford.com','1 American Rd','Dearborn','MI','48126','USA','Vehicle supplier','2025-12-13 21:30:20','2025-12-13 21:30:20',1,'2025-12-13 18:30:20','2025-12-13 18:30:20'),
(20,'Toyota Motor','Kenji Tanaka','(555) 789-0123','fleet@toyota.com','19001 S Western Ave','Torrance','CA','90509','USA','Vehicle supplier','2025-12-13 21:30:20','2025-12-13 21:30:20',1,'2025-12-13 18:30:20','2025-12-13 18:30:20'),
(21,'APC by Schneider','Lisa Rodriguez','(555) 890-1234','sales@apc.com','132 Fairgrounds Rd','West Kingston','RI','02892','USA','UPS and rack supplier','2025-12-13 21:30:20','2025-12-13 21:30:20',1,'2025-12-13 18:30:20','2025-12-13 18:30:20'),
(22,'Dell Technologies','John Smith','(555) 123-4567','sales@dell.com','1 Dell Way','Round Rock','TX','78682','USA','Preferred vendor for laptops','2025-12-13 21:32:20','2025-12-13 21:32:20',1,'2025-12-13 18:32:20','2025-12-13 18:32:20'),
(23,'HP Inc.','Sarah Johnson','(555) 234-5678','corporate@hp.com','1501 Page Mill Rd','Palo Alto','CA','94304','USA','Printer and laptop supplier','2025-12-13 21:32:20','2025-12-13 21:32:20',1,'2025-12-13 18:32:20','2025-12-13 18:32:20'),
(24,'Apple Inc.','Michael Chen','(555) 345-6789','business@apple.com','1 Apple Park Way','Cupertino','CA','95014','USA','Mac and iPhone supplier','2025-12-13 21:32:20','2025-12-13 21:32:20',1,'2025-12-13 18:32:20','2025-12-13 18:32:20'),
(25,'Samsung Electronics','Kim Lee','(555) 456-7890','b2b@samsung.com','85 Challenger Rd','Ridgefield Park','NJ','07660','USA','TV and display supplier','2025-12-13 21:32:20','2025-12-13 21:32:20',1,'2025-12-13 18:32:20','2025-12-13 18:32:20'),
(26,'Herman Miller','Robert Davis','(555) 567-8901','corporate@hermanmiller.com','855 E Main Ave','Zeeland','MI','49464','USA','Office furniture supplier','2025-12-13 21:32:20','2025-12-13 21:32:20',1,'2025-12-13 18:32:20','2025-12-13 18:32:20'),
(27,'Ford Motor Company','David Wilson','(555) 678-9012','fleet@ford.com','1 American Rd','Dearborn','MI','48126','USA','Vehicle supplier','2025-12-13 21:32:20','2025-12-13 21:32:20',1,'2025-12-13 18:32:20','2025-12-13 18:32:20'),
(28,'Toyota Motor','Kenji Tanaka','(555) 789-0123','fleet@toyota.com','19001 S Western Ave','Torrance','CA','90509','USA','Vehicle supplier','2025-12-13 21:32:20','2025-12-13 21:32:20',1,'2025-12-13 18:32:20','2025-12-13 18:32:20'),
(29,'APC by Schneider','Lisa Rodriguez','(555) 890-1234','sales@apc.com','132 Fairgrounds Rd','West Kingston','RI','02892','USA','UPS and rack supplier','2025-12-13 21:32:20','2025-12-13 21:32:20',1,'2025-12-13 18:32:20','2025-12-13 18:32:20');
/*!40000 ALTER TABLE `suppliers` ENABLE KEYS */;
UNLOCK TABLES;

--
-- Table structure for table `surgeons`
--

DROP TABLE IF EXISTS `surgeons`;
/*!40101 SET @saved_cs_client     = @@character_set_client */;
/*!40101 SET character_set_client = utf8mb4 */;
CREATE TABLE `surgeons` (
  `surgeon_id` int(11) NOT NULL AUTO_INCREMENT,
  `employee_id` varchar(20) DEFAULT NULL,
  `first_name` varchar(50) NOT NULL,
  `last_name` varchar(50) NOT NULL,
  `specialization` varchar(100) DEFAULT NULL,
  `qualification` text DEFAULT NULL,
  `license_number` varchar(50) DEFAULT NULL,
  `contact_number` varchar(20) DEFAULT NULL,
  `email` varchar(100) DEFAULT NULL,
  `department` varchar(50) DEFAULT NULL,
  `is_active` tinyint(1) DEFAULT 1,
  `available_from` time DEFAULT '08:00:00',
  `available_to` time DEFAULT '18:00:00',
  `preferred_theatres` text DEFAULT NULL,
  `created_at` timestamp NULL DEFAULT current_timestamp(),
  `updated_at` timestamp NULL DEFAULT current_timestamp() ON UPDATE current_timestamp(),
  `archived_at` timestamp NULL DEFAULT NULL,
  PRIMARY KEY (`surgeon_id`),
  UNIQUE KEY `employee_id` (`employee_id`),
  KEY `idx_full_name` (`first_name`,`last_name`),
  KEY `idx_specialization` (`specialization`),
  KEY `idx_is_active` (`is_active`)
) ENGINE=InnoDB DEFAULT CHARSET=utf8mb4 COLLATE=utf8mb4_general_ci;
/*!40101 SET character_set_client = @saved_cs_client */;

--
-- Dumping data for table `surgeons`
--

LOCK TABLES `surgeons` WRITE;
/*!40000 ALTER TABLE `surgeons` DISABLE KEYS */;
/*!40000 ALTER TABLE `surgeons` ENABLE KEYS */;
UNLOCK TABLES;

--
-- Table structure for table `surgeries`
--

DROP TABLE IF EXISTS `surgeries`;
/*!40101 SET @saved_cs_client     = @@character_set_client */;
/*!40101 SET character_set_client = utf8mb4 */;
CREATE TABLE `surgeries` (
  `surgery_id` int(11) NOT NULL AUTO_INCREMENT,
  `visit_id` int(11) DEFAULT NULL,
  `surgery_number` varchar(20) NOT NULL,
  `patient_id` int(11) NOT NULL,
  `theatre_id` int(11) NOT NULL,
  `primary_surgeon_id` int(11) NOT NULL,
  `surgery_type_id` int(11) DEFAULT NULL,
  `medical_service_id` int(11) DEFAULT NULL,
  `scheduled_date` date NOT NULL,
  `scheduled_time` time NOT NULL,
  `estimated_duration_minutes` int(11) DEFAULT 60,
  `actual_start_time` datetime DEFAULT NULL,
  `actual_end_time` datetime DEFAULT NULL,
  `status` enum('scheduled','confirmed','in_progress','completed','cancelled','postponed') DEFAULT 'scheduled',
  `priority` varchar(50) DEFAULT NULL,
  `diagnosis` text DEFAULT NULL,
  `procedure_notes` text DEFAULT NULL,
  `complications` text DEFAULT NULL,
  `outcome` enum('successful','partial_success','unsuccessful','complications') DEFAULT NULL,
  `anesthesia_type` varchar(50) DEFAULT NULL,
  `required_equipment` text DEFAULT NULL,
  `assistant_surgeons` text DEFAULT NULL,
  `nursing_staff` text DEFAULT NULL,
  `pre_op_instructions` text DEFAULT NULL,
  `post_op_instructions` text DEFAULT NULL,
  `created_at` timestamp NULL DEFAULT current_timestamp(),
  `updated_at` timestamp NULL DEFAULT current_timestamp() ON UPDATE current_timestamp(),
  `created_by` int(11) DEFAULT NULL,
  `archived_at` timestamp NULL DEFAULT NULL,
  `service_order_id` int(11) DEFAULT NULL,
  `confirmed_at` datetime DEFAULT NULL,
  `confirmed_by` int(11) DEFAULT NULL,
  `billed` tinyint(1) DEFAULT 0,
  `billed_date` datetime DEFAULT NULL,
  PRIMARY KEY (`surgery_id`),
  UNIQUE KEY `surgery_number` (`surgery_number`),
  KEY `surgery_type_id` (`surgery_type_id`),
  KEY `idx_surgery_number` (`surgery_number`),
  KEY `idx_scheduled_date` (`scheduled_date`),
  KEY `idx_status` (`status`),
  KEY `idx_patient_id` (`patient_id`),
  KEY `idx_surgeon_id` (`primary_surgeon_id`),
  KEY `idx_theatre_id` (`theatre_id`),
  KEY `fk_surgeries_medical_service` (`medical_service_id`)
) ENGINE=InnoDB AUTO_INCREMENT=73 DEFAULT CHARSET=utf8mb4 COLLATE=utf8mb4_general_ci;
/*!40101 SET character_set_client = @saved_cs_client */;

--
-- Dumping data for table `surgeries`
--

LOCK TABLES `surgeries` WRITE;
/*!40000 ALTER TABLE `surgeries` DISABLE KEYS */;
INSERT INTO `surgeries` VALUES
(56,NULL,'SURG20251301',13,1,1,3,NULL,'2025-11-10','08:00:00',90,NULL,NULL,'scheduled','routine','Appendicitis',NULL,NULL,NULL,'General',NULL,NULL,NULL,NULL,NULL,'2025-11-06 17:22:07','2025-11-06 17:22:07',1,NULL,NULL,NULL,NULL,0,NULL),
(57,NULL,'SURG20251302',13,2,2,2,NULL,'2025-11-11','09:30:00',120,NULL,NULL,'confirmed','urgent','Gallstones',NULL,NULL,NULL,'Regional',NULL,NULL,NULL,NULL,NULL,'2025-11-06 17:22:07','2025-11-06 17:22:07',2,NULL,NULL,NULL,NULL,0,NULL),
(58,NULL,'SURG20251303',13,1,1,5,NULL,'2025-11-12','11:00:00',60,NULL,NULL,'scheduled','routine','Hernia Repair',NULL,NULL,NULL,'Local',NULL,NULL,NULL,NULL,NULL,'2025-11-06 17:22:07','2025-11-06 17:22:07',1,NULL,NULL,NULL,NULL,0,NULL),
(59,NULL,'SURG20251304',13,3,2,1,NULL,'2025-11-13','13:00:00',180,NULL,NULL,'scheduled','emergency','Trauma Surgery',NULL,NULL,NULL,'General',NULL,NULL,NULL,NULL,NULL,'2025-11-06 17:22:07','2025-11-06 17:22:07',2,NULL,NULL,NULL,NULL,0,NULL),
(60,NULL,'SURG20251305',13,2,1,4,NULL,'2025-11-14','07:45:00',45,NULL,NULL,'postponed','routine','Cataract Removal',NULL,NULL,NULL,'Local',NULL,NULL,NULL,NULL,NULL,'2025-11-06 17:22:07','2025-11-06 17:22:07',1,NULL,NULL,NULL,NULL,0,NULL),
(61,NULL,'SURG20251306',13,3,2,2,NULL,'2025-11-15','10:30:00',150,NULL,NULL,'confirmed','urgent','Gallbladder Removal',NULL,NULL,NULL,'General',NULL,NULL,NULL,NULL,NULL,'2025-11-06 17:22:07','2025-11-06 17:22:07',2,NULL,NULL,NULL,NULL,0,NULL),
(62,NULL,'SURG20251307',13,1,1,3,NULL,'2025-11-16','08:15:00',75,NULL,NULL,'scheduled','routine','Tonsillectomy',NULL,NULL,NULL,'General',NULL,NULL,NULL,NULL,NULL,'2025-11-06 17:22:07','2025-11-06 17:22:07',1,NULL,NULL,NULL,NULL,0,NULL),
(63,NULL,'SURG20251308',13,2,2,1,NULL,'2025-11-17','14:00:00',200,NULL,NULL,'in_progress','emergency','Open Heart Surgery',NULL,NULL,NULL,'General',NULL,NULL,NULL,NULL,NULL,'2025-11-06 17:22:07','2025-11-06 17:22:07',2,NULL,NULL,NULL,NULL,0,NULL),
(64,NULL,'SURG20251309',13,3,1,4,NULL,'2025-11-18','09:00:00',30,NULL,NULL,'cancelled','routine','Skin Lesion Removal',NULL,NULL,NULL,'Local',NULL,NULL,NULL,NULL,NULL,'2025-11-06 17:22:07','2025-11-06 17:22:07',1,NULL,NULL,NULL,NULL,0,NULL),
(65,NULL,'SURG20251310',13,1,2,5,NULL,'2025-11-19','07:30:00',60,NULL,NULL,'scheduled','routine','Carpal Tunnel Release',NULL,NULL,NULL,'Regional',NULL,NULL,NULL,NULL,NULL,'2025-11-06 17:22:07','2025-11-06 17:22:07',2,NULL,NULL,NULL,NULL,0,NULL),
(66,1,'SURG-20251114-133942',2,1,1,1,NULL,'2025-11-15','21:00:00',45,NULL,NULL,'scheduled','routine','test','test',NULL,NULL,'general','test',NULL,NULL,'test','test','2025-11-14 10:39:42','2025-11-14 10:45:21',1,NULL,NULL,NULL,NULL,0,NULL),
(67,3,'SURG-20251116-130130',3,3,1,1,NULL,'2025-11-19','09:00:00',45,NULL,NULL,'scheduled','urgent','','0',NULL,NULL,'general','',NULL,NULL,'','','2025-11-16 10:01:30','2025-11-16 10:01:30',1,NULL,NULL,NULL,NULL,0,NULL),
(68,4,'SURG-20251121-212940',4,3,1,1,NULL,'2025-11-28','09:00:00',45,NULL,NULL,'scheduled','routine','','0',NULL,NULL,'regional','',NULL,NULL,'','','2025-11-21 18:29:40','2025-11-21 18:29:40',1,NULL,NULL,NULL,NULL,0,NULL),
(69,8,'SURG-20251205-152648',1,2,2,6,NULL,'2025-12-15','09:00:00',180,NULL,NULL,'scheduled','routine','','0',NULL,NULL,'general','',NULL,NULL,'','','2025-12-05 12:26:48','2025-12-05 12:26:48',1,NULL,NULL,NULL,NULL,0,NULL),
(70,NULL,'SURG-20251212-231306',1,3,1,NULL,7,'2025-12-31','07:06:00',60,NULL,NULL,'confirmed','emergency','','',NULL,NULL,'regional','',NULL,NULL,'','','2025-12-12 20:13:06','2025-12-12 20:34:08',1,NULL,12,'2025-12-12 23:34:08',1,0,NULL),
(71,7,'SURG-20251218-215410',7,5,1,NULL,7,'2025-12-26','09:00:00',60,NULL,NULL,'confirmed','0',NULL,NULL,NULL,NULL,NULL,NULL,NULL,NULL,NULL,NULL,'2025-12-18 18:54:10','2025-12-18 18:57:49',1,NULL,18,'2025-12-18 21:57:49',1,0,NULL),
(72,5,'SURG-20251220-081048',5,5,1,NULL,4,'2025-12-31','09:00:00',50,NULL,NULL,'scheduled','0',NULL,NULL,NULL,NULL,NULL,NULL,NULL,NULL,NULL,NULL,'2025-12-20 05:10:48','2025-12-20 05:10:48',1,NULL,NULL,NULL,NULL,0,NULL);
/*!40000 ALTER TABLE `surgeries` ENABLE KEYS */;
UNLOCK TABLES;

--
-- Table structure for table `surgery_bill_items`
--

DROP TABLE IF EXISTS `surgery_bill_items`;
/*!40101 SET @saved_cs_client     = @@character_set_client */;
/*!40101 SET character_set_client = utf8mb4 */;
CREATE TABLE `surgery_bill_items` (
  `item_id` int(11) NOT NULL AUTO_INCREMENT,
  `bill_id` int(11) NOT NULL,
  `item_type` enum('service','inventory','custom') NOT NULL,
  `medical_service_id` int(11) DEFAULT NULL,
  `inventory_item_id` int(11) DEFAULT NULL,
  `item_description` varchar(500) DEFAULT NULL,
  `quantity` int(11) NOT NULL DEFAULT 1,
  `unit_price` decimal(10,2) NOT NULL DEFAULT 0.00,
  `description` text DEFAULT NULL,
  `created_by` int(11) DEFAULT NULL,
  `created_at` timestamp NULL DEFAULT current_timestamp(),
  `updated_at` datetime DEFAULT NULL,
  `updated_by` int(11) DEFAULT NULL,
  PRIMARY KEY (`item_id`),
  KEY `bill_id` (`bill_id`),
  KEY `medical_service_id` (`medical_service_id`),
  KEY `inventory_item_id` (`inventory_item_id`),
  KEY `created_by` (`created_by`),
  KEY `updated_by` (`updated_by`)
) ENGINE=InnoDB DEFAULT CHARSET=utf8mb4 COLLATE=utf8mb4_unicode_ci;
/*!40101 SET character_set_client = @saved_cs_client */;

--
-- Dumping data for table `surgery_bill_items`
--

LOCK TABLES `surgery_bill_items` WRITE;
/*!40000 ALTER TABLE `surgery_bill_items` DISABLE KEYS */;
/*!40000 ALTER TABLE `surgery_bill_items` ENABLE KEYS */;
UNLOCK TABLES;

--
-- Table structure for table `surgery_bills`
--

DROP TABLE IF EXISTS `surgery_bills`;
/*!40101 SET @saved_cs_client     = @@character_set_client */;
/*!40101 SET character_set_client = utf8mb4 */;
CREATE TABLE `surgery_bills` (
  `bill_id` int(11) NOT NULL AUTO_INCREMENT,
  `surgery_id` int(11) NOT NULL,
  `bill_date` date NOT NULL,
  `due_date` date NOT NULL,
  `subtotal` decimal(10,2) DEFAULT 0.00,
  `discount_percent` decimal(5,2) DEFAULT 0.00,
  `discount_amount` decimal(10,2) DEFAULT 0.00,
  `tax_rate` decimal(5,2) DEFAULT 0.00,
  `tax_amount` decimal(10,2) DEFAULT 0.00,
  `grand_total` decimal(10,2) DEFAULT 0.00,
  `status` enum('draft','finalized','cancelled') DEFAULT 'draft',
  `notes` text DEFAULT NULL,
  `payment_terms` varchar(50) DEFAULT NULL,
  `created_by` int(11) DEFAULT NULL,
  `created_at` timestamp NULL DEFAULT current_timestamp(),
  `finalized_by` int(11) DEFAULT NULL,
  `finalized_at` datetime DEFAULT NULL,
  `updated_at` datetime DEFAULT NULL,
  `invoiced` tinyint(1) DEFAULT 0,
  `invoice_number` varchar(50) DEFAULT NULL,
  `invoice_date` date DEFAULT NULL,
  PRIMARY KEY (`bill_id`),
  KEY `surgery_id` (`surgery_id`),
  KEY `created_by` (`created_by`),
  KEY `finalized_by` (`finalized_by`)
) ENGINE=InnoDB DEFAULT CHARSET=utf8mb4 COLLATE=utf8mb4_unicode_ci;
/*!40101 SET character_set_client = @saved_cs_client */;

--
-- Dumping data for table `surgery_bills`
--

LOCK TABLES `surgery_bills` WRITE;
/*!40000 ALTER TABLE `surgery_bills` DISABLE KEYS */;
/*!40000 ALTER TABLE `surgery_bills` ENABLE KEYS */;
UNLOCK TABLES;

--
-- Table structure for table `surgery_complications`
--

DROP TABLE IF EXISTS `surgery_complications`;
/*!40101 SET @saved_cs_client     = @@character_set_client */;
/*!40101 SET character_set_client = utf8mb4 */;
CREATE TABLE `surgery_complications` (
  `complication_id` int(11) NOT NULL AUTO_INCREMENT,
  `surgery_id` int(11) NOT NULL,
  `complication_type` varchar(100) DEFAULT NULL,
  `severity` enum('minor','moderate','severe','critical') DEFAULT 'minor',
  `description` text DEFAULT NULL,
  `action_taken` text DEFAULT NULL,
  `outcome` text DEFAULT NULL,
  `reported_by` int(11) DEFAULT NULL,
  `reported_date` timestamp NULL DEFAULT current_timestamp(),
  `resolved_date` timestamp NULL DEFAULT NULL,
  `status` enum('active','resolved','monitoring') DEFAULT 'active',
  PRIMARY KEY (`complication_id`),
  KEY `idx_surgery_id` (`surgery_id`),
  KEY `idx_severity` (`severity`),
  KEY `idx_status` (`status`)
) ENGINE=InnoDB DEFAULT CHARSET=utf8mb4 COLLATE=utf8mb4_general_ci;
/*!40101 SET character_set_client = @saved_cs_client */;

--
-- Dumping data for table `surgery_complications`
--

LOCK TABLES `surgery_complications` WRITE;
/*!40000 ALTER TABLE `surgery_complications` DISABLE KEYS */;
/*!40000 ALTER TABLE `surgery_complications` ENABLE KEYS */;
UNLOCK TABLES;

--
-- Table structure for table `surgery_documents`
--

DROP TABLE IF EXISTS `surgery_documents`;
/*!40101 SET @saved_cs_client     = @@character_set_client */;
/*!40101 SET character_set_client = utf8mb4 */;
CREATE TABLE `surgery_documents` (
  `document_id` int(11) NOT NULL AUTO_INCREMENT,
  `surgery_id` int(11) NOT NULL,
  `document_type` enum('consent_form','pre_op_checklist','post_op_notes','surgical_notes','lab_report','imaging','other') DEFAULT 'other',
  `document_name` varchar(255) NOT NULL,
  `file_path` varchar(500) DEFAULT NULL,
  `file_size` int(11) DEFAULT NULL,
  `uploaded_by` int(11) DEFAULT NULL,
  `uploaded_at` timestamp NULL DEFAULT current_timestamp(),
  `description` text DEFAULT NULL,
  PRIMARY KEY (`document_id`),
  KEY `idx_surgery_id` (`surgery_id`),
  KEY `idx_document_type` (`document_type`)
) ENGINE=InnoDB DEFAULT CHARSET=utf8mb4 COLLATE=utf8mb4_general_ci;
/*!40101 SET character_set_client = @saved_cs_client */;

--
-- Dumping data for table `surgery_documents`
--

LOCK TABLES `surgery_documents` WRITE;
/*!40000 ALTER TABLE `surgery_documents` DISABLE KEYS */;
/*!40000 ALTER TABLE `surgery_documents` ENABLE KEYS */;
UNLOCK TABLES;

--
-- Table structure for table `surgery_equipment_usage`
--

DROP TABLE IF EXISTS `surgery_equipment_usage`;
/*!40101 SET @saved_cs_client     = @@character_set_client */;
/*!40101 SET character_set_client = utf8mb4 */;
CREATE TABLE `surgery_equipment_usage` (
  `usage_id` int(11) NOT NULL AUTO_INCREMENT,
  `surgery_id` int(11) NOT NULL,
  `equipment_id` int(11) NOT NULL,
  `usage_start_time` datetime DEFAULT NULL,
  `usage_end_time` datetime DEFAULT NULL,
  `condition_before` enum('excellent','good','fair','poor') DEFAULT 'good',
  `condition_after` enum('excellent','good','fair','poor') DEFAULT 'good',
  `notes` text DEFAULT NULL,
  `created_at` timestamp NULL DEFAULT current_timestamp(),
  PRIMARY KEY (`usage_id`),
  KEY `idx_surgery_id` (`surgery_id`),
  KEY `idx_equipment_id` (`equipment_id`)
) ENGINE=InnoDB DEFAULT CHARSET=utf8mb4 COLLATE=utf8mb4_general_ci;
/*!40101 SET character_set_client = @saved_cs_client */;

--
-- Dumping data for table `surgery_equipment_usage`
--

LOCK TABLES `surgery_equipment_usage` WRITE;
/*!40000 ALTER TABLE `surgery_equipment_usage` DISABLE KEYS */;
/*!40000 ALTER TABLE `surgery_equipment_usage` ENABLE KEYS */;
UNLOCK TABLES;

--
-- Table structure for table `surgery_inventory_usage`
--

DROP TABLE IF EXISTS `surgery_inventory_usage`;
/*!40101 SET @saved_cs_client     = @@character_set_client */;
/*!40101 SET character_set_client = utf8mb4 */;
CREATE TABLE `surgery_inventory_usage` (
  `usage_id` int(11) NOT NULL AUTO_INCREMENT,
  `surgery_id` int(11) NOT NULL,
  `item_id` int(11) NOT NULL,
  `quantity_used` int(11) NOT NULL DEFAULT 1,
  `batch_number` varchar(100) DEFAULT NULL,
  `expiry_date` date DEFAULT NULL,
  `cost` decimal(10,2) DEFAULT NULL,
  `notes` text DEFAULT NULL,
  `created_at` timestamp NULL DEFAULT current_timestamp(),
  `billed` tinyint(1) DEFAULT 0,
  `billed_date` datetime DEFAULT NULL,
  `billed_by` int(11) DEFAULT NULL,
  PRIMARY KEY (`usage_id`),
  KEY `idx_surgery_id` (`surgery_id`),
  KEY `idx_item_id` (`item_id`),
  KEY `billed_by` (`billed_by`)
) ENGINE=InnoDB DEFAULT CHARSET=utf8mb4 COLLATE=utf8mb4_general_ci;
/*!40101 SET character_set_client = @saved_cs_client */;

--
-- Dumping data for table `surgery_inventory_usage`
--

LOCK TABLES `surgery_inventory_usage` WRITE;
/*!40000 ALTER TABLE `surgery_inventory_usage` DISABLE KEYS */;
/*!40000 ALTER TABLE `surgery_inventory_usage` ENABLE KEYS */;
UNLOCK TABLES;

--
-- Table structure for table `surgery_payments`
--

DROP TABLE IF EXISTS `surgery_payments`;
/*!40101 SET @saved_cs_client     = @@character_set_client */;
/*!40101 SET character_set_client = utf8mb4 */;
CREATE TABLE `surgery_payments` (
  `payment_id` int(11) NOT NULL AUTO_INCREMENT,
  `bill_id` int(11) NOT NULL,
  `payment_date` date NOT NULL,
  `amount` decimal(10,2) NOT NULL,
  `payment_method` enum('cash','card','cheque','insurance','online','other') NOT NULL,
  `reference_number` varchar(100) DEFAULT NULL,
  `notes` text DEFAULT NULL,
  `status` enum('pending','completed','cancelled','refunded') DEFAULT 'completed',
  `created_by` int(11) DEFAULT NULL,
  `created_at` timestamp NULL DEFAULT current_timestamp(),
  PRIMARY KEY (`payment_id`),
  KEY `bill_id` (`bill_id`),
  KEY `created_by` (`created_by`)
) ENGINE=InnoDB DEFAULT CHARSET=utf8mb4 COLLATE=utf8mb4_unicode_ci;
/*!40101 SET character_set_client = @saved_cs_client */;

--
-- Dumping data for table `surgery_payments`
--

LOCK TABLES `surgery_payments` WRITE;
/*!40000 ALTER TABLE `surgery_payments` DISABLE KEYS */;
/*!40000 ALTER TABLE `surgery_payments` ENABLE KEYS */;
UNLOCK TABLES;

--
-- Table structure for table `surgery_team`
--

DROP TABLE IF EXISTS `surgery_team`;
/*!40101 SET @saved_cs_client     = @@character_set_client */;
/*!40101 SET character_set_client = utf8mb4 */;
CREATE TABLE `surgery_team` (
  `team_id` int(11) NOT NULL AUTO_INCREMENT,
  `surgery_id` int(11) NOT NULL,
  `staff_id` int(11) NOT NULL,
  `staff_role` enum('assistant_surgeon','anesthetist','nurse','technician','circulator','scrub') NOT NULL,
  `role_description` varchar(100) DEFAULT NULL,
  `start_time` datetime DEFAULT NULL,
  `end_time` datetime DEFAULT NULL,
  `notes` text DEFAULT NULL,
  `created_at` timestamp NULL DEFAULT current_timestamp(),
  PRIMARY KEY (`team_id`),
  KEY `idx_surgery_id` (`surgery_id`),
  KEY `idx_staff_id` (`staff_id`),
  KEY `idx_role` (`staff_role`)
) ENGINE=InnoDB DEFAULT CHARSET=utf8mb4 COLLATE=utf8mb4_general_ci;
/*!40101 SET character_set_client = @saved_cs_client */;

--
-- Dumping data for table `surgery_team`
--

LOCK TABLES `surgery_team` WRITE;
/*!40000 ALTER TABLE `surgery_team` DISABLE KEYS */;
/*!40000 ALTER TABLE `surgery_team` ENABLE KEYS */;
UNLOCK TABLES;

--
-- Table structure for table `surgery_types`
--

DROP TABLE IF EXISTS `surgery_types`;
/*!40101 SET @saved_cs_client     = @@character_set_client */;
/*!40101 SET character_set_client = utf8mb4 */;
CREATE TABLE `surgery_types` (
  `type_id` int(11) NOT NULL AUTO_INCREMENT,
  `type_name` varchar(100) NOT NULL,
  `type_code` varchar(20) DEFAULT NULL,
  `category` varchar(50) DEFAULT NULL,
  `description` text DEFAULT NULL,
  `average_duration_minutes` int(11) DEFAULT 60,
  `complexity` enum('low','medium','high','critical') DEFAULT 'medium',
  `required_equipment` text DEFAULT NULL,
  `is_active` tinyint(1) DEFAULT 1,
  `created_at` timestamp NULL DEFAULT current_timestamp(),
  `updated_at` timestamp NULL DEFAULT current_timestamp() ON UPDATE current_timestamp(),
  `archived_at` timestamp NULL DEFAULT NULL,
  PRIMARY KEY (`type_id`),
  UNIQUE KEY `type_name` (`type_name`),
  UNIQUE KEY `type_code` (`type_code`),
  KEY `idx_type_name` (`type_name`),
  KEY `idx_category` (`category`),
  KEY `idx_complexity` (`complexity`)
) ENGINE=InnoDB AUTO_INCREMENT=9 DEFAULT CHARSET=utf8mb4 COLLATE=utf8mb4_general_ci;
/*!40101 SET character_set_client = @saved_cs_client */;

--
-- Dumping data for table `surgery_types`
--

LOCK TABLES `surgery_types` WRITE;
/*!40000 ALTER TABLE `surgery_types` DISABLE KEYS */;
INSERT INTO `surgery_types` VALUES
(1,'Appendectomy','APP01','General',NULL,45,'medium',NULL,1,'2025-11-06 04:41:33','2025-11-06 04:41:33',NULL),
(2,'Cholecystectomy','CHOL01','General',NULL,90,'medium',NULL,1,'2025-11-06 04:41:33','2025-11-06 04:41:33',NULL),
(3,'Coronary Artery Bypass','CABG01','Cardiac',NULL,240,'critical',NULL,1,'2025-11-06 04:41:33','2025-11-06 04:41:33',NULL),
(4,'Total Knee Replacement','TKR01','Orthopedic',NULL,120,'high',NULL,1,'2025-11-06 04:41:33','2025-11-06 04:41:33',NULL),
(5,'Cataract Surgery','CAT01','Ophthalmology',NULL,30,'low',NULL,1,'2025-11-06 04:41:33','2025-11-06 04:41:33',NULL),
(6,'Spinal Fusion','SPINE01','Neuro',NULL,180,'high',NULL,1,'2025-11-06 04:41:33','2025-11-06 04:41:33',NULL),
(7,'Prostatectomy','PROS01','Urology',NULL,150,'high',NULL,1,'2025-11-06 04:41:33','2025-11-06 04:41:33',NULL),
(8,'Hysterectomy','HYST01','Gynecology',NULL,120,'medium',NULL,1,'2025-11-06 04:41:33','2025-11-06 04:41:33',NULL);
/*!40000 ALTER TABLE `surgery_types` ENABLE KEYS */;
UNLOCK TABLES;

--
-- Table structure for table `surgical_activities`
--

DROP TABLE IF EXISTS `surgical_activities`;
/*!40101 SET @saved_cs_client     = @@character_set_client */;
/*!40101 SET character_set_client = utf8mb4 */;
CREATE TABLE `surgical_activities` (
  `activity_id` int(11) NOT NULL AUTO_INCREMENT,
  `case_id` int(11) NOT NULL,
  `activity_type` varchar(100) DEFAULT NULL,
  `activity_description` text DEFAULT NULL,
  `created_by` int(11) NOT NULL,
  `created_at` datetime DEFAULT current_timestamp(),
  PRIMARY KEY (`activity_id`),
  KEY `idx_case` (`case_id`),
  KEY `idx_activity_type` (`activity_type`),
  KEY `idx_created_at` (`created_at`),
  KEY `created_by` (`created_by`)
) ENGINE=InnoDB AUTO_INCREMENT=8 DEFAULT CHARSET=utf8mb4 COLLATE=utf8mb4_unicode_ci;
/*!40101 SET character_set_client = @saved_cs_client */;

--
-- Dumping data for table `surgical_activities`
--

LOCK TABLES `surgical_activities` WRITE;
/*!40000 ALTER TABLE `surgical_activities` DISABLE KEYS */;
INSERT INTO `surgical_activities` VALUES
(1,1,'case_created','Surgical case created via referral',1,'2025-12-27 22:34:32'),
(2,2,'case_created','Surgical case created via referral',1,'2025-12-28 08:45:00'),
(3,1,'rescheduled','Case rescheduled in OR',1,'2025-12-28 10:31:30'),
(4,2,'rescheduled','Case rescheduled in OR',1,'2025-12-28 10:34:21'),
(5,4,'case_created','Surgical case created via referral',1,'2025-12-29 14:52:11'),
(6,1,'case_created','Surgical case created via referral',1,'2026-01-20 14:54:57'),
(7,2,'case_created','Surgical case created via referral',1,'2026-01-20 21:32:59');
/*!40000 ALTER TABLE `surgical_activities` ENABLE KEYS */;
UNLOCK TABLES;

--
-- Table structure for table `surgical_assessments`
--

DROP TABLE IF EXISTS `surgical_assessments`;
/*!40101 SET @saved_cs_client     = @@character_set_client */;
/*!40101 SET character_set_client = utf8mb4 */;
CREATE TABLE `surgical_assessments` (
  `assessment_id` int(11) NOT NULL AUTO_INCREMENT,
  `visit_id` int(11) NOT NULL,
  `surgeon_id` int(11) NOT NULL,
  `assessment_date` datetime DEFAULT current_timestamp(),
  `previous_surgeries` text DEFAULT NULL,
  `surgical_complications_history` text DEFAULT NULL,
  `anesthesia_complications` text DEFAULT NULL,
  `asa_class` enum('1','2','3','4','5','6') NOT NULL,
  `surgical_risk` enum('Low','Medium','High','Very High') NOT NULL,
  `mallampati_score` enum('1','2','3','4') DEFAULT NULL,
  `airway_difficulty` text DEFAULT NULL,
  `airway_assessment` text DEFAULT NULL,
  `cardiovascular_risk` text DEFAULT NULL,
  `pulmonary_risk` text DEFAULT NULL,
  `renal_function` text DEFAULT NULL,
  `liver_function` text DEFAULT NULL,
  `coagulation_status` text DEFAULT NULL,
  `infection_risk` text DEFAULT NULL,
  `npo_since` datetime DEFAULT NULL,
  `npo_compliance` tinyint(1) DEFAULT 1,
  `anticoagulants` text DEFAULT NULL,
  `antiplatelets` text DEFAULT NULL,
  `diabetes_medications` text DEFAULT NULL,
  `steroid_use` text DEFAULT NULL,
  `other_medications` text DEFAULT NULL,
  `lab_results` text DEFAULT NULL,
  `imaging_results` text DEFAULT NULL,
  `ecg_findings` text DEFAULT NULL,
  `medical_clearance` text DEFAULT NULL,
  `clearance_physician` varchar(255) DEFAULT NULL,
  `clearance_date` datetime DEFAULT NULL,
  `assessment_summary` text DEFAULT NULL,
  `recommendations` text DEFAULT NULL,
  `is_cleared_for_surgery` tinyint(1) DEFAULT 0,
  `clearance_notes` text DEFAULT NULL,
  `assessed_by` int(11) DEFAULT NULL,
  `patient_id` int(11) DEFAULT NULL,
  PRIMARY KEY (`assessment_id`),
  KEY `idx_visit` (`visit_id`),
  KEY `idx_surgeon` (`surgeon_id`)
) ENGINE=InnoDB DEFAULT CHARSET=utf8mb4 COLLATE=utf8mb4_unicode_ci;
/*!40101 SET character_set_client = @saved_cs_client */;

--
-- Dumping data for table `surgical_assessments`
--

LOCK TABLES `surgical_assessments` WRITE;
/*!40000 ALTER TABLE `surgical_assessments` DISABLE KEYS */;
/*!40000 ALTER TABLE `surgical_assessments` ENABLE KEYS */;
UNLOCK TABLES;

--
-- Table structure for table `surgical_cases`
--

DROP TABLE IF EXISTS `surgical_cases`;
/*!40101 SET @saved_cs_client     = @@character_set_client */;
/*!40101 SET character_set_client = utf8mb4 */;
CREATE TABLE `surgical_cases` (
  `case_id` int(11) NOT NULL AUTO_INCREMENT,
  `case_number` varchar(50) NOT NULL,
  `visit_id` int(11) NOT NULL,
  `patient_id` int(11) NOT NULL,
  `referral_source` varchar(100) DEFAULT NULL,
  `surgical_urgency` enum('emergency','urgent','elective') NOT NULL,
  `asa_score` tinyint(4) DEFAULT NULL CHECK (`asa_score` between 1 and 5),
  `surgical_specialty` varchar(100) DEFAULT NULL,
  `pre_op_diagnosis` text DEFAULT NULL,
  `planned_procedure` text DEFAULT NULL,
  `estimated_duration_minutes` smallint(6) DEFAULT NULL,
  `primary_surgeon_id` int(11) DEFAULT NULL,
  `anesthetist_id` int(11) DEFAULT NULL,
  `referring_doctor_id` int(11) DEFAULT NULL,
  `presentation_date` date DEFAULT NULL,
  `decision_date` date DEFAULT NULL,
  `target_or_date` date DEFAULT NULL,
  `case_status` enum('referred','scheduled','in_or','completed','cancelled') DEFAULT 'referred',
  `created_by` int(11) NOT NULL,
  `created_at` datetime DEFAULT current_timestamp(),
  `updated_at` datetime DEFAULT current_timestamp() ON UPDATE current_timestamp(),
  `surgery_date` datetime DEFAULT NULL,
  `surgery_start_time` time DEFAULT NULL,
  `surgery_end_time` time DEFAULT NULL,
  `theater_id` int(11) DEFAULT NULL,
  `surgical_outcome` varchar(50) DEFAULT NULL,
  `pacu_entry_time` time DEFAULT NULL,
  `consent_signed` int(11) DEFAULT NULL,
  `labs_completed` int(11) DEFAULT NULL,
  `imaging_completed` int(11) DEFAULT NULL,
  `anes_clearance` int(11) DEFAULT NULL,
  `npo_confirmed` int(11) DEFAULT NULL,
  `case_order` int(11) DEFAULT NULL,
  `notes` text DEFAULT NULL,
  `updated_by` int(11) DEFAULT NULL,
  `completed_at` datetime DEFAULT NULL,
  PRIMARY KEY (`case_id`),
  UNIQUE KEY `case_number` (`case_number`),
  KEY `idx_case_number` (`case_number`),
  KEY `idx_visit` (`visit_id`),
  KEY `idx_patient` (`patient_id`),
  KEY `idx_status` (`case_status`),
  KEY `primary_surgeon_id` (`primary_surgeon_id`),
  KEY `anesthetist_id` (`anesthetist_id`),
  KEY `referring_doctor_id` (`referring_doctor_id`),
  KEY `created_by` (`created_by`)
) ENGINE=InnoDB AUTO_INCREMENT=3 DEFAULT CHARSET=utf8mb4 COLLATE=utf8mb4_unicode_ci;
/*!40101 SET character_set_client = @saved_cs_client */;

--
-- Dumping data for table `surgical_cases`
--

LOCK TABLES `surgical_cases` WRITE;
/*!40000 ALTER TABLE `surgical_cases` DISABLE KEYS */;
INSERT INTO `surgical_cases` VALUES
(1,'SC-20260120-0013',13,1,'internal','elective',1,'general','test','POCEDURE MINOR',NULL,2,2,1,'2026-01-20','2026-01-20','2026-01-27','scheduled',1,'2026-01-20 14:54:57','2026-01-20 16:00:16','2026-01-21 00:00:00','15:23:00','16:23:00',1,'',NULL,1,1,1,1,1,NULL,NULL,NULL,NULL),
(2,'SC-20260120-0011',11,5,'opd','urgent',1,'general','sdf','KNEE REPLACEMENT',NULL,3,8,2,'2026-01-20','2026-01-20','2026-01-21','referred',1,'2026-01-20 21:32:59','2026-01-20 21:32:59',NULL,NULL,NULL,NULL,NULL,NULL,0,0,0,0,0,NULL,NULL,NULL,NULL);
/*!40000 ALTER TABLE `surgical_cases` ENABLE KEYS */;
UNLOCK TABLES;

--
-- Table structure for table `surgical_checklist`
--

DROP TABLE IF EXISTS `surgical_checklist`;
/*!40101 SET @saved_cs_client     = @@character_set_client */;
/*!40101 SET character_set_client = utf8mb4 */;
CREATE TABLE `surgical_checklist` (
  `checklist_id` int(11) NOT NULL AUTO_INCREMENT,
  `visit_id` int(11) NOT NULL,
  `module` varchar(100) NOT NULL,
  `status` enum('pending','in-progress','completed') DEFAULT 'pending',
  `completed_by` int(11) DEFAULT NULL,
  `completed_at` datetime DEFAULT NULL,
  `notes` text DEFAULT NULL,
  PRIMARY KEY (`checklist_id`),
  UNIQUE KEY `unique_module_visit` (`visit_id`,`module`),
  KEY `completed_by` (`completed_by`),
  KEY `idx_visit_module` (`visit_id`,`module`)
) ENGINE=InnoDB DEFAULT CHARSET=utf8mb4 COLLATE=utf8mb4_unicode_ci;
/*!40101 SET character_set_client = @saved_cs_client */;

--
-- Dumping data for table `surgical_checklist`
--

LOCK TABLES `surgical_checklist` WRITE;
/*!40000 ALTER TABLE `surgical_checklist` DISABLE KEYS */;
/*!40000 ALTER TABLE `surgical_checklist` ENABLE KEYS */;
UNLOCK TABLES;

--
-- Table structure for table `surgical_checklists`
--

DROP TABLE IF EXISTS `surgical_checklists`;
/*!40101 SET @saved_cs_client     = @@character_set_client */;
/*!40101 SET character_set_client = utf8mb4 */;
CREATE TABLE `surgical_checklists` (
  `id` int(10) unsigned NOT NULL AUTO_INCREMENT,
  `visit_id` int(10) unsigned NOT NULL,
  `patient_id` int(10) unsigned NOT NULL,
  `checklist_date` date NOT NULL,
  `surgery_type` varchar(100) DEFAULT NULL,
  `procedure_name` varchar(255) DEFAULT NULL,
  `sign_in_verifications` text DEFAULT NULL,
  `sign_in_notes` text DEFAULT NULL,
  `sign_in_signature` varchar(255) DEFAULT NULL,
  `time_out_verifications` text DEFAULT NULL,
  `time_out_notes` text DEFAULT NULL,
  `time_out_signature` varchar(255) DEFAULT NULL,
  `sign_out_verifications` text DEFAULT NULL,
  `sign_out_notes` text DEFAULT NULL,
  `sign_out_signature` varchar(255) DEFAULT NULL,
  `team_briefing` text DEFAULT NULL,
  `special_requirements` text DEFAULT NULL,
  `equipment_verified` tinyint(1) DEFAULT NULL,
  `antibiotics_prophylaxis` tinyint(1) DEFAULT NULL,
  `imaging_available` tinyint(1) DEFAULT NULL,
  `status` varchar(50) DEFAULT NULL,
  `completed_by` int(10) unsigned DEFAULT NULL,
  `completed_at` datetime NOT NULL DEFAULT current_timestamp(),
  PRIMARY KEY (`id`),
  KEY `idx_visit_id` (`visit_id`),
  KEY `idx_patient_id` (`patient_id`),
  KEY `idx_completed_at` (`completed_at`)
) ENGINE=InnoDB AUTO_INCREMENT=2 DEFAULT CHARSET=utf8mb4 COLLATE=utf8mb4_unicode_ci;
/*!40101 SET character_set_client = @saved_cs_client */;

--
-- Dumping data for table `surgical_checklists`
--

LOCK TABLES `surgical_checklists` WRITE;
/*!40000 ALTER TABLE `surgical_checklists` DISABLE KEYS */;
INSERT INTO `surgical_checklists` VALUES
(1,7,7,'2025-01-10','Elective','Laparoscopic Appendectomy','Patient identity confirmed, consent verified, site marked','All sign-in checks completed successfully','Dr. Smith','Correct patient, procedure, and site confirmed','Team agreed and no concerns raised','Dr. Smith','Instrument and sponge counts correct','No issues during sign-out','Nurse Jane','Roles discussed and anticipated critical events reviewed','None',1,1,1,'Completed',5,'2025-12-25 17:03:50');
/*!40000 ALTER TABLE `surgical_checklists` ENABLE KEYS */;
UNLOCK TABLES;

--
-- Table structure for table `surgical_complications`
--

DROP TABLE IF EXISTS `surgical_complications`;
/*!40101 SET @saved_cs_client     = @@character_set_client */;
/*!40101 SET character_set_client = utf8mb4 */;
CREATE TABLE `surgical_complications` (
  `complication_id` int(11) NOT NULL AUTO_INCREMENT,
  `complication_date` datetime DEFAULT current_timestamp(),
  `complication_type` enum('Intraoperative','Postoperative','Anesthesia','Other') NOT NULL,
  `complication_category` varchar(255) DEFAULT NULL,
  `complication_description` text NOT NULL,
  `clavien_dindo_grade` enum('I','II','IIIa','IIIb','IVa','IVb','V') NOT NULL,
  `time_from_surgery` varchar(50) DEFAULT NULL,
  `management_provided` text DEFAULT NULL,
  `intervention_required` tinyint(1) DEFAULT 0,
  `intervention_type` text DEFAULT NULL,
  `outcome` varchar(50) DEFAULT NULL,
  `resolution_date` date DEFAULT NULL,
  `sequelae` text DEFAULT NULL,
  `reported_by` int(11) DEFAULT NULL,
  `reported_to_surgeon` tinyint(1) DEFAULT 1,
  `reported_to_patient` tinyint(1) DEFAULT 1,
  `contributing_factors` text DEFAULT NULL,
  `immediate_action` text DEFAULT NULL,
  `follow_up_plan` text DEFAULT NULL,
  `estimated_resolution_date` date DEFAULT NULL,
  `preventive_measures` text DEFAULT NULL,
  `follow_up_required` tinyint(1) DEFAULT 0,
  `follow_up_notes` text DEFAULT NULL,
  `complication_status` varchar(100) DEFAULT NULL,
  `created_by` int(11) DEFAULT NULL,
  `case_id` int(11) DEFAULT NULL,
  `severity` varchar(100) DEFAULT NULL,
  `description` text DEFAULT NULL,
  `occurred_at` datetime DEFAULT NULL,
  `detected_by` int(11) DEFAULT NULL,
  `anatomical_location` varchar(255) DEFAULT NULL,
  `intraoperative` tinyint(1) DEFAULT 0,
  `postoperative` tinyint(1) DEFAULT 0,
  `updated_at` datetime DEFAULT NULL,
  PRIMARY KEY (`complication_id`),
  KEY `reported_by` (`reported_by`),
  KEY `idx_complication_type` (`complication_type`),
  KEY `idx_clavien_dindo` (`clavien_dindo_grade`),
  KEY `fk_complications_case` (`case_id`)
) ENGINE=InnoDB AUTO_INCREMENT=5 DEFAULT CHARSET=utf8mb4 COLLATE=utf8mb4_unicode_ci;
/*!40101 SET character_set_client = @saved_cs_client */;

--
-- Dumping data for table `surgical_complications`
--

LOCK TABLES `surgical_complications` WRITE;
/*!40000 ALTER TABLE `surgical_complications` DISABLE KEYS */;
INSERT INTO `surgical_complications` VALUES
(1,'2025-12-28 13:29:52','Postoperative','Pneumonia','Hospital-acquired pneumonia with fever, productive cough, and new infiltrate on chest X-ray. Sputum culture pending.','II','Early (1-7 days)','Broad-spectrum antibiotics started (Piperacillin-tazobactam 4.5g IV q6h). Chest physiotherapy initiated.',1,'Antibiotics, Chest physiotherapy','Resolved','2025-12-28','',8,1,1,'Prolonged surgery time, Patient comorbidities','Antibiotics started, respiratory therapy','Complete antibiotic course, repeat CXR in 1 week, pulmonary follow-up.',NULL,'',0,'','resolved',1,1,'Moderate',NULL,'2025-12-28 13:29:00',8,'Thorax',0,1,NULL),
(2,'2025-12-28 15:33:30','Postoperative','Wound Dehiscence','Partial wound dehiscence with superficial separation of incision edges. No fascial involvement. Small amount of serosanguinous drainage.','IIIa','Early (1-7 days)','Wound care with daily dressing changes. Secondary intention healing.',1,'','Resolved','2025-12-29','',3,1,1,'Patient comorbidities, Poor nutritional status','Daily wound care initiated','Daily dressing changes, nutritional optimization, follow-up in 1 week.','2025-12-30','',1,'','active',1,2,'Moderate',NULL,'2025-12-28 15:33:00',3,'Abdomen',0,1,'2025-12-28 16:14:16'),
(3,'2025-12-28 15:44:44','Postoperative','Wound Dehiscence','Partial wound dehiscence with superficial separation of incision edges. No fascial involvement. Small amount of serosanguinous drainage.','IIIa','Early (1-7 days)','Wound care with daily dressing changes. Secondary intention healing.',0,'','',NULL,'',1,1,1,'Patient comorbidities, Poor nutritional status','Daily wound care initiated','Daily dressing changes, nutritional optimization, follow-up in 1 week.',NULL,'',0,'','active',1,1,'Moderate',NULL,'2025-12-28 15:44:00',1,'Abdomen',0,1,NULL),
(4,'2026-01-20 22:32:14','Postoperative','Infection','Surgical site infection with erythema, warmth, and purulent drainage from incision site. Patient febrile (38.5°C). Wound culture sent for analysis.','II','Early (1-7 days)','Incision and drainage performed at bedside. Wound packed with saline gauze. Antibiotics started (Cefazolin 1g IV q8h).',1,'Incision & drainage, Antibiotics','',NULL,'',8,1,1,'Patient comorbidities, Prolonged surgery time\r\n• Patient comorbidities\r\n• Patient non-compliance\r\n• Infection control breach\r\n• Surgical technique','Bedside I&D performed, antibiotics initiated','Daily dressing changes, antibiotic therapy for 7 days, follow-up in clinic in 1 week.',NULL,'',0,'','active',1,2,'Moderate',NULL,'2026-01-20 22:30:00',8,'Abdomen',0,1,NULL);
/*!40000 ALTER TABLE `surgical_complications` ENABLE KEYS */;
UNLOCK TABLES;

--
-- Table structure for table `surgical_consents`
--

DROP TABLE IF EXISTS `surgical_consents`;
/*!40101 SET @saved_cs_client     = @@character_set_client */;
/*!40101 SET character_set_client = utf8mb4 */;
CREATE TABLE `surgical_consents` (
  `consent_id` int(11) NOT NULL AUTO_INCREMENT,
  `visit_id` int(11) NOT NULL,
  `procedure_id` int(11) DEFAULT NULL,
  `procedure_name` varchar(500) NOT NULL,
  `consent_date` datetime DEFAULT current_timestamp(),
  `procedure_description` text DEFAULT NULL,
  `proposed_benefits` text DEFAULT NULL,
  `alternative_treatments` text DEFAULT NULL,
  `general_risks` text DEFAULT NULL,
  `specific_risks` text DEFAULT NULL,
  `anesthesia_risks` text DEFAULT NULL,
  `consent_status` enum('pending','explained','signed','refused') DEFAULT 'pending',
  `consent_witness` varchar(255) DEFAULT NULL,
  `witness_signature` blob DEFAULT NULL,
  `patient_signature` blob DEFAULT NULL,
  `patient_signature_date` datetime DEFAULT NULL,
  `surgeon_signature` blob DEFAULT NULL,
  `surgeon_signature_date` datetime DEFAULT NULL,
  `consent_form_path` varchar(500) DEFAULT NULL,
  `verbal_consent_audio_path` varchar(500) DEFAULT NULL,
  `interpreter_used` tinyint(1) DEFAULT 0,
  `interpreter_name` varchar(255) DEFAULT NULL,
  `questions_answered` tinyint(1) DEFAULT 1,
  PRIMARY KEY (`consent_id`),
  KEY `idx_visit` (`visit_id`),
  KEY `idx_procedure` (`procedure_id`)
) ENGINE=InnoDB DEFAULT CHARSET=utf8mb4 COLLATE=utf8mb4_unicode_ci;
/*!40101 SET character_set_client = @saved_cs_client */;

--
-- Dumping data for table `surgical_consents`
--

LOCK TABLES `surgical_consents` WRITE;
/*!40000 ALTER TABLE `surgical_consents` DISABLE KEYS */;
/*!40000 ALTER TABLE `surgical_consents` ENABLE KEYS */;
UNLOCK TABLES;

--
-- Table structure for table `surgical_discharge`
--

DROP TABLE IF EXISTS `surgical_discharge`;
/*!40101 SET @saved_cs_client     = @@character_set_client */;
/*!40101 SET character_set_client = utf8mb4 */;
CREATE TABLE `surgical_discharge` (
  `id` int(11) NOT NULL AUTO_INCREMENT,
  `visit_id` int(11) NOT NULL,
  `patient_id` int(11) NOT NULL,
  `discharge_date` datetime NOT NULL,
  `disposition` enum('home','rehab','snf','hospice','other') NOT NULL,
  `condition_at_discharge` enum('improved','stable','worsened','expired') NOT NULL,
  `hospital_course` text DEFAULT NULL,
  `procedures_performed` text DEFAULT NULL,
  `postop_complications` text DEFAULT NULL,
  `discharge_medications` longtext CHARACTER SET utf8mb4 COLLATE utf8mb4_bin DEFAULT NULL CHECK (json_valid(`discharge_medications`)),
  `followup_instructions` text DEFAULT NULL,
  `followup_appointment` datetime DEFAULT NULL,
  `activity_restrictions` text DEFAULT NULL,
  `diet_instructions` text DEFAULT NULL,
  `wound_care_instructions` text DEFAULT NULL,
  `warning_signs` text DEFAULT NULL,
  `discharging_provider` int(11) DEFAULT NULL,
  `created_at` timestamp NULL DEFAULT current_timestamp(),
  `updated_at` timestamp NULL DEFAULT current_timestamp() ON UPDATE current_timestamp(),
  PRIMARY KEY (`id`),
  UNIQUE KEY `idx_visit_discharge` (`visit_id`),
  KEY `idx_patient_id` (`patient_id`),
  KEY `idx_discharge_date` (`discharge_date`),
  KEY `idx_disposition` (`disposition`)
) ENGINE=InnoDB AUTO_INCREMENT=2 DEFAULT CHARSET=utf8mb4 COLLATE=utf8mb4_unicode_ci;
/*!40101 SET character_set_client = @saved_cs_client */;

--
-- Dumping data for table `surgical_discharge`
--

LOCK TABLES `surgical_discharge` WRITE;
/*!40000 ALTER TABLE `surgical_discharge` DISABLE KEYS */;
INSERT INTO `surgical_discharge` VALUES
(1,12,1,'2025-12-26 21:46:00','home','improved','','','',NULL,'','2026-01-02 21:46:00','','','','',1,'2025-12-26 18:48:03','2025-12-26 18:48:03');
/*!40000 ALTER TABLE `surgical_discharge` ENABLE KEYS */;
UNLOCK TABLES;

--
-- Table structure for table `surgical_documents`
--

DROP TABLE IF EXISTS `surgical_documents`;
/*!40101 SET @saved_cs_client     = @@character_set_client */;
/*!40101 SET character_set_client = utf8mb4 */;
CREATE TABLE `surgical_documents` (
  `document_id` int(11) NOT NULL AUTO_INCREMENT,
  `case_id` int(11) NOT NULL,
  `document_type` varchar(100) DEFAULT NULL,
  `document_name` varchar(255) NOT NULL,
  `document_path` varchar(500) NOT NULL,
  `file_size` int(11) DEFAULT NULL,
  `file_type` varchar(50) DEFAULT NULL,
  `uploaded_by` int(11) DEFAULT NULL,
  `uploaded_at` timestamp NULL DEFAULT current_timestamp(),
  `updated_at` timestamp NULL DEFAULT current_timestamp() ON UPDATE current_timestamp(),
  `archived_at` datetime DEFAULT NULL,
  PRIMARY KEY (`document_id`),
  KEY `case_id` (`case_id`),
  KEY `uploaded_by` (`uploaded_by`)
) ENGINE=InnoDB DEFAULT CHARSET=utf8mb4 COLLATE=utf8mb4_unicode_ci;
/*!40101 SET character_set_client = @saved_cs_client */;

--
-- Dumping data for table `surgical_documents`
--

LOCK TABLES `surgical_documents` WRITE;
/*!40000 ALTER TABLE `surgical_documents` DISABLE KEYS */;
/*!40000 ALTER TABLE `surgical_documents` ENABLE KEYS */;
UNLOCK TABLES;

--
-- Table structure for table `surgical_equipment_usage`
--

DROP TABLE IF EXISTS `surgical_equipment_usage`;
/*!40101 SET @saved_cs_client     = @@character_set_client */;
/*!40101 SET character_set_client = utf8mb4 */;
CREATE TABLE `surgical_equipment_usage` (
  `usage_id` int(11) NOT NULL AUTO_INCREMENT,
  `case_id` int(11) NOT NULL,
  `usage_start_time` time DEFAULT NULL,
  `usage_end_time` time DEFAULT NULL,
  `quantity_used` int(11) DEFAULT 1,
  `notes` text DEFAULT NULL,
  `created_by` int(11) DEFAULT NULL,
  `created_at` timestamp NULL DEFAULT current_timestamp(),
  `updated_at` timestamp NULL DEFAULT current_timestamp() ON UPDATE current_timestamp(),
  `asset_id` int(11) DEFAULT NULL,
  PRIMARY KEY (`usage_id`),
  KEY `case_id` (`case_id`),
  KEY `created_by` (`created_by`)
) ENGINE=InnoDB AUTO_INCREMENT=5 DEFAULT CHARSET=utf8mb4 COLLATE=utf8mb4_unicode_ci;
/*!40101 SET character_set_client = @saved_cs_client */;

--
-- Dumping data for table `surgical_equipment_usage`
--

LOCK TABLES `surgical_equipment_usage` WRITE;
/*!40000 ALTER TABLE `surgical_equipment_usage` DISABLE KEYS */;
INSERT INTO `surgical_equipment_usage` VALUES
(2,1,'04:44:00','04:04:00',14,'',1,'2026-01-10 18:48:03','2026-01-10 19:02:18',16),
(3,1,'03:13:00','13:31:00',1,'',1,'2026-01-10 19:03:10','2026-01-10 19:03:10',19),
(4,2,'02:24:00','14:01:00',1,'',1,'2026-01-20 19:18:48','2026-01-20 19:18:48',16);
/*!40000 ALTER TABLE `surgical_equipment_usage` ENABLE KEYS */;
UNLOCK TABLES;

--
-- Table structure for table `surgical_medications`
--

DROP TABLE IF EXISTS `surgical_medications`;
/*!40101 SET @saved_cs_client     = @@character_set_client */;
/*!40101 SET character_set_client = utf8mb4 */;
CREATE TABLE `surgical_medications` (
  `medication_id` int(11) NOT NULL AUTO_INCREMENT,
  `visit_id` int(11) NOT NULL,
  `prescribed_by` int(11) NOT NULL,
  `medication_name` varchar(255) NOT NULL,
  `dose` varchar(100) NOT NULL,
  `route` varchar(50) NOT NULL,
  `frequency` varchar(50) NOT NULL,
  `duration` varchar(100) DEFAULT NULL,
  `indication` varchar(255) DEFAULT NULL,
  `prn` tinyint(1) DEFAULT 0,
  `status` enum('pending','active','completed','discontinued') DEFAULT 'active',
  `special_instructions` text DEFAULT NULL,
  `order_date` datetime DEFAULT current_timestamp(),
  PRIMARY KEY (`medication_id`),
  KEY `prescribed_by` (`prescribed_by`),
  KEY `idx_surgical_meds_visit` (`visit_id`)
) ENGINE=InnoDB DEFAULT CHARSET=utf8mb4 COLLATE=utf8mb4_unicode_ci;
/*!40101 SET character_set_client = @saved_cs_client */;

--
-- Dumping data for table `surgical_medications`
--

LOCK TABLES `surgical_medications` WRITE;
/*!40000 ALTER TABLE `surgical_medications` DISABLE KEYS */;
/*!40000 ALTER TABLE `surgical_medications` ENABLE KEYS */;
UNLOCK TABLES;

--
-- Table structure for table `surgical_team`
--

DROP TABLE IF EXISTS `surgical_team`;
/*!40101 SET @saved_cs_client     = @@character_set_client */;
/*!40101 SET character_set_client = utf8mb4 */;
CREATE TABLE `surgical_team` (
  `team_id` int(11) NOT NULL AUTO_INCREMENT,
  `case_id` int(11) NOT NULL,
  `user_id` int(11) NOT NULL,
  `role` varchar(100) DEFAULT NULL,
  `is_primary` tinyint(1) DEFAULT 0,
  `assigned_at` timestamp NULL DEFAULT current_timestamp(),
  `removed_at` datetime DEFAULT NULL,
  PRIMARY KEY (`team_id`),
  UNIQUE KEY `unique_case_user` (`case_id`,`user_id`),
  KEY `user_id` (`user_id`)
) ENGINE=InnoDB AUTO_INCREMENT=4 DEFAULT CHARSET=utf8mb4 COLLATE=utf8mb4_unicode_ci;
/*!40101 SET character_set_client = @saved_cs_client */;

--
-- Dumping data for table `surgical_team`
--

LOCK TABLES `surgical_team` WRITE;
/*!40000 ALTER TABLE `surgical_team` DISABLE KEYS */;
INSERT INTO `surgical_team` VALUES
(1,2,1,'Surgeon',1,'2025-12-28 09:14:28',NULL),
(2,2,3,'Circulating Nurse',0,'2025-12-28 09:15:44',NULL),
(3,1,1,'Surgeon',0,'2025-12-28 10:01:58',NULL);
/*!40000 ALTER TABLE `surgical_team` ENABLE KEYS */;
UNLOCK TABLES;

--
-- Table structure for table `surgical_timeout`
--

DROP TABLE IF EXISTS `surgical_timeout`;
/*!40101 SET @saved_cs_client     = @@character_set_client */;
/*!40101 SET character_set_client = utf8mb4 */;
CREATE TABLE `surgical_timeout` (
  `timeout_id` int(11) NOT NULL AUTO_INCREMENT,
  `visit_id` int(11) NOT NULL,
  `timeout_time` datetime DEFAULT current_timestamp(),
  `surgeon_present` tinyint(1) DEFAULT 0,
  `assistant_present` tinyint(1) DEFAULT 0,
  `anesthetist_present` tinyint(1) DEFAULT 0,
  `scrub_nurse_present` tinyint(1) DEFAULT 0,
  `circulating_nurse_present` tinyint(1) DEFAULT 0,
  `patient_verified` tinyint(1) DEFAULT 0,
  `procedure_verified` tinyint(1) DEFAULT 0,
  `site_verified` tinyint(1) DEFAULT 0,
  `side_verified` tinyint(1) DEFAULT 0,
  `consent_verified` tinyint(1) DEFAULT 0,
  `equipment_available` tinyint(1) DEFAULT 0,
  `implants_available` tinyint(1) DEFAULT 0,
  `imaging_available` tinyint(1) DEFAULT 0,
  `allergies_confirmed` tinyint(1) DEFAULT 0,
  `antibiotic_prophylaxis` tinyint(1) DEFAULT 0,
  `antibiotic_time` time DEFAULT NULL,
  `thromboembolism_prophylaxis` tinyint(1) DEFAULT 0,
  `sterility_confirmed` tinyint(1) DEFAULT 0,
  `counts_correct` tinyint(1) DEFAULT 0,
  `specimen_labels` tinyint(1) DEFAULT 0,
  `any_concerns` text DEFAULT NULL,
  `concerns_addressed` tinyint(1) DEFAULT 1,
  `team_acknowledgment` text DEFAULT NULL,
  `timeout_complete` tinyint(1) DEFAULT 0,
  PRIMARY KEY (`timeout_id`),
  KEY `idx_visit` (`visit_id`),
  KEY `idx_timeout_time` (`timeout_time`)
) ENGINE=InnoDB DEFAULT CHARSET=utf8mb4 COLLATE=utf8mb4_unicode_ci;
/*!40101 SET character_set_client = @saved_cs_client */;

--
-- Dumping data for table `surgical_timeout`
--

LOCK TABLES `surgical_timeout` WRITE;
/*!40000 ALTER TABLE `surgical_timeout` DISABLE KEYS */;
/*!40000 ALTER TABLE `surgical_timeout` ENABLE KEYS */;
UNLOCK TABLES;

--
-- Table structure for table `surgical_vitals`
--

DROP TABLE IF EXISTS `surgical_vitals`;
/*!40101 SET @saved_cs_client     = @@character_set_client */;
/*!40101 SET character_set_client = utf8mb4 */;
CREATE TABLE `surgical_vitals` (
  `id` int(11) NOT NULL AUTO_INCREMENT,
  `visit_id` int(11) NOT NULL,
  `patient_id` int(11) NOT NULL,
  `blood_pressure` varchar(20) DEFAULT NULL,
  `heart_rate` int(11) DEFAULT NULL,
  `oxygen_saturation` int(11) DEFAULT NULL,
  `temperature` decimal(4,2) DEFAULT NULL,
  `respiratory_rate` int(11) DEFAULT NULL,
  `pain_score` int(11) DEFAULT NULL,
  `consciousness_level` int(11) DEFAULT NULL,
  `urine_output` int(11) DEFAULT NULL,
  `notes` text DEFAULT NULL,
  `recorded_time` datetime DEFAULT current_timestamp(),
  `recorded_by` int(11) DEFAULT NULL,
  `created_at` timestamp NULL DEFAULT current_timestamp(),
  `updated_at` timestamp NULL DEFAULT current_timestamp() ON UPDATE current_timestamp(),
  PRIMARY KEY (`id`),
  KEY `idx_visit_id` (`visit_id`),
  KEY `idx_patient_id` (`patient_id`),
  KEY `idx_recorded_time` (`recorded_time`)
) ENGINE=InnoDB AUTO_INCREMENT=2 DEFAULT CHARSET=utf8mb4 COLLATE=utf8mb4_unicode_ci;
/*!40101 SET character_set_client = @saved_cs_client */;

--
-- Dumping data for table `surgical_vitals`
--

LOCK TABLES `surgical_vitals` WRITE;
/*!40000 ALTER TABLE `surgical_vitals` DISABLE KEYS */;
INSERT INTO `surgical_vitals` VALUES
(1,12,1,'120/80',90,90,35.00,56,7,4,35,'test','2025-12-26 17:16:00',1,'2025-12-26 14:17:48','2025-12-26 14:17:48');
/*!40000 ALTER TABLE `surgical_vitals` ENABLE KEYS */;
UNLOCK TABLES;

--
-- Table structure for table `system_settings`
--

DROP TABLE IF EXISTS `system_settings`;
/*!40101 SET @saved_cs_client     = @@character_set_client */;
/*!40101 SET character_set_client = utf8mb4 */;
CREATE TABLE `system_settings` (
  `setting_id` int(11) NOT NULL AUTO_INCREMENT,
  `setting_key` varchar(100) NOT NULL,
  `setting_value` text NOT NULL,
  `setting_description` text DEFAULT NULL,
  `is_public` tinyint(1) DEFAULT 0,
  `created_at` timestamp NULL DEFAULT current_timestamp(),
  `updated_at` timestamp NULL DEFAULT current_timestamp() ON UPDATE current_timestamp(),
  `created_by` int(11) DEFAULT NULL,
  `updated_by` int(11) DEFAULT NULL,
  PRIMARY KEY (`setting_id`),
  UNIQUE KEY `setting_key` (`setting_key`),
  KEY `idx_setting_key` (`setting_key`),
  KEY `idx_is_public` (`is_public`)
) ENGINE=InnoDB AUTO_INCREMENT=6 DEFAULT CHARSET=utf8mb4 COLLATE=utf8mb4_unicode_ci;
/*!40101 SET character_set_client = @saved_cs_client */;

--
-- Dumping data for table `system_settings`
--

LOCK TABLES `system_settings` WRITE;
/*!40000 ALTER TABLE `system_settings` DISABLE KEYS */;
INSERT INTO `system_settings` VALUES
(1,'petty_cash_max_amount','500.00','Maximum amount allowed per petty cash transaction',1,'2025-11-26 21:48:09','2025-11-26 21:48:09',1,NULL),
(2,'petty_cash_replenish_threshold','100.00','Balance threshold for replenishment alerts',1,'2025-11-26 21:48:09','2025-11-26 21:48:09',1,NULL),
(3,'petty_cash_default_category','','Default expense category for petty cash transactions',1,'2025-11-26 21:48:09','2025-11-26 21:48:09',1,NULL),
(4,'petty_cash_auto_replenish','0','Enable automatic replenishment requests',1,'2025-11-26 21:48:09','2025-11-26 21:48:09',1,NULL),
(5,'petty_cash_approval_required','1','Require approval for transactions above threshold',1,'2025-11-26 21:48:09','2025-11-26 21:48:09',1,NULL);
/*!40000 ALTER TABLE `system_settings` ENABLE KEYS */;
UNLOCK TABLES;

--
-- Table structure for table `tags`
--

DROP TABLE IF EXISTS `tags`;
/*!40101 SET @saved_cs_client     = @@character_set_client */;
/*!40101 SET character_set_client = utf8mb4 */;
CREATE TABLE `tags` (
  `tag_id` int(11) NOT NULL AUTO_INCREMENT,
  `tag_name` varchar(200) NOT NULL,
  `tag_type` int(11) NOT NULL,
  `tag_color` varchar(200) DEFAULT NULL,
  `tag_icon` varchar(200) DEFAULT NULL,
  `tag_created_at` datetime NOT NULL DEFAULT current_timestamp(),
  `tag_updated_at` datetime DEFAULT NULL ON UPDATE current_timestamp(),
  `tag_archived_at` datetime DEFAULT NULL,
  PRIMARY KEY (`tag_id`)
) ENGINE=InnoDB AUTO_INCREMENT=2 DEFAULT CHARSET=utf8mb4 COLLATE=utf8mb4_general_ci;
/*!40101 SET character_set_client = @saved_cs_client */;

--
-- Dumping data for table `tags`
--

LOCK TABLES `tags` WRITE;
/*!40000 ALTER TABLE `tags` DISABLE KEYS */;
INSERT INTO `tags` VALUES
(1,'TEST',1,'#000000','','2025-10-29 22:26:05',NULL,NULL);
/*!40000 ALTER TABLE `tags` ENABLE KEYS */;
UNLOCK TABLES;

--
-- Table structure for table `task_templates`
--

DROP TABLE IF EXISTS `task_templates`;
/*!40101 SET @saved_cs_client     = @@character_set_client */;
/*!40101 SET character_set_client = utf8mb4 */;
CREATE TABLE `task_templates` (
  `task_template_id` int(11) NOT NULL AUTO_INCREMENT,
  `task_template_name` varchar(200) NOT NULL,
  `task_template_order` int(11) NOT NULL DEFAULT 0,
  `task_template_completion_estimate` int(11) NOT NULL DEFAULT 0,
  `task_template_created_at` datetime NOT NULL DEFAULT current_timestamp(),
  `task_template_updated_at` datetime DEFAULT NULL ON UPDATE current_timestamp(),
  `task_template_archived_at` datetime DEFAULT NULL,
  `task_template_ticket_template_id` int(11) NOT NULL,
  PRIMARY KEY (`task_template_id`)
) ENGINE=InnoDB DEFAULT CHARSET=utf8mb4 COLLATE=utf8mb4_general_ci;
/*!40101 SET character_set_client = @saved_cs_client */;

--
-- Dumping data for table `task_templates`
--

LOCK TABLES `task_templates` WRITE;
/*!40000 ALTER TABLE `task_templates` DISABLE KEYS */;
/*!40000 ALTER TABLE `task_templates` ENABLE KEYS */;
UNLOCK TABLES;

--
-- Table structure for table `tasks`
--

DROP TABLE IF EXISTS `tasks`;
/*!40101 SET @saved_cs_client     = @@character_set_client */;
/*!40101 SET character_set_client = utf8mb4 */;
CREATE TABLE `tasks` (
  `task_id` int(11) NOT NULL AUTO_INCREMENT,
  `task_name` varchar(255) NOT NULL,
  `task_status` varchar(255) DEFAULT NULL,
  `task_order` int(11) NOT NULL DEFAULT 0,
  `task_completion_estimate` int(11) NOT NULL DEFAULT 0,
  `task_completed_at` datetime DEFAULT NULL,
  `task_completed_by` int(11) DEFAULT NULL,
  `task_created_at` datetime NOT NULL DEFAULT current_timestamp(),
  `task_updated_at` datetime DEFAULT NULL ON UPDATE current_timestamp(),
  `task_ticket_id` int(11) DEFAULT NULL,
  PRIMARY KEY (`task_id`)
) ENGINE=InnoDB DEFAULT CHARSET=utf8mb4 COLLATE=utf8mb4_general_ci;
/*!40101 SET character_set_client = @saved_cs_client */;

--
-- Dumping data for table `tasks`
--

LOCK TABLES `tasks` WRITE;
/*!40000 ALTER TABLE `tasks` DISABLE KEYS */;
/*!40000 ALTER TABLE `tasks` ENABLE KEYS */;
UNLOCK TABLES;

--
-- Table structure for table `tax_brackets`
--

DROP TABLE IF EXISTS `tax_brackets`;
/*!40101 SET @saved_cs_client     = @@character_set_client */;
/*!40101 SET character_set_client = utf8mb4 */;
CREATE TABLE `tax_brackets` (
  `tax_bracket_id` int(11) NOT NULL AUTO_INCREMENT,
  `bracket_name` varchar(100) NOT NULL,
  `min_income` decimal(12,2) NOT NULL,
  `max_income` decimal(12,2) DEFAULT NULL,
  `tax_rate` decimal(5,2) NOT NULL,
  `fixed_amount` decimal(10,2) DEFAULT 0.00,
  `effective_date` date NOT NULL,
  `expiry_date` date DEFAULT NULL,
  `country` varchar(100) DEFAULT NULL,
  `state_province` varchar(100) DEFAULT NULL,
  PRIMARY KEY (`tax_bracket_id`),
  KEY `idx_effective_date` (`effective_date`),
  KEY `idx_income_range` (`min_income`,`max_income`),
  KEY `idx_location` (`country`,`state_province`)
) ENGINE=InnoDB AUTO_INCREMENT=8 DEFAULT CHARSET=utf8mb4 COLLATE=utf8mb4_general_ci;
/*!40101 SET character_set_client = @saved_cs_client */;

--
-- Dumping data for table `tax_brackets`
--

LOCK TABLES `tax_brackets` WRITE;
/*!40000 ALTER TABLE `tax_brackets` DISABLE KEYS */;
INSERT INTO `tax_brackets` VALUES
(1,'10% Bracket',0.00,11600.00,10.00,0.00,'2024-01-01',NULL,'USA',NULL),
(2,'12% Bracket',11601.00,47150.00,12.00,1160.00,'2024-01-01',NULL,'USA',NULL),
(3,'22% Bracket',47151.00,100525.00,22.00,5426.00,'2024-01-01',NULL,'USA',NULL),
(4,'24% Bracket',100526.00,191950.00,24.00,17168.00,'2024-01-01',NULL,'USA',NULL),
(5,'32% Bracket',191951.00,243725.00,32.00,39110.00,'2024-01-01',NULL,'USA',NULL),
(6,'35% Bracket',243726.00,609350.00,35.00,55643.00,'2024-01-01',NULL,'USA',NULL),
(7,'37% Bracket',609351.00,NULL,37.00,183647.00,'2024-01-01',NULL,'USA',NULL);
/*!40000 ALTER TABLE `tax_brackets` ENABLE KEYS */;
UNLOCK TABLES;

--
-- Table structure for table `tax_rates`
--

DROP TABLE IF EXISTS `tax_rates`;
/*!40101 SET @saved_cs_client     = @@character_set_client */;
/*!40101 SET character_set_client = utf8mb4 */;
CREATE TABLE `tax_rates` (
  `tax_id` int(11) NOT NULL AUTO_INCREMENT,
  `tax_name` varchar(100) NOT NULL,
  `tax_rate` decimal(5,2) NOT NULL,
  `is_default` tinyint(1) DEFAULT 0,
  `description` text DEFAULT NULL,
  `is_active` tinyint(1) DEFAULT 1,
  `created_at` timestamp NULL DEFAULT current_timestamp(),
  PRIMARY KEY (`tax_id`)
) ENGINE=InnoDB AUTO_INCREMENT=4 DEFAULT CHARSET=utf8mb4 COLLATE=utf8mb4_general_ci;
/*!40101 SET character_set_client = @saved_cs_client */;

--
-- Dumping data for table `tax_rates`
--

LOCK TABLES `tax_rates` WRITE;
/*!40000 ALTER TABLE `tax_rates` DISABLE KEYS */;
INSERT INTO `tax_rates` VALUES
(1,'VAT',10.00,1,NULL,1,'2025-11-04 01:59:29'),
(2,'Service Tax',5.00,0,NULL,1,'2025-11-04 01:59:29'),
(3,'No Tax',0.00,0,NULL,1,'2025-11-04 01:59:29');
/*!40000 ALTER TABLE `tax_rates` ENABLE KEYS */;
UNLOCK TABLES;

--
-- Table structure for table `taxes`
--

DROP TABLE IF EXISTS `taxes`;
/*!40101 SET @saved_cs_client     = @@character_set_client */;
/*!40101 SET character_set_client = utf8mb4 */;
CREATE TABLE `taxes` (
  `tax_id` int(11) NOT NULL AUTO_INCREMENT,
  `tax_name` varchar(200) NOT NULL,
  `tax_percent` float NOT NULL,
  `tax_created_at` datetime NOT NULL DEFAULT current_timestamp(),
  `tax_updated_at` datetime DEFAULT NULL ON UPDATE current_timestamp(),
  `tax_archived_at` datetime DEFAULT NULL,
  PRIMARY KEY (`tax_id`)
) ENGINE=InnoDB DEFAULT CHARSET=utf8mb4 COLLATE=utf8mb4_general_ci;
/*!40101 SET character_set_client = @saved_cs_client */;

--
-- Dumping data for table `taxes`
--

LOCK TABLES `taxes` WRITE;
/*!40000 ALTER TABLE `taxes` DISABLE KEYS */;
/*!40000 ALTER TABLE `taxes` ENABLE KEYS */;
UNLOCK TABLES;

--
-- Table structure for table `tb_followup`
--

DROP TABLE IF EXISTS `tb_followup`;
/*!40101 SET @saved_cs_client     = @@character_set_client */;
/*!40101 SET character_set_client = utf8mb4 */;
CREATE TABLE `tb_followup` (
  `followup_id` int(11) NOT NULL AUTO_INCREMENT,
  `tb_id` int(11) NOT NULL,
  `visit_id` int(11) DEFAULT NULL,
  `month_number` int(11) NOT NULL,
  `smear_result` enum('Positive','Negative','Not Done') DEFAULT 'Not Done',
  `weight` decimal(5,2) DEFAULT NULL,
  `notes` text DEFAULT NULL,
  `recorded_at` datetime DEFAULT current_timestamp(),
  PRIMARY KEY (`followup_id`),
  KEY `tb_id` (`tb_id`),
  KEY `visit_id` (`visit_id`)
) ENGINE=InnoDB AUTO_INCREMENT=2 DEFAULT CHARSET=utf8mb4 COLLATE=utf8mb4_general_ci;
/*!40101 SET character_set_client = @saved_cs_client */;

--
-- Dumping data for table `tb_followup`
--

LOCK TABLES `tb_followup` WRITE;
/*!40000 ALTER TABLE `tb_followup` DISABLE KEYS */;
INSERT INTO `tb_followup` VALUES
(1,3,12,1,'Positive',67.00,'test','2025-12-21 20:26:38');
/*!40000 ALTER TABLE `tb_followup` ENABLE KEYS */;
UNLOCK TABLES;

--
-- Table structure for table `tb_patients`
--

DROP TABLE IF EXISTS `tb_patients`;
/*!40101 SET @saved_cs_client     = @@character_set_client */;
/*!40101 SET character_set_client = utf8mb4 */;
CREATE TABLE `tb_patients` (
  `tb_id` int(11) NOT NULL AUTO_INCREMENT,
  `patient_id` int(11) NOT NULL,
  `registration_group` enum('New','Relapse','Treatment After Failure','Treatment After Lost') DEFAULT 'New',
  `classification` enum('Pulmonary','Extra-pulmonary') DEFAULT 'Pulmonary',
  `smear_result` enum('Positive','Negative','Not Done') DEFAULT 'Not Done',
  `hiv_status` enum('Positive','Negative','Unknown') DEFAULT 'Unknown',
  `start_date` date DEFAULT NULL,
  `treatment_outcome` enum('Cured','Completed','Failed','Died','Lost','Not Evaluated') DEFAULT NULL,
  `created_at` datetime DEFAULT current_timestamp(),
  PRIMARY KEY (`tb_id`),
  KEY `patient_id` (`patient_id`)
) ENGINE=InnoDB AUTO_INCREMENT=4 DEFAULT CHARSET=utf8mb4 COLLATE=utf8mb4_general_ci;
/*!40101 SET character_set_client = @saved_cs_client */;

--
-- Dumping data for table `tb_patients`
--

LOCK TABLES `tb_patients` WRITE;
/*!40000 ALTER TABLE `tb_patients` DISABLE KEYS */;
INSERT INTO `tb_patients` VALUES
(1,2,'New','Pulmonary','Positive','Positive','2025-11-22','Not Evaluated','2025-11-22 21:37:06'),
(2,7,'New','Pulmonary','Positive','Positive','2025-12-20','Not Evaluated','2025-12-20 08:14:18'),
(3,1,'New','Pulmonary','Positive','Positive','2025-12-21','Not Evaluated','2025-12-21 20:00:52');
/*!40000 ALTER TABLE `tb_patients` ENABLE KEYS */;
UNLOCK TABLES;

--
-- Table structure for table `theatre_checklists`
--

DROP TABLE IF EXISTS `theatre_checklists`;
/*!40101 SET @saved_cs_client     = @@character_set_client */;
/*!40101 SET character_set_client = utf8mb4 */;
CREATE TABLE `theatre_checklists` (
  `checklist_id` int(11) NOT NULL AUTO_INCREMENT,
  `visit_id` int(11) NOT NULL,
  `checklist_type` enum('preop','anesthesia','instrument','timeout','postop') NOT NULL,
  `checklist_data` longtext CHARACTER SET utf8mb4 COLLATE utf8mb4_bin DEFAULT NULL CHECK (json_valid(`checklist_data`)),
  `status` enum('pending','in_progress','completed') DEFAULT 'pending',
  `completed_by` int(11) DEFAULT NULL,
  `completed_at` timestamp NULL DEFAULT NULL,
  `verified_by` int(11) DEFAULT NULL,
  `verified_at` timestamp NULL DEFAULT NULL,
  PRIMARY KEY (`checklist_id`),
  KEY `completed_by` (`completed_by`),
  KEY `verified_by` (`verified_by`),
  KEY `idx_visit_checklist` (`visit_id`,`checklist_type`)
) ENGINE=InnoDB DEFAULT CHARSET=utf8mb4 COLLATE=utf8mb4_unicode_ci;
/*!40101 SET character_set_client = @saved_cs_client */;

--
-- Dumping data for table `theatre_checklists`
--

LOCK TABLES `theatre_checklists` WRITE;
/*!40000 ALTER TABLE `theatre_checklists` DISABLE KEYS */;
/*!40000 ALTER TABLE `theatre_checklists` ENABLE KEYS */;
UNLOCK TABLES;

--
-- Table structure for table `theatre_equipment`
--

DROP TABLE IF EXISTS `theatre_equipment`;
/*!40101 SET @saved_cs_client     = @@character_set_client */;
/*!40101 SET character_set_client = utf8mb4 */;
CREATE TABLE `theatre_equipment` (
  `equipment_id` int(11) NOT NULL AUTO_INCREMENT,
  `equipment_code` varchar(50) NOT NULL,
  `equipment_name` varchar(100) NOT NULL,
  `theatre_id` int(11) DEFAULT NULL,
  `equipment_type` varchar(50) DEFAULT NULL,
  `manufacturer` varchar(100) DEFAULT NULL,
  `model` varchar(100) DEFAULT NULL,
  `serial_number` varchar(100) DEFAULT NULL,
  `purchase_date` date DEFAULT NULL,
  `warranty_expiry` date DEFAULT NULL,
  `status` enum('active','maintenance','inactive','retired') DEFAULT 'active',
  `current_location` varchar(100) DEFAULT NULL,
  `last_maintenance_date` date DEFAULT NULL,
  `maintained_by` int(11) DEFAULT NULL,
  `created_by` int(11) DEFAULT NULL,
  `next_maintenance_date` date DEFAULT NULL,
  `maintenance_interval_days` int(11) DEFAULT 180,
  `calibration_required` tinyint(1) DEFAULT 0,
  `last_calibration_date` date DEFAULT NULL,
  `next_calibration_date` date DEFAULT NULL,
  `specifications` text DEFAULT NULL,
  `notes` text DEFAULT NULL,
  `is_active` tinyint(1) DEFAULT 1,
  `created_at` timestamp NULL DEFAULT current_timestamp(),
  `updated_at` timestamp NULL DEFAULT current_timestamp() ON UPDATE current_timestamp(),
  `archived_at` timestamp NULL DEFAULT NULL,
  PRIMARY KEY (`equipment_id`),
  UNIQUE KEY `equipment_code` (`equipment_code`),
  KEY `idx_equipment_code` (`equipment_code`),
  KEY `idx_equipment_type` (`equipment_type`),
  KEY `idx_status` (`status`),
  KEY `idx_next_maintenance` (`next_maintenance_date`)
) ENGINE=InnoDB DEFAULT CHARSET=utf8mb4 COLLATE=utf8mb4_general_ci;
/*!40101 SET character_set_client = @saved_cs_client */;

--
-- Dumping data for table `theatre_equipment`
--

LOCK TABLES `theatre_equipment` WRITE;
/*!40000 ALTER TABLE `theatre_equipment` DISABLE KEYS */;
/*!40000 ALTER TABLE `theatre_equipment` ENABLE KEYS */;
UNLOCK TABLES;

--
-- Table structure for table `theatre_schedule`
--

DROP TABLE IF EXISTS `theatre_schedule`;
/*!40101 SET @saved_cs_client     = @@character_set_client */;
/*!40101 SET character_set_client = utf8mb4 */;
CREATE TABLE `theatre_schedule` (
  `schedule_id` int(11) NOT NULL AUTO_INCREMENT,
  `theatre_id` int(11) NOT NULL,
  `surgery_id` int(11) DEFAULT NULL,
  `schedule_date` date NOT NULL,
  `start_time` time NOT NULL,
  `end_time` time NOT NULL,
  `activity_type` enum('surgery','maintenance','cleaning','training','meeting') DEFAULT 'surgery',
  `description` varchar(255) DEFAULT NULL,
  `status` enum('scheduled','confirmed','completed','cancelled') DEFAULT 'scheduled',
  `created_at` timestamp NULL DEFAULT current_timestamp(),
  `updated_at` timestamp NULL DEFAULT current_timestamp() ON UPDATE current_timestamp(),
  `created_by` int(11) DEFAULT NULL,
  PRIMARY KEY (`schedule_id`),
  KEY `surgery_id` (`surgery_id`),
  KEY `idx_theatre_date` (`theatre_id`,`schedule_date`),
  KEY `idx_activity_type` (`activity_type`),
  KEY `idx_status` (`status`)
) ENGINE=InnoDB DEFAULT CHARSET=utf8mb4 COLLATE=utf8mb4_general_ci;
/*!40101 SET character_set_client = @saved_cs_client */;

--
-- Dumping data for table `theatre_schedule`
--

LOCK TABLES `theatre_schedule` WRITE;
/*!40000 ALTER TABLE `theatre_schedule` DISABLE KEYS */;
/*!40000 ALTER TABLE `theatre_schedule` ENABLE KEYS */;
UNLOCK TABLES;

--
-- Table structure for table `theatres`
--

DROP TABLE IF EXISTS `theatres`;
/*!40101 SET @saved_cs_client     = @@character_set_client */;
/*!40101 SET character_set_client = utf8mb4 */;
CREATE TABLE `theatres` (
  `theatre_id` int(11) NOT NULL AUTO_INCREMENT,
  `theatre_number` varchar(20) NOT NULL,
  `theatre_name` varchar(100) NOT NULL,
  `description` text DEFAULT NULL,
  `location` varchar(100) DEFAULT NULL,
  `capacity` int(11) DEFAULT 1,
  `status` enum('available','in_use','maintenance','cleaning') DEFAULT 'available',
  `equipment_available` text DEFAULT NULL,
  `is_active` tinyint(1) DEFAULT 1,
  `created_at` timestamp NULL DEFAULT current_timestamp(),
  `updated_at` timestamp NULL DEFAULT current_timestamp() ON UPDATE current_timestamp(),
  `created_by` int(11) DEFAULT NULL,
  `modified_by` int(11) DEFAULT NULL,
  `archived_at` timestamp NULL DEFAULT NULL,
  `floor_area` int(11) DEFAULT NULL,
  `air_changes_per_hour` int(11) DEFAULT NULL,
  `modified_at` datetime DEFAULT NULL,
  PRIMARY KEY (`theatre_id`),
  UNIQUE KEY `theatre_number` (`theatre_number`),
  KEY `idx_theatre_number` (`theatre_number`),
  KEY `idx_status` (`status`),
  KEY `idx_is_active` (`is_active`)
) ENGINE=InnoDB AUTO_INCREMENT=7 DEFAULT CHARSET=utf8mb4 COLLATE=utf8mb4_general_ci;
/*!40101 SET character_set_client = @saved_cs_client */;

--
-- Dumping data for table `theatres`
--

LOCK TABLES `theatres` WRITE;
/*!40000 ALTER TABLE `theatres` DISABLE KEYS */;
INSERT INTO `theatres` VALUES
(1,'OT-01','Main Operation Theatre',NULL,'First Floor, East Wing',1,'available',NULL,1,'2025-11-06 04:41:33','2025-11-06 04:41:33',NULL,NULL,NULL,NULL,NULL,NULL),
(2,'OT-02','Cardiac Theatre',NULL,'Second Floor, Cardiac Wing',1,'available',NULL,1,'2025-11-06 04:41:33','2025-11-06 04:41:33',NULL,NULL,NULL,NULL,NULL,NULL),
(3,'OT-03','Emergency Theatre',NULL,'Ground Floor, Emergency Wing',1,'available',NULL,1,'2025-11-06 04:41:33','2025-11-06 04:41:33',NULL,NULL,NULL,NULL,NULL,NULL),
(4,'OT-04','Orthopedic Theatre',NULL,'First Floor, West Wing',1,'maintenance',NULL,1,'2025-11-06 04:41:33','2025-11-06 04:41:33',NULL,NULL,NULL,NULL,NULL,NULL),
(5,'OT 05','NEW THEATRE','TEST','EAST',2,'available','TEST',1,'2025-12-15 18:44:13','2025-12-15 18:44:13',1,NULL,NULL,NULL,NULL,NULL),
(6,'MAT 02','MATERNITY THEATRE','TEST','MAT AREA',2,'available','TEST',1,'2026-01-10 17:16:26','2026-01-10 17:16:26',1,NULL,NULL,29,20,NULL);
/*!40000 ALTER TABLE `theatres` ENABLE KEYS */;
UNLOCK TABLES;

--
-- Table structure for table `ticket_comments`
--

DROP TABLE IF EXISTS `ticket_comments`;
/*!40101 SET @saved_cs_client     = @@character_set_client */;
/*!40101 SET character_set_client = utf8mb4 */;
CREATE TABLE `ticket_comments` (
  `comment_id` int(11) NOT NULL AUTO_INCREMENT,
  `ticket_id` int(11) NOT NULL,
  `comment_text` text NOT NULL,
  `commented_by` int(11) NOT NULL,
  `is_internal` tinyint(1) DEFAULT 0,
  `created_at` datetime DEFAULT NULL,
  `updated_at` datetime DEFAULT NULL,
  PRIMARY KEY (`comment_id`),
  KEY `commented_by` (`commented_by`),
  KEY `idx_ticket_comments_ticket` (`ticket_id`)
) ENGINE=InnoDB AUTO_INCREMENT=7 DEFAULT CHARSET=utf8mb4 COLLATE=utf8mb4_unicode_ci;
/*!40101 SET character_set_client = @saved_cs_client */;

--
-- Dumping data for table `ticket_comments`
--

LOCK TABLES `ticket_comments` WRITE;
/*!40000 ALTER TABLE `ticket_comments` DISABLE KEYS */;
INSERT INTO `ticket_comments` VALUES
(1,3,'test',1,0,'2025-12-12 10:20:28',NULL),
(2,3,'test2',1,0,'2025-12-12 10:20:36',NULL),
(3,1,'test',1,0,'2025-12-12 10:21:29',NULL),
(4,1,'wee.',1,0,'2025-12-12 21:50:24',NULL),
(5,3,'Update: [Provide current status]\\r\\n\\r\\nNext Steps: [Describe what happens next]\\r\\n\\r\\nETA for resolution: [Provide timeframe]',1,0,'2025-12-12 22:09:44',NULL),
(6,3,'Acknowledged. I\\\'ve received your ticket and will begin investigating shortly.',1,0,'2025-12-12 22:10:43',NULL);
/*!40000 ALTER TABLE `ticket_comments` ENABLE KEYS */;
UNLOCK TABLES;

--
-- Table structure for table `ticket_replies`
--

DROP TABLE IF EXISTS `ticket_replies`;
/*!40101 SET @saved_cs_client     = @@character_set_client */;
/*!40101 SET character_set_client = utf8mb4 */;
CREATE TABLE `ticket_replies` (
  `reply_id` int(11) NOT NULL AUTO_INCREMENT,
  `ticket_id` int(11) NOT NULL,
  `user_id` int(11) NOT NULL,
  `reply_text` text NOT NULL,
  `created_at` timestamp NULL DEFAULT current_timestamp(),
  `is_internal` tinyint(1) DEFAULT 0,
  PRIMARY KEY (`reply_id`),
  KEY `ticket_id` (`ticket_id`),
  KEY `user_id` (`user_id`)
) ENGINE=InnoDB DEFAULT CHARSET=utf8mb4 COLLATE=utf8mb4_general_ci;
/*!40101 SET character_set_client = @saved_cs_client */;

--
-- Dumping data for table `ticket_replies`
--

LOCK TABLES `ticket_replies` WRITE;
/*!40000 ALTER TABLE `ticket_replies` DISABLE KEYS */;
/*!40000 ALTER TABLE `ticket_replies` ENABLE KEYS */;
UNLOCK TABLES;

--
-- Table structure for table `tickets`
--

DROP TABLE IF EXISTS `tickets`;
/*!40101 SET @saved_cs_client     = @@character_set_client */;
/*!40101 SET character_set_client = utf8mb4 */;
CREATE TABLE `tickets` (
  `ticket_id` int(11) NOT NULL AUTO_INCREMENT,
  `ticket_number` varchar(50) NOT NULL,
  `ticket_title` varchar(255) NOT NULL,
  `ticket_description` text NOT NULL,
  `ticket_priority` enum('low','medium','high','urgent') DEFAULT 'medium',
  `ticket_category` varchar(100) DEFAULT NULL,
  `ticket_status` enum('open','in_progress','on_hold','closed') DEFAULT 'open',
  `user_id` int(11) NOT NULL,
  `assigned_to` int(11) DEFAULT NULL,
  `resolution` text DEFAULT NULL,
  `created_at` datetime DEFAULT NULL,
  `updated_at` datetime DEFAULT NULL,
  `closed_at` datetime DEFAULT NULL,
  `last_activity` datetime DEFAULT NULL,
  `created_by` int(11) DEFAULT NULL,
  `updated_by` int(11) DEFAULT NULL,
  `closed_by` int(11) DEFAULT NULL,
  PRIMARY KEY (`ticket_id`),
  UNIQUE KEY `ticket_number` (`ticket_number`),
  KEY `created_by` (`created_by`),
  KEY `updated_by` (`updated_by`),
  KEY `closed_by` (`closed_by`),
  KEY `idx_ticket_status` (`ticket_status`),
  KEY `idx_ticket_priority` (`ticket_priority`),
  KEY `idx_ticket_assigned` (`assigned_to`),
  KEY `idx_ticket_user` (`user_id`),
  KEY `idx_ticket_created` (`created_at`)
) ENGINE=InnoDB AUTO_INCREMENT=5 DEFAULT CHARSET=utf8mb4 COLLATE=utf8mb4_unicode_ci;
/*!40101 SET character_set_client = @saved_cs_client */;

--
-- Dumping data for table `tickets`
--

LOCK TABLES `tickets` WRITE;
/*!40000 ALTER TABLE `tickets` DISABLE KEYS */;
INSERT INTO `tickets` VALUES
(1,'TKT-20251212-693BB30F46E78','test','printer cable fault','medium','Hardware','closed',1,1,'resoled','2025-12-12 09:15:43','2025-12-12 10:26:19','2025-12-12 10:26:19','2025-12-12 21:50:24',1,1,1),
(3,'TKT-20251212-693BB89A515D9','test','fsfsfsg','high','Hardware','closed',1,2,'fff','2025-12-12 09:39:22','2025-12-12 21:22:42','2025-12-12 21:22:42','2025-12-12 22:10:43',1,1,1),
(4,'TKT-20251228-69516D7ABA9BE','test','sdgsdgsdg','urgent','Software','open',1,1,NULL,'2025-12-28 20:48:42',NULL,NULL,NULL,1,NULL,NULL);
/*!40000 ALTER TABLE `tickets` ENABLE KEYS */;
UNLOCK TABLES;

--
-- Table structure for table `training_certifications`
--

DROP TABLE IF EXISTS `training_certifications`;
/*!40101 SET @saved_cs_client     = @@character_set_client */;
/*!40101 SET character_set_client = utf8mb4 */;
CREATE TABLE `training_certifications` (
  `certificate_id` int(11) NOT NULL AUTO_INCREMENT,
  `enrollment_id` int(11) NOT NULL,
  `certificate_number` varchar(100) DEFAULT NULL,
  `issue_date` date NOT NULL,
  `expiry_date` date DEFAULT NULL,
  `issued_by` varchar(255) DEFAULT NULL,
  `created_at` timestamp NULL DEFAULT current_timestamp(),
  PRIMARY KEY (`certificate_id`),
  UNIQUE KEY `certificate_number` (`certificate_number`),
  KEY `enrollment_id` (`enrollment_id`)
) ENGINE=InnoDB DEFAULT CHARSET=utf8mb4 COLLATE=utf8mb4_unicode_ci;
/*!40101 SET character_set_client = @saved_cs_client */;

--
-- Dumping data for table `training_certifications`
--

LOCK TABLES `training_certifications` WRITE;
/*!40000 ALTER TABLE `training_certifications` DISABLE KEYS */;
/*!40000 ALTER TABLE `training_certifications` ENABLE KEYS */;
UNLOCK TABLES;

--
-- Table structure for table `training_courses`
--

DROP TABLE IF EXISTS `training_courses`;
/*!40101 SET @saved_cs_client     = @@character_set_client */;
/*!40101 SET character_set_client = utf8mb4 */;
CREATE TABLE `training_courses` (
  `course_id` int(11) NOT NULL AUTO_INCREMENT,
  `course_name` varchar(255) NOT NULL,
  `course_code` varchar(50) DEFAULT NULL,
  `category` varchar(100) DEFAULT NULL,
  `training_type` enum('technical','soft_skills','compliance','leadership','mandatory') DEFAULT 'technical',
  `duration_hours` decimal(5,2) DEFAULT NULL,
  `learning_objectives` text DEFAULT NULL,
  `prerequisites` text DEFAULT NULL,
  `provider_id` int(11) DEFAULT NULL,
  `is_active` tinyint(1) DEFAULT 1,
  `created_at` timestamp NULL DEFAULT current_timestamp(),
  `updated_at` timestamp NULL DEFAULT current_timestamp() ON UPDATE current_timestamp(),
  PRIMARY KEY (`course_id`),
  UNIQUE KEY `course_code` (`course_code`),
  KEY `provider_id` (`provider_id`)
) ENGINE=InnoDB AUTO_INCREMENT=2 DEFAULT CHARSET=utf8mb4 COLLATE=utf8mb4_unicode_ci;
/*!40101 SET character_set_client = @saved_cs_client */;

--
-- Dumping data for table `training_courses`
--

LOCK TABLES `training_courses` WRITE;
/*!40000 ALTER TABLE `training_courses` DISABLE KEYS */;
INSERT INTO `training_courses` VALUES
(1,'LINUX BASICS','TRG_LINUXB','IT MANAGER','soft_skills',3.00,'TEST','TEST',1,1,'2025-11-26 15:08:21','2025-11-26 15:08:21');
/*!40000 ALTER TABLE `training_courses` ENABLE KEYS */;
UNLOCK TABLES;

--
-- Table structure for table `training_enrollments`
--

DROP TABLE IF EXISTS `training_enrollments`;
/*!40101 SET @saved_cs_client     = @@character_set_client */;
/*!40101 SET character_set_client = utf8mb4 */;
CREATE TABLE `training_enrollments` (
  `enrollment_id` int(11) NOT NULL AUTO_INCREMENT,
  `session_id` int(11) NOT NULL,
  `employee_id` int(11) NOT NULL,
  `enrollment_status` enum('registered','attended','no_show','cancelled') DEFAULT 'registered',
  `attendance_status` enum('present','absent','late','left_early') DEFAULT NULL,
  `completion_status` enum('not_started','in_progress','completed','failed') DEFAULT 'not_started',
  `grade` varchar(20) DEFAULT NULL,
  `feedback` text DEFAULT NULL,
  `created_at` timestamp NULL DEFAULT current_timestamp(),
  `updated_at` timestamp NULL DEFAULT current_timestamp() ON UPDATE current_timestamp(),
  PRIMARY KEY (`enrollment_id`),
  UNIQUE KEY `session_id` (`session_id`,`employee_id`),
  KEY `employee_id` (`employee_id`)
) ENGINE=InnoDB AUTO_INCREMENT=4 DEFAULT CHARSET=utf8mb4 COLLATE=utf8mb4_unicode_ci;
/*!40101 SET character_set_client = @saved_cs_client */;

--
-- Dumping data for table `training_enrollments`
--

LOCK TABLES `training_enrollments` WRITE;
/*!40000 ALTER TABLE `training_enrollments` DISABLE KEYS */;
INSERT INTO `training_enrollments` VALUES
(1,1,1,'attended','present','completed','A','test','2025-11-26 15:27:47','2025-11-26 18:09:59'),
(3,1,2,'attended','present','completed','B','test','2025-11-26 15:29:27','2025-11-26 18:09:59');
/*!40000 ALTER TABLE `training_enrollments` ENABLE KEYS */;
UNLOCK TABLES;

--
-- Table structure for table `training_providers`
--

DROP TABLE IF EXISTS `training_providers`;
/*!40101 SET @saved_cs_client     = @@character_set_client */;
/*!40101 SET character_set_client = utf8mb4 */;
CREATE TABLE `training_providers` (
  `provider_id` int(11) NOT NULL AUTO_INCREMENT,
  `provider_name` varchar(255) NOT NULL,
  `nita_accreditation_no` varchar(100) DEFAULT NULL,
  `contact_person` varchar(255) DEFAULT NULL,
  `phone` varchar(50) DEFAULT NULL,
  `email` varchar(255) DEFAULT NULL,
  `address` text DEFAULT NULL,
  `is_active` tinyint(1) DEFAULT 1,
  `created_at` timestamp NULL DEFAULT current_timestamp(),
  PRIMARY KEY (`provider_id`)
) ENGINE=InnoDB AUTO_INCREMENT=2 DEFAULT CHARSET=utf8mb4 COLLATE=utf8mb4_unicode_ci;
/*!40101 SET character_set_client = @saved_cs_client */;

--
-- Dumping data for table `training_providers`
--

LOCK TABLES `training_providers` WRITE;
/*!40000 ALTER TABLE `training_providers` DISABLE KEYS */;
INSERT INTO `training_providers` VALUES
(1,'LINUX ADMINS SOLUTIONS',NULL,'linuxadmin','+254896857584','linuxadmin@gmail.com','4747474747',1,'2025-11-26 15:06:09');
/*!40000 ALTER TABLE `training_providers` ENABLE KEYS */;
UNLOCK TABLES;

--
-- Table structure for table `training_sessions`
--

DROP TABLE IF EXISTS `training_sessions`;
/*!40101 SET @saved_cs_client     = @@character_set_client */;
/*!40101 SET character_set_client = utf8mb4 */;
CREATE TABLE `training_sessions` (
  `session_id` int(11) NOT NULL AUTO_INCREMENT,
  `course_id` int(11) NOT NULL,
  `trainer_id` int(11) DEFAULT NULL,
  `location` varchar(255) DEFAULT NULL,
  `start_datetime` datetime NOT NULL,
  `end_datetime` datetime NOT NULL,
  `max_participants` int(11) DEFAULT NULL,
  `status` enum('scheduled','in_progress','completed','cancelled') DEFAULT 'scheduled',
  `notes` text DEFAULT NULL,
  `created_at` timestamp NULL DEFAULT current_timestamp(),
  `updated_at` timestamp NULL DEFAULT current_timestamp() ON UPDATE current_timestamp(),
  PRIMARY KEY (`session_id`),
  KEY `course_id` (`course_id`),
  KEY `trainer_id` (`trainer_id`)
) ENGINE=InnoDB AUTO_INCREMENT=2 DEFAULT CHARSET=utf8mb4 COLLATE=utf8mb4_unicode_ci;
/*!40101 SET character_set_client = @saved_cs_client */;

--
-- Dumping data for table `training_sessions`
--

LOCK TABLES `training_sessions` WRITE;
/*!40000 ALTER TABLE `training_sessions` DISABLE KEYS */;
INSERT INTO `training_sessions` VALUES
(1,1,1,'','2025-11-27 23:11:00','2025-12-02 16:02:00',NULL,'completed','','2025-11-26 15:10:18','2025-11-26 18:09:59');
/*!40000 ALTER TABLE `training_sessions` ENABLE KEYS */;
UNLOCK TABLES;

--
-- Table structure for table `transfer_items`
--

DROP TABLE IF EXISTS `transfer_items`;
/*!40101 SET @saved_cs_client     = @@character_set_client */;
/*!40101 SET character_set_client = utf8mb4 */;
CREATE TABLE `transfer_items` (
  `ti_id` int(11) NOT NULL AUTO_INCREMENT,
  `ti_transfer_id` int(11) NOT NULL,
  `ti_drug_id` int(11) NOT NULL,
  `ti_quantity` int(11) NOT NULL,
  `ti_batch_number` varchar(100) DEFAULT NULL,
  PRIMARY KEY (`ti_id`),
  KEY `ti_transfer_id` (`ti_transfer_id`),
  KEY `ti_drug_id` (`ti_drug_id`)
) ENGINE=InnoDB DEFAULT CHARSET=utf8mb4 COLLATE=utf8mb4_general_ci;
/*!40101 SET character_set_client = @saved_cs_client */;

--
-- Dumping data for table `transfer_items`
--

LOCK TABLES `transfer_items` WRITE;
/*!40000 ALTER TABLE `transfer_items` DISABLE KEYS */;
/*!40000 ALTER TABLE `transfer_items` ENABLE KEYS */;
UNLOCK TABLES;

--
-- Table structure for table `transfers`
--

DROP TABLE IF EXISTS `transfers`;
/*!40101 SET @saved_cs_client     = @@character_set_client */;
/*!40101 SET character_set_client = utf8mb4 */;
CREATE TABLE `transfers` (
  `transfer_id` int(11) NOT NULL AUTO_INCREMENT,
  `transfer_method` varchar(200) DEFAULT NULL,
  `transfer_notes` text DEFAULT NULL,
  `transfer_created_at` datetime NOT NULL DEFAULT current_timestamp(),
  `transfer_updated_at` datetime DEFAULT NULL ON UPDATE current_timestamp(),
  `transfer_archived_at` datetime DEFAULT NULL,
  `transfer_expense_id` int(11) NOT NULL,
  `transfer_revenue_id` int(11) NOT NULL,
  PRIMARY KEY (`transfer_id`)
) ENGINE=InnoDB DEFAULT CHARSET=utf8mb4 COLLATE=utf8mb4_general_ci;
/*!40101 SET character_set_client = @saved_cs_client */;

--
-- Dumping data for table `transfers`
--

LOCK TABLES `transfers` WRITE;
/*!40000 ALTER TABLE `transfers` DISABLE KEYS */;
/*!40000 ALTER TABLE `transfers` ENABLE KEYS */;
UNLOCK TABLES;

--
-- Table structure for table `trauma_team_activations`
--

DROP TABLE IF EXISTS `trauma_team_activations`;
/*!40101 SET @saved_cs_client     = @@character_set_client */;
/*!40101 SET character_set_client = utf8mb4 */;
CREATE TABLE `trauma_team_activations` (
  `activation_id` int(11) NOT NULL AUTO_INCREMENT,
  `emergency_id` int(11) NOT NULL,
  `activation_reason` text NOT NULL,
  `activation_level` varchar(50) NOT NULL,
  `team_leader_id` int(11) NOT NULL,
  `activated_by` int(11) NOT NULL,
  `activated_at` timestamp NULL DEFAULT current_timestamp(),
  `status` enum('active','inactive','completed') NOT NULL DEFAULT 'active',
  PRIMARY KEY (`activation_id`),
  KEY `idx_emergency_id` (`emergency_id`),
  KEY `idx_team_leader_id` (`team_leader_id`),
  KEY `idx_activated_by` (`activated_by`)
) ENGINE=InnoDB DEFAULT CHARSET=utf8mb4 COLLATE=utf8mb4_unicode_ci;
/*!40101 SET character_set_client = @saved_cs_client */;

--
-- Dumping data for table `trauma_team_activations`
--

LOCK TABLES `trauma_team_activations` WRITE;
/*!40000 ALTER TABLE `trauma_team_activations` DISABLE KEYS */;
/*!40000 ALTER TABLE `trauma_team_activations` ENABLE KEYS */;
UNLOCK TABLES;

--
-- Table structure for table `trauma_team_assignments`
--

DROP TABLE IF EXISTS `trauma_team_assignments`;
/*!40101 SET @saved_cs_client     = @@character_set_client */;
/*!40101 SET character_set_client = utf8mb4 */;
CREATE TABLE `trauma_team_assignments` (
  `assignment_id` int(11) NOT NULL AUTO_INCREMENT,
  `emergency_id` int(11) NOT NULL,
  `user_id` int(11) NOT NULL,
  `role` varchar(100) NOT NULL,
  `assigned_by` int(11) NOT NULL,
  `assigned_at` timestamp NULL DEFAULT current_timestamp(),
  PRIMARY KEY (`assignment_id`),
  KEY `idx_emergency_id` (`emergency_id`),
  KEY `idx_user_id` (`user_id`),
  KEY `idx_assigned_by` (`assigned_by`)
) ENGINE=InnoDB DEFAULT CHARSET=utf8mb4 COLLATE=utf8mb4_unicode_ci;
/*!40101 SET character_set_client = @saved_cs_client */;

--
-- Dumping data for table `trauma_team_assignments`
--

LOCK TABLES `trauma_team_assignments` WRITE;
/*!40000 ALTER TABLE `trauma_team_assignments` DISABLE KEYS */;
/*!40000 ALTER TABLE `trauma_team_assignments` ENABLE KEYS */;
UNLOCK TABLES;

--
-- Table structure for table `treatment_plans`
--

DROP TABLE IF EXISTS `treatment_plans`;
/*!40101 SET @saved_cs_client     = @@character_set_client */;
/*!40101 SET character_set_client = utf8mb4 */;
CREATE TABLE `treatment_plans` (
  `plan_id` int(11) NOT NULL AUTO_INCREMENT,
  `visit_id` int(11) NOT NULL,
  `plan_type` enum('medication','procedure','therapy','lifestyle','followup','education') NOT NULL,
  `description` text NOT NULL,
  `instructions` text DEFAULT NULL,
  `start_date` date DEFAULT NULL,
  `end_date` date DEFAULT NULL,
  `frequency` varchar(100) DEFAULT NULL,
  `status` enum('pending','active','completed','cancelled') DEFAULT 'pending',
  `created_by` int(11) NOT NULL,
  `created_at` timestamp NULL DEFAULT current_timestamp(),
  `updated_at` timestamp NULL DEFAULT current_timestamp() ON UPDATE current_timestamp(),
  PRIMARY KEY (`plan_id`),
  KEY `created_by` (`created_by`),
  KEY `idx_visit_plan` (`visit_id`,`plan_type`,`status`)
) ENGINE=InnoDB AUTO_INCREMENT=2 DEFAULT CHARSET=utf8mb4 COLLATE=utf8mb4_unicode_ci;
/*!40101 SET character_set_client = @saved_cs_client */;

--
-- Dumping data for table `treatment_plans`
--

LOCK TABLES `treatment_plans` WRITE;
/*!40000 ALTER TABLE `treatment_plans` DISABLE KEYS */;
INSERT INTO `treatment_plans` VALUES
(1,12,'medication','TEST','TEST','2025-12-29','2025-12-31','3','completed',1,'2025-12-29 19:42:05','2025-12-29 19:42:14');
/*!40000 ALTER TABLE `treatment_plans` ENABLE KEYS */;
UNLOCK TABLES;

--
-- Table structure for table `treatments`
--

DROP TABLE IF EXISTS `treatments`;
/*!40101 SET @saved_cs_client     = @@character_set_client */;
/*!40101 SET character_set_client = utf8mb4 */;
CREATE TABLE `treatments` (
  `treatment_id` int(11) NOT NULL AUTO_INCREMENT,
  `visit_id` int(11) NOT NULL,
  `patient_id` int(11) NOT NULL,
  `treatment_type` enum('medication','procedure','therapy','surgery','other') DEFAULT NULL,
  `treatment_name` varchar(255) NOT NULL,
  `dosage` varchar(100) DEFAULT NULL,
  `frequency` varchar(100) DEFAULT NULL,
  `duration` varchar(100) DEFAULT NULL,
  `instructions` text DEFAULT NULL,
  `prescribed_by` int(11) NOT NULL,
  `prescribed_at` timestamp NULL DEFAULT current_timestamp(),
  PRIMARY KEY (`treatment_id`),
  KEY `visit_id` (`visit_id`)
) ENGINE=InnoDB DEFAULT CHARSET=utf8mb4 COLLATE=utf8mb4_general_ci;
/*!40101 SET character_set_client = @saved_cs_client */;

--
-- Dumping data for table `treatments`
--

LOCK TABLES `treatments` WRITE;
/*!40000 ALTER TABLE `treatments` DISABLE KEYS */;
/*!40000 ALTER TABLE `treatments` ENABLE KEYS */;
UNLOCK TABLES;

--
-- Table structure for table `triage_categories`
--

DROP TABLE IF EXISTS `triage_categories`;
/*!40101 SET @saved_cs_client     = @@character_set_client */;
/*!40101 SET character_set_client = utf8mb4 */;
CREATE TABLE `triage_categories` (
  `id` int(11) NOT NULL AUTO_INCREMENT,
  `visit_id` int(11) NOT NULL,
  `triage_level` enum('Resuscitation','Emergent','Urgent','Less Urgent','Non-Urgent') NOT NULL,
  `triage_color` varchar(20) DEFAULT NULL,
  `chief_complaint` text DEFAULT NULL,
  `vital_signs` longtext CHARACTER SET utf8mb4 COLLATE utf8mb4_bin DEFAULT NULL CHECK (json_valid(`vital_signs`)),
  `mental_status` enum('Alert','Verbal','Pain','Unresponsive') DEFAULT NULL,
  `acuity_score` int(11) DEFAULT NULL CHECK (`acuity_score` between 1 and 5),
  `nurse_notes` text DEFAULT NULL,
  `assigned_to` int(11) DEFAULT NULL,
  `created_at` timestamp NULL DEFAULT current_timestamp(),
  `updated_at` timestamp NULL DEFAULT current_timestamp() ON UPDATE current_timestamp(),
  PRIMARY KEY (`id`),
  KEY `assigned_to` (`assigned_to`),
  KEY `idx_visit_id` (`visit_id`),
  KEY `idx_triage_level` (`triage_level`),
  KEY `idx_created_at` (`created_at`)
) ENGINE=InnoDB AUTO_INCREMENT=9 DEFAULT CHARSET=utf8mb4 COLLATE=utf8mb4_unicode_ci;
/*!40101 SET character_set_client = @saved_cs_client */;

--
-- Dumping data for table `triage_categories`
--

LOCK TABLES `triage_categories` WRITE;
/*!40000 ALTER TABLE `triage_categories` DISABLE KEYS */;
INSERT INTO `triage_categories` VALUES
(1,1,'Emergent','red','Chest pain radiating to left arm',NULL,'Alert',1,NULL,NULL,'2025-12-30 06:48:55','2025-12-30 06:48:55'),
(2,2,'Urgent','orange','Fever and cough for 3 days',NULL,'Alert',2,NULL,NULL,'2025-12-30 06:48:55','2025-12-30 06:48:55'),
(3,3,'Less Urgent','yellow','Follow-up for chronic condition',NULL,'Alert',4,NULL,NULL,'2025-12-30 06:48:55','2025-12-30 06:48:55'),
(4,4,'Non-Urgent','green','Routine check-up',NULL,'Alert',5,NULL,NULL,'2025-12-30 06:48:55','2025-12-30 06:48:55'),
(5,1,'Emergent','red','Chest pain radiating to left arm',NULL,'Alert',1,NULL,NULL,'2025-12-30 06:49:30','2025-12-30 06:49:30'),
(6,2,'Urgent','orange','Fever and cough for 3 days',NULL,'Alert',2,NULL,NULL,'2025-12-30 06:49:30','2025-12-30 06:49:30'),
(7,3,'Less Urgent','yellow','Follow-up for chronic condition',NULL,'Alert',4,NULL,NULL,'2025-12-30 06:49:30','2025-12-30 06:49:30'),
(8,4,'Non-Urgent','green','Routine check-up',NULL,'Alert',5,NULL,NULL,'2025-12-30 06:49:30','2025-12-30 06:49:30');
/*!40000 ALTER TABLE `triage_categories` ENABLE KEYS */;
UNLOCK TABLES;

--
-- Table structure for table `user_permissions`
--

DROP TABLE IF EXISTS `user_permissions`;
/*!40101 SET @saved_cs_client     = @@character_set_client */;
/*!40101 SET character_set_client = utf8mb4 */;
CREATE TABLE `user_permissions` (
  `user_permission_id` int(11) NOT NULL AUTO_INCREMENT,
  `user_id` int(11) NOT NULL,
  `permission_id` int(11) NOT NULL,
  `permission_value` tinyint(1) DEFAULT 1,
  `granted_at` timestamp NULL DEFAULT current_timestamp(),
  `expires_at` timestamp NULL DEFAULT NULL,
  PRIMARY KEY (`user_permission_id`),
  UNIQUE KEY `unique_user_permission` (`user_id`,`permission_id`),
  KEY `permission_id` (`permission_id`)
) ENGINE=InnoDB AUTO_INCREMENT=499 DEFAULT CHARSET=utf8mb4 COLLATE=utf8mb4_general_ci;
/*!40101 SET character_set_client = @saved_cs_client */;

--
-- Dumping data for table `user_permissions`
--

LOCK TABLES `user_permissions` WRITE;
/*!40000 ALTER TABLE `user_permissions` DISABLE KEYS */;
INSERT INTO `user_permissions` VALUES
(1,1,17,1,'2025-11-10 23:11:51',NULL),
(86,3,22,0,'2025-11-16 10:17:06',NULL),
(87,3,52,0,'2025-11-16 10:17:06',NULL),
(88,3,51,0,'2025-11-16 10:17:06',NULL),
(89,3,53,0,'2025-11-16 10:17:06',NULL),
(90,3,70,0,'2025-11-16 10:17:06',NULL),
(91,3,54,0,'2025-11-16 10:17:06',NULL),
(92,3,57,0,'2025-11-16 10:17:06',NULL),
(93,3,55,0,'2025-11-16 10:17:06',NULL),
(94,3,56,0,'2025-11-16 10:17:06',NULL),
(95,3,50,0,'2025-11-16 10:17:06',NULL),
(96,3,48,0,'2025-11-16 10:17:06',NULL),
(97,3,49,0,'2025-11-16 10:17:06',NULL),
(98,3,62,0,'2025-11-16 10:17:06',NULL),
(99,3,63,0,'2025-11-16 10:17:06',NULL),
(100,3,61,0,'2025-11-16 10:17:06',NULL),
(101,3,58,0,'2025-11-16 10:17:06',NULL),
(102,3,60,0,'2025-11-16 10:17:06',NULL),
(103,3,59,0,'2025-11-16 10:17:06',NULL),
(104,3,65,0,'2025-11-16 10:17:06',NULL),
(105,3,66,0,'2025-11-16 10:17:06',NULL),
(106,3,64,0,'2025-11-16 10:17:06',NULL),
(107,3,45,0,'2025-11-16 10:17:06',NULL),
(108,3,68,0,'2025-11-16 10:17:06',NULL),
(109,3,69,0,'2025-11-16 10:17:06',NULL),
(110,3,67,0,'2025-11-16 10:17:06',NULL),
(111,3,21,0,'2025-11-16 10:17:06',NULL),
(112,3,46,0,'2025-11-16 10:17:06',NULL),
(113,3,47,0,'2025-11-16 10:17:06',NULL),
(114,3,23,0,'2025-11-16 10:17:06',NULL),
(115,3,24,0,'2025-11-16 10:17:06',NULL),
(116,3,32,0,'2025-11-16 10:17:06',NULL),
(117,3,30,0,'2025-11-16 10:17:06',NULL),
(118,3,28,0,'2025-11-16 10:17:06',NULL),
(119,3,29,0,'2025-11-16 10:17:06',NULL),
(120,3,31,0,'2025-11-16 10:17:06',NULL),
(121,3,27,0,'2025-11-16 10:17:06',NULL),
(122,3,9,0,'2025-11-16 10:17:06',NULL),
(123,3,8,0,'2025-11-16 10:17:06',NULL),
(124,3,2,0,'2025-11-16 10:17:06',NULL),
(125,3,10,0,'2025-11-16 10:17:06',NULL),
(126,3,7,0,'2025-11-16 10:17:06',NULL),
(127,3,4,0,'2025-11-16 10:17:06',NULL),
(128,3,3,0,'2025-11-16 10:17:06',NULL),
(129,3,1,0,'2025-11-16 10:17:06',NULL),
(130,3,6,0,'2025-11-16 10:17:06',NULL),
(131,3,13,0,'2025-11-16 10:17:06',NULL),
(132,3,11,0,'2025-11-16 10:17:06',NULL),
(133,3,5,0,'2025-11-16 10:17:06',NULL),
(134,3,12,0,'2025-11-16 10:17:06',NULL),
(135,3,43,0,'2025-11-16 10:17:06',NULL),
(136,3,26,1,'2025-11-16 10:17:06',NULL),
(137,3,25,1,'2025-11-16 10:17:06',NULL),
(138,3,15,0,'2025-11-16 10:17:06',NULL),
(139,3,17,0,'2025-11-16 10:17:06',NULL),
(140,3,16,0,'2025-11-16 10:17:06',NULL),
(141,3,44,0,'2025-11-16 10:17:06',NULL),
(142,3,14,0,'2025-11-16 10:17:06',NULL),
(143,3,34,0,'2025-11-16 10:17:06',NULL),
(144,3,35,0,'2025-11-16 10:17:06',NULL),
(145,3,37,0,'2025-11-16 10:17:06',NULL),
(146,3,39,0,'2025-11-16 10:17:06',NULL),
(147,3,36,0,'2025-11-16 10:17:06',NULL),
(148,3,38,0,'2025-11-16 10:17:06',NULL),
(149,3,33,0,'2025-11-16 10:17:06',NULL),
(150,3,41,0,'2025-11-16 10:17:06',NULL),
(151,3,40,0,'2025-11-16 10:17:06',NULL),
(152,3,42,0,'2025-11-16 10:17:06',NULL),
(153,3,19,0,'2025-11-16 10:17:06',NULL),
(154,3,20,0,'2025-11-16 10:17:06',NULL),
(155,3,18,0,'2025-11-16 10:17:06',NULL),
(324,8,22,0,'2025-11-29 08:16:19',NULL),
(325,8,52,0,'2025-11-29 08:16:19',NULL),
(326,8,51,0,'2025-11-29 08:16:19',NULL),
(327,8,53,0,'2025-11-29 08:16:19',NULL),
(328,8,70,0,'2025-11-29 08:16:19',NULL),
(329,8,54,0,'2025-11-29 08:16:19',NULL),
(330,8,57,0,'2025-11-29 08:16:19',NULL),
(331,8,55,0,'2025-11-29 08:16:19',NULL),
(332,8,56,0,'2025-11-29 08:16:19',NULL),
(333,8,50,0,'2025-11-29 08:16:19',NULL),
(334,8,48,0,'2025-11-29 08:16:19',NULL),
(335,8,49,0,'2025-11-29 08:16:19',NULL),
(336,8,62,0,'2025-11-29 08:16:19',NULL),
(337,8,63,0,'2025-11-29 08:16:19',NULL),
(338,8,61,0,'2025-11-29 08:16:19',NULL),
(339,8,58,0,'2025-11-29 08:16:19',NULL),
(340,8,60,0,'2025-11-29 08:16:19',NULL),
(341,8,59,0,'2025-11-29 08:16:19',NULL),
(342,8,65,0,'2025-11-29 08:16:19',NULL),
(343,8,66,0,'2025-11-29 08:16:19',NULL),
(344,8,64,0,'2025-11-29 08:16:19',NULL),
(345,8,45,0,'2025-11-29 08:16:19',NULL),
(346,8,68,0,'2025-11-29 08:16:19',NULL),
(347,8,69,0,'2025-11-29 08:16:19',NULL),
(348,8,67,0,'2025-11-29 08:16:19',NULL),
(349,8,21,0,'2025-11-29 08:16:19',NULL),
(350,8,46,0,'2025-11-29 08:16:19',NULL),
(351,8,47,0,'2025-11-29 08:16:19',NULL),
(352,8,23,0,'2025-11-29 08:16:19',NULL),
(353,8,24,0,'2025-11-29 08:16:19',NULL),
(354,8,32,0,'2025-11-29 08:16:19',NULL),
(355,8,30,0,'2025-11-29 08:16:19',NULL),
(356,8,28,0,'2025-11-29 08:16:19',NULL),
(357,8,29,0,'2025-11-29 08:16:19',NULL),
(358,8,31,0,'2025-11-29 08:16:19',NULL),
(359,8,27,0,'2025-11-29 08:16:19',NULL),
(360,8,9,0,'2025-11-29 08:16:19',NULL),
(361,8,8,0,'2025-11-29 08:16:19',NULL),
(362,8,2,0,'2025-11-29 08:16:19',NULL),
(363,8,10,0,'2025-11-29 08:16:19',NULL),
(364,8,7,0,'2025-11-29 08:16:19',NULL),
(365,8,4,0,'2025-11-29 08:16:19',NULL),
(366,8,3,0,'2025-11-29 08:16:19',NULL),
(367,8,1,0,'2025-11-29 08:16:19',NULL),
(368,8,6,0,'2025-11-29 08:16:19',NULL),
(369,8,13,0,'2025-11-29 08:16:19',NULL),
(370,8,11,0,'2025-11-29 08:16:19',NULL),
(371,8,5,0,'2025-11-29 08:16:19',NULL),
(372,8,12,0,'2025-11-29 08:16:19',NULL),
(373,8,43,0,'2025-11-29 08:16:19',NULL),
(374,8,26,0,'2025-11-29 08:16:19',NULL),
(375,8,25,0,'2025-11-29 08:16:19',NULL),
(376,8,15,0,'2025-11-29 08:16:19',NULL),
(377,8,17,0,'2025-11-29 08:16:19',NULL),
(378,8,16,0,'2025-11-29 08:16:19',NULL),
(379,8,44,0,'2025-11-29 08:16:19',NULL),
(380,8,14,0,'2025-11-29 08:16:19',NULL),
(381,8,34,0,'2025-11-29 08:16:19',NULL),
(382,8,35,0,'2025-11-29 08:16:19',NULL),
(383,8,37,0,'2025-11-29 08:16:19',NULL),
(384,8,39,0,'2025-11-29 08:16:19',NULL),
(385,8,36,0,'2025-11-29 08:16:19',NULL),
(386,8,38,0,'2025-11-29 08:16:19',NULL),
(387,8,33,0,'2025-11-29 08:16:19',NULL),
(388,8,71,1,'2025-11-29 08:16:19',NULL),
(389,8,79,1,'2025-11-29 08:16:19',NULL),
(390,8,87,1,'2025-11-29 08:16:19',NULL),
(391,8,85,1,'2025-11-29 08:16:19',NULL),
(392,8,86,1,'2025-11-29 08:16:19',NULL),
(393,8,83,1,'2025-11-29 08:16:19',NULL),
(394,8,75,1,'2025-11-29 08:16:19',NULL),
(395,8,80,1,'2025-11-29 08:16:19',NULL),
(396,8,82,1,'2025-11-29 08:16:19',NULL),
(397,8,73,1,'2025-11-29 08:16:19',NULL),
(398,8,77,1,'2025-11-29 08:16:19',NULL),
(399,8,78,1,'2025-11-29 08:16:19',NULL),
(400,8,76,1,'2025-11-29 08:16:19',NULL),
(401,8,84,1,'2025-11-29 08:16:19',NULL),
(402,8,81,1,'2025-11-29 08:16:19',NULL),
(403,8,72,1,'2025-11-29 08:16:19',NULL),
(404,8,74,1,'2025-11-29 08:16:19',NULL),
(405,8,41,0,'2025-11-29 08:16:19',NULL),
(406,8,40,0,'2025-11-29 08:16:19',NULL),
(407,8,42,0,'2025-11-29 08:16:19',NULL),
(408,8,19,0,'2025-11-29 08:16:19',NULL),
(409,8,20,0,'2025-11-29 08:16:19',NULL),
(410,8,18,0,'2025-11-29 08:16:19',NULL),
(411,2,22,0,'2025-11-29 12:02:26',NULL),
(412,2,52,0,'2025-11-29 12:02:26',NULL),
(413,2,51,0,'2025-11-29 12:02:26',NULL),
(414,2,53,0,'2025-11-29 12:02:26',NULL),
(415,2,70,0,'2025-11-29 12:02:26',NULL),
(416,2,54,0,'2025-11-29 12:02:26',NULL),
(417,2,57,0,'2025-11-29 12:02:26',NULL),
(418,2,55,0,'2025-11-29 12:02:26',NULL),
(419,2,56,0,'2025-11-29 12:02:26',NULL),
(420,2,50,0,'2025-11-29 12:02:26',NULL),
(421,2,48,0,'2025-11-29 12:02:26',NULL),
(422,2,49,0,'2025-11-29 12:02:26',NULL),
(423,2,62,0,'2025-11-29 12:02:26',NULL),
(424,2,63,0,'2025-11-29 12:02:26',NULL),
(425,2,61,0,'2025-11-29 12:02:26',NULL),
(426,2,58,0,'2025-11-29 12:02:26',NULL),
(427,2,60,0,'2025-11-29 12:02:26',NULL),
(428,2,59,0,'2025-11-29 12:02:26',NULL),
(429,2,65,0,'2025-11-29 12:02:26',NULL),
(430,2,66,0,'2025-11-29 12:02:26',NULL),
(431,2,64,0,'2025-11-29 12:02:26',NULL),
(432,2,45,0,'2025-11-29 12:02:26',NULL),
(433,2,68,0,'2025-11-29 12:02:26',NULL),
(434,2,69,0,'2025-11-29 12:02:26',NULL),
(435,2,67,0,'2025-11-29 12:02:26',NULL),
(436,2,21,0,'2025-11-29 12:02:26',NULL),
(437,2,46,0,'2025-11-29 12:02:26',NULL),
(438,2,47,0,'2025-11-29 12:02:26',NULL),
(439,2,23,0,'2025-11-29 12:02:26',NULL),
(440,2,24,0,'2025-11-29 12:02:26',NULL),
(441,2,32,0,'2025-11-29 12:02:26',NULL),
(442,2,30,0,'2025-11-29 12:02:26',NULL),
(443,2,28,0,'2025-11-29 12:02:26',NULL),
(444,2,29,0,'2025-11-29 12:02:26',NULL),
(445,2,31,0,'2025-11-29 12:02:26',NULL),
(446,2,27,0,'2025-11-29 12:02:26',NULL),
(447,2,9,0,'2025-11-29 12:02:26',NULL),
(448,2,8,0,'2025-11-29 12:02:26',NULL),
(449,2,2,0,'2025-11-29 12:02:26',NULL),
(450,2,10,0,'2025-11-29 12:02:26',NULL),
(451,2,7,0,'2025-11-29 12:02:26',NULL),
(452,2,4,0,'2025-11-29 12:02:26',NULL),
(453,2,3,0,'2025-11-29 12:02:26',NULL),
(454,2,1,0,'2025-11-29 12:02:26',NULL),
(455,2,6,0,'2025-11-29 12:02:26',NULL),
(456,2,13,0,'2025-11-29 12:02:26',NULL),
(457,2,11,0,'2025-11-29 12:02:26',NULL),
(458,2,5,0,'2025-11-29 12:02:26',NULL),
(459,2,12,0,'2025-11-29 12:02:26',NULL),
(460,2,43,0,'2025-11-29 12:02:26',NULL),
(461,2,26,0,'2025-11-29 12:02:26',NULL),
(462,2,25,0,'2025-11-29 12:02:26',NULL),
(463,2,15,0,'2025-11-29 12:02:26',NULL),
(464,2,17,0,'2025-11-29 12:02:26',NULL),
(465,2,16,0,'2025-11-29 12:02:26',NULL),
(466,2,44,0,'2025-11-29 12:02:26',NULL),
(467,2,14,0,'2025-11-29 12:02:26',NULL),
(468,2,34,0,'2025-11-29 12:02:26',NULL),
(469,2,35,0,'2025-11-29 12:02:26',NULL),
(470,2,37,0,'2025-11-29 12:02:26',NULL),
(471,2,39,0,'2025-11-29 12:02:26',NULL),
(472,2,36,0,'2025-11-29 12:02:26',NULL),
(473,2,38,0,'2025-11-29 12:02:26',NULL),
(474,2,33,0,'2025-11-29 12:02:26',NULL),
(475,2,71,0,'2025-11-29 12:02:26',NULL),
(476,2,79,0,'2025-11-29 12:02:26',NULL),
(477,2,87,0,'2025-11-29 12:02:26',NULL),
(478,2,85,0,'2025-11-29 12:02:26',NULL),
(479,2,86,0,'2025-11-29 12:02:26',NULL),
(480,2,83,0,'2025-11-29 12:02:26',NULL),
(481,2,75,0,'2025-11-29 12:02:26',NULL),
(482,2,80,0,'2025-11-29 12:02:26',NULL),
(483,2,82,0,'2025-11-29 12:02:26',NULL),
(484,2,73,0,'2025-11-29 12:02:26',NULL),
(485,2,77,0,'2025-11-29 12:02:26',NULL),
(486,2,78,0,'2025-11-29 12:02:26',NULL),
(487,2,76,0,'2025-11-29 12:02:26',NULL),
(488,2,84,0,'2025-11-29 12:02:26',NULL),
(489,2,81,0,'2025-11-29 12:02:26',NULL),
(490,2,72,0,'2025-11-29 12:02:26',NULL),
(491,2,74,0,'2025-11-29 12:02:26',NULL),
(492,2,41,0,'2025-11-29 12:02:26',NULL),
(493,2,40,0,'2025-11-29 12:02:26',NULL),
(494,2,42,0,'2025-11-29 12:02:26',NULL),
(495,2,19,1,'2025-11-29 12:02:27',NULL),
(496,2,20,1,'2025-11-29 12:02:27',NULL),
(497,2,18,1,'2025-11-29 12:02:27',NULL),
(498,2,88,0,'2025-11-29 12:02:27',NULL);
/*!40000 ALTER TABLE `user_permissions` ENABLE KEYS */;
UNLOCK TABLES;

--
-- Table structure for table `user_role_permissions`
--

DROP TABLE IF EXISTS `user_role_permissions`;
/*!40101 SET @saved_cs_client     = @@character_set_client */;
/*!40101 SET character_set_client = utf8mb4 */;
CREATE TABLE `user_role_permissions` (
  `user_role_id` int(11) NOT NULL AUTO_INCREMENT,
  `user_id` int(11) NOT NULL,
  `role_id` int(11) NOT NULL,
  `assigned_at` timestamp NULL DEFAULT current_timestamp(),
  `expires_at` timestamp NULL DEFAULT NULL,
  `is_active` tinyint(1) DEFAULT 1,
  PRIMARY KEY (`user_role_id`),
  UNIQUE KEY `unique_user_role` (`user_id`,`role_id`),
  KEY `role_id` (`role_id`)
) ENGINE=InnoDB AUTO_INCREMENT=5 DEFAULT CHARSET=utf8mb4 COLLATE=utf8mb4_general_ci;
/*!40101 SET character_set_client = @saved_cs_client */;

--
-- Dumping data for table `user_role_permissions`
--

LOCK TABLES `user_role_permissions` WRITE;
/*!40000 ALTER TABLE `user_role_permissions` DISABLE KEYS */;
INSERT INTO `user_role_permissions` VALUES
(1,1,1,'2025-11-10 23:11:14',NULL,1),
(2,2,2,'2025-11-11 02:53:13',NULL,1),
(3,3,3,'2025-11-16 10:16:11',NULL,1),
(4,8,7,'2025-11-29 06:47:10',NULL,1);
/*!40000 ALTER TABLE `user_role_permissions` ENABLE KEYS */;
UNLOCK TABLES;

--
-- Table structure for table `user_roles`
--

DROP TABLE IF EXISTS `user_roles`;
/*!40101 SET @saved_cs_client     = @@character_set_client */;
/*!40101 SET character_set_client = utf8mb4 */;
CREATE TABLE `user_roles` (
  `role_id` int(11) NOT NULL AUTO_INCREMENT,
  `role_name` varchar(100) NOT NULL,
  `role_description` text DEFAULT NULL,
  `is_system_role` tinyint(1) DEFAULT 0,
  `created_at` timestamp NULL DEFAULT current_timestamp(),
  `updated_at` timestamp NULL DEFAULT current_timestamp() ON UPDATE current_timestamp(),
  `role_is_admin` tinyint(1) DEFAULT 0,
  PRIMARY KEY (`role_id`),
  UNIQUE KEY `role_name` (`role_name`)
) ENGINE=InnoDB AUTO_INCREMENT=8 DEFAULT CHARSET=utf8mb4 COLLATE=utf8mb4_general_ci;
/*!40101 SET character_set_client = @saved_cs_client */;

--
-- Dumping data for table `user_roles`
--

LOCK TABLES `user_roles` WRITE;
/*!40000 ALTER TABLE `user_roles` DISABLE KEYS */;
INSERT INTO `user_roles` VALUES
(1,'Administrator','Full system access with all permissions',1,'2025-11-10 23:11:14','2025-11-10 23:38:55',1),
(2,'Doctor','Medical doctor with patient care permissions',0,'2025-11-10 23:11:14','2025-11-10 23:11:14',0),
(3,'Nurse','Nursing staff with patient care permissions',0,'2025-11-10 23:11:14','2025-11-10 23:11:14',0),
(4,'Receptionist','Front desk staff with patient management permissions',0,'2025-11-10 23:11:14','2025-11-10 23:11:14',0),
(5,'Lab Technician','Laboratory staff with lab test permissions',0,'2025-11-10 23:11:14','2025-11-10 23:11:14',0),
(6,'Pharmacist','Pharmacy staff with medication permissions',0,'2025-11-10 23:11:14','2025-11-10 23:11:14',0),
(7,'Radiology','imaging',0,'2025-11-29 05:55:10','2025-11-29 05:55:10',0);
/*!40000 ALTER TABLE `user_roles` ENABLE KEYS */;
UNLOCK TABLES;

--
-- Table structure for table `user_sessions`
--

DROP TABLE IF EXISTS `user_sessions`;
/*!40101 SET @saved_cs_client     = @@character_set_client */;
/*!40101 SET character_set_client = utf8mb4 */;
CREATE TABLE `user_sessions` (
  `session_id` int(11) NOT NULL AUTO_INCREMENT,
  `user_id` int(11) NOT NULL,
  `session_token` varchar(255) NOT NULL,
  `ip_address` varchar(45) DEFAULT NULL,
  `user_agent` text DEFAULT NULL,
  `last_activity` timestamp NULL DEFAULT current_timestamp(),
  `created_at` timestamp NULL DEFAULT current_timestamp(),
  PRIMARY KEY (`session_id`),
  KEY `idx_user_id` (`user_id`),
  KEY `idx_last_activity` (`last_activity`)
) ENGINE=InnoDB DEFAULT CHARSET=utf8mb4 COLLATE=utf8mb4_general_ci;
/*!40101 SET character_set_client = @saved_cs_client */;

--
-- Dumping data for table `user_sessions`
--

LOCK TABLES `user_sessions` WRITE;
/*!40000 ALTER TABLE `user_sessions` DISABLE KEYS */;
/*!40000 ALTER TABLE `user_sessions` ENABLE KEYS */;
UNLOCK TABLES;

--
-- Table structure for table `user_settings`
--

DROP TABLE IF EXISTS `user_settings`;
/*!40101 SET @saved_cs_client     = @@character_set_client */;
/*!40101 SET character_set_client = utf8mb4 */;
CREATE TABLE `user_settings` (
  `user_id` int(11) NOT NULL,
  `user_config_force_mfa` tinyint(1) NOT NULL DEFAULT 0,
  `user_config_records_per_page` int(11) NOT NULL DEFAULT 10,
  `user_config_dashboard_financial_enable` tinyint(1) NOT NULL DEFAULT 0,
  `user_config_dashboard_technical_enable` tinyint(1) NOT NULL DEFAULT 0,
  `user_config_calendar_first_day` tinyint(1) NOT NULL DEFAULT 0,
  `user_config_signature` text DEFAULT NULL,
  `user_config_theme_dark` tinyint(1) NOT NULL DEFAULT 0,
  PRIMARY KEY (`user_id`)
) ENGINE=InnoDB DEFAULT CHARSET=utf8mb4 COLLATE=utf8mb4_general_ci;
/*!40101 SET character_set_client = @saved_cs_client */;

--
-- Dumping data for table `user_settings`
--

LOCK TABLES `user_settings` WRITE;
/*!40000 ALTER TABLE `user_settings` DISABLE KEYS */;
INSERT INTO `user_settings` VALUES
(1,0,10,1,1,0,NULL,0),
(2,0,10,0,0,0,NULL,0);
/*!40000 ALTER TABLE `user_settings` ENABLE KEYS */;
UNLOCK TABLES;

--
-- Table structure for table `users`
--

DROP TABLE IF EXISTS `users`;
/*!40101 SET @saved_cs_client     = @@character_set_client */;
/*!40101 SET character_set_client = utf8mb4 */;
CREATE TABLE `users` (
  `user_id` int(11) NOT NULL AUTO_INCREMENT,
  `user_name` varchar(200) NOT NULL,
  `user_email` varchar(200) NOT NULL,
  `role_id` int(11) DEFAULT NULL,
  `user_password` varchar(200) NOT NULL,
  `user_auth_method` varchar(200) NOT NULL DEFAULT 'local',
  `user_type` tinyint(1) NOT NULL DEFAULT 1,
  `user_status` tinyint(1) NOT NULL DEFAULT 1,
  `user_last_login` datetime DEFAULT NULL,
  `user_token` varchar(200) DEFAULT NULL,
  `user_password_reset_token` varchar(200) DEFAULT NULL,
  `user_password_reset_token_expire` datetime DEFAULT NULL,
  `user_avatar` varchar(200) DEFAULT NULL,
  `user_specific_encryption_ciphertext` varchar(200) DEFAULT NULL,
  `user_php_session` varchar(255) DEFAULT NULL,
  `user_extension_key` varchar(18) DEFAULT NULL,
  `user_created_at` datetime NOT NULL DEFAULT current_timestamp(),
  `user_updated_at` datetime DEFAULT NULL ON UPDATE current_timestamp(),
  `user_archived_at` datetime DEFAULT NULL,
  `user_role_id` int(11) DEFAULT 0,
  `created_by` int(11) DEFAULT NULL,
  PRIMARY KEY (`user_id`)
) ENGINE=InnoDB AUTO_INCREMENT=9 DEFAULT CHARSET=utf8mb4 COLLATE=utf8mb4_general_ci;
/*!40101 SET character_set_client = @saved_cs_client */;

--
-- Dumping data for table `users`
--

LOCK TABLES `users` WRITE;
/*!40000 ALTER TABLE `users` DISABLE KEYS */;
INSERT INTO `users` VALUES
(1,'Humphrey Lidwaji','lidwaji7@gmail.com',1,'$2y$10$FVZEEKFN3wwFRKgEzogdyuuFnx5kldp1IytqZLpNG2YKvwiiw5Lnu','local',1,1,'2026-02-10 16:43:03',NULL,NULL,NULL,NULL,'Byd9pziojgDPXeWYA8ODKdK5x3JdNHarWjYNdqHc/+k4kBhk+2i04oKGl3PoIn4Na4HMWNuoXJA=','',NULL,'2025-10-29 17:52:20','2026-02-10 16:43:03',NULL,3,NULL),
(2,'kiba','hamphreyirausa@gmail.com',2,'$2y$10$CVAdaFxvYneI1.0WdLvNMOxn8d6LoTWtio7ln3iL8Jp/0wsrAmb7u','local',1,1,'2026-01-22 17:22:01',NULL,NULL,NULL,'22e105be8cefd421bd5be2b3cdc6cc5f8l.png','MdtlyT6S72EtcwMl2KPDqOcZobC03uM0rGkm8l/u+p9KQOp4YGpKmGgsqgmkZIWrd0tuDHFuX0E=','',NULL,'2025-10-30 15:56:48','2026-01-22 17:22:01',NULL,1,NULL),
(3,'Mercy Mainga','mercy@gmail.com',NULL,'$2y$10$nLvHwmmVHZahnr8PigLbruY5nZOo4nyELlrwY5tBiwPBgEpSpjUcm','local',1,1,'2026-01-16 08:32:30',NULL,NULL,NULL,NULL,NULL,NULL,NULL,'2025-11-16 13:16:11','2026-01-16 08:32:30',NULL,0,NULL),
(8,'Abel','abel@gmail.com',NULL,'$2y$10$rc2v4Q0nnX0tvhStMALVb.FttVqA0tgsXQjiCa2wDKnA4d7waofLW','local',1,1,'2026-01-30 10:20:00',NULL,NULL,NULL,NULL,NULL,NULL,NULL,'2025-11-29 09:47:10','2026-01-30 10:20:00',NULL,0,NULL);
/*!40000 ALTER TABLE `users` ENABLE KEYS */;
UNLOCK TABLES;

--
-- Table structure for table `visit_activities`
--

DROP TABLE IF EXISTS `visit_activities`;
/*!40101 SET @saved_cs_client     = @@character_set_client */;
/*!40101 SET character_set_client = utf8mb4 */;
CREATE TABLE `visit_activities` (
  `activity_id` int(11) NOT NULL AUTO_INCREMENT,
  `visit_id` int(11) NOT NULL,
  `activity_type` varchar(255) NOT NULL,
  `activity_description` text DEFAULT NULL,
  `activity_created_by` int(11) DEFAULT NULL,
  `activity_datetime` datetime NOT NULL DEFAULT current_timestamp(),
  `activity_status` enum('Pending','In Progress','Completed','Cancelled') DEFAULT 'Pending',
  `activity_archived_at` timestamp NULL DEFAULT NULL,
  `activity_created_at` timestamp NOT NULL DEFAULT current_timestamp(),
  `activity_updated_at` timestamp NULL DEFAULT NULL ON UPDATE current_timestamp(),
  `activity_updated_by` int(11) DEFAULT NULL,
  PRIMARY KEY (`activity_id`),
  KEY `idx_visit_id` (`visit_id`),
  KEY `fk_visit_activities_user` (`activity_created_by`)
) ENGINE=InnoDB AUTO_INCREMENT=30 DEFAULT CHARSET=utf8mb4 COLLATE=utf8mb4_unicode_ci;
/*!40101 SET character_set_client = @saved_cs_client */;

--
-- Dumping data for table `visit_activities`
--

LOCK TABLES `visit_activities` WRITE;
/*!40000 ALTER TABLE `visit_activities` DISABLE KEYS */;
INSERT INTO `visit_activities` VALUES
(1,3,'File Upload','Uploaded 1 file(s) in category: Medical Report',1,'2025-11-22 10:19:45','Pending',NULL,'2025-11-22 07:19:45',NULL,NULL),
(2,10,'File Upload','Uploaded 1 file(s) in category: Medical Report',1,'2025-12-07 17:43:12','Pending',NULL,'2025-12-07 14:43:12',NULL,NULL),
(3,26,'Registration','Patient registered for visit. Visit number: VIS2026010721501270',1,'2026-01-07 21:50:12','Completed',NULL,'2026-01-07 18:50:12',NULL,NULL),
(4,34,'Registration','Patient registered for ER visit. Visit number: VIS2026010921204689',1,'2026-01-09 21:20:46','Completed',NULL,'2026-01-09 18:20:46',NULL,NULL),
(5,35,'Registration','Patient registered for ER visit. Visit number: VIS2026010922224003',1,'2026-01-09 22:22:40','Completed',NULL,'2026-01-09 19:22:40',NULL,NULL),
(6,36,'Registration','Patient registered for ER visit. Visit number: VIS2026011013162823',1,'2026-01-10 13:16:28','Completed',NULL,'2026-01-10 10:16:28',NULL,NULL),
(7,37,'Registration','Patient registered for ER visit. Visit number: VIS2026011013274137',1,'2026-01-10 13:27:41','Completed',NULL,'2026-01-10 10:27:41',NULL,NULL),
(8,37,'Update','Visit details updated.',1,'2026-01-10 14:09:26','Completed',NULL,'2026-01-10 11:09:26',NULL,NULL),
(9,37,'Update','Visit details updated.',1,'2026-01-10 14:23:12','Completed',NULL,'2026-01-10 11:23:12',NULL,NULL),
(10,38,'Registration','Patient registered for OPD visit. Visit number: VIS2026011110023068',2,'2026-01-11 10:02:30','Completed',NULL,'2026-01-11 07:02:30',NULL,NULL),
(11,7,'Update','Visit details updated.',1,'2026-01-11 11:48:43','Completed',NULL,'2026-01-11 08:48:43',NULL,NULL),
(12,42,'Registration','Patient registered for IPD visit. Visit number: VIS2026011113330262',1,'2026-01-11 13:33:02','Completed',NULL,'2026-01-11 10:33:02',NULL,NULL),
(13,3,'Registration','Patient registered for OPD visit. Visit number: VIS2026011113534750',1,'2026-01-11 13:53:47','Completed',NULL,'2026-01-11 10:53:47',NULL,NULL),
(14,10,'Registration','Patient registered for OPD visit. Visit number: VIS2026011114211071. Invoice #INV-2026-00001 created.',1,'2026-01-11 14:21:10','Completed',NULL,'2026-01-11 11:21:10',NULL,NULL),
(15,14,'Registration','Patient registered for OPD visit. Visit number: VIS2026011115304844. Service: CONSULTATION GENERAL (KES 100.00). Invoice #INV-2026-00002 created.',1,'2026-01-11 15:30:48','Completed',NULL,'2026-01-11 12:30:48',NULL,NULL),
(16,15,'Registration','Patient registered for ER visit. Visit number: VIS2026011116475388. Service: CONSULTATION GENERAL (KES 500.00). Bed automatically linked to medical service.. Invoice #INV-2026-00003 created.',1,'2026-01-11 16:47:53','Completed',NULL,'2026-01-11 13:47:53',NULL,NULL),
(17,17,'Registration','Patient registered for IPD visit. Visit number: VIS2026011118205639\nCONSULTATION GENERAL: KES 500.00\nMALE BED 01: KES 1,500.00\nBed accommodation service was automatically created and added to invoice.\nInvoice #INV-2026-00004 created with 2 service(s).',1,'2026-01-11 18:20:56','Completed',NULL,'2026-01-11 15:20:56',NULL,NULL),
(18,18,'Registration','Patient registered for IPD visit. Visit number: VIS2026011118235899\nCONSULTATION GENERAL: KES 500.00\nMALE BED 01: KES 1,500.00\nBed accommodation service was automatically created and added to invoice.\nInvoice #INV-2026-00005 created with 2 service(s).',1,'2026-01-11 18:23:58','Completed',NULL,'2026-01-11 15:23:58',NULL,NULL),
(19,15,'Update','Visit details updated.\nServices updated: CONSULTATION GENERAL (add)',1,'2026-01-11 20:10:04','Completed',NULL,'2026-01-11 17:10:04',NULL,NULL),
(20,54,'Registration','Patient registered for IPD visit. Visit number: VIS2026011414291140\nPending bill #PB-20260114-7716 created.\nInvoice #INV-2026-00001 created from pending bill.\nBed marked as Occupied.',1,'2026-01-14 14:29:11','Completed',NULL,'2026-01-14 11:29:11',NULL,NULL),
(21,59,'Registration','Patient registered for OPD visit. Visit number: VIS2026011417125727\nPending bill #PB-20260114-4495 created.\nInvoice #INV-2026-00002 created from pending bill.',1,'2026-01-14 17:12:57','Completed',NULL,'2026-01-14 14:12:57',NULL,NULL),
(22,61,'Registration','Patient registered for OPD visit. Visit number: VIS2026011417544829\nPending bill #PB-20260114-5063 created (draft status).\nServices added to pending bill (not invoiced yet).',1,'2026-01-14 17:54:48','Completed',NULL,'2026-01-14 14:54:48',NULL,NULL),
(23,62,'Registration','Patient registered for OPD visit. Visit number: VIS2026011418200882\nPending bill #PB-20260114-5281 created (draft status).\nInvoice #INV-2026-00003 created from pending bill.\nPending bill remains open for additional items.',1,'2026-01-14 18:20:08','Completed',NULL,'2026-01-14 15:20:08',NULL,NULL),
(24,69,'Registration','Patient registered for OPD visit. Visit number: OPD-KSC-2026-001\nPending bill #PB-20260114-7166 created (draft status).\nInvoice #INV-2026-00004 created from pending bill.\nPending bill remains open for additional items.',1,'2026-01-14 22:28:36','Completed',NULL,'2026-01-14 19:28:36',NULL,NULL),
(25,71,'Registration','Patient registered for emergency visit. Emergency #ER-2026-001\nTriage: RED, Arrival: WALK_IN\nPending bill #PB-20260114-2464 created (draft status).\nInvoice #INV-2026-00005 created from pending bill.\nPending bill remains open for additional items.',1,'2026-01-14 22:48:24','Completed',NULL,'2026-01-14 19:48:24',NULL,NULL),
(26,72,'Registration','Patient registered for emergency visit. Emergency #ER-KSC-2026-001\nTriage: RED, Arrival: WALK_IN\nPending bill #PB-20260114-8135 created (draft status).\nInvoice #INV-2026-00006 created from pending bill.\nPending bill remains open for additional items.',1,'2026-01-14 23:35:51','Completed',NULL,'2026-01-14 20:35:51',NULL,NULL),
(27,75,'Admission','Patient admitted to IPD. Admission #IPD-KSC-2026-001\nAdmission Type: ELECTIVE, Ward/Bed assigned.\nBed marked as Occupied.\nPending bill #PB-20260115-0805 created (draft status).\nInvoice #INV-2026-00007 created from pending bill.\nPending bill remains open for additional items.',1,'2026-01-15 11:20:40','Completed',NULL,'2026-01-15 08:20:40',NULL,NULL),
(28,76,'Registration','Patient registered for emergency visit. Emergency #ER-KSC-2026-002\nTriage: RED, Arrival: AMBULANCE\nPending bill #PB-20260117-5215 created (draft status).\nInvoice #INV-2026-00008 created from pending bill.\nPending bill remains open for additional items.',1,'2026-01-17 09:33:25','Completed',NULL,'2026-01-17 06:33:25',NULL,NULL),
(29,12,'Admission','Patient admitted to IPD. Admission #IPD-KSC-2026-001\nAdmission Type: ELECTIVE, Ward/Bed assigned.\nBed marked as Occupied.',1,'2026-01-17 19:35:38','Completed',NULL,'2026-01-17 16:35:38',NULL,NULL);
/*!40000 ALTER TABLE `visit_activities` ENABLE KEYS */;
UNLOCK TABLES;

--
-- Table structure for table `visit_diagnoses`
--

DROP TABLE IF EXISTS `visit_diagnoses`;
/*!40101 SET @saved_cs_client     = @@character_set_client */;
/*!40101 SET character_set_client = utf8mb4 */;
CREATE TABLE `visit_diagnoses` (
  `diagnosis_id` int(11) NOT NULL AUTO_INCREMENT,
  `visit_id` int(11) NOT NULL,
  `patient_id` int(11) NOT NULL,
  `icd_code` varchar(20) NOT NULL,
  `diagnosis_description` varchar(255) NOT NULL,
  `diagnosis_type` enum('primary','secondary','differential') NOT NULL DEFAULT 'primary',
  `diagnosis_certainty` enum('provisional','confirmed') NOT NULL DEFAULT 'provisional',
  `diagnosis_timing` enum('admitting','discharge','referral','followup') DEFAULT NULL,
  `notes` text DEFAULT NULL,
  `created_by` int(11) DEFAULT NULL,
  `created_at` datetime DEFAULT current_timestamp(),
  PRIMARY KEY (`diagnosis_id`),
  KEY `visit_id` (`visit_id`),
  KEY `patient_id` (`patient_id`)
) ENGINE=InnoDB AUTO_INCREMENT=10 DEFAULT CHARSET=utf8mb4 COLLATE=utf8mb4_general_ci;
/*!40101 SET character_set_client = @saved_cs_client */;

--
-- Dumping data for table `visit_diagnoses`
--

LOCK TABLES `visit_diagnoses` WRITE;
/*!40000 ALTER TABLE `visit_diagnoses` DISABLE KEYS */;
INSERT INTO `visit_diagnoses` VALUES
(1,19,12,'E11.9','test','primary','provisional','admitting','test',1,'2025-11-12 12:31:25'),
(2,3,3,'I10','test','primary','provisional','admitting','test',1,'2025-11-13 16:09:25'),
(3,2,1,'I10','test','primary','confirmed','admitting','test',1,'2025-11-13 13:29:50'),
(4,1,2,'I10','test','primary','provisional','referral','test',1,'2025-11-16 12:09:47'),
(5,4,4,'E11.9','test','primary','confirmed','discharge','test',1,'2025-11-21 21:26:22'),
(6,7,7,'BA00','Essential hypertension','primary','provisional','admitting','YRST',1,'2025-11-28 22:02:57'),
(7,6,6,'BA00','Essential hypertension','primary','provisional','discharge','',1,'2025-12-17 21:37:22'),
(8,5,5,'BA00','Essential hypertension','primary','provisional','admitting','',1,'2025-12-20 08:04:19'),
(9,12,1,'5A10','Type 1 diabetes mellitus','primary','provisional','admitting','',1,'2025-12-29 21:31:36');
/*!40000 ALTER TABLE `visit_diagnoses` ENABLE KEYS */;
UNLOCK TABLES;

--
-- Table structure for table `visit_insurance`
--

DROP TABLE IF EXISTS `visit_insurance`;
/*!40101 SET @saved_cs_client     = @@character_set_client */;
/*!40101 SET character_set_client = utf8mb4 */;
CREATE TABLE `visit_insurance` (
  `visit_insurance_id` int(11) NOT NULL AUTO_INCREMENT,
  `visit_id` int(11) NOT NULL,
  `patient_id` int(11) NOT NULL,
  `insurance_company_id` int(11) NOT NULL,
  `insurance_scheme_id` int(11) DEFAULT NULL,
  `patient_insurance_id` int(11) DEFAULT NULL,
  `member_number` varchar(100) DEFAULT NULL,
  `coverage_percentage` decimal(5,2) DEFAULT 100.00,
  `authorization_code` varchar(100) DEFAULT NULL,
  `is_primary` tinyint(1) DEFAULT 1,
  `created_at` timestamp NULL DEFAULT current_timestamp(),
  PRIMARY KEY (`visit_insurance_id`),
  KEY `visit_id` (`visit_id`),
  KEY `insurance_company_id` (`insurance_company_id`),
  KEY `insurance_scheme_id` (`insurance_scheme_id`)
) ENGINE=InnoDB AUTO_INCREMENT=5 DEFAULT CHARSET=utf8mb4 COLLATE=utf8mb4_unicode_ci;
/*!40101 SET character_set_client = @saved_cs_client */;

--
-- Dumping data for table `visit_insurance`
--

LOCK TABLES `visit_insurance` WRITE;
/*!40000 ALTER TABLE `visit_insurance` DISABLE KEYS */;
INSERT INTO `visit_insurance` VALUES
(2,42,1,2,2,NULL,'34455',100.00,'',1,'2026-01-11 10:33:02'),
(3,3,4,2,2,NULL,'2345',100.00,'',1,'2026-01-11 10:53:47'),
(4,72,4,4,6,NULL,'472472747',100.00,NULL,1,'2026-01-14 20:35:51');
/*!40000 ALTER TABLE `visit_insurance` ENABLE KEYS */;
UNLOCK TABLES;

--
-- Table structure for table `visit_transitions`
--

DROP TABLE IF EXISTS `visit_transitions`;
/*!40101 SET @saved_cs_client     = @@character_set_client */;
/*!40101 SET character_set_client = utf8mb4 */;
CREATE TABLE `visit_transitions` (
  `transition_id` bigint(20) NOT NULL AUTO_INCREMENT,
  `visit_id` bigint(20) NOT NULL,
  `from_context` enum('OPD','EMERGENCY') NOT NULL,
  `to_context` enum('IPD') NOT NULL,
  `transition_reason` varchar(255) DEFAULT NULL,
  `transitioned_by` bigint(20) NOT NULL,
  `transitioned_at` datetime DEFAULT current_timestamp(),
  PRIMARY KEY (`transition_id`),
  KEY `visit_id` (`visit_id`),
  CONSTRAINT `visit_transitions_ibfk_1` FOREIGN KEY (`visit_id`) REFERENCES `visits` (`visit_id`) ON DELETE CASCADE
) ENGINE=InnoDB DEFAULT CHARSET=utf8mb4 COLLATE=utf8mb4_unicode_ci;
/*!40101 SET character_set_client = @saved_cs_client */;

--
-- Dumping data for table `visit_transitions`
--

LOCK TABLES `visit_transitions` WRITE;
/*!40000 ALTER TABLE `visit_transitions` DISABLE KEYS */;
/*!40000 ALTER TABLE `visit_transitions` ENABLE KEYS */;
UNLOCK TABLES;

--
-- Table structure for table `visits`
--

DROP TABLE IF EXISTS `visits`;
/*!40101 SET @saved_cs_client     = @@character_set_client */;
/*!40101 SET character_set_client = utf8mb4 */;
CREATE TABLE `visits` (
  `visit_id` bigint(20) NOT NULL AUTO_INCREMENT,
  `visit_number` varchar(30) NOT NULL,
  `patient_id` bigint(20) NOT NULL,
  `facility_code` varchar(20) NOT NULL,
  `visit_type` enum('OPD','IPD','EMERGENCY') NOT NULL,
  `department_id` int(11) NOT NULL,
  `visit_datetime` datetime NOT NULL,
  `admission_datetime` datetime DEFAULT NULL,
  `discharge_datetime` datetime DEFAULT NULL,
  `attending_provider_id` bigint(20) NOT NULL,
  `created_by` bigint(20) NOT NULL,
  `visit_status` enum('ACTIVE','CLOSED','CANCELLED') DEFAULT 'ACTIVE',
  `closed_at` datetime DEFAULT NULL,
  `created_at` datetime DEFAULT current_timestamp(),
  `updated_at` datetime DEFAULT current_timestamp() ON UPDATE current_timestamp(),
  PRIMARY KEY (`visit_id`),
  UNIQUE KEY `visit_number` (`visit_number`),
  KEY `idx_patient` (`patient_id`),
  KEY `idx_visit_type` (`visit_type`),
  KEY `idx_department` (`department_id`),
  KEY `idx_visit_datetime` (`visit_datetime`)
) ENGINE=InnoDB AUTO_INCREMENT=18 DEFAULT CHARSET=utf8mb4 COLLATE=utf8mb4_unicode_ci;
/*!40101 SET character_set_client = @saved_cs_client */;

--
-- Dumping data for table `visits`
--

LOCK TABLES `visits` WRITE;
/*!40000 ALTER TABLE `visits` DISABLE KEYS */;
INSERT INTO `visits` VALUES
(1,'OPD-2026-0001',1,'CLINICEMR001','OPD',2,'2026-01-18 09:30:00',NULL,NULL,1,101,'ACTIVE',NULL,'2026-01-17 11:17:13','2026-01-17 17:52:54'),
(2,'ER-2026-0001',1,'CLINICEMR001','EMERGENCY',6,'2026-01-18 22:15:00',NULL,NULL,3,102,'ACTIVE',NULL,'2026-01-17 11:17:26','2026-01-17 17:53:18'),
(3,'IPD-2026-0001',1,'CLINICEMR001','IPD',4,'2026-01-18 22:40:00','2026-01-18 22:40:00',NULL,2,103,'ACTIVE',NULL,'2026-01-17 11:17:42','2026-01-17 20:11:11'),
(4,'OPD-CLINICEMR001-2026-001',4,'CLINICEMR001','EMERGENCY',1,'2026-01-17 15:24:00',NULL,NULL,1,1,'ACTIVE',NULL,'2026-01-17 15:27:15','2026-01-17 16:13:33'),
(11,'VISIT-CLINICEMR001-2026-001',5,'CLINICEMR001','OPD',15,'2026-01-17 17:51:00',NULL,NULL,1,1,'ACTIVE',NULL,'2026-01-17 17:51:47','2026-01-17 17:51:47'),
(12,'VISIT-CLINICEMR001-2026-002',4,'CLINICEMR001','IPD',2,'2026-01-17 19:29:00','2026-01-17 16:32:00',NULL,8,1,'ACTIVE',NULL,'2026-01-17 19:29:55','2026-01-17 19:35:38'),
(13,'V-20260120-000001',1,'MAIN','OPD',1,'2026-01-20 14:54:57',NULL,NULL,1,1,'ACTIVE',NULL,'2026-01-20 14:54:57','2026-01-20 14:54:57'),
(14,'VISIT-CLINICEMR001-2026-003',5,'CLINICEMR001','OPD',5,'2026-01-22 14:34:00',NULL,NULL,8,1,'ACTIVE',NULL,'2026-01-22 14:36:17','2026-01-22 14:36:17'),
(15,'VISIT-CLINICEMR001-2026-004',6,'CLINICEMR001','OPD',15,'2026-01-22 16:33:00',NULL,NULL,8,1,'ACTIVE',NULL,'2026-01-22 16:34:39','2026-01-22 16:34:39'),
(16,'VISIT-CLINICEMR001-2026-005',7,'CLINICEMR001','IPD',12,'2026-01-29 16:48:00',NULL,NULL,1,1,'ACTIVE',NULL,'2026-01-29 16:49:20','2026-01-29 16:49:20'),
(17,'VISIT-CLINICEMR001-2026-006',7,'CLINICEMR001','IPD',15,'2026-02-10 17:29:00',NULL,NULL,1,1,'ACTIVE',NULL,'2026-02-10 17:29:59','2026-02-10 17:29:59');
/*!40000 ALTER TABLE `visits` ENABLE KEYS */;
UNLOCK TABLES;

--
-- Table structure for table `vital_signs`
--

DROP TABLE IF EXISTS `vital_signs`;
/*!40101 SET @saved_cs_client     = @@character_set_client */;
/*!40101 SET character_set_client = utf8mb4 */;
CREATE TABLE `vital_signs` (
  `vital_id` int(11) NOT NULL AUTO_INCREMENT,
  `visit_id` int(11) NOT NULL,
  `temperature` decimal(4,1) DEFAULT NULL,
  `heart_rate` int(11) DEFAULT NULL,
  `respiratory_rate` int(11) DEFAULT NULL,
  `blood_pressure_systolic` int(11) DEFAULT NULL,
  `blood_pressure_diastolic` int(11) DEFAULT NULL,
  `oxygen_saturation` decimal(4,1) DEFAULT NULL,
  `pain_score` int(11) DEFAULT NULL,
  `weight` decimal(5,2) DEFAULT NULL,
  `height` decimal(5,2) DEFAULT NULL,
  `bmi` decimal(4,1) DEFAULT NULL,
  `recorded_by` int(11) NOT NULL,
  `recorded_at` timestamp NULL DEFAULT current_timestamp(),
  `notes` text DEFAULT NULL,
  `pain_location` varchar(50) DEFAULT NULL,
  PRIMARY KEY (`vital_id`),
  KEY `recorded_by` (`recorded_by`),
  KEY `idx_visit_time` (`visit_id`,`recorded_at`),
  KEY `idx_visit_vitals` (`visit_id`,`recorded_at` DESC)
) ENGINE=InnoDB DEFAULT CHARSET=utf8mb4 COLLATE=utf8mb4_unicode_ci;
/*!40101 SET character_set_client = @saved_cs_client */;

--
-- Dumping data for table `vital_signs`
--

LOCK TABLES `vital_signs` WRITE;
/*!40000 ALTER TABLE `vital_signs` DISABLE KEYS */;
/*!40000 ALTER TABLE `vital_signs` ENABLE KEYS */;
UNLOCK TABLES;

--
-- Table structure for table `vitals`
--

DROP TABLE IF EXISTS `vitals`;
/*!40101 SET @saved_cs_client     = @@character_set_client */;
/*!40101 SET character_set_client = utf8mb4 */;
CREATE TABLE `vitals` (
  `vital_id` bigint(20) NOT NULL AUTO_INCREMENT,
  `patient_id` bigint(20) NOT NULL,
  `visit_id` bigint(20) NOT NULL,
  `visit_type` enum('OPD','IPD','EMERGENCY') NOT NULL,
  `recorded_at` datetime NOT NULL,
  `temperature` decimal(4,1) DEFAULT NULL,
  `pulse` int(11) DEFAULT NULL,
  `respiration_rate` int(11) DEFAULT NULL,
  `blood_pressure_systolic` int(11) DEFAULT NULL,
  `blood_pressure_diastolic` int(11) DEFAULT NULL,
  `oxygen_saturation` int(11) DEFAULT NULL,
  `weight` decimal(5,2) DEFAULT NULL,
  `height` decimal(5,2) DEFAULT NULL,
  `bmi` decimal(4,1) DEFAULT NULL,
  `remarks` text DEFAULT NULL,
  `created_at` datetime DEFAULT current_timestamp(),
  `updated_at` datetime DEFAULT current_timestamp() ON UPDATE current_timestamp(),
  `pain_score` int(11) DEFAULT NULL,
  `recorded_by` int(11) DEFAULT NULL,
  PRIMARY KEY (`vital_id`),
  KEY `idx_patient_visit` (`patient_id`,`visit_id`),
  KEY `idx_recorded_at` (`recorded_at`)
) ENGINE=InnoDB AUTO_INCREMENT=12 DEFAULT CHARSET=utf8mb4 COLLATE=utf8mb4_unicode_ci;
/*!40101 SET character_set_client = @saved_cs_client */;

--
-- Dumping data for table `vitals`
--

LOCK TABLES `vitals` WRITE;
/*!40000 ALTER TABLE `vitals` DISABLE KEYS */;
INSERT INTO `vitals` VALUES
(1,2,69,'OPD','2026-01-15 14:14:00',36.0,72,16,120,80,98,56.00,162.00,21.3,'test','2026-01-15 14:16:15','2026-01-15 14:16:15',NULL,NULL),
(2,7,75,'IPD','2026-01-15 16:11:00',34.0,72,16,120,80,98,60.00,170.00,20.8,NULL,'2026-01-15 16:12:15','2026-01-15 16:12:15',NULL,NULL),
(3,2,71,'EMERGENCY','2026-01-15 21:54:00',35.0,72,16,120,80,98,70.00,175.00,22.9,'test','2026-01-15 21:55:57','2026-01-15 21:55:57',NULL,NULL),
(4,1,2,'EMERGENCY','2026-01-18 14:16:00',35.0,72,16,120,80,98,80.00,175.00,26.1,NULL,'2026-01-18 14:17:43','2026-01-18 14:17:43',NULL,NULL),
(5,1,1,'OPD','2026-01-18 14:18:00',34.0,72,14,60,80,98,70.00,174.00,23.1,NULL,'2026-01-18 14:19:18','2026-01-18 14:19:18',NULL,NULL),
(6,1,3,'IPD','2026-01-18 14:19:00',35.0,70,12,120,80,90,70.00,175.00,22.9,NULL,'2026-01-18 14:20:07','2026-01-18 14:20:07',NULL,NULL),
(7,5,11,'OPD','2026-01-19 18:23:00',36.0,72,16,120,80,98,70.00,175.00,22.9,NULL,'2026-01-19 18:23:42','2026-01-19 18:23:42',NULL,NULL),
(8,4,12,'IPD','2026-01-20 00:05:00',34.0,72,16,120,80,98,70.00,175.00,22.9,'test','2026-01-20 00:08:52','2026-01-20 00:08:52',NULL,1),
(9,5,14,'OPD','2026-01-22 14:39:00',35.0,67,16,130,80,97,77.00,165.00,28.3,NULL,'2026-01-22 14:40:42','2026-01-22 14:40:42',NULL,1),
(10,6,15,'OPD','2026-01-22 16:48:00',37.9,65,8,105,60,98,55.00,155.00,22.9,NULL,'2026-01-22 16:52:15','2026-01-22 16:52:15',NULL,1),
(11,7,16,'IPD','2026-01-29 16:50:00',34.0,98,12,120,70,98,67.00,67.00,149.3,NULL,'2026-01-29 16:51:31','2026-01-29 16:51:31',NULL,1);
/*!40000 ALTER TABLE `vitals` ENABLE KEYS */;
UNLOCK TABLES;

--
-- Table structure for table `wards`
--

DROP TABLE IF EXISTS `wards`;
/*!40101 SET @saved_cs_client     = @@character_set_client */;
/*!40101 SET character_set_client = utf8mb4 */;
CREATE TABLE `wards` (
  `ward_id` int(11) NOT NULL AUTO_INCREMENT,
  `ward_name` varchar(100) NOT NULL,
  `ward_is_active` tinyint(1) NOT NULL DEFAULT 1,
  `ward_type` enum('General','ICU','CCU','Pediatric','Maternity','Surgical','Psychiatric') NOT NULL,
  `ward_description` text DEFAULT NULL,
  `ward_created_at` timestamp NULL DEFAULT current_timestamp(),
  `ward_updated_at` timestamp NULL DEFAULT NULL,
  `ward_archived_at` timestamp NULL DEFAULT NULL,
  PRIMARY KEY (`ward_id`)
) ENGINE=InnoDB AUTO_INCREMENT=7 DEFAULT CHARSET=utf8mb4 COLLATE=utf8mb4_general_ci;
/*!40101 SET character_set_client = @saved_cs_client */;

--
-- Dumping data for table `wards`
--

LOCK TABLES `wards` WRITE;
/*!40000 ALTER TABLE `wards` DISABLE KEYS */;
INSERT INTO `wards` VALUES
(1,'Emergency Ward',1,'General','24-hour emergency and casualty ward for acute cases','2026-01-15 08:07:03',NULL,NULL),
(2,'Male Ward',1,'General','General inpatient ward for adult male patients','2026-01-15 08:07:03',NULL,NULL),
(3,'Female Ward',1,'General','General inpatient ward for adult female patients','2026-01-15 08:07:03',NULL,NULL),
(4,'Children Ward',1,'Pediatric','Paediatric ward for infants and children','2026-01-15 08:07:03',NULL,NULL),
(5,'Maternity Ward',1,'Maternity','Labour, delivery, and postnatal care ward','2026-01-15 08:07:03',NULL,NULL),
(6,'Theatre',1,'Surgical','Operating theatre and recovery area','2026-01-15 08:07:03',NULL,NULL);
/*!40000 ALTER TABLE `wards` ENABLE KEYS */;
UNLOCK TABLES;

--
-- Table structure for table `wash_cycle_items`
--

DROP TABLE IF EXISTS `wash_cycle_items`;
/*!40101 SET @saved_cs_client     = @@character_set_client */;
/*!40101 SET character_set_client = utf8mb4 */;
CREATE TABLE `wash_cycle_items` (
  `wash_item_id` int(11) NOT NULL AUTO_INCREMENT,
  `wash_id` int(11) NOT NULL,
  `laundry_id` int(11) NOT NULL,
  `quantity` int(11) DEFAULT 1,
  `condition_before` varchar(50) DEFAULT NULL,
  `condition_after` varchar(50) DEFAULT NULL,
  `notes` text DEFAULT NULL,
  PRIMARY KEY (`wash_item_id`),
  KEY `fk_washcycle_items` (`wash_id`),
  KEY `fk_wash_laundry_items` (`laundry_id`)
) ENGINE=InnoDB AUTO_INCREMENT=8 DEFAULT CHARSET=utf8mb4 COLLATE=utf8mb4_unicode_ci;
/*!40101 SET character_set_client = @saved_cs_client */;

--
-- Dumping data for table `wash_cycle_items`
--

LOCK TABLES `wash_cycle_items` WRITE;
/*!40000 ALTER TABLE `wash_cycle_items` DISABLE KEYS */;
INSERT INTO `wash_cycle_items` VALUES
(7,6,13,1,'good','good',NULL);
/*!40000 ALTER TABLE `wash_cycle_items` ENABLE KEYS */;
UNLOCK TABLES;

--
-- Table structure for table `wound_assessments`
--

DROP TABLE IF EXISTS `wound_assessments`;
/*!40101 SET @saved_cs_client     = @@character_set_client */;
/*!40101 SET character_set_client = utf8mb4 */;
CREATE TABLE `wound_assessments` (
  `id` int(11) NOT NULL AUTO_INCREMENT,
  `wound_id` int(11) NOT NULL,
  `length` decimal(5,2) DEFAULT NULL,
  `width` decimal(5,2) DEFAULT NULL,
  `depth` decimal(5,2) DEFAULT NULL,
  `tissue_necrotic` int(11) DEFAULT NULL,
  `tissue_slough` int(11) DEFAULT NULL,
  `tissue_granulation` int(11) DEFAULT NULL,
  `tissue_epithelial` int(11) DEFAULT NULL,
  `exudate_amount` varchar(20) DEFAULT NULL,
  `exudate_type` varchar(30) DEFAULT NULL,
  `periwound_skin` text DEFAULT NULL,
  `dressing_type` varchar(50) DEFAULT NULL,
  `secondary_dressing` varchar(50) DEFAULT NULL,
  `cleansing_solution` varchar(50) DEFAULT NULL,
  `change_frequency` varchar(20) DEFAULT NULL,
  `pain_level` varchar(20) DEFAULT NULL,
  `patient_tolerance` varchar(20) DEFAULT NULL,
  `assessment` text DEFAULT NULL,
  `next_assessment` datetime DEFAULT NULL,
  `assessed_by` varchar(100) DEFAULT NULL,
  `assessed_at` datetime DEFAULT current_timestamp(),
  PRIMARY KEY (`id`),
  KEY `wound_id` (`wound_id`)
) ENGINE=InnoDB DEFAULT CHARSET=utf8mb4 COLLATE=utf8mb4_unicode_ci;
/*!40101 SET character_set_client = @saved_cs_client */;

--
-- Dumping data for table `wound_assessments`
--

LOCK TABLES `wound_assessments` WRITE;
/*!40000 ALTER TABLE `wound_assessments` DISABLE KEYS */;
/*!40000 ALTER TABLE `wound_assessments` ENABLE KEYS */;
UNLOCK TABLES;

--
-- Table structure for table `wound_care`
--

DROP TABLE IF EXISTS `wound_care`;
/*!40101 SET @saved_cs_client     = @@character_set_client */;
/*!40101 SET character_set_client = utf8mb4 */;
CREATE TABLE `wound_care` (
  `wound_id` int(11) NOT NULL AUTO_INCREMENT,
  `visit_id` int(11) NOT NULL,
  `assessment_date` datetime DEFAULT current_timestamp(),
  `wound_location` text NOT NULL,
  `wound_type` varchar(255) DEFAULT NULL,
  `wound_length` decimal(5,2) DEFAULT NULL,
  `wound_width` decimal(5,2) DEFAULT NULL,
  `wound_depth` decimal(5,2) DEFAULT NULL,
  `wound_appearance` text DEFAULT NULL,
  `exudate_type` varchar(100) DEFAULT NULL,
  `exudate_amount` varchar(50) DEFAULT NULL,
  `odor_present` tinyint(1) DEFAULT 0,
  `redness` tinyint(1) DEFAULT 0,
  `swelling` tinyint(1) DEFAULT 0,
  `warmth` tinyint(1) DEFAULT 0,
  `pain_increased` tinyint(1) DEFAULT 0,
  `purulent_discharge` tinyint(1) DEFAULT 0,
  `bates_jensen_score` int(11) DEFAULT NULL,
  `push_tool_score` int(11) DEFAULT NULL,
  `dressing_type` varchar(255) DEFAULT NULL,
  `dressing_change_frequency` varchar(100) DEFAULT NULL,
  `last_dressing_change` datetime DEFAULT NULL,
  `drain_present` tinyint(1) DEFAULT 0,
  `drain_type` varchar(100) DEFAULT NULL,
  `drain_output` decimal(8,2) DEFAULT NULL,
  `drain_patency` tinyint(1) DEFAULT 1,
  `closure_type` varchar(100) DEFAULT NULL,
  `suture_removal_date` date DEFAULT NULL,
  `staples_removed` int(11) DEFAULT NULL,
  `sutures_removed` int(11) DEFAULT NULL,
  `care_instructions` text DEFAULT NULL,
  `activity_restrictions` text DEFAULT NULL,
  `showering_allowed` tinyint(1) DEFAULT 0,
  `wound_photo_path` varchar(500) DEFAULT NULL,
  `assessed_by` int(11) DEFAULT NULL,
  `recorded_by` int(11) DEFAULT NULL,
  `created_at` datetime DEFAULT NULL,
  `pain_level` int(11) DEFAULT NULL,
  `drainage_type` varchar(50) DEFAULT NULL,
  `patient_id` int(11) DEFAULT NULL,
  `drainage_amount` varchar(50) DEFAULT NULL,
  PRIMARY KEY (`wound_id`),
  KEY `assessed_by` (`assessed_by`),
  KEY `idx_visit` (`visit_id`),
  KEY `idx_assessment_date` (`assessment_date`)
) ENGINE=InnoDB DEFAULT CHARSET=utf8mb4 COLLATE=utf8mb4_unicode_ci;
/*!40101 SET character_set_client = @saved_cs_client */;

--
-- Dumping data for table `wound_care`
--

LOCK TABLES `wound_care` WRITE;
/*!40000 ALTER TABLE `wound_care` DISABLE KEYS */;
/*!40000 ALTER TABLE `wound_care` ENABLE KEYS */;
UNLOCK TABLES;

--
-- Table structure for table `wound_photos`
--

DROP TABLE IF EXISTS `wound_photos`;
/*!40101 SET @saved_cs_client     = @@character_set_client */;
/*!40101 SET character_set_client = utf8mb4 */;
CREATE TABLE `wound_photos` (
  `id` int(11) NOT NULL AUTO_INCREMENT,
  `wound_id` int(11) NOT NULL,
  `photo_path` varchar(255) DEFAULT NULL,
  `taken_at` datetime DEFAULT current_timestamp(),
  `taken_by` varchar(100) DEFAULT NULL,
  PRIMARY KEY (`id`),
  KEY `wound_id` (`wound_id`)
) ENGINE=InnoDB DEFAULT CHARSET=utf8mb4 COLLATE=utf8mb4_unicode_ci;
/*!40101 SET character_set_client = @saved_cs_client */;

--
-- Dumping data for table `wound_photos`
--

LOCK TABLES `wound_photos` WRITE;
/*!40000 ALTER TABLE `wound_photos` DISABLE KEYS */;
/*!40000 ALTER TABLE `wound_photos` ENABLE KEYS */;
UNLOCK TABLES;

--
-- Table structure for table `wound_supplies`
--

DROP TABLE IF EXISTS `wound_supplies`;
/*!40101 SET @saved_cs_client     = @@character_set_client */;
/*!40101 SET character_set_client = utf8mb4 */;
CREATE TABLE `wound_supplies` (
  `id` int(11) NOT NULL AUTO_INCREMENT,
  `visit_id` int(11) NOT NULL,
  `wound_id` int(11) DEFAULT NULL,
  `item_name` varchar(100) NOT NULL,
  `item_code` varchar(50) DEFAULT NULL,
  `quantity_used` decimal(6,2) NOT NULL,
  `unit` varchar(20) DEFAULT 'pcs',
  `purpose` varchar(100) DEFAULT NULL,
  `used_by` varchar(100) DEFAULT NULL,
  `last_used` datetime DEFAULT current_timestamp(),
  `notes` text DEFAULT NULL,
  PRIMARY KEY (`id`),
  KEY `visit_id` (`visit_id`),
  KEY `wound_id` (`wound_id`)
) ENGINE=InnoDB DEFAULT CHARSET=utf8mb4 COLLATE=utf8mb4_unicode_ci;
/*!40101 SET character_set_client = @saved_cs_client */;

--
-- Dumping data for table `wound_supplies`
--

LOCK TABLES `wound_supplies` WRITE;
/*!40000 ALTER TABLE `wound_supplies` DISABLE KEYS */;
/*!40000 ALTER TABLE `wound_supplies` ENABLE KEYS */;
UNLOCK TABLES;

--
-- Table structure for table `wounds`
--

DROP TABLE IF EXISTS `wounds`;
/*!40101 SET @saved_cs_client     = @@character_set_client */;
/*!40101 SET character_set_client = utf8mb4 */;
CREATE TABLE `wounds` (
  `id` int(11) NOT NULL AUTO_INCREMENT,
  `visit_id` int(11) NOT NULL,
  `wound_location` varchar(100) NOT NULL,
  `wound_type` varchar(50) NOT NULL,
  `stage` varchar(30) DEFAULT NULL,
  `etiology` varchar(255) DEFAULT NULL,
  `initial_length` decimal(5,2) DEFAULT NULL,
  `initial_width` decimal(5,2) DEFAULT NULL,
  `current_length` decimal(5,2) DEFAULT NULL,
  `current_width` decimal(5,2) DEFAULT NULL,
  `depth` decimal(5,2) DEFAULT NULL,
  `status` enum('active','healing','resolved') DEFAULT 'active',
  `current_dressing` varchar(100) DEFAULT NULL,
  `last_dressing_change` datetime DEFAULT NULL,
  `next_change_due` datetime DEFAULT NULL,
  `last_assessment` datetime DEFAULT NULL,
  `created_at` datetime DEFAULT current_timestamp(),
  `updated_at` datetime DEFAULT current_timestamp() ON UPDATE current_timestamp(),
  PRIMARY KEY (`id`),
  KEY `visit_id` (`visit_id`)
) ENGINE=InnoDB DEFAULT CHARSET=utf8mb4 COLLATE=utf8mb4_unicode_ci;
/*!40101 SET character_set_client = @saved_cs_client */;

--
-- Dumping data for table `wounds`
--

LOCK TABLES `wounds` WRITE;
/*!40000 ALTER TABLE `wounds` DISABLE KEYS */;
/*!40000 ALTER TABLE `wounds` ENABLE KEYS */;
UNLOCK TABLES;
/*!40103 SET TIME_ZONE=@OLD_TIME_ZONE */;

/*!40101 SET SQL_MODE=@OLD_SQL_MODE */;
/*!40014 SET FOREIGN_KEY_CHECKS=@OLD_FOREIGN_KEY_CHECKS */;
/*!40014 SET UNIQUE_CHECKS=@OLD_UNIQUE_CHECKS */;
/*!40101 SET CHARACTER_SET_CLIENT=@OLD_CHARACTER_SET_CLIENT */;
/*!40101 SET CHARACTER_SET_RESULTS=@OLD_CHARACTER_SET_RESULTS */;
/*!40101 SET COLLATION_CONNECTION=@OLD_COLLATION_CONNECTION */;
/*!40111 SET SQL_NOTES=@OLD_SQL_NOTES */;

-- Dump completed on 2026-02-12  7:31:17
